Netgen 1.5.318 compiled on Thu Apr 16 09:02:45 PM CEST 2026
Warning: netgen command 'format' use fully-qualified name '::netgen::format'
Warning: netgen command 'global' use fully-qualified name '::netgen::global'
Warning:  A case-insensitive file has been read and so the	verilog file must be treated case-insensitive to match.
Reading SPICE netlist file '/foss/pdks/gf180mcuD/libs.ref/gf180mcu_fd_sc_mcu7t5v0/spice/gf180mcu_fd_sc_mcu7t5v0.spice'...
Call to undefined subcircuit nfet_05v0
Creating placeholder cell definition.
Call to undefined subcircuit pfet_05v0
Creating placeholder cell definition.
Reading Verilog netlist file '/foss/designs/ascon_run_deffile/runs/run11/55-openroad-fillinsertion/A10_A.pnl.v'...
Warning:  A case-insensitive file has been read and so the	verilog file must be treated case-insensitive to match.
Note:  Implicit pin VNW in instance PHY_EDGE_ROW_0_Left_272 of gf180mcu_fd_sc_mcu7t5v0__endcap in cell A10_A
Note:  Implicit pin VPW in instance PHY_EDGE_ROW_0_Left_272 of gf180mcu_fd_sc_mcu7t5v0__endcap in cell A10_A
Note:  Implicit pin VNW in instance PHY_EDGE_ROW_0_Right_0 of gf180mcu_fd_sc_mcu7t5v0__endcap in cell A10_A
Note:  Implicit pin VPW in instance PHY_EDGE_ROW_0_Right_0 of gf180mcu_fd_sc_mcu7t5v0__endcap in cell A10_A
Note:  Implicit pin VNW in instance PHY_EDGE_ROW_100_Left_372 of gf180mcu_fd_sc_mcu7t5v0__endcap in cell A10_A
Note:  Implicit pin VPW in instance PHY_EDGE_ROW_100_Left_372 of gf180mcu_fd_sc_mcu7t5v0__endcap in cell A10_A
Note:  Implicit pin VNW in instance PHY_EDGE_ROW_100_Right_100 of gf180mcu_fd_sc_mcu7t5v0__endcap in cell A10_A
Note:  Implicit pin VPW in instance PHY_EDGE_ROW_100_Right_100 of gf180mcu_fd_sc_mcu7t5v0__endcap in cell A10_A
Note:  Implicit pin VNW in instance PHY_EDGE_ROW_101_Left_373 of gf180mcu_fd_sc_mcu7t5v0__endcap in cell A10_A
Note:  Implicit pin VPW in instance PHY_EDGE_ROW_101_Left_373 of gf180mcu_fd_sc_mcu7t5v0__endcap in cell A10_A
Note:  Implicit pin VNW in instance PHY_EDGE_ROW_101_Right_101 of gf180mcu_fd_sc_mcu7t5v0__endcap in cell A10_A
Note:  Implicit pin VPW in instance PHY_EDGE_ROW_101_Right_101 of gf180mcu_fd_sc_mcu7t5v0__endcap in cell A10_A
Note:  Implicit pin VNW in instance PHY_EDGE_ROW_102_Left_374 of gf180mcu_fd_sc_mcu7t5v0__endcap in cell A10_A
Note:  Implicit pin VPW in instance PHY_EDGE_ROW_102_Left_374 of gf180mcu_fd_sc_mcu7t5v0__endcap in cell A10_A
Note:  Implicit pin VNW in instance PHY_EDGE_ROW_102_Right_102 of gf180mcu_fd_sc_mcu7t5v0__endcap in cell A10_A
Note:  Implicit pin VPW in instance PHY_EDGE_ROW_102_Right_102 of gf180mcu_fd_sc_mcu7t5v0__endcap in cell A10_A
Note:  Implicit pin VNW in instance PHY_EDGE_ROW_103_Left_375 of gf180mcu_fd_sc_mcu7t5v0__endcap in cell A10_A
Note:  Implicit pin VPW in instance PHY_EDGE_ROW_103_Left_375 of gf180mcu_fd_sc_mcu7t5v0__endcap in cell A10_A
Note:  Implicit pin VNW in instance PHY_EDGE_ROW_103_Right_103 of gf180mcu_fd_sc_mcu7t5v0__endcap in cell A10_A
Note:  Implicit pin VPW in instance PHY_EDGE_ROW_103_Right_103 of gf180mcu_fd_sc_mcu7t5v0__endcap in cell A10_A
Note:  Implicit pin VNW in instance PHY_EDGE_ROW_104_Left_376 of gf180mcu_fd_sc_mcu7t5v0__endcap in cell A10_A
Note:  Implicit pin VPW in instance PHY_EDGE_ROW_104_Left_376 of gf180mcu_fd_sc_mcu7t5v0__endcap in cell A10_A
Note:  Implicit pin VNW in instance PHY_EDGE_ROW_104_Right_104 of gf180mcu_fd_sc_mcu7t5v0__endcap in cell A10_A
Note:  Implicit pin VPW in instance PHY_EDGE_ROW_104_Right_104 of gf180mcu_fd_sc_mcu7t5v0__endcap in cell A10_A
Note:  Implicit pin VNW in instance PHY_EDGE_ROW_105_Left_377 of gf180mcu_fd_sc_mcu7t5v0__endcap in cell A10_A
Note:  Implicit pin VPW in instance PHY_EDGE_ROW_105_Left_377 of gf180mcu_fd_sc_mcu7t5v0__endcap in cell A10_A
Note:  Implicit pin VNW in instance PHY_EDGE_ROW_105_Right_105 of gf180mcu_fd_sc_mcu7t5v0__endcap in cell A10_A
Note:  Implicit pin VPW in instance PHY_EDGE_ROW_105_Right_105 of gf180mcu_fd_sc_mcu7t5v0__endcap in cell A10_A
Note:  Implicit pin VNW in instance PHY_EDGE_ROW_106_Left_378 of gf180mcu_fd_sc_mcu7t5v0__endcap in cell A10_A
Note:  Implicit pin VPW in instance PHY_EDGE_ROW_106_Left_378 of gf180mcu_fd_sc_mcu7t5v0__endcap in cell A10_A
Note:  Implicit pin VNW in instance PHY_EDGE_ROW_106_Right_106 of gf180mcu_fd_sc_mcu7t5v0__endcap in cell A10_A
Note:  Implicit pin VPW in instance PHY_EDGE_ROW_106_Right_106 of gf180mcu_fd_sc_mcu7t5v0__endcap in cell A10_A
Note:  Implicit pin VNW in instance PHY_EDGE_ROW_107_Left_379 of gf180mcu_fd_sc_mcu7t5v0__endcap in cell A10_A
Note:  Implicit pin VPW in instance PHY_EDGE_ROW_107_Left_379 of gf180mcu_fd_sc_mcu7t5v0__endcap in cell A10_A
Note:  Implicit pin VNW in instance PHY_EDGE_ROW_107_Right_107 of gf180mcu_fd_sc_mcu7t5v0__endcap in cell A10_A
Note:  Implicit pin VPW in instance PHY_EDGE_ROW_107_Right_107 of gf180mcu_fd_sc_mcu7t5v0__endcap in cell A10_A
Note:  Implicit pin VNW in instance PHY_EDGE_ROW_108_Left_380 of gf180mcu_fd_sc_mcu7t5v0__endcap in cell A10_A
Note:  Implicit pin VPW in instance PHY_EDGE_ROW_108_Left_380 of gf180mcu_fd_sc_mcu7t5v0__endcap in cell A10_A
Note:  Implicit pin VNW in instance PHY_EDGE_ROW_108_Right_108 of gf180mcu_fd_sc_mcu7t5v0__endcap in cell A10_A
Note:  Implicit pin VPW in instance PHY_EDGE_ROW_108_Right_108 of gf180mcu_fd_sc_mcu7t5v0__endcap in cell A10_A
Note:  Implicit pin VNW in instance PHY_EDGE_ROW_109_Left_381 of gf180mcu_fd_sc_mcu7t5v0__endcap in cell A10_A
Note:  Implicit pin VPW in instance PHY_EDGE_ROW_109_Left_381 of gf180mcu_fd_sc_mcu7t5v0__endcap in cell A10_A
Note:  Implicit pin VNW in instance PHY_EDGE_ROW_109_Right_109 of gf180mcu_fd_sc_mcu7t5v0__endcap in cell A10_A
Note:  Implicit pin VPW in instance PHY_EDGE_ROW_109_Right_109 of gf180mcu_fd_sc_mcu7t5v0__endcap in cell A10_A
Note:  Implicit pin VNW in instance PHY_EDGE_ROW_10_Left_282 of gf180mcu_fd_sc_mcu7t5v0__endcap in cell A10_A
Note:  Implicit pin VPW in instance PHY_EDGE_ROW_10_Left_282 of gf180mcu_fd_sc_mcu7t5v0__endcap in cell A10_A
Note:  Implicit pin VNW in instance PHY_EDGE_ROW_10_Right_10 of gf180mcu_fd_sc_mcu7t5v0__endcap in cell A10_A
Note:  Implicit pin VPW in instance PHY_EDGE_ROW_10_Right_10 of gf180mcu_fd_sc_mcu7t5v0__endcap in cell A10_A
Note:  Implicit pin VNW in instance PHY_EDGE_ROW_110_Left_382 of gf180mcu_fd_sc_mcu7t5v0__endcap in cell A10_A
Note:  Implicit pin VPW in instance PHY_EDGE_ROW_110_Left_382 of gf180mcu_fd_sc_mcu7t5v0__endcap in cell A10_A
Note:  Implicit pin VNW in instance PHY_EDGE_ROW_110_Right_110 of gf180mcu_fd_sc_mcu7t5v0__endcap in cell A10_A
Note:  Implicit pin VPW in instance PHY_EDGE_ROW_110_Right_110 of gf180mcu_fd_sc_mcu7t5v0__endcap in cell A10_A
Note:  Implicit pin VNW in instance PHY_EDGE_ROW_111_Left_383 of gf180mcu_fd_sc_mcu7t5v0__endcap in cell A10_A
Note:  Implicit pin VPW in instance PHY_EDGE_ROW_111_Left_383 of gf180mcu_fd_sc_mcu7t5v0__endcap in cell A10_A
Note:  Implicit pin VNW in instance PHY_EDGE_ROW_111_Right_111 of gf180mcu_fd_sc_mcu7t5v0__endcap in cell A10_A
Note:  Implicit pin VPW in instance PHY_EDGE_ROW_111_Right_111 of gf180mcu_fd_sc_mcu7t5v0__endcap in cell A10_A
Note:  Implicit pin VNW in instance PHY_EDGE_ROW_112_Left_384 of gf180mcu_fd_sc_mcu7t5v0__endcap in cell A10_A
Note:  Implicit pin VPW in instance PHY_EDGE_ROW_112_Left_384 of gf180mcu_fd_sc_mcu7t5v0__endcap in cell A10_A
Note:  Implicit pin VNW in instance PHY_EDGE_ROW_112_Right_112 of gf180mcu_fd_sc_mcu7t5v0__endcap in cell A10_A
Note:  Implicit pin VPW in instance PHY_EDGE_ROW_112_Right_112 of gf180mcu_fd_sc_mcu7t5v0__endcap in cell A10_A
Note:  Implicit pin VNW in instance PHY_EDGE_ROW_113_Left_385 of gf180mcu_fd_sc_mcu7t5v0__endcap in cell A10_A
Note:  Implicit pin VPW in instance PHY_EDGE_ROW_113_Left_385 of gf180mcu_fd_sc_mcu7t5v0__endcap in cell A10_A
Note:  Implicit pin VNW in instance PHY_EDGE_ROW_113_Right_113 of gf180mcu_fd_sc_mcu7t5v0__endcap in cell A10_A
Note:  Implicit pin VPW in instance PHY_EDGE_ROW_113_Right_113 of gf180mcu_fd_sc_mcu7t5v0__endcap in cell A10_A
Note:  Implicit pin VNW in instance PHY_EDGE_ROW_114_Left_386 of gf180mcu_fd_sc_mcu7t5v0__endcap in cell A10_A
Note:  Implicit pin VPW in instance PHY_EDGE_ROW_114_Left_386 of gf180mcu_fd_sc_mcu7t5v0__endcap in cell A10_A
Note:  Implicit pin VNW in instance PHY_EDGE_ROW_114_Right_114 of gf180mcu_fd_sc_mcu7t5v0__endcap in cell A10_A
Note:  Implicit pin VPW in instance PHY_EDGE_ROW_114_Right_114 of gf180mcu_fd_sc_mcu7t5v0__endcap in cell A10_A
Note:  Implicit pin VNW in instance PHY_EDGE_ROW_115_Left_387 of gf180mcu_fd_sc_mcu7t5v0__endcap in cell A10_A
Note:  Implicit pin VPW in instance PHY_EDGE_ROW_115_Left_387 of gf180mcu_fd_sc_mcu7t5v0__endcap in cell A10_A
Note:  Implicit pin VNW in instance PHY_EDGE_ROW_115_Right_115 of gf180mcu_fd_sc_mcu7t5v0__endcap in cell A10_A
Note:  Implicit pin VPW in instance PHY_EDGE_ROW_115_Right_115 of gf180mcu_fd_sc_mcu7t5v0__endcap in cell A10_A
Note:  Implicit pin VNW in instance PHY_EDGE_ROW_116_Left_388 of gf180mcu_fd_sc_mcu7t5v0__endcap in cell A10_A
Note:  Implicit pin VPW in instance PHY_EDGE_ROW_116_Left_388 of gf180mcu_fd_sc_mcu7t5v0__endcap in cell A10_A
Note:  Implicit pin VNW in instance PHY_EDGE_ROW_116_Right_116 of gf180mcu_fd_sc_mcu7t5v0__endcap in cell A10_A
Note:  Implicit pin VPW in instance PHY_EDGE_ROW_116_Right_116 of gf180mcu_fd_sc_mcu7t5v0__endcap in cell A10_A
Note:  Implicit pin VNW in instance PHY_EDGE_ROW_117_Left_389 of gf180mcu_fd_sc_mcu7t5v0__endcap in cell A10_A
Note:  Implicit pin VPW in instance PHY_EDGE_ROW_117_Left_389 of gf180mcu_fd_sc_mcu7t5v0__endcap in cell A10_A
Note:  Implicit pin VNW in instance PHY_EDGE_ROW_117_Right_117 of gf180mcu_fd_sc_mcu7t5v0__endcap in cell A10_A
Note:  Implicit pin VPW in instance PHY_EDGE_ROW_117_Right_117 of gf180mcu_fd_sc_mcu7t5v0__endcap in cell A10_A
Note:  Implicit pin VNW in instance PHY_EDGE_ROW_118_Left_390 of gf180mcu_fd_sc_mcu7t5v0__endcap in cell A10_A
Note:  Implicit pin VPW in instance PHY_EDGE_ROW_118_Left_390 of gf180mcu_fd_sc_mcu7t5v0__endcap in cell A10_A
Note:  Implicit pin VNW in instance PHY_EDGE_ROW_118_Right_118 of gf180mcu_fd_sc_mcu7t5v0__endcap in cell A10_A
Note:  Implicit pin VPW in instance PHY_EDGE_ROW_118_Right_118 of gf180mcu_fd_sc_mcu7t5v0__endcap in cell A10_A
Note:  Implicit pin VNW in instance PHY_EDGE_ROW_119_Left_391 of gf180mcu_fd_sc_mcu7t5v0__endcap in cell A10_A
Note:  Implicit pin VPW in instance PHY_EDGE_ROW_119_Left_391 of gf180mcu_fd_sc_mcu7t5v0__endcap in cell A10_A
Note:  Implicit pin VNW in instance PHY_EDGE_ROW_119_Right_119 of gf180mcu_fd_sc_mcu7t5v0__endcap in cell A10_A
Note:  Implicit pin VPW in instance PHY_EDGE_ROW_119_Right_119 of gf180mcu_fd_sc_mcu7t5v0__endcap in cell A10_A
Note:  Implicit pin VNW in instance PHY_EDGE_ROW_11_Left_283 of gf180mcu_fd_sc_mcu7t5v0__endcap in cell A10_A
Note:  Implicit pin VPW in instance PHY_EDGE_ROW_11_Left_283 of gf180mcu_fd_sc_mcu7t5v0__endcap in cell A10_A
Note:  Implicit pin VNW in instance PHY_EDGE_ROW_11_Right_11 of gf180mcu_fd_sc_mcu7t5v0__endcap in cell A10_A
Note:  Implicit pin VPW in instance PHY_EDGE_ROW_11_Right_11 of gf180mcu_fd_sc_mcu7t5v0__endcap in cell A10_A
Note:  Implicit pin VNW in instance PHY_EDGE_ROW_120_Left_392 of gf180mcu_fd_sc_mcu7t5v0__endcap in cell A10_A
Note:  Implicit pin VPW in instance PHY_EDGE_ROW_120_Left_392 of gf180mcu_fd_sc_mcu7t5v0__endcap in cell A10_A
Note:  Implicit pin VNW in instance PHY_EDGE_ROW_120_Right_120 of gf180mcu_fd_sc_mcu7t5v0__endcap in cell A10_A
Note:  Implicit pin VPW in instance PHY_EDGE_ROW_120_Right_120 of gf180mcu_fd_sc_mcu7t5v0__endcap in cell A10_A
Note:  Implicit pin VNW in instance PHY_EDGE_ROW_121_Left_393 of gf180mcu_fd_sc_mcu7t5v0__endcap in cell A10_A
Note:  Implicit pin VPW in instance PHY_EDGE_ROW_121_Left_393 of gf180mcu_fd_sc_mcu7t5v0__endcap in cell A10_A
Note:  Implicit pin VNW in instance PHY_EDGE_ROW_121_Right_121 of gf180mcu_fd_sc_mcu7t5v0__endcap in cell A10_A
Note:  Implicit pin VPW in instance PHY_EDGE_ROW_121_Right_121 of gf180mcu_fd_sc_mcu7t5v0__endcap in cell A10_A
Note:  Implicit pin VNW in instance PHY_EDGE_ROW_122_Left_394 of gf180mcu_fd_sc_mcu7t5v0__endcap in cell A10_A
Note:  Implicit pin VPW in instance PHY_EDGE_ROW_122_Left_394 of gf180mcu_fd_sc_mcu7t5v0__endcap in cell A10_A
Note:  Implicit pin VNW in instance PHY_EDGE_ROW_122_Right_122 of gf180mcu_fd_sc_mcu7t5v0__endcap in cell A10_A
Note:  Implicit pin VPW in instance PHY_EDGE_ROW_122_Right_122 of gf180mcu_fd_sc_mcu7t5v0__endcap in cell A10_A
Note:  Implicit pin VNW in instance PHY_EDGE_ROW_123_Left_395 of gf180mcu_fd_sc_mcu7t5v0__endcap in cell A10_A
Note:  Implicit pin VPW in instance PHY_EDGE_ROW_123_Left_395 of gf180mcu_fd_sc_mcu7t5v0__endcap in cell A10_A
Note:  Implicit pin VNW in instance PHY_EDGE_ROW_123_Right_123 of gf180mcu_fd_sc_mcu7t5v0__endcap in cell A10_A
Note:  Implicit pin VPW in instance PHY_EDGE_ROW_123_Right_123 of gf180mcu_fd_sc_mcu7t5v0__endcap in cell A10_A
Note:  Implicit pin VNW in instance PHY_EDGE_ROW_124_Left_396 of gf180mcu_fd_sc_mcu7t5v0__endcap in cell A10_A
Note:  Implicit pin VPW in instance PHY_EDGE_ROW_124_Left_396 of gf180mcu_fd_sc_mcu7t5v0__endcap in cell A10_A
Note:  Implicit pin VNW in instance PHY_EDGE_ROW_124_Right_124 of gf180mcu_fd_sc_mcu7t5v0__endcap in cell A10_A
Note:  Implicit pin VPW in instance PHY_EDGE_ROW_124_Right_124 of gf180mcu_fd_sc_mcu7t5v0__endcap in cell A10_A
Note:  Implicit pin VNW in instance PHY_EDGE_ROW_125_Left_397 of gf180mcu_fd_sc_mcu7t5v0__endcap in cell A10_A
Note:  Implicit pin VPW in instance PHY_EDGE_ROW_125_Left_397 of gf180mcu_fd_sc_mcu7t5v0__endcap in cell A10_A
Note:  Implicit pin VNW in instance PHY_EDGE_ROW_125_Right_125 of gf180mcu_fd_sc_mcu7t5v0__endcap in cell A10_A
Note:  Implicit pin VPW in instance PHY_EDGE_ROW_125_Right_125 of gf180mcu_fd_sc_mcu7t5v0__endcap in cell A10_A
Note:  Implicit pin VNW in instance PHY_EDGE_ROW_126_Left_398 of gf180mcu_fd_sc_mcu7t5v0__endcap in cell A10_A
Note:  Implicit pin VPW in instance PHY_EDGE_ROW_126_Left_398 of gf180mcu_fd_sc_mcu7t5v0__endcap in cell A10_A
Note:  Implicit pin VNW in instance PHY_EDGE_ROW_126_Right_126 of gf180mcu_fd_sc_mcu7t5v0__endcap in cell A10_A
Note:  Implicit pin VPW in instance PHY_EDGE_ROW_126_Right_126 of gf180mcu_fd_sc_mcu7t5v0__endcap in cell A10_A
Note:  Implicit pin VNW in instance PHY_EDGE_ROW_127_Left_399 of gf180mcu_fd_sc_mcu7t5v0__endcap in cell A10_A
Note:  Implicit pin VPW in instance PHY_EDGE_ROW_127_Left_399 of gf180mcu_fd_sc_mcu7t5v0__endcap in cell A10_A
Note:  Implicit pin VNW in instance PHY_EDGE_ROW_127_Right_127 of gf180mcu_fd_sc_mcu7t5v0__endcap in cell A10_A
Note:  Implicit pin VPW in instance PHY_EDGE_ROW_127_Right_127 of gf180mcu_fd_sc_mcu7t5v0__endcap in cell A10_A
Note:  Implicit pin VNW in instance PHY_EDGE_ROW_128_Left_400 of gf180mcu_fd_sc_mcu7t5v0__endcap in cell A10_A
Note:  Implicit pin VPW in instance PHY_EDGE_ROW_128_Left_400 of gf180mcu_fd_sc_mcu7t5v0__endcap in cell A10_A
Note:  Implicit pin VNW in instance PHY_EDGE_ROW_128_Right_128 of gf180mcu_fd_sc_mcu7t5v0__endcap in cell A10_A
Note:  Implicit pin VPW in instance PHY_EDGE_ROW_128_Right_128 of gf180mcu_fd_sc_mcu7t5v0__endcap in cell A10_A
Note:  Implicit pin VNW in instance PHY_EDGE_ROW_129_Left_401 of gf180mcu_fd_sc_mcu7t5v0__endcap in cell A10_A
Note:  Implicit pin VPW in instance PHY_EDGE_ROW_129_Left_401 of gf180mcu_fd_sc_mcu7t5v0__endcap in cell A10_A
Note:  Implicit pin VNW in instance PHY_EDGE_ROW_129_Right_129 of gf180mcu_fd_sc_mcu7t5v0__endcap in cell A10_A
Note:  Implicit pin VPW in instance PHY_EDGE_ROW_129_Right_129 of gf180mcu_fd_sc_mcu7t5v0__endcap in cell A10_A
Note:  Implicit pin VNW in instance PHY_EDGE_ROW_12_Left_284 of gf180mcu_fd_sc_mcu7t5v0__endcap in cell A10_A
Note:  Implicit pin VPW in instance PHY_EDGE_ROW_12_Left_284 of gf180mcu_fd_sc_mcu7t5v0__endcap in cell A10_A
Note:  Implicit pin VNW in instance PHY_EDGE_ROW_12_Right_12 of gf180mcu_fd_sc_mcu7t5v0__endcap in cell A10_A
Note:  Implicit pin VPW in instance PHY_EDGE_ROW_12_Right_12 of gf180mcu_fd_sc_mcu7t5v0__endcap in cell A10_A
Note:  Implicit pin VNW in instance PHY_EDGE_ROW_130_Left_402 of gf180mcu_fd_sc_mcu7t5v0__endcap in cell A10_A
Note:  Implicit pin VPW in instance PHY_EDGE_ROW_130_Left_402 of gf180mcu_fd_sc_mcu7t5v0__endcap in cell A10_A
Note:  Implicit pin VNW in instance PHY_EDGE_ROW_130_Right_130 of gf180mcu_fd_sc_mcu7t5v0__endcap in cell A10_A
Note:  Implicit pin VPW in instance PHY_EDGE_ROW_130_Right_130 of gf180mcu_fd_sc_mcu7t5v0__endcap in cell A10_A
Note:  Implicit pin VNW in instance PHY_EDGE_ROW_131_Left_403 of gf180mcu_fd_sc_mcu7t5v0__endcap in cell A10_A
Note:  Implicit pin VPW in instance PHY_EDGE_ROW_131_Left_403 of gf180mcu_fd_sc_mcu7t5v0__endcap in cell A10_A
Note:  Implicit pin VNW in instance PHY_EDGE_ROW_131_Right_131 of gf180mcu_fd_sc_mcu7t5v0__endcap in cell A10_A
Note:  Implicit pin VPW in instance PHY_EDGE_ROW_131_Right_131 of gf180mcu_fd_sc_mcu7t5v0__endcap in cell A10_A
Note:  Implicit pin VNW in instance PHY_EDGE_ROW_132_Left_404 of gf180mcu_fd_sc_mcu7t5v0__endcap in cell A10_A
Note:  Implicit pin VPW in instance PHY_EDGE_ROW_132_Left_404 of gf180mcu_fd_sc_mcu7t5v0__endcap in cell A10_A
Note:  Implicit pin VNW in instance PHY_EDGE_ROW_132_Right_132 of gf180mcu_fd_sc_mcu7t5v0__endcap in cell A10_A
Note:  Implicit pin VPW in instance PHY_EDGE_ROW_132_Right_132 of gf180mcu_fd_sc_mcu7t5v0__endcap in cell A10_A
Note:  Implicit pin VNW in instance PHY_EDGE_ROW_133_Left_405 of gf180mcu_fd_sc_mcu7t5v0__endcap in cell A10_A
Note:  Implicit pin VPW in instance PHY_EDGE_ROW_133_Left_405 of gf180mcu_fd_sc_mcu7t5v0__endcap in cell A10_A
Note:  Implicit pin VNW in instance PHY_EDGE_ROW_133_Right_133 of gf180mcu_fd_sc_mcu7t5v0__endcap in cell A10_A
Note:  Implicit pin VPW in instance PHY_EDGE_ROW_133_Right_133 of gf180mcu_fd_sc_mcu7t5v0__endcap in cell A10_A
Note:  Implicit pin VNW in instance PHY_EDGE_ROW_134_Left_406 of gf180mcu_fd_sc_mcu7t5v0__endcap in cell A10_A
Note:  Implicit pin VPW in instance PHY_EDGE_ROW_134_Left_406 of gf180mcu_fd_sc_mcu7t5v0__endcap in cell A10_A
Note:  Implicit pin VNW in instance PHY_EDGE_ROW_134_Right_134 of gf180mcu_fd_sc_mcu7t5v0__endcap in cell A10_A
Note:  Implicit pin VPW in instance PHY_EDGE_ROW_134_Right_134 of gf180mcu_fd_sc_mcu7t5v0__endcap in cell A10_A
Note:  Implicit pin VNW in instance PHY_EDGE_ROW_135_Left_407 of gf180mcu_fd_sc_mcu7t5v0__endcap in cell A10_A
Note:  Implicit pin VPW in instance PHY_EDGE_ROW_135_Left_407 of gf180mcu_fd_sc_mcu7t5v0__endcap in cell A10_A
Note:  Implicit pin VNW in instance PHY_EDGE_ROW_135_Right_135 of gf180mcu_fd_sc_mcu7t5v0__endcap in cell A10_A
Note:  Implicit pin VPW in instance PHY_EDGE_ROW_135_Right_135 of gf180mcu_fd_sc_mcu7t5v0__endcap in cell A10_A
Note:  Implicit pin VNW in instance PHY_EDGE_ROW_136_Left_408 of gf180mcu_fd_sc_mcu7t5v0__endcap in cell A10_A
Note:  Implicit pin VPW in instance PHY_EDGE_ROW_136_Left_408 of gf180mcu_fd_sc_mcu7t5v0__endcap in cell A10_A
Note:  Implicit pin VNW in instance PHY_EDGE_ROW_136_Right_136 of gf180mcu_fd_sc_mcu7t5v0__endcap in cell A10_A
Note:  Implicit pin VPW in instance PHY_EDGE_ROW_136_Right_136 of gf180mcu_fd_sc_mcu7t5v0__endcap in cell A10_A
Note:  Implicit pin VNW in instance PHY_EDGE_ROW_137_Left_409 of gf180mcu_fd_sc_mcu7t5v0__endcap in cell A10_A
Note:  Implicit pin VPW in instance PHY_EDGE_ROW_137_Left_409 of gf180mcu_fd_sc_mcu7t5v0__endcap in cell A10_A
Note:  Implicit pin VNW in instance PHY_EDGE_ROW_137_Right_137 of gf180mcu_fd_sc_mcu7t5v0__endcap in cell A10_A
Note:  Implicit pin VPW in instance PHY_EDGE_ROW_137_Right_137 of gf180mcu_fd_sc_mcu7t5v0__endcap in cell A10_A
Note:  Implicit pin VNW in instance PHY_EDGE_ROW_138_Left_410 of gf180mcu_fd_sc_mcu7t5v0__endcap in cell A10_A
Note:  Implicit pin VPW in instance PHY_EDGE_ROW_138_Left_410 of gf180mcu_fd_sc_mcu7t5v0__endcap in cell A10_A
Note:  Implicit pin VNW in instance PHY_EDGE_ROW_138_Right_138 of gf180mcu_fd_sc_mcu7t5v0__endcap in cell A10_A
Note:  Implicit pin VPW in instance PHY_EDGE_ROW_138_Right_138 of gf180mcu_fd_sc_mcu7t5v0__endcap in cell A10_A
Note:  Implicit pin VNW in instance PHY_EDGE_ROW_139_Left_411 of gf180mcu_fd_sc_mcu7t5v0__endcap in cell A10_A
Note:  Implicit pin VPW in instance PHY_EDGE_ROW_139_Left_411 of gf180mcu_fd_sc_mcu7t5v0__endcap in cell A10_A
Note:  Implicit pin VNW in instance PHY_EDGE_ROW_139_Right_139 of gf180mcu_fd_sc_mcu7t5v0__endcap in cell A10_A
Note:  Implicit pin VPW in instance PHY_EDGE_ROW_139_Right_139 of gf180mcu_fd_sc_mcu7t5v0__endcap in cell A10_A
Note:  Implicit pin VNW in instance PHY_EDGE_ROW_13_Left_285 of gf180mcu_fd_sc_mcu7t5v0__endcap in cell A10_A
Note:  Implicit pin VPW in instance PHY_EDGE_ROW_13_Left_285 of gf180mcu_fd_sc_mcu7t5v0__endcap in cell A10_A
Note:  Implicit pin VNW in instance PHY_EDGE_ROW_13_Right_13 of gf180mcu_fd_sc_mcu7t5v0__endcap in cell A10_A
Note:  Implicit pin VPW in instance PHY_EDGE_ROW_13_Right_13 of gf180mcu_fd_sc_mcu7t5v0__endcap in cell A10_A
Note:  Implicit pin VNW in instance PHY_EDGE_ROW_140_Left_412 of gf180mcu_fd_sc_mcu7t5v0__endcap in cell A10_A
Note:  Implicit pin VPW in instance PHY_EDGE_ROW_140_Left_412 of gf180mcu_fd_sc_mcu7t5v0__endcap in cell A10_A
Note:  Implicit pin VNW in instance PHY_EDGE_ROW_140_Right_140 of gf180mcu_fd_sc_mcu7t5v0__endcap in cell A10_A
Note:  Implicit pin VPW in instance PHY_EDGE_ROW_140_Right_140 of gf180mcu_fd_sc_mcu7t5v0__endcap in cell A10_A
Note:  Implicit pin VNW in instance PHY_EDGE_ROW_141_Left_413 of gf180mcu_fd_sc_mcu7t5v0__endcap in cell A10_A
Note:  Implicit pin VPW in instance PHY_EDGE_ROW_141_Left_413 of gf180mcu_fd_sc_mcu7t5v0__endcap in cell A10_A
Note:  Implicit pin VNW in instance PHY_EDGE_ROW_141_Right_141 of gf180mcu_fd_sc_mcu7t5v0__endcap in cell A10_A
Note:  Implicit pin VPW in instance PHY_EDGE_ROW_141_Right_141 of gf180mcu_fd_sc_mcu7t5v0__endcap in cell A10_A
Note:  Implicit pin VNW in instance PHY_EDGE_ROW_142_Left_414 of gf180mcu_fd_sc_mcu7t5v0__endcap in cell A10_A
Note:  Implicit pin VPW in instance PHY_EDGE_ROW_142_Left_414 of gf180mcu_fd_sc_mcu7t5v0__endcap in cell A10_A
Note:  Implicit pin VNW in instance PHY_EDGE_ROW_142_Right_142 of gf180mcu_fd_sc_mcu7t5v0__endcap in cell A10_A
Note:  Implicit pin VPW in instance PHY_EDGE_ROW_142_Right_142 of gf180mcu_fd_sc_mcu7t5v0__endcap in cell A10_A
Note:  Implicit pin VNW in instance PHY_EDGE_ROW_143_Left_415 of gf180mcu_fd_sc_mcu7t5v0__endcap in cell A10_A
Note:  Implicit pin VPW in instance PHY_EDGE_ROW_143_Left_415 of gf180mcu_fd_sc_mcu7t5v0__endcap in cell A10_A
Note:  Implicit pin VNW in instance PHY_EDGE_ROW_143_Right_143 of gf180mcu_fd_sc_mcu7t5v0__endcap in cell A10_A
Note:  Implicit pin VPW in instance PHY_EDGE_ROW_143_Right_143 of gf180mcu_fd_sc_mcu7t5v0__endcap in cell A10_A
Note:  Implicit pin VNW in instance PHY_EDGE_ROW_144_Left_416 of gf180mcu_fd_sc_mcu7t5v0__endcap in cell A10_A
Note:  Implicit pin VPW in instance PHY_EDGE_ROW_144_Left_416 of gf180mcu_fd_sc_mcu7t5v0__endcap in cell A10_A
Note:  Implicit pin VNW in instance PHY_EDGE_ROW_144_Right_144 of gf180mcu_fd_sc_mcu7t5v0__endcap in cell A10_A
Note:  Implicit pin VPW in instance PHY_EDGE_ROW_144_Right_144 of gf180mcu_fd_sc_mcu7t5v0__endcap in cell A10_A
Note:  Implicit pin VNW in instance PHY_EDGE_ROW_145_Left_417 of gf180mcu_fd_sc_mcu7t5v0__endcap in cell A10_A
Note:  Implicit pin VPW in instance PHY_EDGE_ROW_145_Left_417 of gf180mcu_fd_sc_mcu7t5v0__endcap in cell A10_A
Note:  Implicit pin VNW in instance PHY_EDGE_ROW_145_Right_145 of gf180mcu_fd_sc_mcu7t5v0__endcap in cell A10_A
Note:  Implicit pin VPW in instance PHY_EDGE_ROW_145_Right_145 of gf180mcu_fd_sc_mcu7t5v0__endcap in cell A10_A
Note:  Implicit pin VNW in instance PHY_EDGE_ROW_146_Left_418 of gf180mcu_fd_sc_mcu7t5v0__endcap in cell A10_A
Note:  Implicit pin VPW in instance PHY_EDGE_ROW_146_Left_418 of gf180mcu_fd_sc_mcu7t5v0__endcap in cell A10_A
Note:  Implicit pin VNW in instance PHY_EDGE_ROW_146_Right_146 of gf180mcu_fd_sc_mcu7t5v0__endcap in cell A10_A
Note:  Implicit pin VPW in instance PHY_EDGE_ROW_146_Right_146 of gf180mcu_fd_sc_mcu7t5v0__endcap in cell A10_A
Note:  Implicit pin VNW in instance PHY_EDGE_ROW_147_Left_419 of gf180mcu_fd_sc_mcu7t5v0__endcap in cell A10_A
Note:  Implicit pin VPW in instance PHY_EDGE_ROW_147_Left_419 of gf180mcu_fd_sc_mcu7t5v0__endcap in cell A10_A
Note:  Implicit pin VNW in instance PHY_EDGE_ROW_147_Right_147 of gf180mcu_fd_sc_mcu7t5v0__endcap in cell A10_A
Note:  Implicit pin VPW in instance PHY_EDGE_ROW_147_Right_147 of gf180mcu_fd_sc_mcu7t5v0__endcap in cell A10_A
Note:  Implicit pin VNW in instance PHY_EDGE_ROW_148_Left_420 of gf180mcu_fd_sc_mcu7t5v0__endcap in cell A10_A
Note:  Implicit pin VPW in instance PHY_EDGE_ROW_148_Left_420 of gf180mcu_fd_sc_mcu7t5v0__endcap in cell A10_A
Note:  Implicit pin VNW in instance PHY_EDGE_ROW_148_Right_148 of gf180mcu_fd_sc_mcu7t5v0__endcap in cell A10_A
Note:  Implicit pin VPW in instance PHY_EDGE_ROW_148_Right_148 of gf180mcu_fd_sc_mcu7t5v0__endcap in cell A10_A
Note:  Implicit pin VNW in instance PHY_EDGE_ROW_149_Left_421 of gf180mcu_fd_sc_mcu7t5v0__endcap in cell A10_A
Note:  Implicit pin VPW in instance PHY_EDGE_ROW_149_Left_421 of gf180mcu_fd_sc_mcu7t5v0__endcap in cell A10_A
Note:  Implicit pin VNW in instance PHY_EDGE_ROW_149_Right_149 of gf180mcu_fd_sc_mcu7t5v0__endcap in cell A10_A
Note:  Implicit pin VPW in instance PHY_EDGE_ROW_149_Right_149 of gf180mcu_fd_sc_mcu7t5v0__endcap in cell A10_A
Note:  Implicit pin VNW in instance PHY_EDGE_ROW_14_Left_286 of gf180mcu_fd_sc_mcu7t5v0__endcap in cell A10_A
Note:  Implicit pin VPW in instance PHY_EDGE_ROW_14_Left_286 of gf180mcu_fd_sc_mcu7t5v0__endcap in cell A10_A
Note:  Implicit pin VNW in instance PHY_EDGE_ROW_14_Right_14 of gf180mcu_fd_sc_mcu7t5v0__endcap in cell A10_A
Note:  Implicit pin VPW in instance PHY_EDGE_ROW_14_Right_14 of gf180mcu_fd_sc_mcu7t5v0__endcap in cell A10_A
Note:  Implicit pin VNW in instance PHY_EDGE_ROW_150_Left_422 of gf180mcu_fd_sc_mcu7t5v0__endcap in cell A10_A
Note:  Implicit pin VPW in instance PHY_EDGE_ROW_150_Left_422 of gf180mcu_fd_sc_mcu7t5v0__endcap in cell A10_A
Note:  Implicit pin VNW in instance PHY_EDGE_ROW_150_Right_150 of gf180mcu_fd_sc_mcu7t5v0__endcap in cell A10_A
Note:  Implicit pin VPW in instance PHY_EDGE_ROW_150_Right_150 of gf180mcu_fd_sc_mcu7t5v0__endcap in cell A10_A
Note:  Implicit pin VNW in instance PHY_EDGE_ROW_151_Left_423 of gf180mcu_fd_sc_mcu7t5v0__endcap in cell A10_A
Note:  Implicit pin VPW in instance PHY_EDGE_ROW_151_Left_423 of gf180mcu_fd_sc_mcu7t5v0__endcap in cell A10_A
Note:  Implicit pin VNW in instance PHY_EDGE_ROW_151_Right_151 of gf180mcu_fd_sc_mcu7t5v0__endcap in cell A10_A
Note:  Implicit pin VPW in instance PHY_EDGE_ROW_151_Right_151 of gf180mcu_fd_sc_mcu7t5v0__endcap in cell A10_A
Note:  Implicit pin VNW in instance PHY_EDGE_ROW_152_Left_424 of gf180mcu_fd_sc_mcu7t5v0__endcap in cell A10_A
Note:  Implicit pin VPW in instance PHY_EDGE_ROW_152_Left_424 of gf180mcu_fd_sc_mcu7t5v0__endcap in cell A10_A
Note:  Implicit pin VNW in instance PHY_EDGE_ROW_152_Right_152 of gf180mcu_fd_sc_mcu7t5v0__endcap in cell A10_A
Note:  Implicit pin VPW in instance PHY_EDGE_ROW_152_Right_152 of gf180mcu_fd_sc_mcu7t5v0__endcap in cell A10_A
Note:  Implicit pin VNW in instance PHY_EDGE_ROW_153_Left_425 of gf180mcu_fd_sc_mcu7t5v0__endcap in cell A10_A
Note:  Implicit pin VPW in instance PHY_EDGE_ROW_153_Left_425 of gf180mcu_fd_sc_mcu7t5v0__endcap in cell A10_A
Note:  Implicit pin VNW in instance PHY_EDGE_ROW_153_Right_153 of gf180mcu_fd_sc_mcu7t5v0__endcap in cell A10_A
Note:  Implicit pin VPW in instance PHY_EDGE_ROW_153_Right_153 of gf180mcu_fd_sc_mcu7t5v0__endcap in cell A10_A
Note:  Implicit pin VNW in instance PHY_EDGE_ROW_154_Left_426 of gf180mcu_fd_sc_mcu7t5v0__endcap in cell A10_A
Note:  Implicit pin VPW in instance PHY_EDGE_ROW_154_Left_426 of gf180mcu_fd_sc_mcu7t5v0__endcap in cell A10_A
Note:  Implicit pin VNW in instance PHY_EDGE_ROW_154_Right_154 of gf180mcu_fd_sc_mcu7t5v0__endcap in cell A10_A
Note:  Implicit pin VPW in instance PHY_EDGE_ROW_154_Right_154 of gf180mcu_fd_sc_mcu7t5v0__endcap in cell A10_A
Note:  Implicit pin VNW in instance PHY_EDGE_ROW_155_Left_427 of gf180mcu_fd_sc_mcu7t5v0__endcap in cell A10_A
Note:  Implicit pin VPW in instance PHY_EDGE_ROW_155_Left_427 of gf180mcu_fd_sc_mcu7t5v0__endcap in cell A10_A
Note:  Implicit pin VNW in instance PHY_EDGE_ROW_155_Right_155 of gf180mcu_fd_sc_mcu7t5v0__endcap in cell A10_A
Note:  Implicit pin VPW in instance PHY_EDGE_ROW_155_Right_155 of gf180mcu_fd_sc_mcu7t5v0__endcap in cell A10_A
Note:  Implicit pin VNW in instance PHY_EDGE_ROW_156_Left_428 of gf180mcu_fd_sc_mcu7t5v0__endcap in cell A10_A
Note:  Implicit pin VPW in instance PHY_EDGE_ROW_156_Left_428 of gf180mcu_fd_sc_mcu7t5v0__endcap in cell A10_A
Note:  Implicit pin VNW in instance PHY_EDGE_ROW_156_Right_156 of gf180mcu_fd_sc_mcu7t5v0__endcap in cell A10_A
Note:  Implicit pin VPW in instance PHY_EDGE_ROW_156_Right_156 of gf180mcu_fd_sc_mcu7t5v0__endcap in cell A10_A
Note:  Implicit pin VNW in instance PHY_EDGE_ROW_157_Left_429 of gf180mcu_fd_sc_mcu7t5v0__endcap in cell A10_A
Note:  Implicit pin VPW in instance PHY_EDGE_ROW_157_Left_429 of gf180mcu_fd_sc_mcu7t5v0__endcap in cell A10_A
Note:  Implicit pin VNW in instance PHY_EDGE_ROW_157_Right_157 of gf180mcu_fd_sc_mcu7t5v0__endcap in cell A10_A
Note:  Implicit pin VPW in instance PHY_EDGE_ROW_157_Right_157 of gf180mcu_fd_sc_mcu7t5v0__endcap in cell A10_A
Note:  Implicit pin VNW in instance PHY_EDGE_ROW_158_Left_430 of gf180mcu_fd_sc_mcu7t5v0__endcap in cell A10_A
Note:  Implicit pin VPW in instance PHY_EDGE_ROW_158_Left_430 of gf180mcu_fd_sc_mcu7t5v0__endcap in cell A10_A
Note:  Implicit pin VNW in instance PHY_EDGE_ROW_158_Right_158 of gf180mcu_fd_sc_mcu7t5v0__endcap in cell A10_A
Note:  Implicit pin VPW in instance PHY_EDGE_ROW_158_Right_158 of gf180mcu_fd_sc_mcu7t5v0__endcap in cell A10_A
Note:  Implicit pin VNW in instance PHY_EDGE_ROW_159_Left_431 of gf180mcu_fd_sc_mcu7t5v0__endcap in cell A10_A
Note:  Implicit pin VPW in instance PHY_EDGE_ROW_159_Left_431 of gf180mcu_fd_sc_mcu7t5v0__endcap in cell A10_A
Note:  Implicit pin VNW in instance PHY_EDGE_ROW_159_Right_159 of gf180mcu_fd_sc_mcu7t5v0__endcap in cell A10_A
Note:  Implicit pin VPW in instance PHY_EDGE_ROW_159_Right_159 of gf180mcu_fd_sc_mcu7t5v0__endcap in cell A10_A
Note:  Implicit pin VNW in instance PHY_EDGE_ROW_15_Left_287 of gf180mcu_fd_sc_mcu7t5v0__endcap in cell A10_A
Note:  Implicit pin VPW in instance PHY_EDGE_ROW_15_Left_287 of gf180mcu_fd_sc_mcu7t5v0__endcap in cell A10_A
Note:  Implicit pin VNW in instance PHY_EDGE_ROW_15_Right_15 of gf180mcu_fd_sc_mcu7t5v0__endcap in cell A10_A
Note:  Implicit pin VPW in instance PHY_EDGE_ROW_15_Right_15 of gf180mcu_fd_sc_mcu7t5v0__endcap in cell A10_A
Note:  Implicit pin VNW in instance PHY_EDGE_ROW_160_Left_432 of gf180mcu_fd_sc_mcu7t5v0__endcap in cell A10_A
Note:  Implicit pin VPW in instance PHY_EDGE_ROW_160_Left_432 of gf180mcu_fd_sc_mcu7t5v0__endcap in cell A10_A
Note:  Implicit pin VNW in instance PHY_EDGE_ROW_160_Right_160 of gf180mcu_fd_sc_mcu7t5v0__endcap in cell A10_A
Note:  Implicit pin VPW in instance PHY_EDGE_ROW_160_Right_160 of gf180mcu_fd_sc_mcu7t5v0__endcap in cell A10_A
Note:  Implicit pin VNW in instance PHY_EDGE_ROW_161_Left_433 of gf180mcu_fd_sc_mcu7t5v0__endcap in cell A10_A
Note:  Implicit pin VPW in instance PHY_EDGE_ROW_161_Left_433 of gf180mcu_fd_sc_mcu7t5v0__endcap in cell A10_A
Note:  Implicit pin VNW in instance PHY_EDGE_ROW_161_Right_161 of gf180mcu_fd_sc_mcu7t5v0__endcap in cell A10_A
Note:  Implicit pin VPW in instance PHY_EDGE_ROW_161_Right_161 of gf180mcu_fd_sc_mcu7t5v0__endcap in cell A10_A
Note:  Implicit pin VNW in instance PHY_EDGE_ROW_162_Left_434 of gf180mcu_fd_sc_mcu7t5v0__endcap in cell A10_A
Note:  Implicit pin VPW in instance PHY_EDGE_ROW_162_Left_434 of gf180mcu_fd_sc_mcu7t5v0__endcap in cell A10_A
Note:  Implicit pin VNW in instance PHY_EDGE_ROW_162_Right_162 of gf180mcu_fd_sc_mcu7t5v0__endcap in cell A10_A
Note:  Implicit pin VPW in instance PHY_EDGE_ROW_162_Right_162 of gf180mcu_fd_sc_mcu7t5v0__endcap in cell A10_A
Note:  Implicit pin VNW in instance PHY_EDGE_ROW_163_Left_435 of gf180mcu_fd_sc_mcu7t5v0__endcap in cell A10_A
Note:  Implicit pin VPW in instance PHY_EDGE_ROW_163_Left_435 of gf180mcu_fd_sc_mcu7t5v0__endcap in cell A10_A
Note:  Implicit pin VNW in instance PHY_EDGE_ROW_163_Right_163 of gf180mcu_fd_sc_mcu7t5v0__endcap in cell A10_A
Note:  Implicit pin VPW in instance PHY_EDGE_ROW_163_Right_163 of gf180mcu_fd_sc_mcu7t5v0__endcap in cell A10_A
Note:  Implicit pin VNW in instance PHY_EDGE_ROW_164_Left_436 of gf180mcu_fd_sc_mcu7t5v0__endcap in cell A10_A
Note:  Implicit pin VPW in instance PHY_EDGE_ROW_164_Left_436 of gf180mcu_fd_sc_mcu7t5v0__endcap in cell A10_A
Note:  Implicit pin VNW in instance PHY_EDGE_ROW_164_Right_164 of gf180mcu_fd_sc_mcu7t5v0__endcap in cell A10_A
Note:  Implicit pin VPW in instance PHY_EDGE_ROW_164_Right_164 of gf180mcu_fd_sc_mcu7t5v0__endcap in cell A10_A
Note:  Implicit pin VNW in instance PHY_EDGE_ROW_165_Left_437 of gf180mcu_fd_sc_mcu7t5v0__endcap in cell A10_A
Note:  Implicit pin VPW in instance PHY_EDGE_ROW_165_Left_437 of gf180mcu_fd_sc_mcu7t5v0__endcap in cell A10_A
Note:  Implicit pin VNW in instance PHY_EDGE_ROW_165_Right_165 of gf180mcu_fd_sc_mcu7t5v0__endcap in cell A10_A
Note:  Implicit pin VPW in instance PHY_EDGE_ROW_165_Right_165 of gf180mcu_fd_sc_mcu7t5v0__endcap in cell A10_A
Note:  Implicit pin VNW in instance PHY_EDGE_ROW_166_Left_438 of gf180mcu_fd_sc_mcu7t5v0__endcap in cell A10_A
Note:  Implicit pin VPW in instance PHY_EDGE_ROW_166_Left_438 of gf180mcu_fd_sc_mcu7t5v0__endcap in cell A10_A
Note:  Implicit pin VNW in instance PHY_EDGE_ROW_166_Right_166 of gf180mcu_fd_sc_mcu7t5v0__endcap in cell A10_A
Note:  Implicit pin VPW in instance PHY_EDGE_ROW_166_Right_166 of gf180mcu_fd_sc_mcu7t5v0__endcap in cell A10_A
Note:  Implicit pin VNW in instance PHY_EDGE_ROW_167_Left_439 of gf180mcu_fd_sc_mcu7t5v0__endcap in cell A10_A
Note:  Implicit pin VPW in instance PHY_EDGE_ROW_167_Left_439 of gf180mcu_fd_sc_mcu7t5v0__endcap in cell A10_A
Note:  Implicit pin VNW in instance PHY_EDGE_ROW_167_Right_167 of gf180mcu_fd_sc_mcu7t5v0__endcap in cell A10_A
Note:  Implicit pin VPW in instance PHY_EDGE_ROW_167_Right_167 of gf180mcu_fd_sc_mcu7t5v0__endcap in cell A10_A
Note:  Implicit pin VNW in instance PHY_EDGE_ROW_168_Left_440 of gf180mcu_fd_sc_mcu7t5v0__endcap in cell A10_A
Note:  Implicit pin VPW in instance PHY_EDGE_ROW_168_Left_440 of gf180mcu_fd_sc_mcu7t5v0__endcap in cell A10_A
Note:  Implicit pin VNW in instance PHY_EDGE_ROW_168_Right_168 of gf180mcu_fd_sc_mcu7t5v0__endcap in cell A10_A
Note:  Implicit pin VPW in instance PHY_EDGE_ROW_168_Right_168 of gf180mcu_fd_sc_mcu7t5v0__endcap in cell A10_A
Note:  Implicit pin VNW in instance PHY_EDGE_ROW_169_Left_441 of gf180mcu_fd_sc_mcu7t5v0__endcap in cell A10_A
Note:  Implicit pin VPW in instance PHY_EDGE_ROW_169_Left_441 of gf180mcu_fd_sc_mcu7t5v0__endcap in cell A10_A
Note:  Implicit pin VNW in instance PHY_EDGE_ROW_169_Right_169 of gf180mcu_fd_sc_mcu7t5v0__endcap in cell A10_A
Note:  Implicit pin VPW in instance PHY_EDGE_ROW_169_Right_169 of gf180mcu_fd_sc_mcu7t5v0__endcap in cell A10_A
Note:  Implicit pin VNW in instance PHY_EDGE_ROW_16_Left_288 of gf180mcu_fd_sc_mcu7t5v0__endcap in cell A10_A
Note:  Implicit pin VPW in instance PHY_EDGE_ROW_16_Left_288 of gf180mcu_fd_sc_mcu7t5v0__endcap in cell A10_A
Note:  Implicit pin VNW in instance PHY_EDGE_ROW_16_Right_16 of gf180mcu_fd_sc_mcu7t5v0__endcap in cell A10_A
Note:  Implicit pin VPW in instance PHY_EDGE_ROW_16_Right_16 of gf180mcu_fd_sc_mcu7t5v0__endcap in cell A10_A
Note:  Implicit pin VNW in instance PHY_EDGE_ROW_170_Left_442 of gf180mcu_fd_sc_mcu7t5v0__endcap in cell A10_A
Note:  Implicit pin VPW in instance PHY_EDGE_ROW_170_Left_442 of gf180mcu_fd_sc_mcu7t5v0__endcap in cell A10_A
Note:  Implicit pin VNW in instance PHY_EDGE_ROW_170_Right_170 of gf180mcu_fd_sc_mcu7t5v0__endcap in cell A10_A
Note:  Implicit pin VPW in instance PHY_EDGE_ROW_170_Right_170 of gf180mcu_fd_sc_mcu7t5v0__endcap in cell A10_A
Note:  Implicit pin VNW in instance PHY_EDGE_ROW_171_Left_443 of gf180mcu_fd_sc_mcu7t5v0__endcap in cell A10_A
Note:  Implicit pin VPW in instance PHY_EDGE_ROW_171_Left_443 of gf180mcu_fd_sc_mcu7t5v0__endcap in cell A10_A
Note:  Implicit pin VNW in instance PHY_EDGE_ROW_171_Right_171 of gf180mcu_fd_sc_mcu7t5v0__endcap in cell A10_A
Note:  Implicit pin VPW in instance PHY_EDGE_ROW_171_Right_171 of gf180mcu_fd_sc_mcu7t5v0__endcap in cell A10_A
Note:  Implicit pin VNW in instance PHY_EDGE_ROW_172_Left_444 of gf180mcu_fd_sc_mcu7t5v0__endcap in cell A10_A
Note:  Implicit pin VPW in instance PHY_EDGE_ROW_172_Left_444 of gf180mcu_fd_sc_mcu7t5v0__endcap in cell A10_A
Note:  Implicit pin VNW in instance PHY_EDGE_ROW_172_Right_172 of gf180mcu_fd_sc_mcu7t5v0__endcap in cell A10_A
Note:  Implicit pin VPW in instance PHY_EDGE_ROW_172_Right_172 of gf180mcu_fd_sc_mcu7t5v0__endcap in cell A10_A
Note:  Implicit pin VNW in instance PHY_EDGE_ROW_173_Left_445 of gf180mcu_fd_sc_mcu7t5v0__endcap in cell A10_A
Note:  Implicit pin VPW in instance PHY_EDGE_ROW_173_Left_445 of gf180mcu_fd_sc_mcu7t5v0__endcap in cell A10_A
Note:  Implicit pin VNW in instance PHY_EDGE_ROW_173_Right_173 of gf180mcu_fd_sc_mcu7t5v0__endcap in cell A10_A
Note:  Implicit pin VPW in instance PHY_EDGE_ROW_173_Right_173 of gf180mcu_fd_sc_mcu7t5v0__endcap in cell A10_A
Note:  Implicit pin VNW in instance PHY_EDGE_ROW_174_Left_446 of gf180mcu_fd_sc_mcu7t5v0__endcap in cell A10_A
Note:  Implicit pin VPW in instance PHY_EDGE_ROW_174_Left_446 of gf180mcu_fd_sc_mcu7t5v0__endcap in cell A10_A
Note:  Implicit pin VNW in instance PHY_EDGE_ROW_174_Right_174 of gf180mcu_fd_sc_mcu7t5v0__endcap in cell A10_A
Note:  Implicit pin VPW in instance PHY_EDGE_ROW_174_Right_174 of gf180mcu_fd_sc_mcu7t5v0__endcap in cell A10_A
Note:  Implicit pin VNW in instance PHY_EDGE_ROW_175_Left_447 of gf180mcu_fd_sc_mcu7t5v0__endcap in cell A10_A
Note:  Implicit pin VPW in instance PHY_EDGE_ROW_175_Left_447 of gf180mcu_fd_sc_mcu7t5v0__endcap in cell A10_A
Note:  Implicit pin VNW in instance PHY_EDGE_ROW_175_Right_175 of gf180mcu_fd_sc_mcu7t5v0__endcap in cell A10_A
Note:  Implicit pin VPW in instance PHY_EDGE_ROW_175_Right_175 of gf180mcu_fd_sc_mcu7t5v0__endcap in cell A10_A
Note:  Implicit pin VNW in instance PHY_EDGE_ROW_176_Left_448 of gf180mcu_fd_sc_mcu7t5v0__endcap in cell A10_A
Note:  Implicit pin VPW in instance PHY_EDGE_ROW_176_Left_448 of gf180mcu_fd_sc_mcu7t5v0__endcap in cell A10_A
Note:  Implicit pin VNW in instance PHY_EDGE_ROW_176_Right_176 of gf180mcu_fd_sc_mcu7t5v0__endcap in cell A10_A
Note:  Implicit pin VPW in instance PHY_EDGE_ROW_176_Right_176 of gf180mcu_fd_sc_mcu7t5v0__endcap in cell A10_A
Note:  Implicit pin VNW in instance PHY_EDGE_ROW_177_Left_449 of gf180mcu_fd_sc_mcu7t5v0__endcap in cell A10_A
Note:  Implicit pin VPW in instance PHY_EDGE_ROW_177_Left_449 of gf180mcu_fd_sc_mcu7t5v0__endcap in cell A10_A
Note:  Implicit pin VNW in instance PHY_EDGE_ROW_177_Right_177 of gf180mcu_fd_sc_mcu7t5v0__endcap in cell A10_A
Note:  Implicit pin VPW in instance PHY_EDGE_ROW_177_Right_177 of gf180mcu_fd_sc_mcu7t5v0__endcap in cell A10_A
Note:  Implicit pin VNW in instance PHY_EDGE_ROW_178_Left_450 of gf180mcu_fd_sc_mcu7t5v0__endcap in cell A10_A
Note:  Implicit pin VPW in instance PHY_EDGE_ROW_178_Left_450 of gf180mcu_fd_sc_mcu7t5v0__endcap in cell A10_A
Note:  Implicit pin VNW in instance PHY_EDGE_ROW_178_Right_178 of gf180mcu_fd_sc_mcu7t5v0__endcap in cell A10_A
Note:  Implicit pin VPW in instance PHY_EDGE_ROW_178_Right_178 of gf180mcu_fd_sc_mcu7t5v0__endcap in cell A10_A
Note:  Implicit pin VNW in instance PHY_EDGE_ROW_179_Left_451 of gf180mcu_fd_sc_mcu7t5v0__endcap in cell A10_A
Note:  Implicit pin VPW in instance PHY_EDGE_ROW_179_Left_451 of gf180mcu_fd_sc_mcu7t5v0__endcap in cell A10_A
Note:  Implicit pin VNW in instance PHY_EDGE_ROW_179_Right_179 of gf180mcu_fd_sc_mcu7t5v0__endcap in cell A10_A
Note:  Implicit pin VPW in instance PHY_EDGE_ROW_179_Right_179 of gf180mcu_fd_sc_mcu7t5v0__endcap in cell A10_A
Note:  Implicit pin VNW in instance PHY_EDGE_ROW_17_Left_289 of gf180mcu_fd_sc_mcu7t5v0__endcap in cell A10_A
Note:  Implicit pin VPW in instance PHY_EDGE_ROW_17_Left_289 of gf180mcu_fd_sc_mcu7t5v0__endcap in cell A10_A
Note:  Implicit pin VNW in instance PHY_EDGE_ROW_17_Right_17 of gf180mcu_fd_sc_mcu7t5v0__endcap in cell A10_A
Note:  Implicit pin VPW in instance PHY_EDGE_ROW_17_Right_17 of gf180mcu_fd_sc_mcu7t5v0__endcap in cell A10_A
Note:  Implicit pin VNW in instance PHY_EDGE_ROW_180_Left_452 of gf180mcu_fd_sc_mcu7t5v0__endcap in cell A10_A
Note:  Implicit pin VPW in instance PHY_EDGE_ROW_180_Left_452 of gf180mcu_fd_sc_mcu7t5v0__endcap in cell A10_A
Note:  Implicit pin VNW in instance PHY_EDGE_ROW_180_Right_180 of gf180mcu_fd_sc_mcu7t5v0__endcap in cell A10_A
Note:  Implicit pin VPW in instance PHY_EDGE_ROW_180_Right_180 of gf180mcu_fd_sc_mcu7t5v0__endcap in cell A10_A
Note:  Implicit pin VNW in instance PHY_EDGE_ROW_181_Left_453 of gf180mcu_fd_sc_mcu7t5v0__endcap in cell A10_A
Note:  Implicit pin VPW in instance PHY_EDGE_ROW_181_Left_453 of gf180mcu_fd_sc_mcu7t5v0__endcap in cell A10_A
Note:  Implicit pin VNW in instance PHY_EDGE_ROW_181_Right_181 of gf180mcu_fd_sc_mcu7t5v0__endcap in cell A10_A
Note:  Implicit pin VPW in instance PHY_EDGE_ROW_181_Right_181 of gf180mcu_fd_sc_mcu7t5v0__endcap in cell A10_A
Note:  Implicit pin VNW in instance PHY_EDGE_ROW_182_Left_454 of gf180mcu_fd_sc_mcu7t5v0__endcap in cell A10_A
Note:  Implicit pin VPW in instance PHY_EDGE_ROW_182_Left_454 of gf180mcu_fd_sc_mcu7t5v0__endcap in cell A10_A
Note:  Implicit pin VNW in instance PHY_EDGE_ROW_182_Right_182 of gf180mcu_fd_sc_mcu7t5v0__endcap in cell A10_A
Note:  Implicit pin VPW in instance PHY_EDGE_ROW_182_Right_182 of gf180mcu_fd_sc_mcu7t5v0__endcap in cell A10_A
Note:  Implicit pin VNW in instance PHY_EDGE_ROW_183_Left_455 of gf180mcu_fd_sc_mcu7t5v0__endcap in cell A10_A
Note:  Implicit pin VPW in instance PHY_EDGE_ROW_183_Left_455 of gf180mcu_fd_sc_mcu7t5v0__endcap in cell A10_A
Note:  Implicit pin VNW in instance PHY_EDGE_ROW_183_Right_183 of gf180mcu_fd_sc_mcu7t5v0__endcap in cell A10_A
Note:  Implicit pin VPW in instance PHY_EDGE_ROW_183_Right_183 of gf180mcu_fd_sc_mcu7t5v0__endcap in cell A10_A
Note:  Implicit pin VNW in instance PHY_EDGE_ROW_184_Left_456 of gf180mcu_fd_sc_mcu7t5v0__endcap in cell A10_A
Note:  Implicit pin VPW in instance PHY_EDGE_ROW_184_Left_456 of gf180mcu_fd_sc_mcu7t5v0__endcap in cell A10_A
Note:  Implicit pin VNW in instance PHY_EDGE_ROW_184_Right_184 of gf180mcu_fd_sc_mcu7t5v0__endcap in cell A10_A
Note:  Implicit pin VPW in instance PHY_EDGE_ROW_184_Right_184 of gf180mcu_fd_sc_mcu7t5v0__endcap in cell A10_A
Note:  Implicit pin VNW in instance PHY_EDGE_ROW_185_Left_457 of gf180mcu_fd_sc_mcu7t5v0__endcap in cell A10_A
Note:  Implicit pin VPW in instance PHY_EDGE_ROW_185_Left_457 of gf180mcu_fd_sc_mcu7t5v0__endcap in cell A10_A
Note:  Implicit pin VNW in instance PHY_EDGE_ROW_185_Right_185 of gf180mcu_fd_sc_mcu7t5v0__endcap in cell A10_A
Note:  Implicit pin VPW in instance PHY_EDGE_ROW_185_Right_185 of gf180mcu_fd_sc_mcu7t5v0__endcap in cell A10_A
Note:  Implicit pin VNW in instance PHY_EDGE_ROW_186_Left_458 of gf180mcu_fd_sc_mcu7t5v0__endcap in cell A10_A
Note:  Implicit pin VPW in instance PHY_EDGE_ROW_186_Left_458 of gf180mcu_fd_sc_mcu7t5v0__endcap in cell A10_A
Note:  Implicit pin VNW in instance PHY_EDGE_ROW_186_Right_186 of gf180mcu_fd_sc_mcu7t5v0__endcap in cell A10_A
Note:  Implicit pin VPW in instance PHY_EDGE_ROW_186_Right_186 of gf180mcu_fd_sc_mcu7t5v0__endcap in cell A10_A
Note:  Implicit pin VNW in instance PHY_EDGE_ROW_187_Left_459 of gf180mcu_fd_sc_mcu7t5v0__endcap in cell A10_A
Note:  Implicit pin VPW in instance PHY_EDGE_ROW_187_Left_459 of gf180mcu_fd_sc_mcu7t5v0__endcap in cell A10_A
Note:  Implicit pin VNW in instance PHY_EDGE_ROW_187_Right_187 of gf180mcu_fd_sc_mcu7t5v0__endcap in cell A10_A
Note:  Implicit pin VPW in instance PHY_EDGE_ROW_187_Right_187 of gf180mcu_fd_sc_mcu7t5v0__endcap in cell A10_A
Note:  Implicit pin VNW in instance PHY_EDGE_ROW_188_Left_460 of gf180mcu_fd_sc_mcu7t5v0__endcap in cell A10_A
Note:  Implicit pin VPW in instance PHY_EDGE_ROW_188_Left_460 of gf180mcu_fd_sc_mcu7t5v0__endcap in cell A10_A
Note:  Implicit pin VNW in instance PHY_EDGE_ROW_188_Right_188 of gf180mcu_fd_sc_mcu7t5v0__endcap in cell A10_A
Note:  Implicit pin VPW in instance PHY_EDGE_ROW_188_Right_188 of gf180mcu_fd_sc_mcu7t5v0__endcap in cell A10_A
Note:  Implicit pin VNW in instance PHY_EDGE_ROW_189_Left_461 of gf180mcu_fd_sc_mcu7t5v0__endcap in cell A10_A
Note:  Implicit pin VPW in instance PHY_EDGE_ROW_189_Left_461 of gf180mcu_fd_sc_mcu7t5v0__endcap in cell A10_A
Note:  Implicit pin VNW in instance PHY_EDGE_ROW_189_Right_189 of gf180mcu_fd_sc_mcu7t5v0__endcap in cell A10_A
Note:  Implicit pin VPW in instance PHY_EDGE_ROW_189_Right_189 of gf180mcu_fd_sc_mcu7t5v0__endcap in cell A10_A
Note:  Implicit pin VNW in instance PHY_EDGE_ROW_18_Left_290 of gf180mcu_fd_sc_mcu7t5v0__endcap in cell A10_A
Note:  Implicit pin VPW in instance PHY_EDGE_ROW_18_Left_290 of gf180mcu_fd_sc_mcu7t5v0__endcap in cell A10_A
Note:  Implicit pin VNW in instance PHY_EDGE_ROW_18_Right_18 of gf180mcu_fd_sc_mcu7t5v0__endcap in cell A10_A
Note:  Implicit pin VPW in instance PHY_EDGE_ROW_18_Right_18 of gf180mcu_fd_sc_mcu7t5v0__endcap in cell A10_A
Note:  Implicit pin VNW in instance PHY_EDGE_ROW_190_Left_462 of gf180mcu_fd_sc_mcu7t5v0__endcap in cell A10_A
Note:  Implicit pin VPW in instance PHY_EDGE_ROW_190_Left_462 of gf180mcu_fd_sc_mcu7t5v0__endcap in cell A10_A
Note:  Implicit pin VNW in instance PHY_EDGE_ROW_190_Right_190 of gf180mcu_fd_sc_mcu7t5v0__endcap in cell A10_A
Note:  Implicit pin VPW in instance PHY_EDGE_ROW_190_Right_190 of gf180mcu_fd_sc_mcu7t5v0__endcap in cell A10_A
Note:  Implicit pin VNW in instance PHY_EDGE_ROW_191_Left_463 of gf180mcu_fd_sc_mcu7t5v0__endcap in cell A10_A
Note:  Implicit pin VPW in instance PHY_EDGE_ROW_191_Left_463 of gf180mcu_fd_sc_mcu7t5v0__endcap in cell A10_A
Note:  Implicit pin VNW in instance PHY_EDGE_ROW_191_Right_191 of gf180mcu_fd_sc_mcu7t5v0__endcap in cell A10_A
Note:  Implicit pin VPW in instance PHY_EDGE_ROW_191_Right_191 of gf180mcu_fd_sc_mcu7t5v0__endcap in cell A10_A
Note:  Implicit pin VNW in instance PHY_EDGE_ROW_192_Left_464 of gf180mcu_fd_sc_mcu7t5v0__endcap in cell A10_A
Note:  Implicit pin VPW in instance PHY_EDGE_ROW_192_Left_464 of gf180mcu_fd_sc_mcu7t5v0__endcap in cell A10_A
Note:  Implicit pin VNW in instance PHY_EDGE_ROW_192_Right_192 of gf180mcu_fd_sc_mcu7t5v0__endcap in cell A10_A
Note:  Implicit pin VPW in instance PHY_EDGE_ROW_192_Right_192 of gf180mcu_fd_sc_mcu7t5v0__endcap in cell A10_A
Note:  Implicit pin VNW in instance PHY_EDGE_ROW_193_Left_465 of gf180mcu_fd_sc_mcu7t5v0__endcap in cell A10_A
Note:  Implicit pin VPW in instance PHY_EDGE_ROW_193_Left_465 of gf180mcu_fd_sc_mcu7t5v0__endcap in cell A10_A
Note:  Implicit pin VNW in instance PHY_EDGE_ROW_193_Right_193 of gf180mcu_fd_sc_mcu7t5v0__endcap in cell A10_A
Note:  Implicit pin VPW in instance PHY_EDGE_ROW_193_Right_193 of gf180mcu_fd_sc_mcu7t5v0__endcap in cell A10_A
Note:  Implicit pin VNW in instance PHY_EDGE_ROW_194_Left_466 of gf180mcu_fd_sc_mcu7t5v0__endcap in cell A10_A
Note:  Implicit pin VPW in instance PHY_EDGE_ROW_194_Left_466 of gf180mcu_fd_sc_mcu7t5v0__endcap in cell A10_A
Note:  Implicit pin VNW in instance PHY_EDGE_ROW_194_Right_194 of gf180mcu_fd_sc_mcu7t5v0__endcap in cell A10_A
Note:  Implicit pin VPW in instance PHY_EDGE_ROW_194_Right_194 of gf180mcu_fd_sc_mcu7t5v0__endcap in cell A10_A
Note:  Implicit pin VNW in instance PHY_EDGE_ROW_195_Left_467 of gf180mcu_fd_sc_mcu7t5v0__endcap in cell A10_A
Note:  Implicit pin VPW in instance PHY_EDGE_ROW_195_Left_467 of gf180mcu_fd_sc_mcu7t5v0__endcap in cell A10_A
Note:  Implicit pin VNW in instance PHY_EDGE_ROW_195_Right_195 of gf180mcu_fd_sc_mcu7t5v0__endcap in cell A10_A
Note:  Implicit pin VPW in instance PHY_EDGE_ROW_195_Right_195 of gf180mcu_fd_sc_mcu7t5v0__endcap in cell A10_A
Note:  Implicit pin VNW in instance PHY_EDGE_ROW_196_Left_468 of gf180mcu_fd_sc_mcu7t5v0__endcap in cell A10_A
Note:  Implicit pin VPW in instance PHY_EDGE_ROW_196_Left_468 of gf180mcu_fd_sc_mcu7t5v0__endcap in cell A10_A
Note:  Implicit pin VNW in instance PHY_EDGE_ROW_196_Right_196 of gf180mcu_fd_sc_mcu7t5v0__endcap in cell A10_A
Note:  Implicit pin VPW in instance PHY_EDGE_ROW_196_Right_196 of gf180mcu_fd_sc_mcu7t5v0__endcap in cell A10_A
Note:  Implicit pin VNW in instance PHY_EDGE_ROW_197_Left_469 of gf180mcu_fd_sc_mcu7t5v0__endcap in cell A10_A
Note:  Implicit pin VPW in instance PHY_EDGE_ROW_197_Left_469 of gf180mcu_fd_sc_mcu7t5v0__endcap in cell A10_A
Note:  Implicit pin VNW in instance PHY_EDGE_ROW_197_Right_197 of gf180mcu_fd_sc_mcu7t5v0__endcap in cell A10_A
Note:  Implicit pin VPW in instance PHY_EDGE_ROW_197_Right_197 of gf180mcu_fd_sc_mcu7t5v0__endcap in cell A10_A
Note:  Implicit pin VNW in instance PHY_EDGE_ROW_198_Left_470 of gf180mcu_fd_sc_mcu7t5v0__endcap in cell A10_A
Note:  Implicit pin VPW in instance PHY_EDGE_ROW_198_Left_470 of gf180mcu_fd_sc_mcu7t5v0__endcap in cell A10_A
Note:  Implicit pin VNW in instance PHY_EDGE_ROW_198_Right_198 of gf180mcu_fd_sc_mcu7t5v0__endcap in cell A10_A
Note:  Implicit pin VPW in instance PHY_EDGE_ROW_198_Right_198 of gf180mcu_fd_sc_mcu7t5v0__endcap in cell A10_A
Note:  Implicit pin VNW in instance PHY_EDGE_ROW_199_Left_471 of gf180mcu_fd_sc_mcu7t5v0__endcap in cell A10_A
Note:  Implicit pin VPW in instance PHY_EDGE_ROW_199_Left_471 of gf180mcu_fd_sc_mcu7t5v0__endcap in cell A10_A
Note:  Implicit pin VNW in instance PHY_EDGE_ROW_199_Right_199 of gf180mcu_fd_sc_mcu7t5v0__endcap in cell A10_A
Note:  Implicit pin VPW in instance PHY_EDGE_ROW_199_Right_199 of gf180mcu_fd_sc_mcu7t5v0__endcap in cell A10_A
Note:  Implicit pin VNW in instance PHY_EDGE_ROW_19_Left_291 of gf180mcu_fd_sc_mcu7t5v0__endcap in cell A10_A
Note:  Implicit pin VPW in instance PHY_EDGE_ROW_19_Left_291 of gf180mcu_fd_sc_mcu7t5v0__endcap in cell A10_A
Note:  Implicit pin VNW in instance PHY_EDGE_ROW_19_Right_19 of gf180mcu_fd_sc_mcu7t5v0__endcap in cell A10_A
Note:  Implicit pin VPW in instance PHY_EDGE_ROW_19_Right_19 of gf180mcu_fd_sc_mcu7t5v0__endcap in cell A10_A
Note:  Implicit pin VNW in instance PHY_EDGE_ROW_1_Left_273 of gf180mcu_fd_sc_mcu7t5v0__endcap in cell A10_A
Note:  Implicit pin VPW in instance PHY_EDGE_ROW_1_Left_273 of gf180mcu_fd_sc_mcu7t5v0__endcap in cell A10_A
Note:  Implicit pin VNW in instance PHY_EDGE_ROW_1_Right_1 of gf180mcu_fd_sc_mcu7t5v0__endcap in cell A10_A
Note:  Implicit pin VPW in instance PHY_EDGE_ROW_1_Right_1 of gf180mcu_fd_sc_mcu7t5v0__endcap in cell A10_A
Note:  Implicit pin VNW in instance PHY_EDGE_ROW_200_Left_472 of gf180mcu_fd_sc_mcu7t5v0__endcap in cell A10_A
Note:  Implicit pin VPW in instance PHY_EDGE_ROW_200_Left_472 of gf180mcu_fd_sc_mcu7t5v0__endcap in cell A10_A
Note:  Implicit pin VNW in instance PHY_EDGE_ROW_200_Right_200 of gf180mcu_fd_sc_mcu7t5v0__endcap in cell A10_A
Note:  Implicit pin VPW in instance PHY_EDGE_ROW_200_Right_200 of gf180mcu_fd_sc_mcu7t5v0__endcap in cell A10_A
Note:  Implicit pin VNW in instance PHY_EDGE_ROW_201_Left_473 of gf180mcu_fd_sc_mcu7t5v0__endcap in cell A10_A
Note:  Implicit pin VPW in instance PHY_EDGE_ROW_201_Left_473 of gf180mcu_fd_sc_mcu7t5v0__endcap in cell A10_A
Note:  Implicit pin VNW in instance PHY_EDGE_ROW_201_Right_201 of gf180mcu_fd_sc_mcu7t5v0__endcap in cell A10_A
Note:  Implicit pin VPW in instance PHY_EDGE_ROW_201_Right_201 of gf180mcu_fd_sc_mcu7t5v0__endcap in cell A10_A
Note:  Implicit pin VNW in instance PHY_EDGE_ROW_202_Left_474 of gf180mcu_fd_sc_mcu7t5v0__endcap in cell A10_A
Note:  Implicit pin VPW in instance PHY_EDGE_ROW_202_Left_474 of gf180mcu_fd_sc_mcu7t5v0__endcap in cell A10_A
Note:  Implicit pin VNW in instance PHY_EDGE_ROW_202_Right_202 of gf180mcu_fd_sc_mcu7t5v0__endcap in cell A10_A
Note:  Implicit pin VPW in instance PHY_EDGE_ROW_202_Right_202 of gf180mcu_fd_sc_mcu7t5v0__endcap in cell A10_A
Note:  Implicit pin VNW in instance PHY_EDGE_ROW_203_Left_475 of gf180mcu_fd_sc_mcu7t5v0__endcap in cell A10_A
Note:  Implicit pin VPW in instance PHY_EDGE_ROW_203_Left_475 of gf180mcu_fd_sc_mcu7t5v0__endcap in cell A10_A
Note:  Implicit pin VNW in instance PHY_EDGE_ROW_203_Right_203 of gf180mcu_fd_sc_mcu7t5v0__endcap in cell A10_A
Note:  Implicit pin VPW in instance PHY_EDGE_ROW_203_Right_203 of gf180mcu_fd_sc_mcu7t5v0__endcap in cell A10_A
Note:  Implicit pin VNW in instance PHY_EDGE_ROW_204_Left_476 of gf180mcu_fd_sc_mcu7t5v0__endcap in cell A10_A
Note:  Implicit pin VPW in instance PHY_EDGE_ROW_204_Left_476 of gf180mcu_fd_sc_mcu7t5v0__endcap in cell A10_A
Note:  Implicit pin VNW in instance PHY_EDGE_ROW_204_Right_204 of gf180mcu_fd_sc_mcu7t5v0__endcap in cell A10_A
Note:  Implicit pin VPW in instance PHY_EDGE_ROW_204_Right_204 of gf180mcu_fd_sc_mcu7t5v0__endcap in cell A10_A
Note:  Implicit pin VNW in instance PHY_EDGE_ROW_205_Left_477 of gf180mcu_fd_sc_mcu7t5v0__endcap in cell A10_A
Note:  Implicit pin VPW in instance PHY_EDGE_ROW_205_Left_477 of gf180mcu_fd_sc_mcu7t5v0__endcap in cell A10_A
Note:  Implicit pin VNW in instance PHY_EDGE_ROW_205_Right_205 of gf180mcu_fd_sc_mcu7t5v0__endcap in cell A10_A
Note:  Implicit pin VPW in instance PHY_EDGE_ROW_205_Right_205 of gf180mcu_fd_sc_mcu7t5v0__endcap in cell A10_A
Note:  Implicit pin VNW in instance PHY_EDGE_ROW_206_Left_478 of gf180mcu_fd_sc_mcu7t5v0__endcap in cell A10_A
Note:  Implicit pin VPW in instance PHY_EDGE_ROW_206_Left_478 of gf180mcu_fd_sc_mcu7t5v0__endcap in cell A10_A
Note:  Implicit pin VNW in instance PHY_EDGE_ROW_206_Right_206 of gf180mcu_fd_sc_mcu7t5v0__endcap in cell A10_A
Note:  Implicit pin VPW in instance PHY_EDGE_ROW_206_Right_206 of gf180mcu_fd_sc_mcu7t5v0__endcap in cell A10_A
Note:  Implicit pin VNW in instance PHY_EDGE_ROW_207_Left_479 of gf180mcu_fd_sc_mcu7t5v0__endcap in cell A10_A
Note:  Implicit pin VPW in instance PHY_EDGE_ROW_207_Left_479 of gf180mcu_fd_sc_mcu7t5v0__endcap in cell A10_A
Note:  Implicit pin VNW in instance PHY_EDGE_ROW_207_Right_207 of gf180mcu_fd_sc_mcu7t5v0__endcap in cell A10_A
Note:  Implicit pin VPW in instance PHY_EDGE_ROW_207_Right_207 of gf180mcu_fd_sc_mcu7t5v0__endcap in cell A10_A
Note:  Implicit pin VNW in instance PHY_EDGE_ROW_208_Left_480 of gf180mcu_fd_sc_mcu7t5v0__endcap in cell A10_A
Note:  Implicit pin VPW in instance PHY_EDGE_ROW_208_Left_480 of gf180mcu_fd_sc_mcu7t5v0__endcap in cell A10_A
Note:  Implicit pin VNW in instance PHY_EDGE_ROW_208_Right_208 of gf180mcu_fd_sc_mcu7t5v0__endcap in cell A10_A
Note:  Implicit pin VPW in instance PHY_EDGE_ROW_208_Right_208 of gf180mcu_fd_sc_mcu7t5v0__endcap in cell A10_A
Note:  Implicit pin VNW in instance PHY_EDGE_ROW_209_Left_481 of gf180mcu_fd_sc_mcu7t5v0__endcap in cell A10_A
Note:  Implicit pin VPW in instance PHY_EDGE_ROW_209_Left_481 of gf180mcu_fd_sc_mcu7t5v0__endcap in cell A10_A
Note:  Implicit pin VNW in instance PHY_EDGE_ROW_209_Right_209 of gf180mcu_fd_sc_mcu7t5v0__endcap in cell A10_A
Note:  Implicit pin VPW in instance PHY_EDGE_ROW_209_Right_209 of gf180mcu_fd_sc_mcu7t5v0__endcap in cell A10_A
Note:  Implicit pin VNW in instance PHY_EDGE_ROW_20_Left_292 of gf180mcu_fd_sc_mcu7t5v0__endcap in cell A10_A
Note:  Implicit pin VPW in instance PHY_EDGE_ROW_20_Left_292 of gf180mcu_fd_sc_mcu7t5v0__endcap in cell A10_A
Note:  Implicit pin VNW in instance PHY_EDGE_ROW_20_Right_20 of gf180mcu_fd_sc_mcu7t5v0__endcap in cell A10_A
Note:  Implicit pin VPW in instance PHY_EDGE_ROW_20_Right_20 of gf180mcu_fd_sc_mcu7t5v0__endcap in cell A10_A
Note:  Implicit pin VNW in instance PHY_EDGE_ROW_210_Left_482 of gf180mcu_fd_sc_mcu7t5v0__endcap in cell A10_A
Note:  Implicit pin VPW in instance PHY_EDGE_ROW_210_Left_482 of gf180mcu_fd_sc_mcu7t5v0__endcap in cell A10_A
Note:  Implicit pin VNW in instance PHY_EDGE_ROW_210_Right_210 of gf180mcu_fd_sc_mcu7t5v0__endcap in cell A10_A
Note:  Implicit pin VPW in instance PHY_EDGE_ROW_210_Right_210 of gf180mcu_fd_sc_mcu7t5v0__endcap in cell A10_A
Note:  Implicit pin VNW in instance PHY_EDGE_ROW_211_Left_483 of gf180mcu_fd_sc_mcu7t5v0__endcap in cell A10_A
Note:  Implicit pin VPW in instance PHY_EDGE_ROW_211_Left_483 of gf180mcu_fd_sc_mcu7t5v0__endcap in cell A10_A
Note:  Implicit pin VNW in instance PHY_EDGE_ROW_211_Right_211 of gf180mcu_fd_sc_mcu7t5v0__endcap in cell A10_A
Note:  Implicit pin VPW in instance PHY_EDGE_ROW_211_Right_211 of gf180mcu_fd_sc_mcu7t5v0__endcap in cell A10_A
Note:  Implicit pin VNW in instance PHY_EDGE_ROW_212_Left_484 of gf180mcu_fd_sc_mcu7t5v0__endcap in cell A10_A
Note:  Implicit pin VPW in instance PHY_EDGE_ROW_212_Left_484 of gf180mcu_fd_sc_mcu7t5v0__endcap in cell A10_A
Note:  Implicit pin VNW in instance PHY_EDGE_ROW_212_Right_212 of gf180mcu_fd_sc_mcu7t5v0__endcap in cell A10_A
Note:  Implicit pin VPW in instance PHY_EDGE_ROW_212_Right_212 of gf180mcu_fd_sc_mcu7t5v0__endcap in cell A10_A
Note:  Implicit pin VNW in instance PHY_EDGE_ROW_213_Left_485 of gf180mcu_fd_sc_mcu7t5v0__endcap in cell A10_A
Note:  Implicit pin VPW in instance PHY_EDGE_ROW_213_Left_485 of gf180mcu_fd_sc_mcu7t5v0__endcap in cell A10_A
Note:  Implicit pin VNW in instance PHY_EDGE_ROW_213_Right_213 of gf180mcu_fd_sc_mcu7t5v0__endcap in cell A10_A
Note:  Implicit pin VPW in instance PHY_EDGE_ROW_213_Right_213 of gf180mcu_fd_sc_mcu7t5v0__endcap in cell A10_A
Note:  Implicit pin VNW in instance PHY_EDGE_ROW_214_Left_486 of gf180mcu_fd_sc_mcu7t5v0__endcap in cell A10_A
Note:  Implicit pin VPW in instance PHY_EDGE_ROW_214_Left_486 of gf180mcu_fd_sc_mcu7t5v0__endcap in cell A10_A
Note:  Implicit pin VNW in instance PHY_EDGE_ROW_214_Right_214 of gf180mcu_fd_sc_mcu7t5v0__endcap in cell A10_A
Note:  Implicit pin VPW in instance PHY_EDGE_ROW_214_Right_214 of gf180mcu_fd_sc_mcu7t5v0__endcap in cell A10_A
Note:  Implicit pin VNW in instance PHY_EDGE_ROW_215_Left_487 of gf180mcu_fd_sc_mcu7t5v0__endcap in cell A10_A
Note:  Implicit pin VPW in instance PHY_EDGE_ROW_215_Left_487 of gf180mcu_fd_sc_mcu7t5v0__endcap in cell A10_A
Note:  Implicit pin VNW in instance PHY_EDGE_ROW_215_Right_215 of gf180mcu_fd_sc_mcu7t5v0__endcap in cell A10_A
Note:  Implicit pin VPW in instance PHY_EDGE_ROW_215_Right_215 of gf180mcu_fd_sc_mcu7t5v0__endcap in cell A10_A
Note:  Implicit pin VNW in instance PHY_EDGE_ROW_216_Left_488 of gf180mcu_fd_sc_mcu7t5v0__endcap in cell A10_A
Note:  Implicit pin VPW in instance PHY_EDGE_ROW_216_Left_488 of gf180mcu_fd_sc_mcu7t5v0__endcap in cell A10_A
Note:  Implicit pin VNW in instance PHY_EDGE_ROW_216_Right_216 of gf180mcu_fd_sc_mcu7t5v0__endcap in cell A10_A
Note:  Implicit pin VPW in instance PHY_EDGE_ROW_216_Right_216 of gf180mcu_fd_sc_mcu7t5v0__endcap in cell A10_A
Note:  Implicit pin VNW in instance PHY_EDGE_ROW_217_Left_489 of gf180mcu_fd_sc_mcu7t5v0__endcap in cell A10_A
Note:  Implicit pin VPW in instance PHY_EDGE_ROW_217_Left_489 of gf180mcu_fd_sc_mcu7t5v0__endcap in cell A10_A
Note:  Implicit pin VNW in instance PHY_EDGE_ROW_217_Right_217 of gf180mcu_fd_sc_mcu7t5v0__endcap in cell A10_A
Note:  Implicit pin VPW in instance PHY_EDGE_ROW_217_Right_217 of gf180mcu_fd_sc_mcu7t5v0__endcap in cell A10_A
Note:  Implicit pin VNW in instance PHY_EDGE_ROW_218_Left_490 of gf180mcu_fd_sc_mcu7t5v0__endcap in cell A10_A
Note:  Implicit pin VPW in instance PHY_EDGE_ROW_218_Left_490 of gf180mcu_fd_sc_mcu7t5v0__endcap in cell A10_A
Note:  Implicit pin VNW in instance PHY_EDGE_ROW_218_Right_218 of gf180mcu_fd_sc_mcu7t5v0__endcap in cell A10_A
Note:  Implicit pin VPW in instance PHY_EDGE_ROW_218_Right_218 of gf180mcu_fd_sc_mcu7t5v0__endcap in cell A10_A
Note:  Implicit pin VNW in instance PHY_EDGE_ROW_219_Left_491 of gf180mcu_fd_sc_mcu7t5v0__endcap in cell A10_A
Note:  Implicit pin VPW in instance PHY_EDGE_ROW_219_Left_491 of gf180mcu_fd_sc_mcu7t5v0__endcap in cell A10_A
Note:  Implicit pin VNW in instance PHY_EDGE_ROW_219_Right_219 of gf180mcu_fd_sc_mcu7t5v0__endcap in cell A10_A
Note:  Implicit pin VPW in instance PHY_EDGE_ROW_219_Right_219 of gf180mcu_fd_sc_mcu7t5v0__endcap in cell A10_A
Note:  Implicit pin VNW in instance PHY_EDGE_ROW_21_Left_293 of gf180mcu_fd_sc_mcu7t5v0__endcap in cell A10_A
Note:  Implicit pin VPW in instance PHY_EDGE_ROW_21_Left_293 of gf180mcu_fd_sc_mcu7t5v0__endcap in cell A10_A
Note:  Implicit pin VNW in instance PHY_EDGE_ROW_21_Right_21 of gf180mcu_fd_sc_mcu7t5v0__endcap in cell A10_A
Note:  Implicit pin VPW in instance PHY_EDGE_ROW_21_Right_21 of gf180mcu_fd_sc_mcu7t5v0__endcap in cell A10_A
Note:  Implicit pin VNW in instance PHY_EDGE_ROW_220_Left_492 of gf180mcu_fd_sc_mcu7t5v0__endcap in cell A10_A
Note:  Implicit pin VPW in instance PHY_EDGE_ROW_220_Left_492 of gf180mcu_fd_sc_mcu7t5v0__endcap in cell A10_A
Note:  Implicit pin VNW in instance PHY_EDGE_ROW_220_Right_220 of gf180mcu_fd_sc_mcu7t5v0__endcap in cell A10_A
Note:  Implicit pin VPW in instance PHY_EDGE_ROW_220_Right_220 of gf180mcu_fd_sc_mcu7t5v0__endcap in cell A10_A
Note:  Implicit pin VNW in instance PHY_EDGE_ROW_221_Left_493 of gf180mcu_fd_sc_mcu7t5v0__endcap in cell A10_A
Note:  Implicit pin VPW in instance PHY_EDGE_ROW_221_Left_493 of gf180mcu_fd_sc_mcu7t5v0__endcap in cell A10_A
Note:  Implicit pin VNW in instance PHY_EDGE_ROW_221_Right_221 of gf180mcu_fd_sc_mcu7t5v0__endcap in cell A10_A
Note:  Implicit pin VPW in instance PHY_EDGE_ROW_221_Right_221 of gf180mcu_fd_sc_mcu7t5v0__endcap in cell A10_A
Note:  Implicit pin VNW in instance PHY_EDGE_ROW_222_Left_494 of gf180mcu_fd_sc_mcu7t5v0__endcap in cell A10_A
Note:  Implicit pin VPW in instance PHY_EDGE_ROW_222_Left_494 of gf180mcu_fd_sc_mcu7t5v0__endcap in cell A10_A
Note:  Implicit pin VNW in instance PHY_EDGE_ROW_222_Right_222 of gf180mcu_fd_sc_mcu7t5v0__endcap in cell A10_A
Note:  Implicit pin VPW in instance PHY_EDGE_ROW_222_Right_222 of gf180mcu_fd_sc_mcu7t5v0__endcap in cell A10_A
Note:  Implicit pin VNW in instance PHY_EDGE_ROW_223_Left_495 of gf180mcu_fd_sc_mcu7t5v0__endcap in cell A10_A
Note:  Implicit pin VPW in instance PHY_EDGE_ROW_223_Left_495 of gf180mcu_fd_sc_mcu7t5v0__endcap in cell A10_A
Note:  Implicit pin VNW in instance PHY_EDGE_ROW_223_Right_223 of gf180mcu_fd_sc_mcu7t5v0__endcap in cell A10_A
Note:  Implicit pin VPW in instance PHY_EDGE_ROW_223_Right_223 of gf180mcu_fd_sc_mcu7t5v0__endcap in cell A10_A
Note:  Implicit pin VNW in instance PHY_EDGE_ROW_224_Left_496 of gf180mcu_fd_sc_mcu7t5v0__endcap in cell A10_A
Note:  Implicit pin VPW in instance PHY_EDGE_ROW_224_Left_496 of gf180mcu_fd_sc_mcu7t5v0__endcap in cell A10_A
Note:  Implicit pin VNW in instance PHY_EDGE_ROW_224_Right_224 of gf180mcu_fd_sc_mcu7t5v0__endcap in cell A10_A
Note:  Implicit pin VPW in instance PHY_EDGE_ROW_224_Right_224 of gf180mcu_fd_sc_mcu7t5v0__endcap in cell A10_A
Note:  Implicit pin VNW in instance PHY_EDGE_ROW_225_Left_497 of gf180mcu_fd_sc_mcu7t5v0__endcap in cell A10_A
Note:  Implicit pin VPW in instance PHY_EDGE_ROW_225_Left_497 of gf180mcu_fd_sc_mcu7t5v0__endcap in cell A10_A
Note:  Implicit pin VNW in instance PHY_EDGE_ROW_225_Right_225 of gf180mcu_fd_sc_mcu7t5v0__endcap in cell A10_A
Note:  Implicit pin VPW in instance PHY_EDGE_ROW_225_Right_225 of gf180mcu_fd_sc_mcu7t5v0__endcap in cell A10_A
Note:  Implicit pin VNW in instance PHY_EDGE_ROW_226_Left_498 of gf180mcu_fd_sc_mcu7t5v0__endcap in cell A10_A
Note:  Implicit pin VPW in instance PHY_EDGE_ROW_226_Left_498 of gf180mcu_fd_sc_mcu7t5v0__endcap in cell A10_A
Note:  Implicit pin VNW in instance PHY_EDGE_ROW_226_Right_226 of gf180mcu_fd_sc_mcu7t5v0__endcap in cell A10_A
Note:  Implicit pin VPW in instance PHY_EDGE_ROW_226_Right_226 of gf180mcu_fd_sc_mcu7t5v0__endcap in cell A10_A
Note:  Implicit pin VNW in instance PHY_EDGE_ROW_227_Left_499 of gf180mcu_fd_sc_mcu7t5v0__endcap in cell A10_A
Note:  Implicit pin VPW in instance PHY_EDGE_ROW_227_Left_499 of gf180mcu_fd_sc_mcu7t5v0__endcap in cell A10_A
Note:  Implicit pin VNW in instance PHY_EDGE_ROW_227_Right_227 of gf180mcu_fd_sc_mcu7t5v0__endcap in cell A10_A
Note:  Implicit pin VPW in instance PHY_EDGE_ROW_227_Right_227 of gf180mcu_fd_sc_mcu7t5v0__endcap in cell A10_A
Note:  Implicit pin VNW in instance PHY_EDGE_ROW_228_Left_500 of gf180mcu_fd_sc_mcu7t5v0__endcap in cell A10_A
Note:  Implicit pin VPW in instance PHY_EDGE_ROW_228_Left_500 of gf180mcu_fd_sc_mcu7t5v0__endcap in cell A10_A
Note:  Implicit pin VNW in instance PHY_EDGE_ROW_228_Right_228 of gf180mcu_fd_sc_mcu7t5v0__endcap in cell A10_A
Note:  Implicit pin VPW in instance PHY_EDGE_ROW_228_Right_228 of gf180mcu_fd_sc_mcu7t5v0__endcap in cell A10_A
Note:  Implicit pin VNW in instance PHY_EDGE_ROW_229_Left_501 of gf180mcu_fd_sc_mcu7t5v0__endcap in cell A10_A
Note:  Implicit pin VPW in instance PHY_EDGE_ROW_229_Left_501 of gf180mcu_fd_sc_mcu7t5v0__endcap in cell A10_A
Note:  Implicit pin VNW in instance PHY_EDGE_ROW_229_Right_229 of gf180mcu_fd_sc_mcu7t5v0__endcap in cell A10_A
Note:  Implicit pin VPW in instance PHY_EDGE_ROW_229_Right_229 of gf180mcu_fd_sc_mcu7t5v0__endcap in cell A10_A
Note:  Implicit pin VNW in instance PHY_EDGE_ROW_22_Left_294 of gf180mcu_fd_sc_mcu7t5v0__endcap in cell A10_A
Note:  Implicit pin VPW in instance PHY_EDGE_ROW_22_Left_294 of gf180mcu_fd_sc_mcu7t5v0__endcap in cell A10_A
Note:  Implicit pin VNW in instance PHY_EDGE_ROW_22_Right_22 of gf180mcu_fd_sc_mcu7t5v0__endcap in cell A10_A
Note:  Implicit pin VPW in instance PHY_EDGE_ROW_22_Right_22 of gf180mcu_fd_sc_mcu7t5v0__endcap in cell A10_A
Note:  Implicit pin VNW in instance PHY_EDGE_ROW_230_Left_502 of gf180mcu_fd_sc_mcu7t5v0__endcap in cell A10_A
Note:  Implicit pin VPW in instance PHY_EDGE_ROW_230_Left_502 of gf180mcu_fd_sc_mcu7t5v0__endcap in cell A10_A
Note:  Implicit pin VNW in instance PHY_EDGE_ROW_230_Right_230 of gf180mcu_fd_sc_mcu7t5v0__endcap in cell A10_A
Note:  Implicit pin VPW in instance PHY_EDGE_ROW_230_Right_230 of gf180mcu_fd_sc_mcu7t5v0__endcap in cell A10_A
Note:  Implicit pin VNW in instance PHY_EDGE_ROW_231_Left_503 of gf180mcu_fd_sc_mcu7t5v0__endcap in cell A10_A
Note:  Implicit pin VPW in instance PHY_EDGE_ROW_231_Left_503 of gf180mcu_fd_sc_mcu7t5v0__endcap in cell A10_A
Note:  Implicit pin VNW in instance PHY_EDGE_ROW_231_Right_231 of gf180mcu_fd_sc_mcu7t5v0__endcap in cell A10_A
Note:  Implicit pin VPW in instance PHY_EDGE_ROW_231_Right_231 of gf180mcu_fd_sc_mcu7t5v0__endcap in cell A10_A
Note:  Implicit pin VNW in instance PHY_EDGE_ROW_232_Left_504 of gf180mcu_fd_sc_mcu7t5v0__endcap in cell A10_A
Note:  Implicit pin VPW in instance PHY_EDGE_ROW_232_Left_504 of gf180mcu_fd_sc_mcu7t5v0__endcap in cell A10_A
Note:  Implicit pin VNW in instance PHY_EDGE_ROW_232_Right_232 of gf180mcu_fd_sc_mcu7t5v0__endcap in cell A10_A
Note:  Implicit pin VPW in instance PHY_EDGE_ROW_232_Right_232 of gf180mcu_fd_sc_mcu7t5v0__endcap in cell A10_A
Note:  Implicit pin VNW in instance PHY_EDGE_ROW_233_Left_505 of gf180mcu_fd_sc_mcu7t5v0__endcap in cell A10_A
Note:  Implicit pin VPW in instance PHY_EDGE_ROW_233_Left_505 of gf180mcu_fd_sc_mcu7t5v0__endcap in cell A10_A
Note:  Implicit pin VNW in instance PHY_EDGE_ROW_233_Right_233 of gf180mcu_fd_sc_mcu7t5v0__endcap in cell A10_A
Note:  Implicit pin VPW in instance PHY_EDGE_ROW_233_Right_233 of gf180mcu_fd_sc_mcu7t5v0__endcap in cell A10_A
Note:  Implicit pin VNW in instance PHY_EDGE_ROW_234_Left_506 of gf180mcu_fd_sc_mcu7t5v0__endcap in cell A10_A
Note:  Implicit pin VPW in instance PHY_EDGE_ROW_234_Left_506 of gf180mcu_fd_sc_mcu7t5v0__endcap in cell A10_A
Note:  Implicit pin VNW in instance PHY_EDGE_ROW_234_Right_234 of gf180mcu_fd_sc_mcu7t5v0__endcap in cell A10_A
Note:  Implicit pin VPW in instance PHY_EDGE_ROW_234_Right_234 of gf180mcu_fd_sc_mcu7t5v0__endcap in cell A10_A
Note:  Implicit pin VNW in instance PHY_EDGE_ROW_235_Left_507 of gf180mcu_fd_sc_mcu7t5v0__endcap in cell A10_A
Note:  Implicit pin VPW in instance PHY_EDGE_ROW_235_Left_507 of gf180mcu_fd_sc_mcu7t5v0__endcap in cell A10_A
Note:  Implicit pin VNW in instance PHY_EDGE_ROW_235_Right_235 of gf180mcu_fd_sc_mcu7t5v0__endcap in cell A10_A
Note:  Implicit pin VPW in instance PHY_EDGE_ROW_235_Right_235 of gf180mcu_fd_sc_mcu7t5v0__endcap in cell A10_A
Note:  Implicit pin VNW in instance PHY_EDGE_ROW_236_Left_508 of gf180mcu_fd_sc_mcu7t5v0__endcap in cell A10_A
Note:  Implicit pin VPW in instance PHY_EDGE_ROW_236_Left_508 of gf180mcu_fd_sc_mcu7t5v0__endcap in cell A10_A
Note:  Implicit pin VNW in instance PHY_EDGE_ROW_236_Right_236 of gf180mcu_fd_sc_mcu7t5v0__endcap in cell A10_A
Note:  Implicit pin VPW in instance PHY_EDGE_ROW_236_Right_236 of gf180mcu_fd_sc_mcu7t5v0__endcap in cell A10_A
Note:  Implicit pin VNW in instance PHY_EDGE_ROW_237_Left_509 of gf180mcu_fd_sc_mcu7t5v0__endcap in cell A10_A
Note:  Implicit pin VPW in instance PHY_EDGE_ROW_237_Left_509 of gf180mcu_fd_sc_mcu7t5v0__endcap in cell A10_A
Note:  Implicit pin VNW in instance PHY_EDGE_ROW_237_Right_237 of gf180mcu_fd_sc_mcu7t5v0__endcap in cell A10_A
Note:  Implicit pin VPW in instance PHY_EDGE_ROW_237_Right_237 of gf180mcu_fd_sc_mcu7t5v0__endcap in cell A10_A
Note:  Implicit pin VNW in instance PHY_EDGE_ROW_238_Left_510 of gf180mcu_fd_sc_mcu7t5v0__endcap in cell A10_A
Note:  Implicit pin VPW in instance PHY_EDGE_ROW_238_Left_510 of gf180mcu_fd_sc_mcu7t5v0__endcap in cell A10_A
Note:  Implicit pin VNW in instance PHY_EDGE_ROW_238_Right_238 of gf180mcu_fd_sc_mcu7t5v0__endcap in cell A10_A
Note:  Implicit pin VPW in instance PHY_EDGE_ROW_238_Right_238 of gf180mcu_fd_sc_mcu7t5v0__endcap in cell A10_A
Note:  Implicit pin VNW in instance PHY_EDGE_ROW_239_Left_511 of gf180mcu_fd_sc_mcu7t5v0__endcap in cell A10_A
Note:  Implicit pin VPW in instance PHY_EDGE_ROW_239_Left_511 of gf180mcu_fd_sc_mcu7t5v0__endcap in cell A10_A
Note:  Implicit pin VNW in instance PHY_EDGE_ROW_239_Right_239 of gf180mcu_fd_sc_mcu7t5v0__endcap in cell A10_A
Note:  Implicit pin VPW in instance PHY_EDGE_ROW_239_Right_239 of gf180mcu_fd_sc_mcu7t5v0__endcap in cell A10_A
Note:  Implicit pin VNW in instance PHY_EDGE_ROW_23_Left_295 of gf180mcu_fd_sc_mcu7t5v0__endcap in cell A10_A
Note:  Implicit pin VPW in instance PHY_EDGE_ROW_23_Left_295 of gf180mcu_fd_sc_mcu7t5v0__endcap in cell A10_A
Note:  Implicit pin VNW in instance PHY_EDGE_ROW_23_Right_23 of gf180mcu_fd_sc_mcu7t5v0__endcap in cell A10_A
Note:  Implicit pin VPW in instance PHY_EDGE_ROW_23_Right_23 of gf180mcu_fd_sc_mcu7t5v0__endcap in cell A10_A
Note:  Implicit pin VNW in instance PHY_EDGE_ROW_240_Left_512 of gf180mcu_fd_sc_mcu7t5v0__endcap in cell A10_A
Note:  Implicit pin VPW in instance PHY_EDGE_ROW_240_Left_512 of gf180mcu_fd_sc_mcu7t5v0__endcap in cell A10_A
Note:  Implicit pin VNW in instance PHY_EDGE_ROW_240_Right_240 of gf180mcu_fd_sc_mcu7t5v0__endcap in cell A10_A
Note:  Implicit pin VPW in instance PHY_EDGE_ROW_240_Right_240 of gf180mcu_fd_sc_mcu7t5v0__endcap in cell A10_A
Note:  Implicit pin VNW in instance PHY_EDGE_ROW_241_Left_513 of gf180mcu_fd_sc_mcu7t5v0__endcap in cell A10_A
Note:  Implicit pin VPW in instance PHY_EDGE_ROW_241_Left_513 of gf180mcu_fd_sc_mcu7t5v0__endcap in cell A10_A
Note:  Implicit pin VNW in instance PHY_EDGE_ROW_241_Right_241 of gf180mcu_fd_sc_mcu7t5v0__endcap in cell A10_A
Note:  Implicit pin VPW in instance PHY_EDGE_ROW_241_Right_241 of gf180mcu_fd_sc_mcu7t5v0__endcap in cell A10_A
Note:  Implicit pin VNW in instance PHY_EDGE_ROW_242_Left_514 of gf180mcu_fd_sc_mcu7t5v0__endcap in cell A10_A
Note:  Implicit pin VPW in instance PHY_EDGE_ROW_242_Left_514 of gf180mcu_fd_sc_mcu7t5v0__endcap in cell A10_A
Note:  Implicit pin VNW in instance PHY_EDGE_ROW_242_Right_242 of gf180mcu_fd_sc_mcu7t5v0__endcap in cell A10_A
Note:  Implicit pin VPW in instance PHY_EDGE_ROW_242_Right_242 of gf180mcu_fd_sc_mcu7t5v0__endcap in cell A10_A
Note:  Implicit pin VNW in instance PHY_EDGE_ROW_243_Left_515 of gf180mcu_fd_sc_mcu7t5v0__endcap in cell A10_A
Note:  Implicit pin VPW in instance PHY_EDGE_ROW_243_Left_515 of gf180mcu_fd_sc_mcu7t5v0__endcap in cell A10_A
Note:  Implicit pin VNW in instance PHY_EDGE_ROW_243_Right_243 of gf180mcu_fd_sc_mcu7t5v0__endcap in cell A10_A
Note:  Implicit pin VPW in instance PHY_EDGE_ROW_243_Right_243 of gf180mcu_fd_sc_mcu7t5v0__endcap in cell A10_A
Note:  Implicit pin VNW in instance PHY_EDGE_ROW_244_Left_516 of gf180mcu_fd_sc_mcu7t5v0__endcap in cell A10_A
Note:  Implicit pin VPW in instance PHY_EDGE_ROW_244_Left_516 of gf180mcu_fd_sc_mcu7t5v0__endcap in cell A10_A
Note:  Implicit pin VNW in instance PHY_EDGE_ROW_244_Right_244 of gf180mcu_fd_sc_mcu7t5v0__endcap in cell A10_A
Note:  Implicit pin VPW in instance PHY_EDGE_ROW_244_Right_244 of gf180mcu_fd_sc_mcu7t5v0__endcap in cell A10_A
Note:  Implicit pin VNW in instance PHY_EDGE_ROW_245_Left_517 of gf180mcu_fd_sc_mcu7t5v0__endcap in cell A10_A
Note:  Implicit pin VPW in instance PHY_EDGE_ROW_245_Left_517 of gf180mcu_fd_sc_mcu7t5v0__endcap in cell A10_A
Note:  Implicit pin VNW in instance PHY_EDGE_ROW_245_Right_245 of gf180mcu_fd_sc_mcu7t5v0__endcap in cell A10_A
Note:  Implicit pin VPW in instance PHY_EDGE_ROW_245_Right_245 of gf180mcu_fd_sc_mcu7t5v0__endcap in cell A10_A
Note:  Implicit pin VNW in instance PHY_EDGE_ROW_246_Left_518 of gf180mcu_fd_sc_mcu7t5v0__endcap in cell A10_A
Note:  Implicit pin VPW in instance PHY_EDGE_ROW_246_Left_518 of gf180mcu_fd_sc_mcu7t5v0__endcap in cell A10_A
Note:  Implicit pin VNW in instance PHY_EDGE_ROW_246_Right_246 of gf180mcu_fd_sc_mcu7t5v0__endcap in cell A10_A
Note:  Implicit pin VPW in instance PHY_EDGE_ROW_246_Right_246 of gf180mcu_fd_sc_mcu7t5v0__endcap in cell A10_A
Note:  Implicit pin VNW in instance PHY_EDGE_ROW_247_Left_519 of gf180mcu_fd_sc_mcu7t5v0__endcap in cell A10_A
Note:  Implicit pin VPW in instance PHY_EDGE_ROW_247_Left_519 of gf180mcu_fd_sc_mcu7t5v0__endcap in cell A10_A
Note:  Implicit pin VNW in instance PHY_EDGE_ROW_247_Right_247 of gf180mcu_fd_sc_mcu7t5v0__endcap in cell A10_A
Note:  Implicit pin VPW in instance PHY_EDGE_ROW_247_Right_247 of gf180mcu_fd_sc_mcu7t5v0__endcap in cell A10_A
Note:  Implicit pin VNW in instance PHY_EDGE_ROW_248_Left_520 of gf180mcu_fd_sc_mcu7t5v0__endcap in cell A10_A
Note:  Implicit pin VPW in instance PHY_EDGE_ROW_248_Left_520 of gf180mcu_fd_sc_mcu7t5v0__endcap in cell A10_A
Note:  Implicit pin VNW in instance PHY_EDGE_ROW_248_Right_248 of gf180mcu_fd_sc_mcu7t5v0__endcap in cell A10_A
Note:  Implicit pin VPW in instance PHY_EDGE_ROW_248_Right_248 of gf180mcu_fd_sc_mcu7t5v0__endcap in cell A10_A
Note:  Implicit pin VNW in instance PHY_EDGE_ROW_249_Left_521 of gf180mcu_fd_sc_mcu7t5v0__endcap in cell A10_A
Note:  Implicit pin VPW in instance PHY_EDGE_ROW_249_Left_521 of gf180mcu_fd_sc_mcu7t5v0__endcap in cell A10_A
Note:  Implicit pin VNW in instance PHY_EDGE_ROW_249_Right_249 of gf180mcu_fd_sc_mcu7t5v0__endcap in cell A10_A
Note:  Implicit pin VPW in instance PHY_EDGE_ROW_249_Right_249 of gf180mcu_fd_sc_mcu7t5v0__endcap in cell A10_A
Note:  Implicit pin VNW in instance PHY_EDGE_ROW_24_Left_296 of gf180mcu_fd_sc_mcu7t5v0__endcap in cell A10_A
Note:  Implicit pin VPW in instance PHY_EDGE_ROW_24_Left_296 of gf180mcu_fd_sc_mcu7t5v0__endcap in cell A10_A
Note:  Implicit pin VNW in instance PHY_EDGE_ROW_24_Right_24 of gf180mcu_fd_sc_mcu7t5v0__endcap in cell A10_A
Note:  Implicit pin VPW in instance PHY_EDGE_ROW_24_Right_24 of gf180mcu_fd_sc_mcu7t5v0__endcap in cell A10_A
Note:  Implicit pin VNW in instance PHY_EDGE_ROW_250_Left_522 of gf180mcu_fd_sc_mcu7t5v0__endcap in cell A10_A
Note:  Implicit pin VPW in instance PHY_EDGE_ROW_250_Left_522 of gf180mcu_fd_sc_mcu7t5v0__endcap in cell A10_A
Note:  Implicit pin VNW in instance PHY_EDGE_ROW_250_Right_250 of gf180mcu_fd_sc_mcu7t5v0__endcap in cell A10_A
Note:  Implicit pin VPW in instance PHY_EDGE_ROW_250_Right_250 of gf180mcu_fd_sc_mcu7t5v0__endcap in cell A10_A
Note:  Implicit pin VNW in instance PHY_EDGE_ROW_251_Left_523 of gf180mcu_fd_sc_mcu7t5v0__endcap in cell A10_A
Note:  Implicit pin VPW in instance PHY_EDGE_ROW_251_Left_523 of gf180mcu_fd_sc_mcu7t5v0__endcap in cell A10_A
Note:  Implicit pin VNW in instance PHY_EDGE_ROW_251_Right_251 of gf180mcu_fd_sc_mcu7t5v0__endcap in cell A10_A
Note:  Implicit pin VPW in instance PHY_EDGE_ROW_251_Right_251 of gf180mcu_fd_sc_mcu7t5v0__endcap in cell A10_A
Note:  Implicit pin VNW in instance PHY_EDGE_ROW_252_Left_524 of gf180mcu_fd_sc_mcu7t5v0__endcap in cell A10_A
Note:  Implicit pin VPW in instance PHY_EDGE_ROW_252_Left_524 of gf180mcu_fd_sc_mcu7t5v0__endcap in cell A10_A
Note:  Implicit pin VNW in instance PHY_EDGE_ROW_252_Right_252 of gf180mcu_fd_sc_mcu7t5v0__endcap in cell A10_A
Note:  Implicit pin VPW in instance PHY_EDGE_ROW_252_Right_252 of gf180mcu_fd_sc_mcu7t5v0__endcap in cell A10_A
Note:  Implicit pin VNW in instance PHY_EDGE_ROW_253_Left_525 of gf180mcu_fd_sc_mcu7t5v0__endcap in cell A10_A
Note:  Implicit pin VPW in instance PHY_EDGE_ROW_253_Left_525 of gf180mcu_fd_sc_mcu7t5v0__endcap in cell A10_A
Note:  Implicit pin VNW in instance PHY_EDGE_ROW_253_Right_253 of gf180mcu_fd_sc_mcu7t5v0__endcap in cell A10_A
Note:  Implicit pin VPW in instance PHY_EDGE_ROW_253_Right_253 of gf180mcu_fd_sc_mcu7t5v0__endcap in cell A10_A
Note:  Implicit pin VNW in instance PHY_EDGE_ROW_254_Left_526 of gf180mcu_fd_sc_mcu7t5v0__endcap in cell A10_A
Note:  Implicit pin VPW in instance PHY_EDGE_ROW_254_Left_526 of gf180mcu_fd_sc_mcu7t5v0__endcap in cell A10_A
Note:  Implicit pin VNW in instance PHY_EDGE_ROW_254_Right_254 of gf180mcu_fd_sc_mcu7t5v0__endcap in cell A10_A
Note:  Implicit pin VPW in instance PHY_EDGE_ROW_254_Right_254 of gf180mcu_fd_sc_mcu7t5v0__endcap in cell A10_A
Note:  Implicit pin VNW in instance PHY_EDGE_ROW_255_Left_527 of gf180mcu_fd_sc_mcu7t5v0__endcap in cell A10_A
Note:  Implicit pin VPW in instance PHY_EDGE_ROW_255_Left_527 of gf180mcu_fd_sc_mcu7t5v0__endcap in cell A10_A
Note:  Implicit pin VNW in instance PHY_EDGE_ROW_255_Right_255 of gf180mcu_fd_sc_mcu7t5v0__endcap in cell A10_A
Note:  Implicit pin VPW in instance PHY_EDGE_ROW_255_Right_255 of gf180mcu_fd_sc_mcu7t5v0__endcap in cell A10_A
Note:  Implicit pin VNW in instance PHY_EDGE_ROW_256_Left_528 of gf180mcu_fd_sc_mcu7t5v0__endcap in cell A10_A
Note:  Implicit pin VPW in instance PHY_EDGE_ROW_256_Left_528 of gf180mcu_fd_sc_mcu7t5v0__endcap in cell A10_A
Note:  Implicit pin VNW in instance PHY_EDGE_ROW_256_Right_256 of gf180mcu_fd_sc_mcu7t5v0__endcap in cell A10_A
Note:  Implicit pin VPW in instance PHY_EDGE_ROW_256_Right_256 of gf180mcu_fd_sc_mcu7t5v0__endcap in cell A10_A
Note:  Implicit pin VNW in instance PHY_EDGE_ROW_257_Left_529 of gf180mcu_fd_sc_mcu7t5v0__endcap in cell A10_A
Note:  Implicit pin VPW in instance PHY_EDGE_ROW_257_Left_529 of gf180mcu_fd_sc_mcu7t5v0__endcap in cell A10_A
Note:  Implicit pin VNW in instance PHY_EDGE_ROW_257_Right_257 of gf180mcu_fd_sc_mcu7t5v0__endcap in cell A10_A
Note:  Implicit pin VPW in instance PHY_EDGE_ROW_257_Right_257 of gf180mcu_fd_sc_mcu7t5v0__endcap in cell A10_A
Note:  Implicit pin VNW in instance PHY_EDGE_ROW_258_Left_530 of gf180mcu_fd_sc_mcu7t5v0__endcap in cell A10_A
Note:  Implicit pin VPW in instance PHY_EDGE_ROW_258_Left_530 of gf180mcu_fd_sc_mcu7t5v0__endcap in cell A10_A
Note:  Implicit pin VNW in instance PHY_EDGE_ROW_258_Right_258 of gf180mcu_fd_sc_mcu7t5v0__endcap in cell A10_A
Note:  Implicit pin VPW in instance PHY_EDGE_ROW_258_Right_258 of gf180mcu_fd_sc_mcu7t5v0__endcap in cell A10_A
Note:  Implicit pin VNW in instance PHY_EDGE_ROW_259_Left_531 of gf180mcu_fd_sc_mcu7t5v0__endcap in cell A10_A
Note:  Implicit pin VPW in instance PHY_EDGE_ROW_259_Left_531 of gf180mcu_fd_sc_mcu7t5v0__endcap in cell A10_A
Note:  Implicit pin VNW in instance PHY_EDGE_ROW_259_Right_259 of gf180mcu_fd_sc_mcu7t5v0__endcap in cell A10_A
Note:  Implicit pin VPW in instance PHY_EDGE_ROW_259_Right_259 of gf180mcu_fd_sc_mcu7t5v0__endcap in cell A10_A
Note:  Implicit pin VNW in instance PHY_EDGE_ROW_25_Left_297 of gf180mcu_fd_sc_mcu7t5v0__endcap in cell A10_A
Note:  Implicit pin VPW in instance PHY_EDGE_ROW_25_Left_297 of gf180mcu_fd_sc_mcu7t5v0__endcap in cell A10_A
Note:  Implicit pin VNW in instance PHY_EDGE_ROW_25_Right_25 of gf180mcu_fd_sc_mcu7t5v0__endcap in cell A10_A
Note:  Implicit pin VPW in instance PHY_EDGE_ROW_25_Right_25 of gf180mcu_fd_sc_mcu7t5v0__endcap in cell A10_A
Note:  Implicit pin VNW in instance PHY_EDGE_ROW_260_Left_532 of gf180mcu_fd_sc_mcu7t5v0__endcap in cell A10_A
Note:  Implicit pin VPW in instance PHY_EDGE_ROW_260_Left_532 of gf180mcu_fd_sc_mcu7t5v0__endcap in cell A10_A
Note:  Implicit pin VNW in instance PHY_EDGE_ROW_260_Right_260 of gf180mcu_fd_sc_mcu7t5v0__endcap in cell A10_A
Note:  Implicit pin VPW in instance PHY_EDGE_ROW_260_Right_260 of gf180mcu_fd_sc_mcu7t5v0__endcap in cell A10_A
Note:  Implicit pin VNW in instance PHY_EDGE_ROW_261_Left_533 of gf180mcu_fd_sc_mcu7t5v0__endcap in cell A10_A
Note:  Implicit pin VPW in instance PHY_EDGE_ROW_261_Left_533 of gf180mcu_fd_sc_mcu7t5v0__endcap in cell A10_A
Note:  Implicit pin VNW in instance PHY_EDGE_ROW_261_Right_261 of gf180mcu_fd_sc_mcu7t5v0__endcap in cell A10_A
Note:  Implicit pin VPW in instance PHY_EDGE_ROW_261_Right_261 of gf180mcu_fd_sc_mcu7t5v0__endcap in cell A10_A
Note:  Implicit pin VNW in instance PHY_EDGE_ROW_262_Left_534 of gf180mcu_fd_sc_mcu7t5v0__endcap in cell A10_A
Note:  Implicit pin VPW in instance PHY_EDGE_ROW_262_Left_534 of gf180mcu_fd_sc_mcu7t5v0__endcap in cell A10_A
Note:  Implicit pin VNW in instance PHY_EDGE_ROW_262_Right_262 of gf180mcu_fd_sc_mcu7t5v0__endcap in cell A10_A
Note:  Implicit pin VPW in instance PHY_EDGE_ROW_262_Right_262 of gf180mcu_fd_sc_mcu7t5v0__endcap in cell A10_A
Note:  Implicit pin VNW in instance PHY_EDGE_ROW_263_Left_535 of gf180mcu_fd_sc_mcu7t5v0__endcap in cell A10_A
Note:  Implicit pin VPW in instance PHY_EDGE_ROW_263_Left_535 of gf180mcu_fd_sc_mcu7t5v0__endcap in cell A10_A
Note:  Implicit pin VNW in instance PHY_EDGE_ROW_263_Right_263 of gf180mcu_fd_sc_mcu7t5v0__endcap in cell A10_A
Note:  Implicit pin VPW in instance PHY_EDGE_ROW_263_Right_263 of gf180mcu_fd_sc_mcu7t5v0__endcap in cell A10_A
Note:  Implicit pin VNW in instance PHY_EDGE_ROW_264_Left_536 of gf180mcu_fd_sc_mcu7t5v0__endcap in cell A10_A
Note:  Implicit pin VPW in instance PHY_EDGE_ROW_264_Left_536 of gf180mcu_fd_sc_mcu7t5v0__endcap in cell A10_A
Note:  Implicit pin VNW in instance PHY_EDGE_ROW_264_Right_264 of gf180mcu_fd_sc_mcu7t5v0__endcap in cell A10_A
Note:  Implicit pin VPW in instance PHY_EDGE_ROW_264_Right_264 of gf180mcu_fd_sc_mcu7t5v0__endcap in cell A10_A
Note:  Implicit pin VNW in instance PHY_EDGE_ROW_265_Left_537 of gf180mcu_fd_sc_mcu7t5v0__endcap in cell A10_A
Note:  Implicit pin VPW in instance PHY_EDGE_ROW_265_Left_537 of gf180mcu_fd_sc_mcu7t5v0__endcap in cell A10_A
Note:  Implicit pin VNW in instance PHY_EDGE_ROW_265_Right_265 of gf180mcu_fd_sc_mcu7t5v0__endcap in cell A10_A
Note:  Implicit pin VPW in instance PHY_EDGE_ROW_265_Right_265 of gf180mcu_fd_sc_mcu7t5v0__endcap in cell A10_A
Note:  Implicit pin VNW in instance PHY_EDGE_ROW_266_Left_538 of gf180mcu_fd_sc_mcu7t5v0__endcap in cell A10_A
Note:  Implicit pin VPW in instance PHY_EDGE_ROW_266_Left_538 of gf180mcu_fd_sc_mcu7t5v0__endcap in cell A10_A
Note:  Implicit pin VNW in instance PHY_EDGE_ROW_266_Right_266 of gf180mcu_fd_sc_mcu7t5v0__endcap in cell A10_A
Note:  Implicit pin VPW in instance PHY_EDGE_ROW_266_Right_266 of gf180mcu_fd_sc_mcu7t5v0__endcap in cell A10_A
Note:  Implicit pin VNW in instance PHY_EDGE_ROW_267_Left_539 of gf180mcu_fd_sc_mcu7t5v0__endcap in cell A10_A
Note:  Implicit pin VPW in instance PHY_EDGE_ROW_267_Left_539 of gf180mcu_fd_sc_mcu7t5v0__endcap in cell A10_A
Note:  Implicit pin VNW in instance PHY_EDGE_ROW_267_Right_267 of gf180mcu_fd_sc_mcu7t5v0__endcap in cell A10_A
Note:  Implicit pin VPW in instance PHY_EDGE_ROW_267_Right_267 of gf180mcu_fd_sc_mcu7t5v0__endcap in cell A10_A
Note:  Implicit pin VNW in instance PHY_EDGE_ROW_268_Left_540 of gf180mcu_fd_sc_mcu7t5v0__endcap in cell A10_A
Note:  Implicit pin VPW in instance PHY_EDGE_ROW_268_Left_540 of gf180mcu_fd_sc_mcu7t5v0__endcap in cell A10_A
Note:  Implicit pin VNW in instance PHY_EDGE_ROW_268_Right_268 of gf180mcu_fd_sc_mcu7t5v0__endcap in cell A10_A
Note:  Implicit pin VPW in instance PHY_EDGE_ROW_268_Right_268 of gf180mcu_fd_sc_mcu7t5v0__endcap in cell A10_A
Note:  Implicit pin VNW in instance PHY_EDGE_ROW_269_Left_541 of gf180mcu_fd_sc_mcu7t5v0__endcap in cell A10_A
Note:  Implicit pin VPW in instance PHY_EDGE_ROW_269_Left_541 of gf180mcu_fd_sc_mcu7t5v0__endcap in cell A10_A
Note:  Implicit pin VNW in instance PHY_EDGE_ROW_269_Right_269 of gf180mcu_fd_sc_mcu7t5v0__endcap in cell A10_A
Note:  Implicit pin VPW in instance PHY_EDGE_ROW_269_Right_269 of gf180mcu_fd_sc_mcu7t5v0__endcap in cell A10_A
Note:  Implicit pin VNW in instance PHY_EDGE_ROW_26_Left_298 of gf180mcu_fd_sc_mcu7t5v0__endcap in cell A10_A
Note:  Implicit pin VPW in instance PHY_EDGE_ROW_26_Left_298 of gf180mcu_fd_sc_mcu7t5v0__endcap in cell A10_A
Note:  Implicit pin VNW in instance PHY_EDGE_ROW_26_Right_26 of gf180mcu_fd_sc_mcu7t5v0__endcap in cell A10_A
Note:  Implicit pin VPW in instance PHY_EDGE_ROW_26_Right_26 of gf180mcu_fd_sc_mcu7t5v0__endcap in cell A10_A
Note:  Implicit pin VNW in instance PHY_EDGE_ROW_270_Left_542 of gf180mcu_fd_sc_mcu7t5v0__endcap in cell A10_A
Note:  Implicit pin VPW in instance PHY_EDGE_ROW_270_Left_542 of gf180mcu_fd_sc_mcu7t5v0__endcap in cell A10_A
Note:  Implicit pin VNW in instance PHY_EDGE_ROW_270_Right_270 of gf180mcu_fd_sc_mcu7t5v0__endcap in cell A10_A
Note:  Implicit pin VPW in instance PHY_EDGE_ROW_270_Right_270 of gf180mcu_fd_sc_mcu7t5v0__endcap in cell A10_A
Note:  Implicit pin VNW in instance PHY_EDGE_ROW_271_Left_543 of gf180mcu_fd_sc_mcu7t5v0__endcap in cell A10_A
Note:  Implicit pin VPW in instance PHY_EDGE_ROW_271_Left_543 of gf180mcu_fd_sc_mcu7t5v0__endcap in cell A10_A
Note:  Implicit pin VNW in instance PHY_EDGE_ROW_271_Right_271 of gf180mcu_fd_sc_mcu7t5v0__endcap in cell A10_A
Note:  Implicit pin VPW in instance PHY_EDGE_ROW_271_Right_271 of gf180mcu_fd_sc_mcu7t5v0__endcap in cell A10_A
Note:  Implicit pin VNW in instance PHY_EDGE_ROW_27_Left_299 of gf180mcu_fd_sc_mcu7t5v0__endcap in cell A10_A
Note:  Implicit pin VPW in instance PHY_EDGE_ROW_27_Left_299 of gf180mcu_fd_sc_mcu7t5v0__endcap in cell A10_A
Note:  Implicit pin VNW in instance PHY_EDGE_ROW_27_Right_27 of gf180mcu_fd_sc_mcu7t5v0__endcap in cell A10_A
Note:  Implicit pin VPW in instance PHY_EDGE_ROW_27_Right_27 of gf180mcu_fd_sc_mcu7t5v0__endcap in cell A10_A
Note:  Implicit pin VNW in instance PHY_EDGE_ROW_28_Left_300 of gf180mcu_fd_sc_mcu7t5v0__endcap in cell A10_A
Note:  Implicit pin VPW in instance PHY_EDGE_ROW_28_Left_300 of gf180mcu_fd_sc_mcu7t5v0__endcap in cell A10_A
Note:  Implicit pin VNW in instance PHY_EDGE_ROW_28_Right_28 of gf180mcu_fd_sc_mcu7t5v0__endcap in cell A10_A
Note:  Implicit pin VPW in instance PHY_EDGE_ROW_28_Right_28 of gf180mcu_fd_sc_mcu7t5v0__endcap in cell A10_A
Note:  Implicit pin VNW in instance PHY_EDGE_ROW_29_Left_301 of gf180mcu_fd_sc_mcu7t5v0__endcap in cell A10_A
Note:  Implicit pin VPW in instance PHY_EDGE_ROW_29_Left_301 of gf180mcu_fd_sc_mcu7t5v0__endcap in cell A10_A
Note:  Implicit pin VNW in instance PHY_EDGE_ROW_29_Right_29 of gf180mcu_fd_sc_mcu7t5v0__endcap in cell A10_A
Note:  Implicit pin VPW in instance PHY_EDGE_ROW_29_Right_29 of gf180mcu_fd_sc_mcu7t5v0__endcap in cell A10_A
Note:  Implicit pin VNW in instance PHY_EDGE_ROW_2_Left_274 of gf180mcu_fd_sc_mcu7t5v0__endcap in cell A10_A
Note:  Implicit pin VPW in instance PHY_EDGE_ROW_2_Left_274 of gf180mcu_fd_sc_mcu7t5v0__endcap in cell A10_A
Note:  Implicit pin VNW in instance PHY_EDGE_ROW_2_Right_2 of gf180mcu_fd_sc_mcu7t5v0__endcap in cell A10_A
Note:  Implicit pin VPW in instance PHY_EDGE_ROW_2_Right_2 of gf180mcu_fd_sc_mcu7t5v0__endcap in cell A10_A
Note:  Implicit pin VNW in instance PHY_EDGE_ROW_30_Left_302 of gf180mcu_fd_sc_mcu7t5v0__endcap in cell A10_A
Note:  Implicit pin VPW in instance PHY_EDGE_ROW_30_Left_302 of gf180mcu_fd_sc_mcu7t5v0__endcap in cell A10_A
Note:  Implicit pin VNW in instance PHY_EDGE_ROW_30_Right_30 of gf180mcu_fd_sc_mcu7t5v0__endcap in cell A10_A
Note:  Implicit pin VPW in instance PHY_EDGE_ROW_30_Right_30 of gf180mcu_fd_sc_mcu7t5v0__endcap in cell A10_A
Note:  Implicit pin VNW in instance PHY_EDGE_ROW_31_Left_303 of gf180mcu_fd_sc_mcu7t5v0__endcap in cell A10_A
Note:  Implicit pin VPW in instance PHY_EDGE_ROW_31_Left_303 of gf180mcu_fd_sc_mcu7t5v0__endcap in cell A10_A
Note:  Implicit pin VNW in instance PHY_EDGE_ROW_31_Right_31 of gf180mcu_fd_sc_mcu7t5v0__endcap in cell A10_A
Note:  Implicit pin VPW in instance PHY_EDGE_ROW_31_Right_31 of gf180mcu_fd_sc_mcu7t5v0__endcap in cell A10_A
Note:  Implicit pin VNW in instance PHY_EDGE_ROW_32_Left_304 of gf180mcu_fd_sc_mcu7t5v0__endcap in cell A10_A
Note:  Implicit pin VPW in instance PHY_EDGE_ROW_32_Left_304 of gf180mcu_fd_sc_mcu7t5v0__endcap in cell A10_A
Note:  Implicit pin VNW in instance PHY_EDGE_ROW_32_Right_32 of gf180mcu_fd_sc_mcu7t5v0__endcap in cell A10_A
Note:  Implicit pin VPW in instance PHY_EDGE_ROW_32_Right_32 of gf180mcu_fd_sc_mcu7t5v0__endcap in cell A10_A
Note:  Implicit pin VNW in instance PHY_EDGE_ROW_33_Left_305 of gf180mcu_fd_sc_mcu7t5v0__endcap in cell A10_A
Note:  Implicit pin VPW in instance PHY_EDGE_ROW_33_Left_305 of gf180mcu_fd_sc_mcu7t5v0__endcap in cell A10_A
Note:  Implicit pin VNW in instance PHY_EDGE_ROW_33_Right_33 of gf180mcu_fd_sc_mcu7t5v0__endcap in cell A10_A
Note:  Implicit pin VPW in instance PHY_EDGE_ROW_33_Right_33 of gf180mcu_fd_sc_mcu7t5v0__endcap in cell A10_A
Note:  Implicit pin VNW in instance PHY_EDGE_ROW_34_Left_306 of gf180mcu_fd_sc_mcu7t5v0__endcap in cell A10_A
Note:  Implicit pin VPW in instance PHY_EDGE_ROW_34_Left_306 of gf180mcu_fd_sc_mcu7t5v0__endcap in cell A10_A
Note:  Implicit pin VNW in instance PHY_EDGE_ROW_34_Right_34 of gf180mcu_fd_sc_mcu7t5v0__endcap in cell A10_A
Note:  Implicit pin VPW in instance PHY_EDGE_ROW_34_Right_34 of gf180mcu_fd_sc_mcu7t5v0__endcap in cell A10_A
Note:  Implicit pin VNW in instance PHY_EDGE_ROW_35_Left_307 of gf180mcu_fd_sc_mcu7t5v0__endcap in cell A10_A
Note:  Implicit pin VPW in instance PHY_EDGE_ROW_35_Left_307 of gf180mcu_fd_sc_mcu7t5v0__endcap in cell A10_A
Note:  Implicit pin VNW in instance PHY_EDGE_ROW_35_Right_35 of gf180mcu_fd_sc_mcu7t5v0__endcap in cell A10_A
Note:  Implicit pin VPW in instance PHY_EDGE_ROW_35_Right_35 of gf180mcu_fd_sc_mcu7t5v0__endcap in cell A10_A
Note:  Implicit pin VNW in instance PHY_EDGE_ROW_36_Left_308 of gf180mcu_fd_sc_mcu7t5v0__endcap in cell A10_A
Note:  Implicit pin VPW in instance PHY_EDGE_ROW_36_Left_308 of gf180mcu_fd_sc_mcu7t5v0__endcap in cell A10_A
Note:  Implicit pin VNW in instance PHY_EDGE_ROW_36_Right_36 of gf180mcu_fd_sc_mcu7t5v0__endcap in cell A10_A
Note:  Implicit pin VPW in instance PHY_EDGE_ROW_36_Right_36 of gf180mcu_fd_sc_mcu7t5v0__endcap in cell A10_A
Note:  Implicit pin VNW in instance PHY_EDGE_ROW_37_Left_309 of gf180mcu_fd_sc_mcu7t5v0__endcap in cell A10_A
Note:  Implicit pin VPW in instance PHY_EDGE_ROW_37_Left_309 of gf180mcu_fd_sc_mcu7t5v0__endcap in cell A10_A
Note:  Implicit pin VNW in instance PHY_EDGE_ROW_37_Right_37 of gf180mcu_fd_sc_mcu7t5v0__endcap in cell A10_A
Note:  Implicit pin VPW in instance PHY_EDGE_ROW_37_Right_37 of gf180mcu_fd_sc_mcu7t5v0__endcap in cell A10_A
Note:  Implicit pin VNW in instance PHY_EDGE_ROW_38_Left_310 of gf180mcu_fd_sc_mcu7t5v0__endcap in cell A10_A
Note:  Implicit pin VPW in instance PHY_EDGE_ROW_38_Left_310 of gf180mcu_fd_sc_mcu7t5v0__endcap in cell A10_A
Note:  Implicit pin VNW in instance PHY_EDGE_ROW_38_Right_38 of gf180mcu_fd_sc_mcu7t5v0__endcap in cell A10_A
Note:  Implicit pin VPW in instance PHY_EDGE_ROW_38_Right_38 of gf180mcu_fd_sc_mcu7t5v0__endcap in cell A10_A
Note:  Implicit pin VNW in instance PHY_EDGE_ROW_39_Left_311 of gf180mcu_fd_sc_mcu7t5v0__endcap in cell A10_A
Note:  Implicit pin VPW in instance PHY_EDGE_ROW_39_Left_311 of gf180mcu_fd_sc_mcu7t5v0__endcap in cell A10_A
Note:  Implicit pin VNW in instance PHY_EDGE_ROW_39_Right_39 of gf180mcu_fd_sc_mcu7t5v0__endcap in cell A10_A
Note:  Implicit pin VPW in instance PHY_EDGE_ROW_39_Right_39 of gf180mcu_fd_sc_mcu7t5v0__endcap in cell A10_A
Note:  Implicit pin VNW in instance PHY_EDGE_ROW_3_Left_275 of gf180mcu_fd_sc_mcu7t5v0__endcap in cell A10_A
Note:  Implicit pin VPW in instance PHY_EDGE_ROW_3_Left_275 of gf180mcu_fd_sc_mcu7t5v0__endcap in cell A10_A
Note:  Implicit pin VNW in instance PHY_EDGE_ROW_3_Right_3 of gf180mcu_fd_sc_mcu7t5v0__endcap in cell A10_A
Note:  Implicit pin VPW in instance PHY_EDGE_ROW_3_Right_3 of gf180mcu_fd_sc_mcu7t5v0__endcap in cell A10_A
Note:  Implicit pin VNW in instance PHY_EDGE_ROW_40_Left_312 of gf180mcu_fd_sc_mcu7t5v0__endcap in cell A10_A
Note:  Implicit pin VPW in instance PHY_EDGE_ROW_40_Left_312 of gf180mcu_fd_sc_mcu7t5v0__endcap in cell A10_A
Note:  Implicit pin VNW in instance PHY_EDGE_ROW_40_Right_40 of gf180mcu_fd_sc_mcu7t5v0__endcap in cell A10_A
Note:  Implicit pin VPW in instance PHY_EDGE_ROW_40_Right_40 of gf180mcu_fd_sc_mcu7t5v0__endcap in cell A10_A
Note:  Implicit pin VNW in instance PHY_EDGE_ROW_41_Left_313 of gf180mcu_fd_sc_mcu7t5v0__endcap in cell A10_A
Note:  Implicit pin VPW in instance PHY_EDGE_ROW_41_Left_313 of gf180mcu_fd_sc_mcu7t5v0__endcap in cell A10_A
Note:  Implicit pin VNW in instance PHY_EDGE_ROW_41_Right_41 of gf180mcu_fd_sc_mcu7t5v0__endcap in cell A10_A
Note:  Implicit pin VPW in instance PHY_EDGE_ROW_41_Right_41 of gf180mcu_fd_sc_mcu7t5v0__endcap in cell A10_A
Note:  Implicit pin VNW in instance PHY_EDGE_ROW_42_Left_314 of gf180mcu_fd_sc_mcu7t5v0__endcap in cell A10_A
Note:  Implicit pin VPW in instance PHY_EDGE_ROW_42_Left_314 of gf180mcu_fd_sc_mcu7t5v0__endcap in cell A10_A
Note:  Implicit pin VNW in instance PHY_EDGE_ROW_42_Right_42 of gf180mcu_fd_sc_mcu7t5v0__endcap in cell A10_A
Note:  Implicit pin VPW in instance PHY_EDGE_ROW_42_Right_42 of gf180mcu_fd_sc_mcu7t5v0__endcap in cell A10_A
Note:  Implicit pin VNW in instance PHY_EDGE_ROW_43_Left_315 of gf180mcu_fd_sc_mcu7t5v0__endcap in cell A10_A
Note:  Implicit pin VPW in instance PHY_EDGE_ROW_43_Left_315 of gf180mcu_fd_sc_mcu7t5v0__endcap in cell A10_A
Note:  Implicit pin VNW in instance PHY_EDGE_ROW_43_Right_43 of gf180mcu_fd_sc_mcu7t5v0__endcap in cell A10_A
Note:  Implicit pin VPW in instance PHY_EDGE_ROW_43_Right_43 of gf180mcu_fd_sc_mcu7t5v0__endcap in cell A10_A
Note:  Implicit pin VNW in instance PHY_EDGE_ROW_44_Left_316 of gf180mcu_fd_sc_mcu7t5v0__endcap in cell A10_A
Note:  Implicit pin VPW in instance PHY_EDGE_ROW_44_Left_316 of gf180mcu_fd_sc_mcu7t5v0__endcap in cell A10_A
Note:  Implicit pin VNW in instance PHY_EDGE_ROW_44_Right_44 of gf180mcu_fd_sc_mcu7t5v0__endcap in cell A10_A
Note:  Implicit pin VPW in instance PHY_EDGE_ROW_44_Right_44 of gf180mcu_fd_sc_mcu7t5v0__endcap in cell A10_A
Note:  Implicit pin VNW in instance PHY_EDGE_ROW_45_Left_317 of gf180mcu_fd_sc_mcu7t5v0__endcap in cell A10_A
Note:  Implicit pin VPW in instance PHY_EDGE_ROW_45_Left_317 of gf180mcu_fd_sc_mcu7t5v0__endcap in cell A10_A
Note:  Implicit pin VNW in instance PHY_EDGE_ROW_45_Right_45 of gf180mcu_fd_sc_mcu7t5v0__endcap in cell A10_A
Note:  Implicit pin VPW in instance PHY_EDGE_ROW_45_Right_45 of gf180mcu_fd_sc_mcu7t5v0__endcap in cell A10_A
Note:  Implicit pin VNW in instance PHY_EDGE_ROW_46_Left_318 of gf180mcu_fd_sc_mcu7t5v0__endcap in cell A10_A
Note:  Implicit pin VPW in instance PHY_EDGE_ROW_46_Left_318 of gf180mcu_fd_sc_mcu7t5v0__endcap in cell A10_A
Note:  Implicit pin VNW in instance PHY_EDGE_ROW_46_Right_46 of gf180mcu_fd_sc_mcu7t5v0__endcap in cell A10_A
Note:  Implicit pin VPW in instance PHY_EDGE_ROW_46_Right_46 of gf180mcu_fd_sc_mcu7t5v0__endcap in cell A10_A
Note:  Implicit pin VNW in instance PHY_EDGE_ROW_47_Left_319 of gf180mcu_fd_sc_mcu7t5v0__endcap in cell A10_A
Note:  Implicit pin VPW in instance PHY_EDGE_ROW_47_Left_319 of gf180mcu_fd_sc_mcu7t5v0__endcap in cell A10_A
Note:  Implicit pin VNW in instance PHY_EDGE_ROW_47_Right_47 of gf180mcu_fd_sc_mcu7t5v0__endcap in cell A10_A
Note:  Implicit pin VPW in instance PHY_EDGE_ROW_47_Right_47 of gf180mcu_fd_sc_mcu7t5v0__endcap in cell A10_A
Note:  Implicit pin VNW in instance PHY_EDGE_ROW_48_Left_320 of gf180mcu_fd_sc_mcu7t5v0__endcap in cell A10_A
Note:  Implicit pin VPW in instance PHY_EDGE_ROW_48_Left_320 of gf180mcu_fd_sc_mcu7t5v0__endcap in cell A10_A
Note:  Implicit pin VNW in instance PHY_EDGE_ROW_48_Right_48 of gf180mcu_fd_sc_mcu7t5v0__endcap in cell A10_A
Note:  Implicit pin VPW in instance PHY_EDGE_ROW_48_Right_48 of gf180mcu_fd_sc_mcu7t5v0__endcap in cell A10_A
Note:  Implicit pin VNW in instance PHY_EDGE_ROW_49_Left_321 of gf180mcu_fd_sc_mcu7t5v0__endcap in cell A10_A
Note:  Implicit pin VPW in instance PHY_EDGE_ROW_49_Left_321 of gf180mcu_fd_sc_mcu7t5v0__endcap in cell A10_A
Note:  Implicit pin VNW in instance PHY_EDGE_ROW_49_Right_49 of gf180mcu_fd_sc_mcu7t5v0__endcap in cell A10_A
Note:  Implicit pin VPW in instance PHY_EDGE_ROW_49_Right_49 of gf180mcu_fd_sc_mcu7t5v0__endcap in cell A10_A
Note:  Implicit pin VNW in instance PHY_EDGE_ROW_4_Left_276 of gf180mcu_fd_sc_mcu7t5v0__endcap in cell A10_A
Note:  Implicit pin VPW in instance PHY_EDGE_ROW_4_Left_276 of gf180mcu_fd_sc_mcu7t5v0__endcap in cell A10_A
Note:  Implicit pin VNW in instance PHY_EDGE_ROW_4_Right_4 of gf180mcu_fd_sc_mcu7t5v0__endcap in cell A10_A
Note:  Implicit pin VPW in instance PHY_EDGE_ROW_4_Right_4 of gf180mcu_fd_sc_mcu7t5v0__endcap in cell A10_A
Note:  Implicit pin VNW in instance PHY_EDGE_ROW_50_Left_322 of gf180mcu_fd_sc_mcu7t5v0__endcap in cell A10_A
Note:  Implicit pin VPW in instance PHY_EDGE_ROW_50_Left_322 of gf180mcu_fd_sc_mcu7t5v0__endcap in cell A10_A
Note:  Implicit pin VNW in instance PHY_EDGE_ROW_50_Right_50 of gf180mcu_fd_sc_mcu7t5v0__endcap in cell A10_A
Note:  Implicit pin VPW in instance PHY_EDGE_ROW_50_Right_50 of gf180mcu_fd_sc_mcu7t5v0__endcap in cell A10_A
Note:  Implicit pin VNW in instance PHY_EDGE_ROW_51_Left_323 of gf180mcu_fd_sc_mcu7t5v0__endcap in cell A10_A
Note:  Implicit pin VPW in instance PHY_EDGE_ROW_51_Left_323 of gf180mcu_fd_sc_mcu7t5v0__endcap in cell A10_A
Note:  Implicit pin VNW in instance PHY_EDGE_ROW_51_Right_51 of gf180mcu_fd_sc_mcu7t5v0__endcap in cell A10_A
Note:  Implicit pin VPW in instance PHY_EDGE_ROW_51_Right_51 of gf180mcu_fd_sc_mcu7t5v0__endcap in cell A10_A
Note:  Implicit pin VNW in instance PHY_EDGE_ROW_52_Left_324 of gf180mcu_fd_sc_mcu7t5v0__endcap in cell A10_A
Note:  Implicit pin VPW in instance PHY_EDGE_ROW_52_Left_324 of gf180mcu_fd_sc_mcu7t5v0__endcap in cell A10_A
Note:  Implicit pin VNW in instance PHY_EDGE_ROW_52_Right_52 of gf180mcu_fd_sc_mcu7t5v0__endcap in cell A10_A
Note:  Implicit pin VPW in instance PHY_EDGE_ROW_52_Right_52 of gf180mcu_fd_sc_mcu7t5v0__endcap in cell A10_A
Note:  Implicit pin VNW in instance PHY_EDGE_ROW_53_Left_325 of gf180mcu_fd_sc_mcu7t5v0__endcap in cell A10_A
Note:  Implicit pin VPW in instance PHY_EDGE_ROW_53_Left_325 of gf180mcu_fd_sc_mcu7t5v0__endcap in cell A10_A
Note:  Implicit pin VNW in instance PHY_EDGE_ROW_53_Right_53 of gf180mcu_fd_sc_mcu7t5v0__endcap in cell A10_A
Note:  Implicit pin VPW in instance PHY_EDGE_ROW_53_Right_53 of gf180mcu_fd_sc_mcu7t5v0__endcap in cell A10_A
Note:  Implicit pin VNW in instance PHY_EDGE_ROW_54_Left_326 of gf180mcu_fd_sc_mcu7t5v0__endcap in cell A10_A
Note:  Implicit pin VPW in instance PHY_EDGE_ROW_54_Left_326 of gf180mcu_fd_sc_mcu7t5v0__endcap in cell A10_A
Note:  Implicit pin VNW in instance PHY_EDGE_ROW_54_Right_54 of gf180mcu_fd_sc_mcu7t5v0__endcap in cell A10_A
Note:  Implicit pin VPW in instance PHY_EDGE_ROW_54_Right_54 of gf180mcu_fd_sc_mcu7t5v0__endcap in cell A10_A
Note:  Implicit pin VNW in instance PHY_EDGE_ROW_55_Left_327 of gf180mcu_fd_sc_mcu7t5v0__endcap in cell A10_A
Note:  Implicit pin VPW in instance PHY_EDGE_ROW_55_Left_327 of gf180mcu_fd_sc_mcu7t5v0__endcap in cell A10_A
Note:  Implicit pin VNW in instance PHY_EDGE_ROW_55_Right_55 of gf180mcu_fd_sc_mcu7t5v0__endcap in cell A10_A
Note:  Implicit pin VPW in instance PHY_EDGE_ROW_55_Right_55 of gf180mcu_fd_sc_mcu7t5v0__endcap in cell A10_A
Note:  Implicit pin VNW in instance PHY_EDGE_ROW_56_Left_328 of gf180mcu_fd_sc_mcu7t5v0__endcap in cell A10_A
Note:  Implicit pin VPW in instance PHY_EDGE_ROW_56_Left_328 of gf180mcu_fd_sc_mcu7t5v0__endcap in cell A10_A
Note:  Implicit pin VNW in instance PHY_EDGE_ROW_56_Right_56 of gf180mcu_fd_sc_mcu7t5v0__endcap in cell A10_A
Note:  Implicit pin VPW in instance PHY_EDGE_ROW_56_Right_56 of gf180mcu_fd_sc_mcu7t5v0__endcap in cell A10_A
Note:  Implicit pin VNW in instance PHY_EDGE_ROW_57_Left_329 of gf180mcu_fd_sc_mcu7t5v0__endcap in cell A10_A
Note:  Implicit pin VPW in instance PHY_EDGE_ROW_57_Left_329 of gf180mcu_fd_sc_mcu7t5v0__endcap in cell A10_A
Note:  Implicit pin VNW in instance PHY_EDGE_ROW_57_Right_57 of gf180mcu_fd_sc_mcu7t5v0__endcap in cell A10_A
Note:  Implicit pin VPW in instance PHY_EDGE_ROW_57_Right_57 of gf180mcu_fd_sc_mcu7t5v0__endcap in cell A10_A
Note:  Implicit pin VNW in instance PHY_EDGE_ROW_58_Left_330 of gf180mcu_fd_sc_mcu7t5v0__endcap in cell A10_A
Note:  Implicit pin VPW in instance PHY_EDGE_ROW_58_Left_330 of gf180mcu_fd_sc_mcu7t5v0__endcap in cell A10_A
Note:  Implicit pin VNW in instance PHY_EDGE_ROW_58_Right_58 of gf180mcu_fd_sc_mcu7t5v0__endcap in cell A10_A
Note:  Implicit pin VPW in instance PHY_EDGE_ROW_58_Right_58 of gf180mcu_fd_sc_mcu7t5v0__endcap in cell A10_A
Note:  Implicit pin VNW in instance PHY_EDGE_ROW_59_Left_331 of gf180mcu_fd_sc_mcu7t5v0__endcap in cell A10_A
Note:  Implicit pin VPW in instance PHY_EDGE_ROW_59_Left_331 of gf180mcu_fd_sc_mcu7t5v0__endcap in cell A10_A
Note:  Implicit pin VNW in instance PHY_EDGE_ROW_59_Right_59 of gf180mcu_fd_sc_mcu7t5v0__endcap in cell A10_A
Note:  Implicit pin VPW in instance PHY_EDGE_ROW_59_Right_59 of gf180mcu_fd_sc_mcu7t5v0__endcap in cell A10_A
Note:  Implicit pin VNW in instance PHY_EDGE_ROW_5_Left_277 of gf180mcu_fd_sc_mcu7t5v0__endcap in cell A10_A
Note:  Implicit pin VPW in instance PHY_EDGE_ROW_5_Left_277 of gf180mcu_fd_sc_mcu7t5v0__endcap in cell A10_A
Note:  Implicit pin VNW in instance PHY_EDGE_ROW_5_Right_5 of gf180mcu_fd_sc_mcu7t5v0__endcap in cell A10_A
Note:  Implicit pin VPW in instance PHY_EDGE_ROW_5_Right_5 of gf180mcu_fd_sc_mcu7t5v0__endcap in cell A10_A
Note:  Implicit pin VNW in instance PHY_EDGE_ROW_60_Left_332 of gf180mcu_fd_sc_mcu7t5v0__endcap in cell A10_A
Note:  Implicit pin VPW in instance PHY_EDGE_ROW_60_Left_332 of gf180mcu_fd_sc_mcu7t5v0__endcap in cell A10_A
Note:  Implicit pin VNW in instance PHY_EDGE_ROW_60_Right_60 of gf180mcu_fd_sc_mcu7t5v0__endcap in cell A10_A
Note:  Implicit pin VPW in instance PHY_EDGE_ROW_60_Right_60 of gf180mcu_fd_sc_mcu7t5v0__endcap in cell A10_A
Note:  Implicit pin VNW in instance PHY_EDGE_ROW_61_Left_333 of gf180mcu_fd_sc_mcu7t5v0__endcap in cell A10_A
Note:  Implicit pin VPW in instance PHY_EDGE_ROW_61_Left_333 of gf180mcu_fd_sc_mcu7t5v0__endcap in cell A10_A
Note:  Implicit pin VNW in instance PHY_EDGE_ROW_61_Right_61 of gf180mcu_fd_sc_mcu7t5v0__endcap in cell A10_A
Note:  Implicit pin VPW in instance PHY_EDGE_ROW_61_Right_61 of gf180mcu_fd_sc_mcu7t5v0__endcap in cell A10_A
Note:  Implicit pin VNW in instance PHY_EDGE_ROW_62_Left_334 of gf180mcu_fd_sc_mcu7t5v0__endcap in cell A10_A
Note:  Implicit pin VPW in instance PHY_EDGE_ROW_62_Left_334 of gf180mcu_fd_sc_mcu7t5v0__endcap in cell A10_A
Note:  Implicit pin VNW in instance PHY_EDGE_ROW_62_Right_62 of gf180mcu_fd_sc_mcu7t5v0__endcap in cell A10_A
Note:  Implicit pin VPW in instance PHY_EDGE_ROW_62_Right_62 of gf180mcu_fd_sc_mcu7t5v0__endcap in cell A10_A
Note:  Implicit pin VNW in instance PHY_EDGE_ROW_63_Left_335 of gf180mcu_fd_sc_mcu7t5v0__endcap in cell A10_A
Note:  Implicit pin VPW in instance PHY_EDGE_ROW_63_Left_335 of gf180mcu_fd_sc_mcu7t5v0__endcap in cell A10_A
Note:  Implicit pin VNW in instance PHY_EDGE_ROW_63_Right_63 of gf180mcu_fd_sc_mcu7t5v0__endcap in cell A10_A
Note:  Implicit pin VPW in instance PHY_EDGE_ROW_63_Right_63 of gf180mcu_fd_sc_mcu7t5v0__endcap in cell A10_A
Note:  Implicit pin VNW in instance PHY_EDGE_ROW_64_Left_336 of gf180mcu_fd_sc_mcu7t5v0__endcap in cell A10_A
Note:  Implicit pin VPW in instance PHY_EDGE_ROW_64_Left_336 of gf180mcu_fd_sc_mcu7t5v0__endcap in cell A10_A
Note:  Implicit pin VNW in instance PHY_EDGE_ROW_64_Right_64 of gf180mcu_fd_sc_mcu7t5v0__endcap in cell A10_A
Note:  Implicit pin VPW in instance PHY_EDGE_ROW_64_Right_64 of gf180mcu_fd_sc_mcu7t5v0__endcap in cell A10_A
Note:  Implicit pin VNW in instance PHY_EDGE_ROW_65_Left_337 of gf180mcu_fd_sc_mcu7t5v0__endcap in cell A10_A
Note:  Implicit pin VPW in instance PHY_EDGE_ROW_65_Left_337 of gf180mcu_fd_sc_mcu7t5v0__endcap in cell A10_A
Note:  Implicit pin VNW in instance PHY_EDGE_ROW_65_Right_65 of gf180mcu_fd_sc_mcu7t5v0__endcap in cell A10_A
Note:  Implicit pin VPW in instance PHY_EDGE_ROW_65_Right_65 of gf180mcu_fd_sc_mcu7t5v0__endcap in cell A10_A
Note:  Implicit pin VNW in instance PHY_EDGE_ROW_66_Left_338 of gf180mcu_fd_sc_mcu7t5v0__endcap in cell A10_A
Note:  Implicit pin VPW in instance PHY_EDGE_ROW_66_Left_338 of gf180mcu_fd_sc_mcu7t5v0__endcap in cell A10_A
Note:  Implicit pin VNW in instance PHY_EDGE_ROW_66_Right_66 of gf180mcu_fd_sc_mcu7t5v0__endcap in cell A10_A
Note:  Implicit pin VPW in instance PHY_EDGE_ROW_66_Right_66 of gf180mcu_fd_sc_mcu7t5v0__endcap in cell A10_A
Note:  Implicit pin VNW in instance PHY_EDGE_ROW_67_Left_339 of gf180mcu_fd_sc_mcu7t5v0__endcap in cell A10_A
Note:  Implicit pin VPW in instance PHY_EDGE_ROW_67_Left_339 of gf180mcu_fd_sc_mcu7t5v0__endcap in cell A10_A
Note:  Implicit pin VNW in instance PHY_EDGE_ROW_67_Right_67 of gf180mcu_fd_sc_mcu7t5v0__endcap in cell A10_A
Note:  Implicit pin VPW in instance PHY_EDGE_ROW_67_Right_67 of gf180mcu_fd_sc_mcu7t5v0__endcap in cell A10_A
Note:  Implicit pin VNW in instance PHY_EDGE_ROW_68_Left_340 of gf180mcu_fd_sc_mcu7t5v0__endcap in cell A10_A
Note:  Implicit pin VPW in instance PHY_EDGE_ROW_68_Left_340 of gf180mcu_fd_sc_mcu7t5v0__endcap in cell A10_A
Note:  Implicit pin VNW in instance PHY_EDGE_ROW_68_Right_68 of gf180mcu_fd_sc_mcu7t5v0__endcap in cell A10_A
Note:  Implicit pin VPW in instance PHY_EDGE_ROW_68_Right_68 of gf180mcu_fd_sc_mcu7t5v0__endcap in cell A10_A
Note:  Implicit pin VNW in instance PHY_EDGE_ROW_69_Left_341 of gf180mcu_fd_sc_mcu7t5v0__endcap in cell A10_A
Note:  Implicit pin VPW in instance PHY_EDGE_ROW_69_Left_341 of gf180mcu_fd_sc_mcu7t5v0__endcap in cell A10_A
Note:  Implicit pin VNW in instance PHY_EDGE_ROW_69_Right_69 of gf180mcu_fd_sc_mcu7t5v0__endcap in cell A10_A
Note:  Implicit pin VPW in instance PHY_EDGE_ROW_69_Right_69 of gf180mcu_fd_sc_mcu7t5v0__endcap in cell A10_A
Note:  Implicit pin VNW in instance PHY_EDGE_ROW_6_Left_278 of gf180mcu_fd_sc_mcu7t5v0__endcap in cell A10_A
Note:  Implicit pin VPW in instance PHY_EDGE_ROW_6_Left_278 of gf180mcu_fd_sc_mcu7t5v0__endcap in cell A10_A
Note:  Implicit pin VNW in instance PHY_EDGE_ROW_6_Right_6 of gf180mcu_fd_sc_mcu7t5v0__endcap in cell A10_A
Note:  Implicit pin VPW in instance PHY_EDGE_ROW_6_Right_6 of gf180mcu_fd_sc_mcu7t5v0__endcap in cell A10_A
Note:  Implicit pin VNW in instance PHY_EDGE_ROW_70_Left_342 of gf180mcu_fd_sc_mcu7t5v0__endcap in cell A10_A
Note:  Implicit pin VPW in instance PHY_EDGE_ROW_70_Left_342 of gf180mcu_fd_sc_mcu7t5v0__endcap in cell A10_A
Note:  Implicit pin VNW in instance PHY_EDGE_ROW_70_Right_70 of gf180mcu_fd_sc_mcu7t5v0__endcap in cell A10_A
Note:  Implicit pin VPW in instance PHY_EDGE_ROW_70_Right_70 of gf180mcu_fd_sc_mcu7t5v0__endcap in cell A10_A
Note:  Implicit pin VNW in instance PHY_EDGE_ROW_71_Left_343 of gf180mcu_fd_sc_mcu7t5v0__endcap in cell A10_A
Note:  Implicit pin VPW in instance PHY_EDGE_ROW_71_Left_343 of gf180mcu_fd_sc_mcu7t5v0__endcap in cell A10_A
Note:  Implicit pin VNW in instance PHY_EDGE_ROW_71_Right_71 of gf180mcu_fd_sc_mcu7t5v0__endcap in cell A10_A
Note:  Implicit pin VPW in instance PHY_EDGE_ROW_71_Right_71 of gf180mcu_fd_sc_mcu7t5v0__endcap in cell A10_A
Note:  Implicit pin VNW in instance PHY_EDGE_ROW_72_Left_344 of gf180mcu_fd_sc_mcu7t5v0__endcap in cell A10_A
Note:  Implicit pin VPW in instance PHY_EDGE_ROW_72_Left_344 of gf180mcu_fd_sc_mcu7t5v0__endcap in cell A10_A
Note:  Implicit pin VNW in instance PHY_EDGE_ROW_72_Right_72 of gf180mcu_fd_sc_mcu7t5v0__endcap in cell A10_A
Note:  Implicit pin VPW in instance PHY_EDGE_ROW_72_Right_72 of gf180mcu_fd_sc_mcu7t5v0__endcap in cell A10_A
Note:  Implicit pin VNW in instance PHY_EDGE_ROW_73_Left_345 of gf180mcu_fd_sc_mcu7t5v0__endcap in cell A10_A
Note:  Implicit pin VPW in instance PHY_EDGE_ROW_73_Left_345 of gf180mcu_fd_sc_mcu7t5v0__endcap in cell A10_A
Note:  Implicit pin VNW in instance PHY_EDGE_ROW_73_Right_73 of gf180mcu_fd_sc_mcu7t5v0__endcap in cell A10_A
Note:  Implicit pin VPW in instance PHY_EDGE_ROW_73_Right_73 of gf180mcu_fd_sc_mcu7t5v0__endcap in cell A10_A
Note:  Implicit pin VNW in instance PHY_EDGE_ROW_74_Left_346 of gf180mcu_fd_sc_mcu7t5v0__endcap in cell A10_A
Note:  Implicit pin VPW in instance PHY_EDGE_ROW_74_Left_346 of gf180mcu_fd_sc_mcu7t5v0__endcap in cell A10_A
Note:  Implicit pin VNW in instance PHY_EDGE_ROW_74_Right_74 of gf180mcu_fd_sc_mcu7t5v0__endcap in cell A10_A
Note:  Implicit pin VPW in instance PHY_EDGE_ROW_74_Right_74 of gf180mcu_fd_sc_mcu7t5v0__endcap in cell A10_A
Note:  Implicit pin VNW in instance PHY_EDGE_ROW_75_Left_347 of gf180mcu_fd_sc_mcu7t5v0__endcap in cell A10_A
Note:  Implicit pin VPW in instance PHY_EDGE_ROW_75_Left_347 of gf180mcu_fd_sc_mcu7t5v0__endcap in cell A10_A
Note:  Implicit pin VNW in instance PHY_EDGE_ROW_75_Right_75 of gf180mcu_fd_sc_mcu7t5v0__endcap in cell A10_A
Note:  Implicit pin VPW in instance PHY_EDGE_ROW_75_Right_75 of gf180mcu_fd_sc_mcu7t5v0__endcap in cell A10_A
Note:  Implicit pin VNW in instance PHY_EDGE_ROW_76_Left_348 of gf180mcu_fd_sc_mcu7t5v0__endcap in cell A10_A
Note:  Implicit pin VPW in instance PHY_EDGE_ROW_76_Left_348 of gf180mcu_fd_sc_mcu7t5v0__endcap in cell A10_A
Note:  Implicit pin VNW in instance PHY_EDGE_ROW_76_Right_76 of gf180mcu_fd_sc_mcu7t5v0__endcap in cell A10_A
Note:  Implicit pin VPW in instance PHY_EDGE_ROW_76_Right_76 of gf180mcu_fd_sc_mcu7t5v0__endcap in cell A10_A
Note:  Implicit pin VNW in instance PHY_EDGE_ROW_77_Left_349 of gf180mcu_fd_sc_mcu7t5v0__endcap in cell A10_A
Note:  Implicit pin VPW in instance PHY_EDGE_ROW_77_Left_349 of gf180mcu_fd_sc_mcu7t5v0__endcap in cell A10_A
Note:  Implicit pin VNW in instance PHY_EDGE_ROW_77_Right_77 of gf180mcu_fd_sc_mcu7t5v0__endcap in cell A10_A
Note:  Implicit pin VPW in instance PHY_EDGE_ROW_77_Right_77 of gf180mcu_fd_sc_mcu7t5v0__endcap in cell A10_A
Note:  Implicit pin VNW in instance PHY_EDGE_ROW_78_Left_350 of gf180mcu_fd_sc_mcu7t5v0__endcap in cell A10_A
Note:  Implicit pin VPW in instance PHY_EDGE_ROW_78_Left_350 of gf180mcu_fd_sc_mcu7t5v0__endcap in cell A10_A
Note:  Implicit pin VNW in instance PHY_EDGE_ROW_78_Right_78 of gf180mcu_fd_sc_mcu7t5v0__endcap in cell A10_A
Note:  Implicit pin VPW in instance PHY_EDGE_ROW_78_Right_78 of gf180mcu_fd_sc_mcu7t5v0__endcap in cell A10_A
Note:  Implicit pin VNW in instance PHY_EDGE_ROW_79_Left_351 of gf180mcu_fd_sc_mcu7t5v0__endcap in cell A10_A
Note:  Implicit pin VPW in instance PHY_EDGE_ROW_79_Left_351 of gf180mcu_fd_sc_mcu7t5v0__endcap in cell A10_A
Note:  Implicit pin VNW in instance PHY_EDGE_ROW_79_Right_79 of gf180mcu_fd_sc_mcu7t5v0__endcap in cell A10_A
Note:  Implicit pin VPW in instance PHY_EDGE_ROW_79_Right_79 of gf180mcu_fd_sc_mcu7t5v0__endcap in cell A10_A
Note:  Implicit pin VNW in instance PHY_EDGE_ROW_7_Left_279 of gf180mcu_fd_sc_mcu7t5v0__endcap in cell A10_A
Note:  Implicit pin VPW in instance PHY_EDGE_ROW_7_Left_279 of gf180mcu_fd_sc_mcu7t5v0__endcap in cell A10_A
Note:  Implicit pin VNW in instance PHY_EDGE_ROW_7_Right_7 of gf180mcu_fd_sc_mcu7t5v0__endcap in cell A10_A
Note:  Implicit pin VPW in instance PHY_EDGE_ROW_7_Right_7 of gf180mcu_fd_sc_mcu7t5v0__endcap in cell A10_A
Note:  Implicit pin VNW in instance PHY_EDGE_ROW_80_Left_352 of gf180mcu_fd_sc_mcu7t5v0__endcap in cell A10_A
Note:  Implicit pin VPW in instance PHY_EDGE_ROW_80_Left_352 of gf180mcu_fd_sc_mcu7t5v0__endcap in cell A10_A
Note:  Implicit pin VNW in instance PHY_EDGE_ROW_80_Right_80 of gf180mcu_fd_sc_mcu7t5v0__endcap in cell A10_A
Note:  Implicit pin VPW in instance PHY_EDGE_ROW_80_Right_80 of gf180mcu_fd_sc_mcu7t5v0__endcap in cell A10_A
Note:  Implicit pin VNW in instance PHY_EDGE_ROW_81_Left_353 of gf180mcu_fd_sc_mcu7t5v0__endcap in cell A10_A
Note:  Implicit pin VPW in instance PHY_EDGE_ROW_81_Left_353 of gf180mcu_fd_sc_mcu7t5v0__endcap in cell A10_A
Note:  Implicit pin VNW in instance PHY_EDGE_ROW_81_Right_81 of gf180mcu_fd_sc_mcu7t5v0__endcap in cell A10_A
Note:  Implicit pin VPW in instance PHY_EDGE_ROW_81_Right_81 of gf180mcu_fd_sc_mcu7t5v0__endcap in cell A10_A
Note:  Implicit pin VNW in instance PHY_EDGE_ROW_82_Left_354 of gf180mcu_fd_sc_mcu7t5v0__endcap in cell A10_A
Note:  Implicit pin VPW in instance PHY_EDGE_ROW_82_Left_354 of gf180mcu_fd_sc_mcu7t5v0__endcap in cell A10_A
Note:  Implicit pin VNW in instance PHY_EDGE_ROW_82_Right_82 of gf180mcu_fd_sc_mcu7t5v0__endcap in cell A10_A
Note:  Implicit pin VPW in instance PHY_EDGE_ROW_82_Right_82 of gf180mcu_fd_sc_mcu7t5v0__endcap in cell A10_A
Note:  Implicit pin VNW in instance PHY_EDGE_ROW_83_Left_355 of gf180mcu_fd_sc_mcu7t5v0__endcap in cell A10_A
Note:  Implicit pin VPW in instance PHY_EDGE_ROW_83_Left_355 of gf180mcu_fd_sc_mcu7t5v0__endcap in cell A10_A
Note:  Implicit pin VNW in instance PHY_EDGE_ROW_83_Right_83 of gf180mcu_fd_sc_mcu7t5v0__endcap in cell A10_A
Note:  Implicit pin VPW in instance PHY_EDGE_ROW_83_Right_83 of gf180mcu_fd_sc_mcu7t5v0__endcap in cell A10_A
Note:  Implicit pin VNW in instance PHY_EDGE_ROW_84_Left_356 of gf180mcu_fd_sc_mcu7t5v0__endcap in cell A10_A
Note:  Implicit pin VPW in instance PHY_EDGE_ROW_84_Left_356 of gf180mcu_fd_sc_mcu7t5v0__endcap in cell A10_A
Note:  Implicit pin VNW in instance PHY_EDGE_ROW_84_Right_84 of gf180mcu_fd_sc_mcu7t5v0__endcap in cell A10_A
Note:  Implicit pin VPW in instance PHY_EDGE_ROW_84_Right_84 of gf180mcu_fd_sc_mcu7t5v0__endcap in cell A10_A
Note:  Implicit pin VNW in instance PHY_EDGE_ROW_85_Left_357 of gf180mcu_fd_sc_mcu7t5v0__endcap in cell A10_A
Note:  Implicit pin VPW in instance PHY_EDGE_ROW_85_Left_357 of gf180mcu_fd_sc_mcu7t5v0__endcap in cell A10_A
Note:  Implicit pin VNW in instance PHY_EDGE_ROW_85_Right_85 of gf180mcu_fd_sc_mcu7t5v0__endcap in cell A10_A
Note:  Implicit pin VPW in instance PHY_EDGE_ROW_85_Right_85 of gf180mcu_fd_sc_mcu7t5v0__endcap in cell A10_A
Note:  Implicit pin VNW in instance PHY_EDGE_ROW_86_Left_358 of gf180mcu_fd_sc_mcu7t5v0__endcap in cell A10_A
Note:  Implicit pin VPW in instance PHY_EDGE_ROW_86_Left_358 of gf180mcu_fd_sc_mcu7t5v0__endcap in cell A10_A
Note:  Implicit pin VNW in instance PHY_EDGE_ROW_86_Right_86 of gf180mcu_fd_sc_mcu7t5v0__endcap in cell A10_A
Note:  Implicit pin VPW in instance PHY_EDGE_ROW_86_Right_86 of gf180mcu_fd_sc_mcu7t5v0__endcap in cell A10_A
Note:  Implicit pin VNW in instance PHY_EDGE_ROW_87_Left_359 of gf180mcu_fd_sc_mcu7t5v0__endcap in cell A10_A
Note:  Implicit pin VPW in instance PHY_EDGE_ROW_87_Left_359 of gf180mcu_fd_sc_mcu7t5v0__endcap in cell A10_A
Note:  Implicit pin VNW in instance PHY_EDGE_ROW_87_Right_87 of gf180mcu_fd_sc_mcu7t5v0__endcap in cell A10_A
Note:  Implicit pin VPW in instance PHY_EDGE_ROW_87_Right_87 of gf180mcu_fd_sc_mcu7t5v0__endcap in cell A10_A
Note:  Implicit pin VNW in instance PHY_EDGE_ROW_88_Left_360 of gf180mcu_fd_sc_mcu7t5v0__endcap in cell A10_A
Note:  Implicit pin VPW in instance PHY_EDGE_ROW_88_Left_360 of gf180mcu_fd_sc_mcu7t5v0__endcap in cell A10_A
Note:  Implicit pin VNW in instance PHY_EDGE_ROW_88_Right_88 of gf180mcu_fd_sc_mcu7t5v0__endcap in cell A10_A
Note:  Implicit pin VPW in instance PHY_EDGE_ROW_88_Right_88 of gf180mcu_fd_sc_mcu7t5v0__endcap in cell A10_A
Note:  Implicit pin VNW in instance PHY_EDGE_ROW_89_Left_361 of gf180mcu_fd_sc_mcu7t5v0__endcap in cell A10_A
Note:  Implicit pin VPW in instance PHY_EDGE_ROW_89_Left_361 of gf180mcu_fd_sc_mcu7t5v0__endcap in cell A10_A
Note:  Implicit pin VNW in instance PHY_EDGE_ROW_89_Right_89 of gf180mcu_fd_sc_mcu7t5v0__endcap in cell A10_A
Note:  Implicit pin VPW in instance PHY_EDGE_ROW_89_Right_89 of gf180mcu_fd_sc_mcu7t5v0__endcap in cell A10_A
Note:  Implicit pin VNW in instance PHY_EDGE_ROW_8_Left_280 of gf180mcu_fd_sc_mcu7t5v0__endcap in cell A10_A
Note:  Implicit pin VPW in instance PHY_EDGE_ROW_8_Left_280 of gf180mcu_fd_sc_mcu7t5v0__endcap in cell A10_A
Note:  Implicit pin VNW in instance PHY_EDGE_ROW_8_Right_8 of gf180mcu_fd_sc_mcu7t5v0__endcap in cell A10_A
Note:  Implicit pin VPW in instance PHY_EDGE_ROW_8_Right_8 of gf180mcu_fd_sc_mcu7t5v0__endcap in cell A10_A
Note:  Implicit pin VNW in instance PHY_EDGE_ROW_90_Left_362 of gf180mcu_fd_sc_mcu7t5v0__endcap in cell A10_A
Note:  Implicit pin VPW in instance PHY_EDGE_ROW_90_Left_362 of gf180mcu_fd_sc_mcu7t5v0__endcap in cell A10_A
Note:  Implicit pin VNW in instance PHY_EDGE_ROW_90_Right_90 of gf180mcu_fd_sc_mcu7t5v0__endcap in cell A10_A
Note:  Implicit pin VPW in instance PHY_EDGE_ROW_90_Right_90 of gf180mcu_fd_sc_mcu7t5v0__endcap in cell A10_A
Note:  Implicit pin VNW in instance PHY_EDGE_ROW_91_Left_363 of gf180mcu_fd_sc_mcu7t5v0__endcap in cell A10_A
Note:  Implicit pin VPW in instance PHY_EDGE_ROW_91_Left_363 of gf180mcu_fd_sc_mcu7t5v0__endcap in cell A10_A
Note:  Implicit pin VNW in instance PHY_EDGE_ROW_91_Right_91 of gf180mcu_fd_sc_mcu7t5v0__endcap in cell A10_A
Note:  Implicit pin VPW in instance PHY_EDGE_ROW_91_Right_91 of gf180mcu_fd_sc_mcu7t5v0__endcap in cell A10_A
Note:  Implicit pin VNW in instance PHY_EDGE_ROW_92_Left_364 of gf180mcu_fd_sc_mcu7t5v0__endcap in cell A10_A
Note:  Implicit pin VPW in instance PHY_EDGE_ROW_92_Left_364 of gf180mcu_fd_sc_mcu7t5v0__endcap in cell A10_A
Note:  Implicit pin VNW in instance PHY_EDGE_ROW_92_Right_92 of gf180mcu_fd_sc_mcu7t5v0__endcap in cell A10_A
Note:  Implicit pin VPW in instance PHY_EDGE_ROW_92_Right_92 of gf180mcu_fd_sc_mcu7t5v0__endcap in cell A10_A
Note:  Implicit pin VNW in instance PHY_EDGE_ROW_93_Left_365 of gf180mcu_fd_sc_mcu7t5v0__endcap in cell A10_A
Note:  Implicit pin VPW in instance PHY_EDGE_ROW_93_Left_365 of gf180mcu_fd_sc_mcu7t5v0__endcap in cell A10_A
Note:  Implicit pin VNW in instance PHY_EDGE_ROW_93_Right_93 of gf180mcu_fd_sc_mcu7t5v0__endcap in cell A10_A
Note:  Implicit pin VPW in instance PHY_EDGE_ROW_93_Right_93 of gf180mcu_fd_sc_mcu7t5v0__endcap in cell A10_A
Note:  Implicit pin VNW in instance PHY_EDGE_ROW_94_Left_366 of gf180mcu_fd_sc_mcu7t5v0__endcap in cell A10_A
Note:  Implicit pin VPW in instance PHY_EDGE_ROW_94_Left_366 of gf180mcu_fd_sc_mcu7t5v0__endcap in cell A10_A
Note:  Implicit pin VNW in instance PHY_EDGE_ROW_94_Right_94 of gf180mcu_fd_sc_mcu7t5v0__endcap in cell A10_A
Note:  Implicit pin VPW in instance PHY_EDGE_ROW_94_Right_94 of gf180mcu_fd_sc_mcu7t5v0__endcap in cell A10_A
Note:  Implicit pin VNW in instance PHY_EDGE_ROW_95_Left_367 of gf180mcu_fd_sc_mcu7t5v0__endcap in cell A10_A
Note:  Implicit pin VPW in instance PHY_EDGE_ROW_95_Left_367 of gf180mcu_fd_sc_mcu7t5v0__endcap in cell A10_A
Note:  Implicit pin VNW in instance PHY_EDGE_ROW_95_Right_95 of gf180mcu_fd_sc_mcu7t5v0__endcap in cell A10_A
Note:  Implicit pin VPW in instance PHY_EDGE_ROW_95_Right_95 of gf180mcu_fd_sc_mcu7t5v0__endcap in cell A10_A
Note:  Implicit pin VNW in instance PHY_EDGE_ROW_96_Left_368 of gf180mcu_fd_sc_mcu7t5v0__endcap in cell A10_A
Note:  Implicit pin VPW in instance PHY_EDGE_ROW_96_Left_368 of gf180mcu_fd_sc_mcu7t5v0__endcap in cell A10_A
Note:  Implicit pin VNW in instance PHY_EDGE_ROW_96_Right_96 of gf180mcu_fd_sc_mcu7t5v0__endcap in cell A10_A
Note:  Implicit pin VPW in instance PHY_EDGE_ROW_96_Right_96 of gf180mcu_fd_sc_mcu7t5v0__endcap in cell A10_A
Note:  Implicit pin VNW in instance PHY_EDGE_ROW_97_Left_369 of gf180mcu_fd_sc_mcu7t5v0__endcap in cell A10_A
Note:  Implicit pin VPW in instance PHY_EDGE_ROW_97_Left_369 of gf180mcu_fd_sc_mcu7t5v0__endcap in cell A10_A
Note:  Implicit pin VNW in instance PHY_EDGE_ROW_97_Right_97 of gf180mcu_fd_sc_mcu7t5v0__endcap in cell A10_A
Note:  Implicit pin VPW in instance PHY_EDGE_ROW_97_Right_97 of gf180mcu_fd_sc_mcu7t5v0__endcap in cell A10_A
Note:  Implicit pin VNW in instance PHY_EDGE_ROW_98_Left_370 of gf180mcu_fd_sc_mcu7t5v0__endcap in cell A10_A
Note:  Implicit pin VPW in instance PHY_EDGE_ROW_98_Left_370 of gf180mcu_fd_sc_mcu7t5v0__endcap in cell A10_A
Note:  Implicit pin VNW in instance PHY_EDGE_ROW_98_Right_98 of gf180mcu_fd_sc_mcu7t5v0__endcap in cell A10_A
Note:  Implicit pin VPW in instance PHY_EDGE_ROW_98_Right_98 of gf180mcu_fd_sc_mcu7t5v0__endcap in cell A10_A
Note:  Implicit pin VNW in instance PHY_EDGE_ROW_99_Left_371 of gf180mcu_fd_sc_mcu7t5v0__endcap in cell A10_A
Note:  Implicit pin VPW in instance PHY_EDGE_ROW_99_Left_371 of gf180mcu_fd_sc_mcu7t5v0__endcap in cell A10_A
Note:  Implicit pin VNW in instance PHY_EDGE_ROW_99_Right_99 of gf180mcu_fd_sc_mcu7t5v0__endcap in cell A10_A
Note:  Implicit pin VPW in instance PHY_EDGE_ROW_99_Right_99 of gf180mcu_fd_sc_mcu7t5v0__endcap in cell A10_A
Note:  Implicit pin VNW in instance PHY_EDGE_ROW_9_Left_281 of gf180mcu_fd_sc_mcu7t5v0__endcap in cell A10_A
Note:  Implicit pin VPW in instance PHY_EDGE_ROW_9_Left_281 of gf180mcu_fd_sc_mcu7t5v0__endcap in cell A10_A
Note:  Implicit pin VNW in instance PHY_EDGE_ROW_9_Right_9 of gf180mcu_fd_sc_mcu7t5v0__endcap in cell A10_A
Note:  Implicit pin VPW in instance PHY_EDGE_ROW_9_Right_9 of gf180mcu_fd_sc_mcu7t5v0__endcap in cell A10_A
Note:  Implicit pin ZN in instance clkload0 of gf180mcu_fd_sc_mcu7t5v0__clkinv_2 in cell A10_A
Note:  Implicit pin ZN in instance clkload1 of gf180mcu_fd_sc_mcu7t5v0__clkinv_2 in cell A10_A
Note:  Implicit pin Z in instance clkload10 of gf180mcu_fd_sc_mcu7t5v0__clkbuf_2 in cell A10_A
Note:  Implicit pin Z in instance clkload100 of gf180mcu_fd_sc_mcu7t5v0__clkbuf_2 in cell A10_A
Note:  Implicit pin ZN in instance clkload101 of gf180mcu_fd_sc_mcu7t5v0__clkinv_2 in cell A10_A
Note:  Implicit pin Z in instance clkload102 of gf180mcu_fd_sc_mcu7t5v0__clkbuf_2 in cell A10_A
Note:  Implicit pin ZN in instance clkload103 of gf180mcu_fd_sc_mcu7t5v0__clkinv_2 in cell A10_A
Note:  Implicit pin ZN in instance clkload104 of gf180mcu_fd_sc_mcu7t5v0__inv_2 in cell A10_A
Note:  Implicit pin Z in instance clkload105 of gf180mcu_fd_sc_mcu7t5v0__clkbuf_2 in cell A10_A
Note:  Implicit pin Z in instance clkload106 of gf180mcu_fd_sc_mcu7t5v0__clkbuf_2 in cell A10_A
Note:  Implicit pin ZN in instance clkload107 of gf180mcu_fd_sc_mcu7t5v0__inv_3 in cell A10_A
Note:  Implicit pin ZN in instance clkload108 of gf180mcu_fd_sc_mcu7t5v0__inv_4 in cell A10_A
Note:  Implicit pin ZN in instance clkload109 of gf180mcu_fd_sc_mcu7t5v0__inv_2 in cell A10_A
Note:  Implicit pin ZN in instance clkload11 of gf180mcu_fd_sc_mcu7t5v0__inv_4 in cell A10_A
Note:  Implicit pin ZN in instance clkload110 of gf180mcu_fd_sc_mcu7t5v0__clkinv_2 in cell A10_A
Note:  Implicit pin ZN in instance clkload111 of gf180mcu_fd_sc_mcu7t5v0__clkinv_2 in cell A10_A
Note:  Implicit pin ZN in instance clkload112 of gf180mcu_fd_sc_mcu7t5v0__inv_3 in cell A10_A
Note:  Implicit pin Z in instance clkload113 of gf180mcu_fd_sc_mcu7t5v0__clkbuf_2 in cell A10_A
Note:  Implicit pin Z in instance clkload114 of gf180mcu_fd_sc_mcu7t5v0__clkbuf_2 in cell A10_A
Note:  Implicit pin Z in instance clkload115 of gf180mcu_fd_sc_mcu7t5v0__clkbuf_2 in cell A10_A
Note:  Implicit pin Z in instance clkload116 of gf180mcu_fd_sc_mcu7t5v0__clkbuf_2 in cell A10_A
Note:  Implicit pin ZN in instance clkload117 of gf180mcu_fd_sc_mcu7t5v0__clkinv_2 in cell A10_A
Note:  Implicit pin ZN in instance clkload118 of gf180mcu_fd_sc_mcu7t5v0__inv_3 in cell A10_A
Note:  Implicit pin Z in instance clkload119 of gf180mcu_fd_sc_mcu7t5v0__clkbuf_2 in cell A10_A
Note:  Implicit pin ZN in instance clkload12 of gf180mcu_fd_sc_mcu7t5v0__inv_3 in cell A10_A
Note:  Implicit pin ZN in instance clkload120 of gf180mcu_fd_sc_mcu7t5v0__inv_2 in cell A10_A
Note:  Implicit pin ZN in instance clkload121 of gf180mcu_fd_sc_mcu7t5v0__inv_3 in cell A10_A
Note:  Implicit pin Z in instance clkload122 of gf180mcu_fd_sc_mcu7t5v0__clkbuf_2 in cell A10_A
Note:  Implicit pin ZN in instance clkload123 of gf180mcu_fd_sc_mcu7t5v0__inv_3 in cell A10_A
Note:  Implicit pin ZN in instance clkload124 of gf180mcu_fd_sc_mcu7t5v0__inv_2 in cell A10_A
Note:  Implicit pin ZN in instance clkload125 of gf180mcu_fd_sc_mcu7t5v0__inv_2 in cell A10_A
Note:  Implicit pin ZN in instance clkload126 of gf180mcu_fd_sc_mcu7t5v0__inv_2 in cell A10_A
Note:  Implicit pin ZN in instance clkload127 of gf180mcu_fd_sc_mcu7t5v0__clkinv_2 in cell A10_A
Note:  Implicit pin ZN in instance clkload128 of gf180mcu_fd_sc_mcu7t5v0__inv_4 in cell A10_A
Note:  Implicit pin ZN in instance clkload129 of gf180mcu_fd_sc_mcu7t5v0__clkinv_2 in cell A10_A
Note:  Implicit pin ZN in instance clkload13 of gf180mcu_fd_sc_mcu7t5v0__inv_4 in cell A10_A
Note:  Implicit pin Z in instance clkload130 of gf180mcu_fd_sc_mcu7t5v0__clkbuf_2 in cell A10_A
Note:  Implicit pin Z in instance clkload131 of gf180mcu_fd_sc_mcu7t5v0__clkbuf_2 in cell A10_A
Note:  Implicit pin ZN in instance clkload132 of gf180mcu_fd_sc_mcu7t5v0__inv_2 in cell A10_A
Note:  Implicit pin ZN in instance clkload133 of gf180mcu_fd_sc_mcu7t5v0__inv_2 in cell A10_A
Note:  Implicit pin ZN in instance clkload134 of gf180mcu_fd_sc_mcu7t5v0__inv_3 in cell A10_A
Note:  Implicit pin Z in instance clkload135 of gf180mcu_fd_sc_mcu7t5v0__clkbuf_2 in cell A10_A
Note:  Implicit pin ZN in instance clkload136 of gf180mcu_fd_sc_mcu7t5v0__clkinv_2 in cell A10_A
Note:  Implicit pin Z in instance clkload137 of gf180mcu_fd_sc_mcu7t5v0__clkbuf_2 in cell A10_A
Note:  Implicit pin ZN in instance clkload138 of gf180mcu_fd_sc_mcu7t5v0__clkinv_2 in cell A10_A
Note:  Implicit pin ZN in instance clkload139 of gf180mcu_fd_sc_mcu7t5v0__clkinv_2 in cell A10_A
Note:  Implicit pin ZN in instance clkload14 of gf180mcu_fd_sc_mcu7t5v0__inv_2 in cell A10_A
Note:  Implicit pin ZN in instance clkload140 of gf180mcu_fd_sc_mcu7t5v0__inv_2 in cell A10_A
Note:  Implicit pin ZN in instance clkload141 of gf180mcu_fd_sc_mcu7t5v0__inv_2 in cell A10_A
Note:  Implicit pin Z in instance clkload142 of gf180mcu_fd_sc_mcu7t5v0__clkbuf_2 in cell A10_A
Note:  Implicit pin ZN in instance clkload143 of gf180mcu_fd_sc_mcu7t5v0__inv_3 in cell A10_A
Note:  Implicit pin ZN in instance clkload144 of gf180mcu_fd_sc_mcu7t5v0__inv_2 in cell A10_A
Note:  Implicit pin ZN in instance clkload145 of gf180mcu_fd_sc_mcu7t5v0__inv_2 in cell A10_A
Note:  Implicit pin Z in instance clkload146 of gf180mcu_fd_sc_mcu7t5v0__clkbuf_2 in cell A10_A
Note:  Implicit pin Z in instance clkload147 of gf180mcu_fd_sc_mcu7t5v0__clkbuf_2 in cell A10_A
Note:  Implicit pin ZN in instance clkload148 of gf180mcu_fd_sc_mcu7t5v0__inv_3 in cell A10_A
Note:  Implicit pin ZN in instance clkload149 of gf180mcu_fd_sc_mcu7t5v0__clkinv_2 in cell A10_A
Note:  Implicit pin Z in instance clkload15 of gf180mcu_fd_sc_mcu7t5v0__clkbuf_2 in cell A10_A
Note:  Implicit pin ZN in instance clkload150 of gf180mcu_fd_sc_mcu7t5v0__inv_4 in cell A10_A
Note:  Implicit pin Z in instance clkload151 of gf180mcu_fd_sc_mcu7t5v0__clkbuf_2 in cell A10_A
Note:  Implicit pin Z in instance clkload152 of gf180mcu_fd_sc_mcu7t5v0__clkbuf_2 in cell A10_A
Note:  Implicit pin ZN in instance clkload153 of gf180mcu_fd_sc_mcu7t5v0__clkinv_2 in cell A10_A
Note:  Implicit pin Z in instance clkload154 of gf180mcu_fd_sc_mcu7t5v0__clkbuf_2 in cell A10_A
Note:  Implicit pin ZN in instance clkload155 of gf180mcu_fd_sc_mcu7t5v0__inv_3 in cell A10_A
Note:  Implicit pin ZN in instance clkload156 of gf180mcu_fd_sc_mcu7t5v0__inv_4 in cell A10_A
Note:  Implicit pin ZN in instance clkload157 of gf180mcu_fd_sc_mcu7t5v0__inv_2 in cell A10_A
Note:  Implicit pin ZN in instance clkload158 of gf180mcu_fd_sc_mcu7t5v0__inv_3 in cell A10_A
Note:  Implicit pin ZN in instance clkload159 of gf180mcu_fd_sc_mcu7t5v0__inv_3 in cell A10_A
Note:  Implicit pin ZN in instance clkload16 of gf180mcu_fd_sc_mcu7t5v0__inv_2 in cell A10_A
Note:  Implicit pin ZN in instance clkload160 of gf180mcu_fd_sc_mcu7t5v0__inv_2 in cell A10_A
Note:  Implicit pin ZN in instance clkload161 of gf180mcu_fd_sc_mcu7t5v0__inv_4 in cell A10_A
Note:  Implicit pin Z in instance clkload162 of gf180mcu_fd_sc_mcu7t5v0__clkbuf_2 in cell A10_A
Note:  Implicit pin ZN in instance clkload163 of gf180mcu_fd_sc_mcu7t5v0__clkinv_2 in cell A10_A
Note:  Implicit pin Z in instance clkload164 of gf180mcu_fd_sc_mcu7t5v0__clkbuf_2 in cell A10_A
Note:  Implicit pin ZN in instance clkload165 of gf180mcu_fd_sc_mcu7t5v0__inv_3 in cell A10_A
Note:  Implicit pin ZN in instance clkload166 of gf180mcu_fd_sc_mcu7t5v0__inv_2 in cell A10_A
Note:  Implicit pin ZN in instance clkload167 of gf180mcu_fd_sc_mcu7t5v0__inv_3 in cell A10_A
Note:  Implicit pin Z in instance clkload168 of gf180mcu_fd_sc_mcu7t5v0__clkbuf_2 in cell A10_A
Note:  Implicit pin Z in instance clkload169 of gf180mcu_fd_sc_mcu7t5v0__clkbuf_2 in cell A10_A
Note:  Implicit pin ZN in instance clkload17 of gf180mcu_fd_sc_mcu7t5v0__clkinv_2 in cell A10_A
Note:  Implicit pin ZN in instance clkload170 of gf180mcu_fd_sc_mcu7t5v0__inv_2 in cell A10_A
Note:  Implicit pin ZN in instance clkload171 of gf180mcu_fd_sc_mcu7t5v0__inv_2 in cell A10_A
Note:  Implicit pin ZN in instance clkload172 of gf180mcu_fd_sc_mcu7t5v0__inv_2 in cell A10_A
Note:  Implicit pin ZN in instance clkload173 of gf180mcu_fd_sc_mcu7t5v0__inv_2 in cell A10_A
Note:  Implicit pin ZN in instance clkload174 of gf180mcu_fd_sc_mcu7t5v0__inv_4 in cell A10_A
Note:  Implicit pin ZN in instance clkload175 of gf180mcu_fd_sc_mcu7t5v0__clkinv_4 in cell A10_A
Note:  Implicit pin ZN in instance clkload176 of gf180mcu_fd_sc_mcu7t5v0__inv_4 in cell A10_A
Note:  Implicit pin ZN in instance clkload177 of gf180mcu_fd_sc_mcu7t5v0__inv_4 in cell A10_A
Note:  Implicit pin ZN in instance clkload178 of gf180mcu_fd_sc_mcu7t5v0__inv_3 in cell A10_A
Note:  Implicit pin ZN in instance clkload179 of gf180mcu_fd_sc_mcu7t5v0__inv_2 in cell A10_A
Note:  Implicit pin ZN in instance clkload18 of gf180mcu_fd_sc_mcu7t5v0__inv_2 in cell A10_A
Note:  Implicit pin Z in instance clkload180 of gf180mcu_fd_sc_mcu7t5v0__clkbuf_4 in cell A10_A
Note:  Implicit pin Z in instance clkload181 of gf180mcu_fd_sc_mcu7t5v0__clkbuf_2 in cell A10_A
Note:  Implicit pin ZN in instance clkload182 of gf180mcu_fd_sc_mcu7t5v0__clkinv_2 in cell A10_A
Note:  Implicit pin Z in instance clkload183 of gf180mcu_fd_sc_mcu7t5v0__clkbuf_2 in cell A10_A
Note:  Implicit pin ZN in instance clkload19 of gf180mcu_fd_sc_mcu7t5v0__inv_2 in cell A10_A
Note:  Implicit pin ZN in instance clkload2 of gf180mcu_fd_sc_mcu7t5v0__clkinv_2 in cell A10_A
Note:  Implicit pin ZN in instance clkload20 of gf180mcu_fd_sc_mcu7t5v0__clkinv_2 in cell A10_A
Note:  Implicit pin ZN in instance clkload21 of gf180mcu_fd_sc_mcu7t5v0__inv_2 in cell A10_A
Note:  Implicit pin ZN in instance clkload22 of gf180mcu_fd_sc_mcu7t5v0__inv_3 in cell A10_A
Note:  Implicit pin ZN in instance clkload23 of gf180mcu_fd_sc_mcu7t5v0__inv_4 in cell A10_A
Note:  Implicit pin ZN in instance clkload24 of gf180mcu_fd_sc_mcu7t5v0__inv_2 in cell A10_A
Note:  Implicit pin ZN in instance clkload25 of gf180mcu_fd_sc_mcu7t5v0__clkinv_2 in cell A10_A
Note:  Implicit pin Z in instance clkload26 of gf180mcu_fd_sc_mcu7t5v0__clkbuf_2 in cell A10_A
Note:  Implicit pin Z in instance clkload27 of gf180mcu_fd_sc_mcu7t5v0__clkbuf_2 in cell A10_A
Note:  Implicit pin ZN in instance clkload28 of gf180mcu_fd_sc_mcu7t5v0__inv_4 in cell A10_A
Note:  Implicit pin ZN in instance clkload29 of gf180mcu_fd_sc_mcu7t5v0__inv_4 in cell A10_A
Note:  Implicit pin ZN in instance clkload3 of gf180mcu_fd_sc_mcu7t5v0__inv_2 in cell A10_A
Note:  Implicit pin ZN in instance clkload30 of gf180mcu_fd_sc_mcu7t5v0__inv_3 in cell A10_A
Note:  Implicit pin ZN in instance clkload31 of gf180mcu_fd_sc_mcu7t5v0__inv_2 in cell A10_A
Note:  Implicit pin ZN in instance clkload32 of gf180mcu_fd_sc_mcu7t5v0__clkinv_2 in cell A10_A
Note:  Implicit pin ZN in instance clkload33 of gf180mcu_fd_sc_mcu7t5v0__clkinv_2 in cell A10_A
Note:  Implicit pin ZN in instance clkload34 of gf180mcu_fd_sc_mcu7t5v0__clkinv_2 in cell A10_A
Note:  Implicit pin ZN in instance clkload35 of gf180mcu_fd_sc_mcu7t5v0__clkinv_2 in cell A10_A
Note:  Implicit pin ZN in instance clkload36 of gf180mcu_fd_sc_mcu7t5v0__clkinv_2 in cell A10_A
Note:  Implicit pin ZN in instance clkload37 of gf180mcu_fd_sc_mcu7t5v0__inv_2 in cell A10_A
Note:  Implicit pin Z in instance clkload38 of gf180mcu_fd_sc_mcu7t5v0__clkbuf_2 in cell A10_A
Note:  Implicit pin Z in instance clkload39 of gf180mcu_fd_sc_mcu7t5v0__clkbuf_2 in cell A10_A
Note:  Implicit pin ZN in instance clkload4 of gf180mcu_fd_sc_mcu7t5v0__inv_3 in cell A10_A
Note:  Implicit pin ZN in instance clkload40 of gf180mcu_fd_sc_mcu7t5v0__inv_2 in cell A10_A
Note:  Implicit pin ZN in instance clkload41 of gf180mcu_fd_sc_mcu7t5v0__inv_4 in cell A10_A
Note:  Implicit pin ZN in instance clkload42 of gf180mcu_fd_sc_mcu7t5v0__clkinv_2 in cell A10_A
Note:  Implicit pin ZN in instance clkload43 of gf180mcu_fd_sc_mcu7t5v0__inv_3 in cell A10_A
Note:  Implicit pin ZN in instance clkload44 of gf180mcu_fd_sc_mcu7t5v0__inv_4 in cell A10_A
Note:  Implicit pin ZN in instance clkload45 of gf180mcu_fd_sc_mcu7t5v0__inv_2 in cell A10_A
Note:  Implicit pin ZN in instance clkload46 of gf180mcu_fd_sc_mcu7t5v0__inv_3 in cell A10_A
Note:  Implicit pin ZN in instance clkload47 of gf180mcu_fd_sc_mcu7t5v0__inv_2 in cell A10_A
Note:  Implicit pin ZN in instance clkload48 of gf180mcu_fd_sc_mcu7t5v0__inv_2 in cell A10_A
Note:  Implicit pin Z in instance clkload49 of gf180mcu_fd_sc_mcu7t5v0__clkbuf_2 in cell A10_A
Note:  Implicit pin ZN in instance clkload5 of gf180mcu_fd_sc_mcu7t5v0__inv_2 in cell A10_A
Note:  Implicit pin ZN in instance clkload50 of gf180mcu_fd_sc_mcu7t5v0__inv_2 in cell A10_A
Note:  Implicit pin Z in instance clkload51 of gf180mcu_fd_sc_mcu7t5v0__clkbuf_2 in cell A10_A
Note:  Implicit pin ZN in instance clkload52 of gf180mcu_fd_sc_mcu7t5v0__clkinv_2 in cell A10_A
Note:  Implicit pin ZN in instance clkload53 of gf180mcu_fd_sc_mcu7t5v0__inv_2 in cell A10_A
Note:  Implicit pin Z in instance clkload54 of gf180mcu_fd_sc_mcu7t5v0__clkbuf_2 in cell A10_A
Note:  Implicit pin ZN in instance clkload55 of gf180mcu_fd_sc_mcu7t5v0__inv_3 in cell A10_A
Note:  Implicit pin ZN in instance clkload56 of gf180mcu_fd_sc_mcu7t5v0__inv_3 in cell A10_A
Note:  Implicit pin ZN in instance clkload57 of gf180mcu_fd_sc_mcu7t5v0__inv_4 in cell A10_A
Note:  Implicit pin ZN in instance clkload58 of gf180mcu_fd_sc_mcu7t5v0__inv_2 in cell A10_A
Note:  Implicit pin ZN in instance clkload59 of gf180mcu_fd_sc_mcu7t5v0__clkinv_2 in cell A10_A
Note:  Implicit pin ZN in instance clkload6 of gf180mcu_fd_sc_mcu7t5v0__clkinv_2 in cell A10_A
Note:  Implicit pin ZN in instance clkload60 of gf180mcu_fd_sc_mcu7t5v0__clkinv_2 in cell A10_A
Note:  Implicit pin ZN in instance clkload61 of gf180mcu_fd_sc_mcu7t5v0__clkinv_2 in cell A10_A
Note:  Implicit pin ZN in instance clkload62 of gf180mcu_fd_sc_mcu7t5v0__clkinv_2 in cell A10_A
Note:  Implicit pin Z in instance clkload63 of gf180mcu_fd_sc_mcu7t5v0__clkbuf_2 in cell A10_A
Note:  Implicit pin Z in instance clkload64 of gf180mcu_fd_sc_mcu7t5v0__clkbuf_2 in cell A10_A
Note:  Implicit pin ZN in instance clkload65 of gf180mcu_fd_sc_mcu7t5v0__inv_3 in cell A10_A
Note:  Implicit pin Z in instance clkload66 of gf180mcu_fd_sc_mcu7t5v0__clkbuf_2 in cell A10_A
Note:  Implicit pin ZN in instance clkload67 of gf180mcu_fd_sc_mcu7t5v0__inv_2 in cell A10_A
Note:  Implicit pin ZN in instance clkload68 of gf180mcu_fd_sc_mcu7t5v0__inv_3 in cell A10_A
Note:  Implicit pin ZN in instance clkload69 of gf180mcu_fd_sc_mcu7t5v0__inv_3 in cell A10_A
Note:  Implicit pin Z in instance clkload7 of gf180mcu_fd_sc_mcu7t5v0__clkbuf_2 in cell A10_A
Note:  Implicit pin ZN in instance clkload70 of gf180mcu_fd_sc_mcu7t5v0__clkinv_2 in cell A10_A
Note:  Implicit pin ZN in instance clkload71 of gf180mcu_fd_sc_mcu7t5v0__inv_4 in cell A10_A
Note:  Implicit pin ZN in instance clkload72 of gf180mcu_fd_sc_mcu7t5v0__inv_2 in cell A10_A
Note:  Implicit pin Z in instance clkload73 of gf180mcu_fd_sc_mcu7t5v0__clkbuf_2 in cell A10_A
Note:  Implicit pin Z in instance clkload74 of gf180mcu_fd_sc_mcu7t5v0__clkbuf_2 in cell A10_A
Note:  Implicit pin ZN in instance clkload75 of gf180mcu_fd_sc_mcu7t5v0__clkinv_2 in cell A10_A
Note:  Implicit pin Z in instance clkload76 of gf180mcu_fd_sc_mcu7t5v0__clkbuf_2 in cell A10_A
Note:  Implicit pin Z in instance clkload77 of gf180mcu_fd_sc_mcu7t5v0__clkbuf_2 in cell A10_A
Note:  Implicit pin Z in instance clkload78 of gf180mcu_fd_sc_mcu7t5v0__clkbuf_2 in cell A10_A
Note:  Implicit pin ZN in instance clkload79 of gf180mcu_fd_sc_mcu7t5v0__inv_4 in cell A10_A
Note:  Implicit pin ZN in instance clkload8 of gf180mcu_fd_sc_mcu7t5v0__clkinv_2 in cell A10_A
Note:  Implicit pin ZN in instance clkload80 of gf180mcu_fd_sc_mcu7t5v0__clkinv_2 in cell A10_A
Note:  Implicit pin Z in instance clkload81 of gf180mcu_fd_sc_mcu7t5v0__clkbuf_2 in cell A10_A
Note:  Implicit pin ZN in instance clkload82 of gf180mcu_fd_sc_mcu7t5v0__clkinv_2 in cell A10_A
Note:  Implicit pin ZN in instance clkload83 of gf180mcu_fd_sc_mcu7t5v0__inv_2 in cell A10_A
Note:  Implicit pin Z in instance clkload84 of gf180mcu_fd_sc_mcu7t5v0__clkbuf_2 in cell A10_A
Note:  Implicit pin ZN in instance clkload85 of gf180mcu_fd_sc_mcu7t5v0__clkinv_2 in cell A10_A
Note:  Implicit pin ZN in instance clkload86 of gf180mcu_fd_sc_mcu7t5v0__inv_2 in cell A10_A
Note:  Implicit pin ZN in instance clkload87 of gf180mcu_fd_sc_mcu7t5v0__inv_3 in cell A10_A
Note:  Implicit pin ZN in instance clkload88 of gf180mcu_fd_sc_mcu7t5v0__inv_2 in cell A10_A
Note:  Implicit pin ZN in instance clkload89 of gf180mcu_fd_sc_mcu7t5v0__clkinv_2 in cell A10_A
Note:  Implicit pin ZN in instance clkload9 of gf180mcu_fd_sc_mcu7t5v0__inv_3 in cell A10_A
Note:  Implicit pin ZN in instance clkload90 of gf180mcu_fd_sc_mcu7t5v0__inv_2 in cell A10_A
Note:  Implicit pin ZN in instance clkload91 of gf180mcu_fd_sc_mcu7t5v0__inv_3 in cell A10_A
Note:  Implicit pin ZN in instance clkload92 of gf180mcu_fd_sc_mcu7t5v0__inv_3 in cell A10_A
Note:  Implicit pin ZN in instance clkload93 of gf180mcu_fd_sc_mcu7t5v0__inv_3 in cell A10_A
Note:  Implicit pin ZN in instance clkload94 of gf180mcu_fd_sc_mcu7t5v0__inv_3 in cell A10_A
Note:  Implicit pin ZN in instance clkload95 of gf180mcu_fd_sc_mcu7t5v0__inv_2 in cell A10_A
Note:  Implicit pin ZN in instance clkload96 of gf180mcu_fd_sc_mcu7t5v0__inv_3 in cell A10_A
Note:  Implicit pin ZN in instance clkload97 of gf180mcu_fd_sc_mcu7t5v0__clkinv_2 in cell A10_A
Note:  Implicit pin ZN in instance clkload98 of gf180mcu_fd_sc_mcu7t5v0__inv_2 in cell A10_A
Note:  Implicit pin ZN in instance clkload99 of gf180mcu_fd_sc_mcu7t5v0__inv_2 in cell A10_A
Treating empty subcircuits as black-box cells
Generating JSON file result

Reading setup file /usr/local/lib/python3.12/dist-packages/librelane/scripts/netgen/setup.tcl

Model nfet_05v0 pin 1 == 3
No property par1 found for device nfet_05v0
No property NRD found for device nfet_05v0
No property NRS found for device nfet_05v0
No property par found for device nfet_05v0
No property sa found for device nfet_05v0
No property sb found for device nfet_05v0
No property sd found for device nfet_05v0
No property par found for device nfet_05v0
No property dtemp found for device nfet_05v0
No property nf found for device nfet_05v0
No property as found for device nfet_05v0
No property ad found for device nfet_05v0
No property ps found for device nfet_05v0
No property pd found for device nfet_05v0
No property $D found for device nfet_05v0
No property $X found for device nfet_05v0
No property $Y found for device nfet_05v0
Model pfet_05v0 pin 1 == 3
No property par1 found for device pfet_05v0
No property NRD found for device pfet_05v0
No property NRS found for device pfet_05v0
No property par found for device pfet_05v0
No property sa found for device pfet_05v0
No property sb found for device pfet_05v0
No property sd found for device pfet_05v0
No property par found for device pfet_05v0
No property dtemp found for device pfet_05v0
No property nf found for device pfet_05v0
No property as found for device pfet_05v0
No property ad found for device pfet_05v0
No property ps found for device pfet_05v0
No property pd found for device pfet_05v0
No property $D found for device pfet_05v0
No property $X found for device pfet_05v0
No property $Y found for device pfet_05v0
No property par1 found for device diode_nd2ps_06v0
No property par1 found for device diode_pd2nw_06v0
Comparison output logged to file /foss/designs/ascon_run_deffile/runs/run11/73-netgen-lvs/reports/lvs.netgen.rpt
Logging to file "/foss/designs/ascon_run_deffile/runs/run11/73-netgen-lvs/reports/lvs.netgen.rpt" enabled

Contents of circuit 1:  Circuit: 'gf180mcu_fd_sc_mcu7t5v0__fillcap_32'
Circuit gf180mcu_fd_sc_mcu7t5v0__fillcap_32 contains 0 device instances.
Circuit contains 0 nets, and 4 disconnected pins.
Contents of circuit 2:  Circuit: 'gf180mcu_fd_sc_mcu7t5v0__fillcap_32'
Circuit gf180mcu_fd_sc_mcu7t5v0__fillcap_32 contains 16 device instances.
  Class: pfet_05v0             instances:   8
  Class: nfet_05v0             instances:   8
Circuit contains 20 nets.

Circuit gf180mcu_fd_sc_mcu7t5v0__fillcap_32 contains no devices.

Contents of circuit 1:  Circuit: 'gf180mcu_fd_sc_mcu7t5v0__fillcap_64'
Circuit gf180mcu_fd_sc_mcu7t5v0__fillcap_64 contains 0 device instances.
Circuit contains 0 nets, and 4 disconnected pins.
Contents of circuit 2:  Circuit: 'gf180mcu_fd_sc_mcu7t5v0__fillcap_64'
Circuit gf180mcu_fd_sc_mcu7t5v0__fillcap_64 contains 32 device instances.
  Class: pfet_05v0             instances:  16
  Class: nfet_05v0             instances:  16
Circuit contains 36 nets.

Circuit gf180mcu_fd_sc_mcu7t5v0__fillcap_64 contains no devices.

Contents of circuit 1:  Circuit: 'gf180mcu_fd_sc_mcu7t5v0__xor3_1'
Circuit gf180mcu_fd_sc_mcu7t5v0__xor3_1 contains 0 device instances.
Circuit contains 0 nets, and 8 disconnected pins.
Contents of circuit 2:  Circuit: 'gf180mcu_fd_sc_mcu7t5v0__xor3_1'
Circuit gf180mcu_fd_sc_mcu7t5v0__xor3_1 contains 20 device instances.
  Class: pfet_05v0             instances:  10
  Class: nfet_05v0             instances:  10
Circuit contains 17 nets.

Circuit gf180mcu_fd_sc_mcu7t5v0__xor3_1 contains no devices.

Contents of circuit 1:  Circuit: 'gf180mcu_fd_sc_mcu7t5v0__fillcap_8'
Circuit gf180mcu_fd_sc_mcu7t5v0__fillcap_8 contains 0 device instances.
Circuit contains 0 nets, and 4 disconnected pins.
Contents of circuit 2:  Circuit: 'gf180mcu_fd_sc_mcu7t5v0__fillcap_8'
Circuit gf180mcu_fd_sc_mcu7t5v0__fillcap_8 contains 4 device instances.
  Class: pfet_05v0             instances:   2
  Class: nfet_05v0             instances:   2
Circuit contains 8 nets.

Circuit gf180mcu_fd_sc_mcu7t5v0__fillcap_8 contains no devices.

Contents of circuit 1:  Circuit: 'gf180mcu_fd_sc_mcu7t5v0__dffrnq_1'
Circuit gf180mcu_fd_sc_mcu7t5v0__dffrnq_1 contains 0 device instances.
Circuit contains 0 nets, and 8 disconnected pins.
Contents of circuit 2:  Circuit: 'gf180mcu_fd_sc_mcu7t5v0__dffrnq_1'
Circuit gf180mcu_fd_sc_mcu7t5v0__dffrnq_1 contains 28 device instances.
  Class: pfet_05v0             instances:  14
  Class: nfet_05v0             instances:  14
Circuit contains 20 nets.

Circuit gf180mcu_fd_sc_mcu7t5v0__dffrnq_1 contains no devices.

Contents of circuit 1:  Circuit: 'gf180mcu_fd_sc_mcu7t5v0__clkinv_1'
Circuit gf180mcu_fd_sc_mcu7t5v0__clkinv_1 contains 0 device instances.
Circuit contains 0 nets, and 6 disconnected pins.
Contents of circuit 2:  Circuit: 'gf180mcu_fd_sc_mcu7t5v0__clkinv_1'
Circuit gf180mcu_fd_sc_mcu7t5v0__clkinv_1 contains 2 device instances.
  Class: pfet_05v0             instances:   1
  Class: nfet_05v0             instances:   1
Circuit contains 6 nets.

Circuit gf180mcu_fd_sc_mcu7t5v0__clkinv_1 contains no devices.

Contents of circuit 1:  Circuit: 'gf180mcu_fd_sc_mcu7t5v0__fillcap_4'
Circuit gf180mcu_fd_sc_mcu7t5v0__fillcap_4 contains 0 device instances.
Circuit contains 0 nets, and 4 disconnected pins.
Contents of circuit 2:  Circuit: 'gf180mcu_fd_sc_mcu7t5v0__fillcap_4'
Circuit gf180mcu_fd_sc_mcu7t5v0__fillcap_4 contains 2 device instances.
  Class: pfet_05v0             instances:   1
  Class: nfet_05v0             instances:   1
Circuit contains 6 nets.

Circuit gf180mcu_fd_sc_mcu7t5v0__fillcap_4 contains no devices.

Contents of circuit 1:  Circuit: 'gf180mcu_fd_sc_mcu7t5v0__clkbuf_1'
Circuit gf180mcu_fd_sc_mcu7t5v0__clkbuf_1 contains 0 device instances.
Circuit contains 0 nets, and 6 disconnected pins.
Contents of circuit 2:  Circuit: 'gf180mcu_fd_sc_mcu7t5v0__clkbuf_1'
Circuit gf180mcu_fd_sc_mcu7t5v0__clkbuf_1 contains 4 device instances.
  Class: pfet_05v0             instances:   2
  Class: nfet_05v0             instances:   2
Circuit contains 7 nets.

Circuit gf180mcu_fd_sc_mcu7t5v0__clkbuf_1 contains no devices.

Contents of circuit 1:  Circuit: 'gf180mcu_fd_sc_mcu7t5v0__buf_1'
Circuit gf180mcu_fd_sc_mcu7t5v0__buf_1 contains 0 device instances.
Circuit contains 0 nets, and 6 disconnected pins.
Contents of circuit 2:  Circuit: 'gf180mcu_fd_sc_mcu7t5v0__buf_1'
Circuit gf180mcu_fd_sc_mcu7t5v0__buf_1 contains 4 device instances.
  Class: pfet_05v0             instances:   2
  Class: nfet_05v0             instances:   2
Circuit contains 7 nets.

Circuit gf180mcu_fd_sc_mcu7t5v0__buf_1 contains no devices.

Contents of circuit 1:  Circuit: 'gf180mcu_fd_sc_mcu7t5v0__oai21_1'
Circuit gf180mcu_fd_sc_mcu7t5v0__oai21_1 contains 0 device instances.
Circuit contains 0 nets, and 8 disconnected pins.
Contents of circuit 2:  Circuit: 'gf180mcu_fd_sc_mcu7t5v0__oai21_1'
Circuit gf180mcu_fd_sc_mcu7t5v0__oai21_1 contains 6 device instances.
  Class: pfet_05v0             instances:   3
  Class: nfet_05v0             instances:   3
Circuit contains 10 nets.

Circuit gf180mcu_fd_sc_mcu7t5v0__oai21_1 contains no devices.

Contents of circuit 1:  Circuit: 'gf180mcu_fd_sc_mcu7t5v0__and4_1'
Circuit gf180mcu_fd_sc_mcu7t5v0__and4_1 contains 0 device instances.
Circuit contains 0 nets, and 9 disconnected pins.
Contents of circuit 2:  Circuit: 'gf180mcu_fd_sc_mcu7t5v0__and4_1'
Circuit gf180mcu_fd_sc_mcu7t5v0__and4_1 contains 10 device instances.
  Class: pfet_05v0             instances:   5
  Class: nfet_05v0             instances:   5
Circuit contains 13 nets.

Circuit gf180mcu_fd_sc_mcu7t5v0__and4_1 contains no devices.

Contents of circuit 1:  Circuit: 'gf180mcu_fd_sc_mcu7t5v0__fillcap_16'
Circuit gf180mcu_fd_sc_mcu7t5v0__fillcap_16 contains 0 device instances.
Circuit contains 0 nets, and 4 disconnected pins.
Contents of circuit 2:  Circuit: 'gf180mcu_fd_sc_mcu7t5v0__fillcap_16'
Circuit gf180mcu_fd_sc_mcu7t5v0__fillcap_16 contains 8 device instances.
  Class: pfet_05v0             instances:   4
  Class: nfet_05v0             instances:   4
Circuit contains 12 nets.

Circuit gf180mcu_fd_sc_mcu7t5v0__fillcap_16 contains no devices.

Contents of circuit 1:  Circuit: 'gf180mcu_fd_sc_mcu7t5v0__buf_8'
Circuit gf180mcu_fd_sc_mcu7t5v0__buf_8 contains 0 device instances.
Circuit contains 0 nets, and 6 disconnected pins.
Contents of circuit 2:  Circuit: 'gf180mcu_fd_sc_mcu7t5v0__buf_8'
Circuit gf180mcu_fd_sc_mcu7t5v0__buf_8 contains 24 device instances.
  Class: pfet_05v0             instances:  12
  Class: nfet_05v0             instances:  12
Circuit contains 7 nets.

Circuit gf180mcu_fd_sc_mcu7t5v0__buf_8 contains no devices.

Contents of circuit 1:  Circuit: 'gf180mcu_fd_sc_mcu7t5v0__xor2_1'
Circuit gf180mcu_fd_sc_mcu7t5v0__xor2_1 contains 0 device instances.
Circuit contains 0 nets, and 7 disconnected pins.
Contents of circuit 2:  Circuit: 'gf180mcu_fd_sc_mcu7t5v0__xor2_1'
Circuit gf180mcu_fd_sc_mcu7t5v0__xor2_1 contains 10 device instances.
  Class: pfet_05v0             instances:   5
  Class: nfet_05v0             instances:   5
Circuit contains 11 nets.

Circuit gf180mcu_fd_sc_mcu7t5v0__xor2_1 contains no devices.

Contents of circuit 1:  Circuit: 'gf180mcu_fd_sc_mcu7t5v0__nand2_1'
Circuit gf180mcu_fd_sc_mcu7t5v0__nand2_1 contains 0 device instances.
Circuit contains 0 nets, and 7 disconnected pins.
Contents of circuit 2:  Circuit: 'gf180mcu_fd_sc_mcu7t5v0__nand2_1'
Circuit gf180mcu_fd_sc_mcu7t5v0__nand2_1 contains 4 device instances.
  Class: pfet_05v0             instances:   2
  Class: nfet_05v0             instances:   2
Circuit contains 8 nets.

Circuit gf180mcu_fd_sc_mcu7t5v0__nand2_1 contains no devices.

Contents of circuit 1:  Circuit: 'gf180mcu_fd_sc_mcu7t5v0__nand4_1'
Circuit gf180mcu_fd_sc_mcu7t5v0__nand4_1 contains 0 device instances.
Circuit contains 0 nets, and 9 disconnected pins.
Contents of circuit 2:  Circuit: 'gf180mcu_fd_sc_mcu7t5v0__nand4_1'
Circuit gf180mcu_fd_sc_mcu7t5v0__nand4_1 contains 8 device instances.
  Class: pfet_05v0             instances:   4
  Class: nfet_05v0             instances:   4
Circuit contains 12 nets.

Circuit gf180mcu_fd_sc_mcu7t5v0__nand4_1 contains no devices.

Contents of circuit 1:  Circuit: 'gf180mcu_fd_sc_mcu7t5v0__aoi222_1'
Circuit gf180mcu_fd_sc_mcu7t5v0__aoi222_1 contains 0 device instances.
Circuit contains 0 nets, and 11 disconnected pins.
Contents of circuit 2:  Circuit: 'gf180mcu_fd_sc_mcu7t5v0__aoi222_1'
Circuit gf180mcu_fd_sc_mcu7t5v0__aoi222_1 contains 12 device instances.
  Class: pfet_05v0             instances:   6
  Class: nfet_05v0             instances:   6
Circuit contains 16 nets.

Circuit gf180mcu_fd_sc_mcu7t5v0__aoi222_1 contains no devices.

Contents of circuit 1:  Circuit: 'gf180mcu_fd_sc_mcu7t5v0__nor4_1'
Circuit gf180mcu_fd_sc_mcu7t5v0__nor4_1 contains 0 device instances.
Circuit contains 0 nets, and 9 disconnected pins.
Contents of circuit 2:  Circuit: 'gf180mcu_fd_sc_mcu7t5v0__nor4_1'
Circuit gf180mcu_fd_sc_mcu7t5v0__nor4_1 contains 8 device instances.
  Class: pfet_05v0             instances:   4
  Class: nfet_05v0             instances:   4
Circuit contains 12 nets.

Circuit gf180mcu_fd_sc_mcu7t5v0__nor4_1 contains no devices.

Contents of circuit 1:  Circuit: 'gf180mcu_fd_sc_mcu7t5v0__nand3_1'
Circuit gf180mcu_fd_sc_mcu7t5v0__nand3_1 contains 0 device instances.
Circuit contains 0 nets, and 8 disconnected pins.
Contents of circuit 2:  Circuit: 'gf180mcu_fd_sc_mcu7t5v0__nand3_1'
Circuit gf180mcu_fd_sc_mcu7t5v0__nand3_1 contains 6 device instances.
  Class: pfet_05v0             instances:   3
  Class: nfet_05v0             instances:   3
Circuit contains 10 nets.

Circuit gf180mcu_fd_sc_mcu7t5v0__nand3_1 contains no devices.

Contents of circuit 1:  Circuit: 'gf180mcu_fd_sc_mcu7t5v0__or2_1'
Circuit gf180mcu_fd_sc_mcu7t5v0__or2_1 contains 0 device instances.
Circuit contains 0 nets, and 7 disconnected pins.
Contents of circuit 2:  Circuit: 'gf180mcu_fd_sc_mcu7t5v0__or2_1'
Circuit gf180mcu_fd_sc_mcu7t5v0__or2_1 contains 6 device instances.
  Class: pfet_05v0             instances:   3
  Class: nfet_05v0             instances:   3
Circuit contains 9 nets.

Circuit gf180mcu_fd_sc_mcu7t5v0__or2_1 contains no devices.

Contents of circuit 1:  Circuit: 'gf180mcu_fd_sc_mcu7t5v0__aoi21_1'
Circuit gf180mcu_fd_sc_mcu7t5v0__aoi21_1 contains 0 device instances.
Circuit contains 0 nets, and 8 disconnected pins.
Contents of circuit 2:  Circuit: 'gf180mcu_fd_sc_mcu7t5v0__aoi21_1'
Circuit gf180mcu_fd_sc_mcu7t5v0__aoi21_1 contains 6 device instances.
  Class: pfet_05v0             instances:   3
  Class: nfet_05v0             instances:   3
Circuit contains 10 nets.

Circuit gf180mcu_fd_sc_mcu7t5v0__aoi21_1 contains no devices.

Contents of circuit 1:  Circuit: 'gf180mcu_fd_sc_mcu7t5v0__mux2_2'
Circuit gf180mcu_fd_sc_mcu7t5v0__mux2_2 contains 0 device instances.
Circuit contains 0 nets, and 8 disconnected pins.
Contents of circuit 2:  Circuit: 'gf180mcu_fd_sc_mcu7t5v0__mux2_2'
Circuit gf180mcu_fd_sc_mcu7t5v0__mux2_2 contains 14 device instances.
  Class: pfet_05v0             instances:   7
  Class: nfet_05v0             instances:   7
Circuit contains 14 nets.

Circuit gf180mcu_fd_sc_mcu7t5v0__mux2_2 contains no devices.

Contents of circuit 1:  Circuit: 'gf180mcu_fd_sc_mcu7t5v0__dffnrnq_1'
Circuit gf180mcu_fd_sc_mcu7t5v0__dffnrnq_1 contains 0 device instances.
Circuit contains 0 nets, and 8 disconnected pins.
Contents of circuit 2:  Circuit: 'gf180mcu_fd_sc_mcu7t5v0__dffnrnq_1'
Circuit gf180mcu_fd_sc_mcu7t5v0__dffnrnq_1 contains 28 device instances.
  Class: pfet_05v0             instances:  14
  Class: nfet_05v0             instances:  14
Circuit contains 20 nets.

Circuit gf180mcu_fd_sc_mcu7t5v0__dffnrnq_1 contains no devices.

Contents of circuit 1:  Circuit: 'gf180mcu_fd_sc_mcu7t5v0__oai211_1'
Circuit gf180mcu_fd_sc_mcu7t5v0__oai211_1 contains 0 device instances.
Circuit contains 0 nets, and 9 disconnected pins.
Contents of circuit 2:  Circuit: 'gf180mcu_fd_sc_mcu7t5v0__oai211_1'
Circuit gf180mcu_fd_sc_mcu7t5v0__oai211_1 contains 8 device instances.
  Class: pfet_05v0             instances:   4
  Class: nfet_05v0             instances:   4
Circuit contains 12 nets.

Circuit gf180mcu_fd_sc_mcu7t5v0__oai211_1 contains no devices.

Contents of circuit 1:  Circuit: 'gf180mcu_fd_sc_mcu7t5v0__clkbuf_2'
Circuit gf180mcu_fd_sc_mcu7t5v0__clkbuf_2 contains 0 device instances.
Circuit contains 0 nets, and 6 disconnected pins.
Contents of circuit 2:  Circuit: 'gf180mcu_fd_sc_mcu7t5v0__clkbuf_2'
Circuit gf180mcu_fd_sc_mcu7t5v0__clkbuf_2 contains 6 device instances.
  Class: pfet_05v0             instances:   3
  Class: nfet_05v0             instances:   3
Circuit contains 7 nets.

Circuit gf180mcu_fd_sc_mcu7t5v0__clkbuf_2 contains no devices.

Contents of circuit 1:  Circuit: 'gf180mcu_fd_sc_mcu7t5v0__buf_2'
Circuit gf180mcu_fd_sc_mcu7t5v0__buf_2 contains 0 device instances.
Circuit contains 0 nets, and 6 disconnected pins.
Contents of circuit 2:  Circuit: 'gf180mcu_fd_sc_mcu7t5v0__buf_2'
Circuit gf180mcu_fd_sc_mcu7t5v0__buf_2 contains 6 device instances.
  Class: pfet_05v0             instances:   3
  Class: nfet_05v0             instances:   3
Circuit contains 7 nets.

Circuit gf180mcu_fd_sc_mcu7t5v0__buf_2 contains no devices.

Contents of circuit 1:  Circuit: 'gf180mcu_fd_sc_mcu7t5v0__aoi221_1'
Circuit gf180mcu_fd_sc_mcu7t5v0__aoi221_1 contains 0 device instances.
Circuit contains 0 nets, and 10 disconnected pins.
Contents of circuit 2:  Circuit: 'gf180mcu_fd_sc_mcu7t5v0__aoi221_1'
Circuit gf180mcu_fd_sc_mcu7t5v0__aoi221_1 contains 10 device instances.
  Class: pfet_05v0             instances:   5
  Class: nfet_05v0             instances:   5
Circuit contains 14 nets.

Circuit gf180mcu_fd_sc_mcu7t5v0__aoi221_1 contains no devices.

Contents of circuit 1:  Circuit: 'gf180mcu_fd_sc_mcu7t5v0__nor2_1'
Circuit gf180mcu_fd_sc_mcu7t5v0__nor2_1 contains 0 device instances.
Circuit contains 0 nets, and 7 disconnected pins.
Contents of circuit 2:  Circuit: 'gf180mcu_fd_sc_mcu7t5v0__nor2_1'
Circuit gf180mcu_fd_sc_mcu7t5v0__nor2_1 contains 4 device instances.
  Class: pfet_05v0             instances:   2
  Class: nfet_05v0             instances:   2
Circuit contains 8 nets.

Circuit gf180mcu_fd_sc_mcu7t5v0__nor2_1 contains no devices.

Contents of circuit 1:  Circuit: 'gf180mcu_fd_sc_mcu7t5v0__aoi22_1'
Circuit gf180mcu_fd_sc_mcu7t5v0__aoi22_1 contains 0 device instances.
Circuit contains 0 nets, and 9 disconnected pins.
Contents of circuit 2:  Circuit: 'gf180mcu_fd_sc_mcu7t5v0__aoi22_1'
Circuit gf180mcu_fd_sc_mcu7t5v0__aoi22_1 contains 8 device instances.
  Class: pfet_05v0             instances:   4
  Class: nfet_05v0             instances:   4
Circuit contains 12 nets.

Circuit gf180mcu_fd_sc_mcu7t5v0__aoi22_1 contains no devices.

Contents of circuit 1:  Circuit: 'gf180mcu_fd_sc_mcu7t5v0__antenna'
Circuit gf180mcu_fd_sc_mcu7t5v0__antenna contains 0 device instances.
Circuit contains 0 nets, and 5 disconnected pins.
Contents of circuit 2:  Circuit: 'gf180mcu_fd_sc_mcu7t5v0__antenna'
Circuit gf180mcu_fd_sc_mcu7t5v0__antenna contains 2 device instances.
  Class: diode_pd2nw_06v0      instances:   1
  Class: diode_nd2ps_06v0      instances:   1
Circuit contains 3 nets, and 2 disconnected pins.

Circuit gf180mcu_fd_sc_mcu7t5v0__antenna contains no devices.

Contents of circuit 1:  Circuit: 'gf180mcu_fd_sc_mcu7t5v0__clkbuf_4'
Circuit gf180mcu_fd_sc_mcu7t5v0__clkbuf_4 contains 0 device instances.
Circuit contains 0 nets, and 6 disconnected pins.
Contents of circuit 2:  Circuit: 'gf180mcu_fd_sc_mcu7t5v0__clkbuf_4'
Circuit gf180mcu_fd_sc_mcu7t5v0__clkbuf_4 contains 11 device instances.
  Class: pfet_05v0             instances:   6
  Class: nfet_05v0             instances:   5
Circuit contains 7 nets.

Circuit gf180mcu_fd_sc_mcu7t5v0__clkbuf_4 contains no devices.

Contents of circuit 1:  Circuit: 'gf180mcu_fd_sc_mcu7t5v0__nor3_1'
Circuit gf180mcu_fd_sc_mcu7t5v0__nor3_1 contains 0 device instances.
Circuit contains 0 nets, and 8 disconnected pins.
Contents of circuit 2:  Circuit: 'gf180mcu_fd_sc_mcu7t5v0__nor3_1'
Circuit gf180mcu_fd_sc_mcu7t5v0__nor3_1 contains 6 device instances.
  Class: pfet_05v0             instances:   3
  Class: nfet_05v0             instances:   3
Circuit contains 10 nets.

Circuit gf180mcu_fd_sc_mcu7t5v0__nor3_1 contains no devices.

Contents of circuit 1:  Circuit: 'gf180mcu_fd_sc_mcu7t5v0__inv_2'
Circuit gf180mcu_fd_sc_mcu7t5v0__inv_2 contains 0 device instances.
Circuit contains 0 nets, and 6 disconnected pins.
Contents of circuit 2:  Circuit: 'gf180mcu_fd_sc_mcu7t5v0__inv_2'
Circuit gf180mcu_fd_sc_mcu7t5v0__inv_2 contains 4 device instances.
  Class: pfet_05v0             instances:   2
  Class: nfet_05v0             instances:   2
Circuit contains 6 nets.

Circuit gf180mcu_fd_sc_mcu7t5v0__inv_2 contains no devices.

Contents of circuit 1:  Circuit: 'gf180mcu_fd_sc_mcu7t5v0__buf_4'
Circuit gf180mcu_fd_sc_mcu7t5v0__buf_4 contains 0 device instances.
Circuit contains 0 nets, and 6 disconnected pins.
Contents of circuit 2:  Circuit: 'gf180mcu_fd_sc_mcu7t5v0__buf_4'
Circuit gf180mcu_fd_sc_mcu7t5v0__buf_4 contains 12 device instances.
  Class: pfet_05v0             instances:   6
  Class: nfet_05v0             instances:   6
Circuit contains 7 nets.

Circuit gf180mcu_fd_sc_mcu7t5v0__buf_4 contains no devices.

Contents of circuit 1:  Circuit: 'gf180mcu_fd_sc_mcu7t5v0__clkbuf_8'
Circuit gf180mcu_fd_sc_mcu7t5v0__clkbuf_8 contains 0 device instances.
Circuit contains 0 nets, and 6 disconnected pins.
Contents of circuit 2:  Circuit: 'gf180mcu_fd_sc_mcu7t5v0__clkbuf_8'
Circuit gf180mcu_fd_sc_mcu7t5v0__clkbuf_8 contains 23 device instances.
  Class: pfet_05v0             instances:  12
  Class: nfet_05v0             instances:  11
Circuit contains 7 nets.

Circuit gf180mcu_fd_sc_mcu7t5v0__clkbuf_8 contains no devices.

Contents of circuit 1:  Circuit: 'gf180mcu_fd_sc_mcu7t5v0__oai31_1'
Circuit gf180mcu_fd_sc_mcu7t5v0__oai31_1 contains 0 device instances.
Circuit contains 0 nets, and 9 disconnected pins.
Contents of circuit 2:  Circuit: 'gf180mcu_fd_sc_mcu7t5v0__oai31_1'
Circuit gf180mcu_fd_sc_mcu7t5v0__oai31_1 contains 8 device instances.
  Class: pfet_05v0             instances:   4
  Class: nfet_05v0             instances:   4
Circuit contains 12 nets.

Circuit gf180mcu_fd_sc_mcu7t5v0__oai31_1 contains no devices.

Contents of circuit 1:  Circuit: 'gf180mcu_fd_sc_mcu7t5v0__xnor2_1'
Circuit gf180mcu_fd_sc_mcu7t5v0__xnor2_1 contains 0 device instances.
Circuit contains 0 nets, and 7 disconnected pins.
Contents of circuit 2:  Circuit: 'gf180mcu_fd_sc_mcu7t5v0__xnor2_1'
Circuit gf180mcu_fd_sc_mcu7t5v0__xnor2_1 contains 10 device instances.
  Class: pfet_05v0             instances:   5
  Class: nfet_05v0             instances:   5
Circuit contains 11 nets.

Circuit gf180mcu_fd_sc_mcu7t5v0__xnor2_1 contains no devices.

Contents of circuit 1:  Circuit: 'gf180mcu_fd_sc_mcu7t5v0__and3_1'
Circuit gf180mcu_fd_sc_mcu7t5v0__and3_1 contains 0 device instances.
Circuit contains 0 nets, and 8 disconnected pins.
Contents of circuit 2:  Circuit: 'gf180mcu_fd_sc_mcu7t5v0__and3_1'
Circuit gf180mcu_fd_sc_mcu7t5v0__and3_1 contains 8 device instances.
  Class: pfet_05v0             instances:   4
  Class: nfet_05v0             instances:   4
Circuit contains 11 nets.

Circuit gf180mcu_fd_sc_mcu7t5v0__and3_1 contains no devices.

Contents of circuit 1:  Circuit: 'gf180mcu_fd_sc_mcu7t5v0__oai22_1'
Circuit gf180mcu_fd_sc_mcu7t5v0__oai22_1 contains 0 device instances.
Circuit contains 0 nets, and 9 disconnected pins.
Contents of circuit 2:  Circuit: 'gf180mcu_fd_sc_mcu7t5v0__oai22_1'
Circuit gf180mcu_fd_sc_mcu7t5v0__oai22_1 contains 8 device instances.
  Class: pfet_05v0             instances:   4
  Class: nfet_05v0             instances:   4
Circuit contains 12 nets.

Circuit gf180mcu_fd_sc_mcu7t5v0__oai22_1 contains no devices.

Contents of circuit 1:  Circuit: 'gf180mcu_fd_sc_mcu7t5v0__aoi21_2'
Circuit gf180mcu_fd_sc_mcu7t5v0__aoi21_2 contains 0 device instances.
Circuit contains 0 nets, and 8 disconnected pins.
Contents of circuit 2:  Circuit: 'gf180mcu_fd_sc_mcu7t5v0__aoi21_2'
Circuit gf180mcu_fd_sc_mcu7t5v0__aoi21_2 contains 12 device instances.
  Class: pfet_05v0             instances:   6
  Class: nfet_05v0             instances:   6
Circuit contains 11 nets.

Circuit gf180mcu_fd_sc_mcu7t5v0__aoi21_2 contains no devices.

Contents of circuit 1:  Circuit: 'gf180mcu_fd_sc_mcu7t5v0__and2_1'
Circuit gf180mcu_fd_sc_mcu7t5v0__and2_1 contains 0 device instances.
Circuit contains 0 nets, and 7 disconnected pins.
Contents of circuit 2:  Circuit: 'gf180mcu_fd_sc_mcu7t5v0__and2_1'
Circuit gf180mcu_fd_sc_mcu7t5v0__and2_1 contains 6 device instances.
  Class: pfet_05v0             instances:   3
  Class: nfet_05v0             instances:   3
Circuit contains 9 nets.

Circuit gf180mcu_fd_sc_mcu7t5v0__and2_1 contains no devices.

Contents of circuit 1:  Circuit: 'gf180mcu_fd_sc_mcu7t5v0__oai32_1'
Circuit gf180mcu_fd_sc_mcu7t5v0__oai32_1 contains 0 device instances.
Circuit contains 0 nets, and 10 disconnected pins.
Contents of circuit 2:  Circuit: 'gf180mcu_fd_sc_mcu7t5v0__oai32_1'
Circuit gf180mcu_fd_sc_mcu7t5v0__oai32_1 contains 10 device instances.
  Class: pfet_05v0             instances:   5
  Class: nfet_05v0             instances:   5
Circuit contains 14 nets.

Circuit gf180mcu_fd_sc_mcu7t5v0__oai32_1 contains no devices.

Contents of circuit 1:  Circuit: 'gf180mcu_fd_sc_mcu7t5v0__clkinv_2'
Circuit gf180mcu_fd_sc_mcu7t5v0__clkinv_2 contains 0 device instances.
Circuit contains 0 nets, and 6 disconnected pins.
Contents of circuit 2:  Circuit: 'gf180mcu_fd_sc_mcu7t5v0__clkinv_2'
Circuit gf180mcu_fd_sc_mcu7t5v0__clkinv_2 contains 4 device instances.
  Class: pfet_05v0             instances:   2
  Class: nfet_05v0             instances:   2
Circuit contains 6 nets.

Circuit gf180mcu_fd_sc_mcu7t5v0__clkinv_2 contains no devices.

Contents of circuit 1:  Circuit: 'gf180mcu_fd_sc_mcu7t5v0__inv_3'
Circuit gf180mcu_fd_sc_mcu7t5v0__inv_3 contains 0 device instances.
Circuit contains 0 nets, and 6 disconnected pins.
Contents of circuit 2:  Circuit: 'gf180mcu_fd_sc_mcu7t5v0__inv_3'
Circuit gf180mcu_fd_sc_mcu7t5v0__inv_3 contains 6 device instances.
  Class: pfet_05v0             instances:   3
  Class: nfet_05v0             instances:   3
Circuit contains 6 nets.

Circuit gf180mcu_fd_sc_mcu7t5v0__inv_3 contains no devices.

Contents of circuit 1:  Circuit: 'gf180mcu_fd_sc_mcu7t5v0__buf_3'
Circuit gf180mcu_fd_sc_mcu7t5v0__buf_3 contains 0 device instances.
Circuit contains 0 nets, and 6 disconnected pins.
Contents of circuit 2:  Circuit: 'gf180mcu_fd_sc_mcu7t5v0__buf_3'
Circuit gf180mcu_fd_sc_mcu7t5v0__buf_3 contains 8 device instances.
  Class: pfet_05v0             instances:   4
  Class: nfet_05v0             instances:   4
Circuit contains 7 nets.

Circuit gf180mcu_fd_sc_mcu7t5v0__buf_3 contains no devices.

Contents of circuit 1:  Circuit: 'gf180mcu_fd_sc_mcu7t5v0__oai221_1'
Circuit gf180mcu_fd_sc_mcu7t5v0__oai221_1 contains 0 device instances.
Circuit contains 0 nets, and 10 disconnected pins.
Contents of circuit 2:  Circuit: 'gf180mcu_fd_sc_mcu7t5v0__oai221_1'
Circuit gf180mcu_fd_sc_mcu7t5v0__oai221_1 contains 10 device instances.
  Class: pfet_05v0             instances:   5
  Class: nfet_05v0             instances:   5
Circuit contains 14 nets.

Circuit gf180mcu_fd_sc_mcu7t5v0__oai221_1 contains no devices.

Contents of circuit 1:  Circuit: 'gf180mcu_fd_sc_mcu7t5v0__inv_4'
Circuit gf180mcu_fd_sc_mcu7t5v0__inv_4 contains 0 device instances.
Circuit contains 0 nets, and 6 disconnected pins.
Contents of circuit 2:  Circuit: 'gf180mcu_fd_sc_mcu7t5v0__inv_4'
Circuit gf180mcu_fd_sc_mcu7t5v0__inv_4 contains 8 device instances.
  Class: pfet_05v0             instances:   4
  Class: nfet_05v0             instances:   4
Circuit contains 6 nets.

Circuit gf180mcu_fd_sc_mcu7t5v0__inv_4 contains no devices.

Contents of circuit 1:  Circuit: 'gf180mcu_fd_sc_mcu7t5v0__or3_1'
Circuit gf180mcu_fd_sc_mcu7t5v0__or3_1 contains 0 device instances.
Circuit contains 0 nets, and 8 disconnected pins.
Contents of circuit 2:  Circuit: 'gf180mcu_fd_sc_mcu7t5v0__or3_1'
Circuit gf180mcu_fd_sc_mcu7t5v0__or3_1 contains 8 device instances.
  Class: pfet_05v0             instances:   4
  Class: nfet_05v0             instances:   4
Circuit contains 11 nets.

Circuit gf180mcu_fd_sc_mcu7t5v0__or3_1 contains no devices.

Contents of circuit 1:  Circuit: 'gf180mcu_fd_sc_mcu7t5v0__xnor3_1'
Circuit gf180mcu_fd_sc_mcu7t5v0__xnor3_1 contains 0 device instances.
Circuit contains 0 nets, and 8 disconnected pins.
Contents of circuit 2:  Circuit: 'gf180mcu_fd_sc_mcu7t5v0__xnor3_1'
Circuit gf180mcu_fd_sc_mcu7t5v0__xnor3_1 contains 20 device instances.
  Class: pfet_05v0             instances:  10
  Class: nfet_05v0             instances:  10
Circuit contains 17 nets.

Circuit gf180mcu_fd_sc_mcu7t5v0__xnor3_1 contains no devices.

Contents of circuit 1:  Circuit: 'gf180mcu_fd_sc_mcu7t5v0__nor3_2'
Circuit gf180mcu_fd_sc_mcu7t5v0__nor3_2 contains 0 device instances.
Circuit contains 0 nets, and 8 disconnected pins.
Contents of circuit 2:  Circuit: 'gf180mcu_fd_sc_mcu7t5v0__nor3_2'
Circuit gf180mcu_fd_sc_mcu7t5v0__nor3_2 contains 12 device instances.
  Class: pfet_05v0             instances:   6
  Class: nfet_05v0             instances:   6
Circuit contains 12 nets.

Circuit gf180mcu_fd_sc_mcu7t5v0__nor3_2 contains no devices.

Contents of circuit 1:  Circuit: 'gf180mcu_fd_sc_mcu7t5v0__or3_4'
Circuit gf180mcu_fd_sc_mcu7t5v0__or3_4 contains 0 device instances.
Circuit contains 0 nets, and 8 disconnected pins.
Contents of circuit 2:  Circuit: 'gf180mcu_fd_sc_mcu7t5v0__or3_4'
Circuit gf180mcu_fd_sc_mcu7t5v0__or3_4 contains 20 device instances.
  Class: pfet_05v0             instances:  10
  Class: nfet_05v0             instances:  10
Circuit contains 13 nets.

Circuit gf180mcu_fd_sc_mcu7t5v0__or3_4 contains no devices.

Contents of circuit 1:  Circuit: 'gf180mcu_fd_sc_mcu7t5v0__clkbuf_12'
Circuit gf180mcu_fd_sc_mcu7t5v0__clkbuf_12 contains 0 device instances.
Circuit contains 0 nets, and 6 disconnected pins.
Contents of circuit 2:  Circuit: 'gf180mcu_fd_sc_mcu7t5v0__clkbuf_12'
Circuit gf180mcu_fd_sc_mcu7t5v0__clkbuf_12 contains 35 device instances.
  Class: pfet_05v0             instances:  18
  Class: nfet_05v0             instances:  17
Circuit contains 7 nets.

Circuit gf180mcu_fd_sc_mcu7t5v0__clkbuf_12 contains no devices.

Contents of circuit 1:  Circuit: 'gf180mcu_fd_sc_mcu7t5v0__aoi211_1'
Circuit gf180mcu_fd_sc_mcu7t5v0__aoi211_1 contains 0 device instances.
Circuit contains 0 nets, and 9 disconnected pins.
Contents of circuit 2:  Circuit: 'gf180mcu_fd_sc_mcu7t5v0__aoi211_1'
Circuit gf180mcu_fd_sc_mcu7t5v0__aoi211_1 contains 8 device instances.
  Class: pfet_05v0             instances:   4
  Class: nfet_05v0             instances:   4
Circuit contains 12 nets.

Circuit gf180mcu_fd_sc_mcu7t5v0__aoi211_1 contains no devices.

Contents of circuit 1:  Circuit: 'gf180mcu_fd_sc_mcu7t5v0__clkbuf_3'
Circuit gf180mcu_fd_sc_mcu7t5v0__clkbuf_3 contains 0 device instances.
Circuit contains 0 nets, and 6 disconnected pins.
Contents of circuit 2:  Circuit: 'gf180mcu_fd_sc_mcu7t5v0__clkbuf_3'
Circuit gf180mcu_fd_sc_mcu7t5v0__clkbuf_3 contains 11 device instances.
  Class: pfet_05v0             instances:   6
  Class: nfet_05v0             instances:   5
Circuit contains 7 nets.

Circuit gf180mcu_fd_sc_mcu7t5v0__clkbuf_3 contains no devices.

Contents of circuit 1:  Circuit: 'gf180mcu_fd_sc_mcu7t5v0__dffrnq_4'
Circuit gf180mcu_fd_sc_mcu7t5v0__dffrnq_4 contains 0 device instances.
Circuit contains 0 nets, and 8 disconnected pins.
Contents of circuit 2:  Circuit: 'gf180mcu_fd_sc_mcu7t5v0__dffrnq_4'
Circuit gf180mcu_fd_sc_mcu7t5v0__dffrnq_4 contains 34 device instances.
  Class: pfet_05v0             instances:  17
  Class: nfet_05v0             instances:  17
Circuit contains 20 nets.

Circuit gf180mcu_fd_sc_mcu7t5v0__dffrnq_4 contains no devices.

Contents of circuit 1:  Circuit: 'gf180mcu_fd_sc_mcu7t5v0__and4_2'
Circuit gf180mcu_fd_sc_mcu7t5v0__and4_2 contains 0 device instances.
Circuit contains 0 nets, and 9 disconnected pins.
Contents of circuit 2:  Circuit: 'gf180mcu_fd_sc_mcu7t5v0__and4_2'
Circuit gf180mcu_fd_sc_mcu7t5v0__and4_2 contains 12 device instances.
  Class: pfet_05v0             instances:   6
  Class: nfet_05v0             instances:   6
Circuit contains 13 nets.

Circuit gf180mcu_fd_sc_mcu7t5v0__and4_2 contains no devices.

Contents of circuit 1:  Circuit: 'gf180mcu_fd_sc_mcu7t5v0__nand3_2'
Circuit gf180mcu_fd_sc_mcu7t5v0__nand3_2 contains 0 device instances.
Circuit contains 0 nets, and 8 disconnected pins.
Contents of circuit 2:  Circuit: 'gf180mcu_fd_sc_mcu7t5v0__nand3_2'
Circuit gf180mcu_fd_sc_mcu7t5v0__nand3_2 contains 12 device instances.
  Class: pfet_05v0             instances:   6
  Class: nfet_05v0             instances:   6
Circuit contains 12 nets.

Circuit gf180mcu_fd_sc_mcu7t5v0__nand3_2 contains no devices.

Contents of circuit 1:  Circuit: 'gf180mcu_fd_sc_mcu7t5v0__clkinv_4'
Circuit gf180mcu_fd_sc_mcu7t5v0__clkinv_4 contains 0 device instances.
Circuit contains 0 nets, and 6 disconnected pins.
Contents of circuit 2:  Circuit: 'gf180mcu_fd_sc_mcu7t5v0__clkinv_4'
Circuit gf180mcu_fd_sc_mcu7t5v0__clkinv_4 contains 8 device instances.
  Class: pfet_05v0             instances:   4
  Class: nfet_05v0             instances:   4
Circuit contains 6 nets.

Circuit gf180mcu_fd_sc_mcu7t5v0__clkinv_4 contains no devices.

Contents of circuit 1:  Circuit: 'gf180mcu_fd_sc_mcu7t5v0__nor3_4'
Circuit gf180mcu_fd_sc_mcu7t5v0__nor3_4 contains 0 device instances.
Circuit contains 0 nets, and 8 disconnected pins.
Contents of circuit 2:  Circuit: 'gf180mcu_fd_sc_mcu7t5v0__nor3_4'
Circuit gf180mcu_fd_sc_mcu7t5v0__nor3_4 contains 24 device instances.
  Class: pfet_05v0             instances:  12
  Class: nfet_05v0             instances:  12
Circuit contains 14 nets.

Circuit gf180mcu_fd_sc_mcu7t5v0__nor3_4 contains no devices.

Contents of circuit 1:  Circuit: 'gf180mcu_fd_sc_mcu7t5v0__or2_2'
Circuit gf180mcu_fd_sc_mcu7t5v0__or2_2 contains 0 device instances.
Circuit contains 0 nets, and 7 disconnected pins.
Contents of circuit 2:  Circuit: 'gf180mcu_fd_sc_mcu7t5v0__or2_2'
Circuit gf180mcu_fd_sc_mcu7t5v0__or2_2 contains 8 device instances.
  Class: pfet_05v0             instances:   4
  Class: nfet_05v0             instances:   4
Circuit contains 9 nets.

Circuit gf180mcu_fd_sc_mcu7t5v0__or2_2 contains no devices.

Contents of circuit 1:  Circuit: 'gf180mcu_fd_sc_mcu7t5v0__or4_4'
Circuit gf180mcu_fd_sc_mcu7t5v0__or4_4 contains 0 device instances.
Circuit contains 0 nets, and 9 disconnected pins.
Contents of circuit 2:  Circuit: 'gf180mcu_fd_sc_mcu7t5v0__or4_4'
Circuit gf180mcu_fd_sc_mcu7t5v0__or4_4 contains 24 device instances.
  Class: pfet_05v0             instances:  12
  Class: nfet_05v0             instances:  12
Circuit contains 16 nets.

Circuit gf180mcu_fd_sc_mcu7t5v0__or4_4 contains no devices.

Contents of circuit 1:  Circuit: 'gf180mcu_fd_sc_mcu7t5v0__tieh'
Circuit gf180mcu_fd_sc_mcu7t5v0__tieh contains 0 device instances.
Circuit contains 0 nets, and 5 disconnected pins.
Contents of circuit 2:  Circuit: 'gf180mcu_fd_sc_mcu7t5v0__tieh'
Circuit gf180mcu_fd_sc_mcu7t5v0__tieh contains 2 device instances.
  Class: pfet_05v0             instances:   1
  Class: nfet_05v0             instances:   1
Circuit contains 6 nets.

Circuit gf180mcu_fd_sc_mcu7t5v0__tieh contains no devices.

Contents of circuit 1:  Circuit: 'gf180mcu_fd_sc_mcu7t5v0__nor2_4'
Circuit gf180mcu_fd_sc_mcu7t5v0__nor2_4 contains 0 device instances.
Circuit contains 0 nets, and 7 disconnected pins.
Contents of circuit 2:  Circuit: 'gf180mcu_fd_sc_mcu7t5v0__nor2_4'
Circuit gf180mcu_fd_sc_mcu7t5v0__nor2_4 contains 16 device instances.
  Class: pfet_05v0             instances:   8
  Class: nfet_05v0             instances:   8
Circuit contains 11 nets.

Circuit gf180mcu_fd_sc_mcu7t5v0__nor2_4 contains no devices.

Contents of circuit 1:  Circuit: 'gf180mcu_fd_sc_mcu7t5v0__oai21_4'
Circuit gf180mcu_fd_sc_mcu7t5v0__oai21_4 contains 0 device instances.
Circuit contains 0 nets, and 8 disconnected pins.
Contents of circuit 2:  Circuit: 'gf180mcu_fd_sc_mcu7t5v0__oai21_4'
Circuit gf180mcu_fd_sc_mcu7t5v0__oai21_4 contains 24 device instances.
  Class: pfet_05v0             instances:  12
  Class: nfet_05v0             instances:  12
Circuit contains 13 nets.

Circuit gf180mcu_fd_sc_mcu7t5v0__oai21_4 contains no devices.

Contents of circuit 1:  Circuit: 'gf180mcu_fd_sc_mcu7t5v0__tiel'
Circuit gf180mcu_fd_sc_mcu7t5v0__tiel contains 0 device instances.
Circuit contains 0 nets, and 5 disconnected pins.
Contents of circuit 2:  Circuit: 'gf180mcu_fd_sc_mcu7t5v0__tiel'
Circuit gf180mcu_fd_sc_mcu7t5v0__tiel contains 2 device instances.
  Class: pfet_05v0             instances:   1
  Class: nfet_05v0             instances:   1
Circuit contains 6 nets.

Circuit gf180mcu_fd_sc_mcu7t5v0__tiel contains no devices.

Contents of circuit 1:  Circuit: 'gf180mcu_fd_sc_mcu7t5v0__nand2_4'
Circuit gf180mcu_fd_sc_mcu7t5v0__nand2_4 contains 0 device instances.
Circuit contains 0 nets, and 7 disconnected pins.
Contents of circuit 2:  Circuit: 'gf180mcu_fd_sc_mcu7t5v0__nand2_4'
Circuit gf180mcu_fd_sc_mcu7t5v0__nand2_4 contains 16 device instances.
  Class: pfet_05v0             instances:   8
  Class: nfet_05v0             instances:   8
Circuit contains 11 nets.

Circuit gf180mcu_fd_sc_mcu7t5v0__nand2_4 contains no devices.

Contents of circuit 1:  Circuit: 'gf180mcu_fd_sc_mcu7t5v0__nand2_2'
Circuit gf180mcu_fd_sc_mcu7t5v0__nand2_2 contains 0 device instances.
Circuit contains 0 nets, and 7 disconnected pins.
Contents of circuit 2:  Circuit: 'gf180mcu_fd_sc_mcu7t5v0__nand2_2'
Circuit gf180mcu_fd_sc_mcu7t5v0__nand2_2 contains 8 device instances.
  Class: pfet_05v0             instances:   4
  Class: nfet_05v0             instances:   4
Circuit contains 9 nets.

Circuit gf180mcu_fd_sc_mcu7t5v0__nand2_2 contains no devices.

Contents of circuit 1:  Circuit: 'gf180mcu_fd_sc_mcu7t5v0__aoi211_4'
Circuit gf180mcu_fd_sc_mcu7t5v0__aoi211_4 contains 0 device instances.
Circuit contains 0 nets, and 9 disconnected pins.
Contents of circuit 2:  Circuit: 'gf180mcu_fd_sc_mcu7t5v0__aoi211_4'
Circuit gf180mcu_fd_sc_mcu7t5v0__aoi211_4 contains 32 device instances.
  Class: pfet_05v0             instances:  16
  Class: nfet_05v0             instances:  16
Circuit contains 18 nets.

Circuit gf180mcu_fd_sc_mcu7t5v0__aoi211_4 contains no devices.

Contents of circuit 1:  Circuit: 'gf180mcu_fd_sc_mcu7t5v0__nand4_4'
Circuit gf180mcu_fd_sc_mcu7t5v0__nand4_4 contains 0 device instances.
Circuit contains 0 nets, and 9 disconnected pins.
Contents of circuit 2:  Circuit: 'gf180mcu_fd_sc_mcu7t5v0__nand4_4'
Circuit gf180mcu_fd_sc_mcu7t5v0__nand4_4 contains 32 device instances.
  Class: pfet_05v0             instances:  16
  Class: nfet_05v0             instances:  16
Circuit contains 19 nets.

Circuit gf180mcu_fd_sc_mcu7t5v0__nand4_4 contains no devices.

Contents of circuit 1:  Circuit: 'gf180mcu_fd_sc_mcu7t5v0__nor4_4'
Circuit gf180mcu_fd_sc_mcu7t5v0__nor4_4 contains 0 device instances.
Circuit contains 0 nets, and 9 disconnected pins.
Contents of circuit 2:  Circuit: 'gf180mcu_fd_sc_mcu7t5v0__nor4_4'
Circuit gf180mcu_fd_sc_mcu7t5v0__nor4_4 contains 32 device instances.
  Class: pfet_05v0             instances:  16
  Class: nfet_05v0             instances:  16
Circuit contains 19 nets.

Circuit gf180mcu_fd_sc_mcu7t5v0__nor4_4 contains no devices.

Contents of circuit 1:  Circuit: 'gf180mcu_fd_sc_mcu7t5v0__oai31_2'
Circuit gf180mcu_fd_sc_mcu7t5v0__oai31_2 contains 0 device instances.
Circuit contains 0 nets, and 9 disconnected pins.
Contents of circuit 2:  Circuit: 'gf180mcu_fd_sc_mcu7t5v0__oai31_2'
Circuit gf180mcu_fd_sc_mcu7t5v0__oai31_2 contains 16 device instances.
  Class: pfet_05v0             instances:   8
  Class: nfet_05v0             instances:   8
Circuit contains 14 nets.

Circuit gf180mcu_fd_sc_mcu7t5v0__oai31_2 contains no devices.

Contents of circuit 1:  Circuit: 'gf180mcu_fd_sc_mcu7t5v0__dffsnq_1'
Circuit gf180mcu_fd_sc_mcu7t5v0__dffsnq_1 contains 0 device instances.
Circuit contains 0 nets, and 8 disconnected pins.
Contents of circuit 2:  Circuit: 'gf180mcu_fd_sc_mcu7t5v0__dffsnq_1'
Circuit gf180mcu_fd_sc_mcu7t5v0__dffsnq_1 contains 28 device instances.
  Class: pfet_05v0             instances:  14
  Class: nfet_05v0             instances:  14
Circuit contains 20 nets.

Circuit gf180mcu_fd_sc_mcu7t5v0__dffsnq_1 contains no devices.

Contents of circuit 1:  Circuit: 'gf180mcu_fd_sc_mcu7t5v0__nor2_2'
Circuit gf180mcu_fd_sc_mcu7t5v0__nor2_2 contains 0 device instances.
Circuit contains 0 nets, and 7 disconnected pins.
Contents of circuit 2:  Circuit: 'gf180mcu_fd_sc_mcu7t5v0__nor2_2'
Circuit gf180mcu_fd_sc_mcu7t5v0__nor2_2 contains 8 device instances.
  Class: pfet_05v0             instances:   4
  Class: nfet_05v0             instances:   4
Circuit contains 9 nets.

Circuit gf180mcu_fd_sc_mcu7t5v0__nor2_2 contains no devices.

Contents of circuit 1:  Circuit: 'gf180mcu_fd_sc_mcu7t5v0__and4_4'
Circuit gf180mcu_fd_sc_mcu7t5v0__and4_4 contains 0 device instances.
Circuit contains 0 nets, and 9 disconnected pins.
Contents of circuit 2:  Circuit: 'gf180mcu_fd_sc_mcu7t5v0__and4_4'
Circuit gf180mcu_fd_sc_mcu7t5v0__and4_4 contains 24 device instances.
  Class: pfet_05v0             instances:  12
  Class: nfet_05v0             instances:  12
Circuit contains 16 nets.

Circuit gf180mcu_fd_sc_mcu7t5v0__and4_4 contains no devices.

Contents of circuit 1:  Circuit: 'gf180mcu_fd_sc_mcu7t5v0__nand3_4'
Circuit gf180mcu_fd_sc_mcu7t5v0__nand3_4 contains 0 device instances.
Circuit contains 0 nets, and 8 disconnected pins.
Contents of circuit 2:  Circuit: 'gf180mcu_fd_sc_mcu7t5v0__nand3_4'
Circuit gf180mcu_fd_sc_mcu7t5v0__nand3_4 contains 24 device instances.
  Class: pfet_05v0             instances:  12
  Class: nfet_05v0             instances:  12
Circuit contains 14 nets.

Circuit gf180mcu_fd_sc_mcu7t5v0__nand3_4 contains no devices.

Contents of circuit 1:  Circuit: 'gf180mcu_fd_sc_mcu7t5v0__or4_1'
Circuit gf180mcu_fd_sc_mcu7t5v0__or4_1 contains 0 device instances.
Circuit contains 0 nets, and 9 disconnected pins.
Contents of circuit 2:  Circuit: 'gf180mcu_fd_sc_mcu7t5v0__or4_1'
Circuit gf180mcu_fd_sc_mcu7t5v0__or4_1 contains 10 device instances.
  Class: pfet_05v0             instances:   5
  Class: nfet_05v0             instances:   5
Circuit contains 13 nets.

Circuit gf180mcu_fd_sc_mcu7t5v0__or4_1 contains no devices.

Contents of circuit 1:  Circuit: 'gf180mcu_fd_sc_mcu7t5v0__inv_1'
Circuit gf180mcu_fd_sc_mcu7t5v0__inv_1 contains 0 device instances.
Circuit contains 0 nets, and 6 disconnected pins.
Contents of circuit 2:  Circuit: 'gf180mcu_fd_sc_mcu7t5v0__inv_1'
Circuit gf180mcu_fd_sc_mcu7t5v0__inv_1 contains 2 device instances.
  Class: pfet_05v0             instances:   1
  Class: nfet_05v0             instances:   1
Circuit contains 6 nets.

Circuit gf180mcu_fd_sc_mcu7t5v0__inv_1 contains no devices.

Contents of circuit 1:  Circuit: 'gf180mcu_fd_sc_mcu7t5v0__nor4_2'
Circuit gf180mcu_fd_sc_mcu7t5v0__nor4_2 contains 0 device instances.
Circuit contains 0 nets, and 9 disconnected pins.
Contents of circuit 2:  Circuit: 'gf180mcu_fd_sc_mcu7t5v0__nor4_2'
Circuit gf180mcu_fd_sc_mcu7t5v0__nor4_2 contains 16 device instances.
  Class: pfet_05v0             instances:   8
  Class: nfet_05v0             instances:   8
Circuit contains 15 nets.

Circuit gf180mcu_fd_sc_mcu7t5v0__nor4_2 contains no devices.

Contents of circuit 1:  Circuit: 'gf180mcu_fd_sc_mcu7t5v0__or2_4'
Circuit gf180mcu_fd_sc_mcu7t5v0__or2_4 contains 0 device instances.
Circuit contains 0 nets, and 7 disconnected pins.
Contents of circuit 2:  Circuit: 'gf180mcu_fd_sc_mcu7t5v0__or2_4'
Circuit gf180mcu_fd_sc_mcu7t5v0__or2_4 contains 16 device instances.
  Class: pfet_05v0             instances:   8
  Class: nfet_05v0             instances:   8
Circuit contains 10 nets.

Circuit gf180mcu_fd_sc_mcu7t5v0__or2_4 contains no devices.

Contents of circuit 1:  Circuit: 'A10_A'
Circuit A10_A contains 39259 device instances.
  Class: gf180mcu_fd_sc_mcu7t5v0__or3_4 instances:   1
  Class: gf180mcu_fd_sc_mcu7t5v0__buf_8 instances:  30
  Class: gf180mcu_fd_sc_mcu7t5v0__and4_4 instances:   2
  Class: gf180mcu_fd_sc_mcu7t5v0__nand4_4 instances:   2
  Class: gf180mcu_fd_sc_mcu7t5v0__nor4_4 instances:   1
  Class: gf180mcu_fd_sc_mcu7t5v0__dffrnq_4 instances:   5
  Class: gf180mcu_fd_sc_mcu7t5v0__clkbuf_8 instances:  47
  Class: gf180mcu_fd_sc_mcu7t5v0__and4_1 instances:  22
  Class: gf180mcu_fd_sc_mcu7t5v0__nand4_1 instances:  22
  Class: gf180mcu_fd_sc_mcu7t5v0__nor2_2 instances:   1
  Class: gf180mcu_fd_sc_mcu7t5v0__dffnrnq_1 instances:  89
  Class: gf180mcu_fd_sc_mcu7t5v0__aoi222_1 instances: 142
  Class: gf180mcu_fd_sc_mcu7t5v0__fillcap_8 instances: 4725
  Class: gf180mcu_fd_sc_mcu7t5v0__and3_1 instances:  68
  Class: gf180mcu_fd_sc_mcu7t5v0__oai32_1 instances:  17
  Class: gf180mcu_fd_sc_mcu7t5v0__xor3_1 instances: 387
  Class: gf180mcu_fd_sc_mcu7t5v0__dffrnq_1 instances: 2489
  Class: gf180mcu_fd_sc_mcu7t5v0__dffsnq_1 instances:   2
  Class: gf180mcu_fd_sc_mcu7t5v0__nor4_1 instances:  30
  Class: gf180mcu_fd_sc_mcu7t5v0__aoi22_1 instances: 368
  Class: gf180mcu_fd_sc_mcu7t5v0__nand3_1 instances:  99
  Class: gf180mcu_fd_sc_mcu7t5v0__antenna instances: 155
  Class: gf180mcu_fd_sc_mcu7t5v0__or2_2 instances:   1
  Class: gf180mcu_fd_sc_mcu7t5v0__oai221_1 instances:  64
  Class: gf180mcu_fd_sc_mcu7t5v0__and4_2 instances:   4
  Class: gf180mcu_fd_sc_mcu7t5v0__or4_4 instances:   1
  Class: gf180mcu_fd_sc_mcu7t5v0__nor3_1 instances:  54
  Class: gf180mcu_fd_sc_mcu7t5v0__oai211_1 instances: 283
  Class: gf180mcu_fd_sc_mcu7t5v0__buf_2 instances: 474
  Class: gf180mcu_fd_sc_mcu7t5v0__tieh instances:   8
  Class: gf180mcu_fd_sc_mcu7t5v0__nand3_4 instances:   3
  Class: gf180mcu_fd_sc_mcu7t5v0__fillcap_16 instances: 3057
  Class: gf180mcu_fd_sc_mcu7t5v0__aoi221_1 instances:  75
  Class: gf180mcu_fd_sc_mcu7t5v0__inv_3 instances:  32
  Class: gf180mcu_fd_sc_mcu7t5v0__clkbuf_2 instances: 220
  Class: gf180mcu_fd_sc_mcu7t5v0__oai21_1 instances: 795
  Class: gf180mcu_fd_sc_mcu7t5v0__nor3_4 instances:   2
  Class: gf180mcu_fd_sc_mcu7t5v0__fillcap_32 instances: 1217
  Class: gf180mcu_fd_sc_mcu7t5v0__or4_1 instances:   2
  Class: gf180mcu_fd_sc_mcu7t5v0__inv_4 instances:  19
  Class: gf180mcu_fd_sc_mcu7t5v0__or2_4 instances:   1
  Class: gf180mcu_fd_sc_mcu7t5v0__nand2_4 instances:   4
  Class: gf180mcu_fd_sc_mcu7t5v0__oai31_1 instances:  69
  Class: gf180mcu_fd_sc_mcu7t5v0__oai21_4 instances:   2
  Class: gf180mcu_fd_sc_mcu7t5v0__clkbuf_12 instances:   2
  Class: gf180mcu_fd_sc_mcu7t5v0__oai22_1 instances:  67
  Class: gf180mcu_fd_sc_mcu7t5v0__nand3_2 instances:   9
  Class: gf180mcu_fd_sc_mcu7t5v0__buf_4 instances: 152
  Class: gf180mcu_fd_sc_mcu7t5v0__nand2_1 instances: 1871
  Class: gf180mcu_fd_sc_mcu7t5v0__inv_1 instances:   1
  Class: gf180mcu_fd_sc_mcu7t5v0__or2_1 instances: 120
  Class: gf180mcu_fd_sc_mcu7t5v0__fillcap_4 instances: 8879
  Class: gf180mcu_fd_sc_mcu7t5v0__clkinv_4 instances:   2
  Class: gf180mcu_fd_sc_mcu7t5v0__xnor3_1 instances:  14
  Class: gf180mcu_fd_sc_mcu7t5v0__and2_1 instances:  86
  Class: gf180mcu_fd_sc_mcu7t5v0__xor2_1 instances: 804
  Class: gf180mcu_fd_sc_mcu7t5v0__oai31_2 instances:   1
  Class: gf180mcu_fd_sc_mcu7t5v0__clkbuf_4 instances: 366
  Class: gf180mcu_fd_sc_mcu7t5v0__nor3_2 instances:   4
  Class: gf180mcu_fd_sc_mcu7t5v0__buf_1 instances: 367
  Class: gf180mcu_fd_sc_mcu7t5v0__aoi211_4 instances:   2
  Class: gf180mcu_fd_sc_mcu7t5v0__nand2_2 instances:  10
  Class: gf180mcu_fd_sc_mcu7t5v0__inv_2 instances:  46
  Class: gf180mcu_fd_sc_mcu7t5v0__clkbuf_1 instances: 7245
  Class: gf180mcu_fd_sc_mcu7t5v0__mux2_2 instances: 1198
  Class: gf180mcu_fd_sc_mcu7t5v0__clkinv_1 instances: 368
  Class: gf180mcu_fd_sc_mcu7t5v0__nor4_2 instances:   1
  Class: gf180mcu_fd_sc_mcu7t5v0__aoi211_1 instances:  39
  Class: gf180mcu_fd_sc_mcu7t5v0__xnor2_1 instances: 116
  Class: gf180mcu_fd_sc_mcu7t5v0__nor2_4 instances:   4
  Class: gf180mcu_fd_sc_mcu7t5v0__aoi21_2 instances:   2
  Class: gf180mcu_fd_sc_mcu7t5v0__tiel instances:  35
  Class: gf180mcu_fd_sc_mcu7t5v0__or3_1 instances:   5
  Class: gf180mcu_fd_sc_mcu7t5v0__clkinv_2 instances:  40
  Class: gf180mcu_fd_sc_mcu7t5v0__buf_3 instances:  55
  Class: gf180mcu_fd_sc_mcu7t5v0__fillcap_64 instances: 1072
  Class: gf180mcu_fd_sc_mcu7t5v0__nor2_1 instances: 570
  Class: gf180mcu_fd_sc_mcu7t5v0__aoi21_1 instances: 607
  Class: gf180mcu_fd_sc_mcu7t5v0__clkbuf_3 instances:   8
Circuit contains 20161 nets, and 1 disconnected pin.
Contents of circuit 2:  Circuit: 'A10_A'
Circuit A10_A contains 39259 device instances.
  Class: gf180mcu_fd_sc_mcu7t5v0__or3_4 instances:   1
  Class: gf180mcu_fd_sc_mcu7t5v0__buf_8 instances:  30
  Class: gf180mcu_fd_sc_mcu7t5v0__and4_4 instances:   2
  Class: gf180mcu_fd_sc_mcu7t5v0__nand4_4 instances:   2
  Class: gf180mcu_fd_sc_mcu7t5v0__nor4_4 instances:   1
  Class: gf180mcu_fd_sc_mcu7t5v0__dffrnq_4 instances:   5
  Class: gf180mcu_fd_sc_mcu7t5v0__clkbuf_8 instances:  47
  Class: gf180mcu_fd_sc_mcu7t5v0__and4_1 instances:  22
  Class: gf180mcu_fd_sc_mcu7t5v0__nand4_1 instances:  22
  Class: gf180mcu_fd_sc_mcu7t5v0__nor2_2 instances:   1
  Class: gf180mcu_fd_sc_mcu7t5v0__dffnrnq_1 instances:  89
  Class: gf180mcu_fd_sc_mcu7t5v0__aoi222_1 instances: 142
  Class: gf180mcu_fd_sc_mcu7t5v0__fillcap_8 instances: 4725
  Class: gf180mcu_fd_sc_mcu7t5v0__and3_1 instances:  68
  Class: gf180mcu_fd_sc_mcu7t5v0__oai32_1 instances:  17
  Class: gf180mcu_fd_sc_mcu7t5v0__xor3_1 instances: 387
  Class: gf180mcu_fd_sc_mcu7t5v0__dffrnq_1 instances: 2489
  Class: gf180mcu_fd_sc_mcu7t5v0__dffsnq_1 instances:   2
  Class: gf180mcu_fd_sc_mcu7t5v0__nor4_1 instances:  30
  Class: gf180mcu_fd_sc_mcu7t5v0__aoi22_1 instances: 368
  Class: gf180mcu_fd_sc_mcu7t5v0__nand3_1 instances:  99
  Class: gf180mcu_fd_sc_mcu7t5v0__antenna instances: 155
  Class: gf180mcu_fd_sc_mcu7t5v0__or2_2 instances:   1
  Class: gf180mcu_fd_sc_mcu7t5v0__oai221_1 instances:  64
  Class: gf180mcu_fd_sc_mcu7t5v0__and4_2 instances:   4
  Class: gf180mcu_fd_sc_mcu7t5v0__or4_4 instances:   1
  Class: gf180mcu_fd_sc_mcu7t5v0__nor3_1 instances:  54
  Class: gf180mcu_fd_sc_mcu7t5v0__oai211_1 instances: 283
  Class: gf180mcu_fd_sc_mcu7t5v0__buf_2 instances: 474
  Class: gf180mcu_fd_sc_mcu7t5v0__tieh instances:   8
  Class: gf180mcu_fd_sc_mcu7t5v0__nand3_4 instances:   3
  Class: gf180mcu_fd_sc_mcu7t5v0__fillcap_16 instances: 3057
  Class: gf180mcu_fd_sc_mcu7t5v0__aoi221_1 instances:  75
  Class: gf180mcu_fd_sc_mcu7t5v0__inv_3 instances:  32
  Class: gf180mcu_fd_sc_mcu7t5v0__clkbuf_2 instances: 220
  Class: gf180mcu_fd_sc_mcu7t5v0__oai21_1 instances: 795
  Class: gf180mcu_fd_sc_mcu7t5v0__nor3_4 instances:   2
  Class: gf180mcu_fd_sc_mcu7t5v0__fillcap_32 instances: 1217
  Class: gf180mcu_fd_sc_mcu7t5v0__or4_1 instances:   2
  Class: gf180mcu_fd_sc_mcu7t5v0__inv_4 instances:  19
  Class: gf180mcu_fd_sc_mcu7t5v0__or2_4 instances:   1
  Class: gf180mcu_fd_sc_mcu7t5v0__nand2_4 instances:   4
  Class: gf180mcu_fd_sc_mcu7t5v0__oai31_1 instances:  69
  Class: gf180mcu_fd_sc_mcu7t5v0__oai21_4 instances:   2
  Class: gf180mcu_fd_sc_mcu7t5v0__clkbuf_12 instances:   2
  Class: gf180mcu_fd_sc_mcu7t5v0__oai22_1 instances:  67
  Class: gf180mcu_fd_sc_mcu7t5v0__nand3_2 instances:   9
  Class: gf180mcu_fd_sc_mcu7t5v0__buf_4 instances: 152
  Class: gf180mcu_fd_sc_mcu7t5v0__nand2_1 instances: 1871
  Class: gf180mcu_fd_sc_mcu7t5v0__inv_1 instances:   1
  Class: gf180mcu_fd_sc_mcu7t5v0__or2_1 instances: 120
  Class: gf180mcu_fd_sc_mcu7t5v0__fillcap_4 instances: 8879
  Class: gf180mcu_fd_sc_mcu7t5v0__xnor3_1 instances:  14
  Class: gf180mcu_fd_sc_mcu7t5v0__clkinv_4 instances:   2
  Class: gf180mcu_fd_sc_mcu7t5v0__and2_1 instances:  86
  Class: gf180mcu_fd_sc_mcu7t5v0__xor2_1 instances: 804
  Class: gf180mcu_fd_sc_mcu7t5v0__oai31_2 instances:   1
  Class: gf180mcu_fd_sc_mcu7t5v0__clkbuf_4 instances: 366
  Class: gf180mcu_fd_sc_mcu7t5v0__nor3_2 instances:   4
  Class: gf180mcu_fd_sc_mcu7t5v0__buf_1 instances: 367
  Class: gf180mcu_fd_sc_mcu7t5v0__aoi211_4 instances:   2
  Class: gf180mcu_fd_sc_mcu7t5v0__nand2_2 instances:  10
  Class: gf180mcu_fd_sc_mcu7t5v0__inv_2 instances:  46
  Class: gf180mcu_fd_sc_mcu7t5v0__clkbuf_1 instances: 7245
  Class: gf180mcu_fd_sc_mcu7t5v0__mux2_2 instances: 1198
  Class: gf180mcu_fd_sc_mcu7t5v0__clkinv_1 instances: 368
  Class: gf180mcu_fd_sc_mcu7t5v0__nor4_2 instances:   1
  Class: gf180mcu_fd_sc_mcu7t5v0__aoi211_1 instances:  39
  Class: gf180mcu_fd_sc_mcu7t5v0__xnor2_1 instances: 116
  Class: gf180mcu_fd_sc_mcu7t5v0__nor2_4 instances:   4
  Class: gf180mcu_fd_sc_mcu7t5v0__aoi21_2 instances:   2
  Class: gf180mcu_fd_sc_mcu7t5v0__tiel instances:  35
  Class: gf180mcu_fd_sc_mcu7t5v0__or3_1 instances:   5
  Class: gf180mcu_fd_sc_mcu7t5v0__clkinv_2 instances:  40
  Class: gf180mcu_fd_sc_mcu7t5v0__buf_3 instances:  55
  Class: gf180mcu_fd_sc_mcu7t5v0__fillcap_64 instances: 1072
  Class: gf180mcu_fd_sc_mcu7t5v0__nor2_1 instances: 570
  Class: gf180mcu_fd_sc_mcu7t5v0__aoi21_1 instances: 607
  Class: gf180mcu_fd_sc_mcu7t5v0__clkbuf_3 instances:   8
Circuit contains 21249 nets, and 1 disconnected pin.

Circuit was modified by parallel/series device merging.
New circuit summary:

Contents of circuit 1:  Circuit: 'A10_A'
Circuit A10_A contains 20180 device instances.
  Class: gf180mcu_fd_sc_mcu7t5v0__or3_4 instances:   1
  Class: gf180mcu_fd_sc_mcu7t5v0__buf_8 instances:  30
  Class: gf180mcu_fd_sc_mcu7t5v0__and4_4 instances:   2
  Class: gf180mcu_fd_sc_mcu7t5v0__nand4_4 instances:   2
  Class: gf180mcu_fd_sc_mcu7t5v0__nor4_4 instances:   1
  Class: gf180mcu_fd_sc_mcu7t5v0__dffrnq_4 instances:   5
  Class: gf180mcu_fd_sc_mcu7t5v0__clkbuf_8 instances:  47
  Class: gf180mcu_fd_sc_mcu7t5v0__and4_1 instances:  22
  Class: gf180mcu_fd_sc_mcu7t5v0__nand4_1 instances:  22
  Class: gf180mcu_fd_sc_mcu7t5v0__nor2_2 instances:   1
  Class: gf180mcu_fd_sc_mcu7t5v0__dffnrnq_1 instances:  89
  Class: gf180mcu_fd_sc_mcu7t5v0__aoi222_1 instances: 142
  Class: gf180mcu_fd_sc_mcu7t5v0__fillcap_8 instances:   1
  Class: gf180mcu_fd_sc_mcu7t5v0__and3_1 instances:  68
  Class: gf180mcu_fd_sc_mcu7t5v0__oai32_1 instances:  17
  Class: gf180mcu_fd_sc_mcu7t5v0__xor3_1 instances: 387
  Class: gf180mcu_fd_sc_mcu7t5v0__dffrnq_1 instances: 2489
  Class: gf180mcu_fd_sc_mcu7t5v0__dffsnq_1 instances:   2
  Class: gf180mcu_fd_sc_mcu7t5v0__nor4_1 instances:  30
  Class: gf180mcu_fd_sc_mcu7t5v0__aoi22_1 instances: 368
  Class: gf180mcu_fd_sc_mcu7t5v0__nand3_1 instances:  99
  Class: gf180mcu_fd_sc_mcu7t5v0__antenna instances:  21
  Class: gf180mcu_fd_sc_mcu7t5v0__or2_2 instances:   1
  Class: gf180mcu_fd_sc_mcu7t5v0__oai221_1 instances:  64
  Class: gf180mcu_fd_sc_mcu7t5v0__and4_2 instances:   4
  Class: gf180mcu_fd_sc_mcu7t5v0__or4_4 instances:   1
  Class: gf180mcu_fd_sc_mcu7t5v0__nor3_1 instances:  54
  Class: gf180mcu_fd_sc_mcu7t5v0__oai211_1 instances: 283
  Class: gf180mcu_fd_sc_mcu7t5v0__buf_2 instances: 474
  Class: gf180mcu_fd_sc_mcu7t5v0__tieh instances:   8
  Class: gf180mcu_fd_sc_mcu7t5v0__nand3_4 instances:   3
  Class: gf180mcu_fd_sc_mcu7t5v0__fillcap_16 instances:   1
  Class: gf180mcu_fd_sc_mcu7t5v0__aoi221_1 instances:  75
  Class: gf180mcu_fd_sc_mcu7t5v0__inv_3 instances:  32
  Class: gf180mcu_fd_sc_mcu7t5v0__clkbuf_2 instances: 220
  Class: gf180mcu_fd_sc_mcu7t5v0__oai21_1 instances: 795
  Class: gf180mcu_fd_sc_mcu7t5v0__nor3_4 instances:   2
  Class: gf180mcu_fd_sc_mcu7t5v0__fillcap_32 instances:   1
  Class: gf180mcu_fd_sc_mcu7t5v0__or4_1 instances:   2
  Class: gf180mcu_fd_sc_mcu7t5v0__inv_4 instances:  19
  Class: gf180mcu_fd_sc_mcu7t5v0__or2_4 instances:   1
  Class: gf180mcu_fd_sc_mcu7t5v0__nand2_4 instances:   4
  Class: gf180mcu_fd_sc_mcu7t5v0__oai31_1 instances:  69
  Class: gf180mcu_fd_sc_mcu7t5v0__oai21_4 instances:   2
  Class: gf180mcu_fd_sc_mcu7t5v0__clkbuf_12 instances:   2
  Class: gf180mcu_fd_sc_mcu7t5v0__oai22_1 instances:  67
  Class: gf180mcu_fd_sc_mcu7t5v0__nand3_2 instances:   9
  Class: gf180mcu_fd_sc_mcu7t5v0__buf_4 instances: 152
  Class: gf180mcu_fd_sc_mcu7t5v0__nand2_1 instances: 1871
  Class: gf180mcu_fd_sc_mcu7t5v0__inv_1 instances:   1
  Class: gf180mcu_fd_sc_mcu7t5v0__or2_1 instances: 120
  Class: gf180mcu_fd_sc_mcu7t5v0__fillcap_4 instances:   1
  Class: gf180mcu_fd_sc_mcu7t5v0__clkinv_4 instances:   2
  Class: gf180mcu_fd_sc_mcu7t5v0__xnor3_1 instances:  14
  Class: gf180mcu_fd_sc_mcu7t5v0__and2_1 instances:  86
  Class: gf180mcu_fd_sc_mcu7t5v0__xor2_1 instances: 804
  Class: gf180mcu_fd_sc_mcu7t5v0__oai31_2 instances:   1
  Class: gf180mcu_fd_sc_mcu7t5v0__clkbuf_4 instances: 366
  Class: gf180mcu_fd_sc_mcu7t5v0__nor3_2 instances:   4
  Class: gf180mcu_fd_sc_mcu7t5v0__buf_1 instances: 367
  Class: gf180mcu_fd_sc_mcu7t5v0__aoi211_4 instances:   2
  Class: gf180mcu_fd_sc_mcu7t5v0__nand2_2 instances:  10
  Class: gf180mcu_fd_sc_mcu7t5v0__inv_2 instances:  46
  Class: gf180mcu_fd_sc_mcu7t5v0__clkbuf_1 instances: 7245
  Class: gf180mcu_fd_sc_mcu7t5v0__mux2_2 instances: 1198
  Class: gf180mcu_fd_sc_mcu7t5v0__clkinv_1 instances: 368
  Class: gf180mcu_fd_sc_mcu7t5v0__nor4_2 instances:   1
  Class: gf180mcu_fd_sc_mcu7t5v0__aoi211_1 instances:  39
  Class: gf180mcu_fd_sc_mcu7t5v0__xnor2_1 instances: 116
  Class: gf180mcu_fd_sc_mcu7t5v0__nor2_4 instances:   4
  Class: gf180mcu_fd_sc_mcu7t5v0__aoi21_2 instances:   2
  Class: gf180mcu_fd_sc_mcu7t5v0__tiel instances:  35
  Class: gf180mcu_fd_sc_mcu7t5v0__or3_1 instances:   5
  Class: gf180mcu_fd_sc_mcu7t5v0__clkinv_2 instances:  40
  Class: gf180mcu_fd_sc_mcu7t5v0__buf_3 instances:  55
  Class: gf180mcu_fd_sc_mcu7t5v0__fillcap_64 instances:   1
  Class: gf180mcu_fd_sc_mcu7t5v0__nor2_1 instances: 570
  Class: gf180mcu_fd_sc_mcu7t5v0__aoi21_1 instances: 607
  Class: gf180mcu_fd_sc_mcu7t5v0__clkbuf_3 instances:   8
Circuit contains 20161 nets, and 1 disconnected pin.
Contents of circuit 2:  Circuit: 'A10_A'
Circuit A10_A contains 20180 device instances.
  Class: gf180mcu_fd_sc_mcu7t5v0__or3_4 instances:   1
  Class: gf180mcu_fd_sc_mcu7t5v0__buf_8 instances:  30
  Class: gf180mcu_fd_sc_mcu7t5v0__and4_4 instances:   2
  Class: gf180mcu_fd_sc_mcu7t5v0__nand4_4 instances:   2
  Class: gf180mcu_fd_sc_mcu7t5v0__nor4_4 instances:   1
  Class: gf180mcu_fd_sc_mcu7t5v0__dffrnq_4 instances:   5
  Class: gf180mcu_fd_sc_mcu7t5v0__clkbuf_8 instances:  47
  Class: gf180mcu_fd_sc_mcu7t5v0__and4_1 instances:  22
  Class: gf180mcu_fd_sc_mcu7t5v0__nand4_1 instances:  22
  Class: gf180mcu_fd_sc_mcu7t5v0__nor2_2 instances:   1
  Class: gf180mcu_fd_sc_mcu7t5v0__dffnrnq_1 instances:  89
  Class: gf180mcu_fd_sc_mcu7t5v0__aoi222_1 instances: 142
  Class: gf180mcu_fd_sc_mcu7t5v0__fillcap_8 instances:   1
  Class: gf180mcu_fd_sc_mcu7t5v0__and3_1 instances:  68
  Class: gf180mcu_fd_sc_mcu7t5v0__oai32_1 instances:  17
  Class: gf180mcu_fd_sc_mcu7t5v0__xor3_1 instances: 387
  Class: gf180mcu_fd_sc_mcu7t5v0__dffrnq_1 instances: 2489
  Class: gf180mcu_fd_sc_mcu7t5v0__dffsnq_1 instances:   2
  Class: gf180mcu_fd_sc_mcu7t5v0__nor4_1 instances:  30
  Class: gf180mcu_fd_sc_mcu7t5v0__aoi22_1 instances: 368
  Class: gf180mcu_fd_sc_mcu7t5v0__nand3_1 instances:  99
  Class: gf180mcu_fd_sc_mcu7t5v0__antenna instances:  21
  Class: gf180mcu_fd_sc_mcu7t5v0__or2_2 instances:   1
  Class: gf180mcu_fd_sc_mcu7t5v0__oai221_1 instances:  64
  Class: gf180mcu_fd_sc_mcu7t5v0__and4_2 instances:   4
  Class: gf180mcu_fd_sc_mcu7t5v0__or4_4 instances:   1
  Class: gf180mcu_fd_sc_mcu7t5v0__nor3_1 instances:  54
  Class: gf180mcu_fd_sc_mcu7t5v0__oai211_1 instances: 283
  Class: gf180mcu_fd_sc_mcu7t5v0__buf_2 instances: 474
  Class: gf180mcu_fd_sc_mcu7t5v0__tieh instances:   8
  Class: gf180mcu_fd_sc_mcu7t5v0__nand3_4 instances:   3
  Class: gf180mcu_fd_sc_mcu7t5v0__fillcap_16 instances:   1
  Class: gf180mcu_fd_sc_mcu7t5v0__aoi221_1 instances:  75
  Class: gf180mcu_fd_sc_mcu7t5v0__inv_3 instances:  32
  Class: gf180mcu_fd_sc_mcu7t5v0__clkbuf_2 instances: 220
  Class: gf180mcu_fd_sc_mcu7t5v0__oai21_1 instances: 795
  Class: gf180mcu_fd_sc_mcu7t5v0__nor3_4 instances:   2
  Class: gf180mcu_fd_sc_mcu7t5v0__fillcap_32 instances:   1
  Class: gf180mcu_fd_sc_mcu7t5v0__or4_1 instances:   2
  Class: gf180mcu_fd_sc_mcu7t5v0__inv_4 instances:  19
  Class: gf180mcu_fd_sc_mcu7t5v0__or2_4 instances:   1
  Class: gf180mcu_fd_sc_mcu7t5v0__nand2_4 instances:   4
  Class: gf180mcu_fd_sc_mcu7t5v0__oai31_1 instances:  69
  Class: gf180mcu_fd_sc_mcu7t5v0__oai21_4 instances:   2
  Class: gf180mcu_fd_sc_mcu7t5v0__clkbuf_12 instances:   2
  Class: gf180mcu_fd_sc_mcu7t5v0__oai22_1 instances:  67
  Class: gf180mcu_fd_sc_mcu7t5v0__nand3_2 instances:   9
  Class: gf180mcu_fd_sc_mcu7t5v0__buf_4 instances: 152
  Class: gf180mcu_fd_sc_mcu7t5v0__nand2_1 instances: 1871
  Class: gf180mcu_fd_sc_mcu7t5v0__inv_1 instances:   1
  Class: gf180mcu_fd_sc_mcu7t5v0__or2_1 instances: 120
  Class: gf180mcu_fd_sc_mcu7t5v0__fillcap_4 instances:   1
  Class: gf180mcu_fd_sc_mcu7t5v0__xnor3_1 instances:  14
  Class: gf180mcu_fd_sc_mcu7t5v0__clkinv_4 instances:   2
  Class: gf180mcu_fd_sc_mcu7t5v0__and2_1 instances:  86
  Class: gf180mcu_fd_sc_mcu7t5v0__xor2_1 instances: 804
  Class: gf180mcu_fd_sc_mcu7t5v0__oai31_2 instances:   1
  Class: gf180mcu_fd_sc_mcu7t5v0__clkbuf_4 instances: 366
  Class: gf180mcu_fd_sc_mcu7t5v0__nor3_2 instances:   4
  Class: gf180mcu_fd_sc_mcu7t5v0__buf_1 instances: 367
  Class: gf180mcu_fd_sc_mcu7t5v0__aoi211_4 instances:   2
  Class: gf180mcu_fd_sc_mcu7t5v0__nand2_2 instances:  10
  Class: gf180mcu_fd_sc_mcu7t5v0__inv_2 instances:  46
  Class: gf180mcu_fd_sc_mcu7t5v0__clkbuf_1 instances: 7245
  Class: gf180mcu_fd_sc_mcu7t5v0__mux2_2 instances: 1198
  Class: gf180mcu_fd_sc_mcu7t5v0__clkinv_1 instances: 368
  Class: gf180mcu_fd_sc_mcu7t5v0__nor4_2 instances:   1
  Class: gf180mcu_fd_sc_mcu7t5v0__aoi211_1 instances:  39
  Class: gf180mcu_fd_sc_mcu7t5v0__xnor2_1 instances: 116
  Class: gf180mcu_fd_sc_mcu7t5v0__nor2_4 instances:   4
  Class: gf180mcu_fd_sc_mcu7t5v0__aoi21_2 instances:   2
  Class: gf180mcu_fd_sc_mcu7t5v0__tiel instances:  35
  Class: gf180mcu_fd_sc_mcu7t5v0__or3_1 instances:   5
  Class: gf180mcu_fd_sc_mcu7t5v0__clkinv_2 instances:  40
  Class: gf180mcu_fd_sc_mcu7t5v0__buf_3 instances:  55
  Class: gf180mcu_fd_sc_mcu7t5v0__fillcap_64 instances:   1
  Class: gf180mcu_fd_sc_mcu7t5v0__nor2_1 instances: 570
  Class: gf180mcu_fd_sc_mcu7t5v0__aoi21_1 instances: 607
  Class: gf180mcu_fd_sc_mcu7t5v0__clkbuf_3 instances:   8
Circuit contains 21249 nets, and 1 disconnected pin.

Circuit 1 contains 20180 devices, Circuit 2 contains 20180 devices.
Circuit 1 contains 20161 nets,    Circuit 2 contains 20161 nets.


Final result: 
Circuits match uniquely.
.
Logging to file "/foss/designs/ascon_run_deffile/runs/run11/73-netgen-lvs/reports/lvs.netgen.rpt" disabled
LVS Done.
