
===========================================================================
Violator List
============================================================================
[setup reg-reg] _16858_/Q -> _18009_/RN : -751.628967
[setup reg-reg] _16858_/Q -> _18851_/RN : -751.628418
[setup reg-reg] _16858_/Q -> _18006_/RN : -751.623596
[setup reg-reg] _16858_/Q -> _18848_/RN : -751.623535
[setup reg-reg] _16858_/Q -> _18390_/RN : -751.617676
[setup reg-reg] _16858_/Q -> _17184_/RN : -751.613403
[setup reg-reg] _16858_/Q -> _17312_/RN : -751.612793
[setup reg-reg] _16858_/Q -> _17440_/RN : -751.613281
[setup reg-reg] _16858_/Q -> _18262_/RN : -751.613281
[setup reg-reg] _16858_/Q -> _17248_/RN : -751.612366
[setup reg-reg] _16858_/Q -> _18326_/RN : -751.611938
[setup reg-reg] _16858_/Q -> _17250_/RN : -751.588501
[setup reg-reg] _16858_/Q -> _17442_/RN : -751.588806
[setup reg-reg] _16858_/Q -> _18392_/RN : -751.588684
[setup reg-reg] _16858_/Q -> _18072_/RN : -751.584167
[setup reg-reg] _16858_/Q -> _18136_/RN : -751.584167
[setup reg-reg] _16858_/Q -> _17185_/RN : -751.583008
[setup reg-reg] _16858_/Q -> _18263_/RN : -751.583496
[setup reg-reg] _16858_/Q -> _18850_/RN : -751.584167
[setup reg-reg] _16858_/Q -> _16869_/RN : -751.506348
[setup reg-reg] _16858_/Q -> _17181_/RN : -751.503906
[setup reg-reg] _16858_/Q -> _18259_/RN : -751.504089
[setup reg-reg] _16858_/Q -> _16871_/RN : -751.495300
[setup reg-reg] _16858_/Q -> _17192_/RN : -751.481628
[setup reg-reg] _16858_/Q -> _17448_/RN : -751.481018
[setup reg-reg] _16858_/Q -> _18078_/RN : -751.481018
[setup reg-reg] _16858_/Q -> _17320_/RN : -751.479492
[setup reg-reg] _16858_/Q -> _18398_/RN : -751.480164
[setup reg-reg] _16858_/Q -> _18080_/RN : -751.479187
[setup reg-reg] _16858_/Q -> _18016_/RN : -751.477905
[setup reg-reg] _16858_/Q -> _18208_/RN : -751.478149
[setup reg-reg] _16858_/Q -> _18858_/RN : -751.477844
[setup reg-reg] _16858_/Q -> _16868_/RN : -751.475830
[setup reg-reg] _16858_/Q -> _16870_/RN : -751.470154
[setup reg-reg] _16858_/Q -> _16867_/RN : -751.457397
[setup reg-reg] _16858_/Q -> _17380_/RN : -751.450317
[setup reg-reg] _16858_/Q -> _17508_/RN : -751.450012
[setup reg-reg] _16858_/Q -> _18074_/RN : -751.450012
[setup reg-reg] _16858_/Q -> _18330_/RN : -751.449951
[setup reg-reg] _16858_/Q -> _18458_/RN : -751.450134
[setup reg-reg] _16858_/Q -> _17382_/RN : -751.444763
[setup reg-reg] _16858_/Q -> _17414_/RN : -751.444641
[setup reg-reg] _16858_/Q -> _17967_/RN : -751.421448
[setup reg-reg] _16858_/Q -> _17968_/RN : -751.421448
[setup reg-reg] _16858_/Q -> _17510_/RN : -751.407959
[setup reg-reg] _16858_/Q -> _18011_/RN : -751.407959
[setup reg-reg] _16858_/Q -> _18075_/RN : -751.408020
[setup reg-reg] _16858_/Q -> _19424_/RN : -751.408508
[setup reg-reg] _16858_/Q -> _17113_/RN : -751.406677
[setup reg-reg] _16858_/Q -> _18395_/RN : -751.405701
[setup reg-reg] _16858_/Q -> _17033_/RN : -751.404846
[setup reg-reg] _16858_/Q -> _17317_/RN : -751.403076
[setup reg-reg] _16858_/Q -> _17032_/RN : -751.402283
[setup reg-reg] _16858_/Q -> _17070_/RN : -751.401001
[setup reg-reg] _16858_/Q -> _17106_/RN : -751.400757
[setup reg-reg] _16858_/Q -> _17110_/RN : -751.401123
[setup reg-reg] _16858_/Q -> _19423_/RN : -751.401245
[setup reg-reg] _16858_/Q -> _19430_/RN : -751.401245
[setup reg-reg] _16858_/Q -> _17028_/RN : -751.399902
[setup reg-reg] _16858_/Q -> _17029_/RN : -751.400085
[setup reg-reg] _16858_/Q -> _17031_/RN : -751.400330
[setup reg-reg] _16858_/Q -> _17107_/RN : -751.400391
[setup reg-reg] _16858_/Q -> _17108_/RN : -751.400330
[setup reg-reg] _16858_/Q -> _17109_/RN : -751.400330
[setup reg-reg] _16858_/Q -> _17965_/RN : -751.400452
[setup reg-reg] _16858_/Q -> _17966_/RN : -751.400452
[setup reg-reg] _16858_/Q -> _17969_/RN : -751.400696
[setup reg-reg] _16858_/Q -> _17030_/RN : -751.399536
[setup reg-reg] _16858_/Q -> _17187_/RN : -751.399902
[setup reg-reg] _16858_/Q -> _17315_/RN : -751.399536
[setup reg-reg] _16858_/Q -> _17443_/RN : -751.399292
[setup reg-reg] _16858_/Q -> _18393_/RN : -751.397827
[setup reg-reg] _16858_/Q -> _17253_/RN : -751.396423
[setup reg-reg] _16858_/Q -> _18139_/RN : -751.396423
[setup reg-reg] _16858_/Q -> _18329_/RN : -751.396484
[setup reg-reg] _16858_/Q -> _18265_/RN : -751.386230
[setup reg-reg] _16858_/Q -> _19429_/RN : -751.363953
[setup reg-reg] _16858_/Q -> _17111_/RN : -751.359375
[setup reg-reg] _16858_/Q -> _17702_/RN : -751.352905
[setup reg-reg] _16858_/Q -> _17117_/RN : -751.351990
[setup reg-reg] _16858_/Q -> _17739_/RN : -751.352722
[setup reg-reg] _16858_/Q -> _16872_/RN : -751.349854
[setup reg-reg] _16858_/Q -> _17037_/RN : -751.350403
[setup reg-reg] _16858_/Q -> _17769_/RN : -751.349609
[setup reg-reg] _16858_/Q -> _18650_/RN : -751.350220
[setup reg-reg] _16858_/Q -> _19105_/RN : -751.350220
[setup reg-reg] _16858_/Q -> _19233_/RN : -751.350220
[setup reg-reg] _16858_/Q -> _17112_/RN : -751.345093
[setup reg-reg] _16858_/Q -> _19426_/RN : -751.345154
[setup reg-reg] _16858_/Q -> _18523_/RN : -751.340576
[setup reg-reg] _16858_/Q -> _17573_/RN : -751.339478
[setup reg-reg] _16858_/Q -> _17038_/RN : -751.337341
[setup reg-reg] _16858_/Q -> _17040_/RN : -751.337219
[setup reg-reg] _16858_/Q -> _17118_/RN : -751.337280
[setup reg-reg] _16858_/Q -> _17119_/RN : -751.337280
[setup reg-reg] _16858_/Q -> _17120_/RN : -751.337219
[setup reg-reg] _16858_/Q -> _17151_/RN : -751.337402
[setup reg-reg] _16858_/Q -> _17637_/RN : -751.337036
[setup reg-reg] _16858_/Q -> _18583_/RN : -751.336792
[setup reg-reg] _16858_/Q -> _17189_/RN : -751.334900
[setup reg-reg] _16858_/Q -> _18076_/RN : -751.334839
[setup reg-reg] _16858_/Q -> _18522_/RN : -751.335327
[setup reg-reg] _16858_/Q -> _17252_/RN : -751.334351
[setup reg-reg] _16858_/Q -> _17254_/RN : -751.333984
[setup reg-reg] _16858_/Q -> _17445_/RN : -751.334412
[setup reg-reg] _16858_/Q -> _18012_/RN : -751.334717
[setup reg-reg] _16858_/Q -> _18266_/RN : -751.334045
[setup reg-reg] _16858_/Q -> _18332_/RN : -751.334412
[setup reg-reg] _16858_/Q -> _18460_/RN : -751.334045
[setup reg-reg] _16858_/Q -> _17318_/RN : -751.333191
[setup reg-reg] _16858_/Q -> _17386_/RN : -751.333435
[setup reg-reg] _16858_/Q -> _18140_/RN : -751.333252
[setup reg-reg] _16858_/Q -> _18267_/RN : -751.333374
[setup reg-reg] _16858_/Q -> _18464_/RN : -751.333008
[setup reg-reg] _16858_/Q -> _16851_/RN : -751.331909
[setup reg-reg] _16858_/Q -> _18144_/RN : -751.332458
[setup reg-reg] _16858_/Q -> _18331_/RN : -751.332031
[setup reg-reg] _16858_/Q -> _18853_/RN : -751.332764
[setup reg-reg] _16858_/Q -> _17039_/RN : -751.330383
[setup reg-reg] _16858_/Q -> _17899_/RN : -751.324585
[setup reg-reg] _16858_/Q -> _18336_/RN : -751.324158
[setup reg-reg] _16858_/Q -> _17867_/RN : -751.323242
[setup reg-reg] _16858_/Q -> _18908_/RN : -751.321777
[setup reg-reg] _16858_/Q -> _19431_/RN : -751.321777
[setup reg-reg] _16858_/Q -> _18978_/RN : -751.320129
[setup reg-reg] _16858_/Q -> _19166_/RN : -751.319824
[setup reg-reg] _16858_/Q -> _19362_/RN : -751.319702
[setup reg-reg] _16858_/Q -> _17633_/RN : -751.313599
[setup reg-reg] _16858_/Q -> _17036_/RN : -751.312439
[setup reg-reg] _16858_/Q -> _17116_/RN : -751.312439
[setup reg-reg] _16858_/Q -> _17149_/RN : -751.312561
[setup reg-reg] _16858_/Q -> _17179_/RN : -751.312622
[setup reg-reg] _16858_/Q -> _17959_/RN : -751.312683
[setup reg-reg] _16858_/Q -> _19038_/RN : -751.311096
[setup reg-reg] _16858_/Q -> _18264_/RN : -751.307800
[setup reg-reg] _16858_/Q -> _17634_/RN : -751.304810
[setup reg-reg] _16858_/Q -> _17803_/RN : -751.300903
[setup reg-reg] _16858_/Q -> _17931_/RN : -751.300842
[setup reg-reg] _16858_/Q -> _18814_/RN : -751.300964
[setup reg-reg] _16858_/Q -> _17186_/RN : -751.299744
[setup reg-reg] _16858_/Q -> _17314_/RN : -751.294128
[setup reg-reg] _16858_/Q -> _17564_/RN : -751.294373
[setup reg-reg] _16858_/Q -> _18514_/RN : -751.293213
[setup reg-reg] _16858_/Q -> _17570_/RN : -751.291931
[setup reg-reg] _16858_/Q -> _17768_/RN : -751.290222
[setup reg-reg] _16858_/Q -> _18649_/RN : -751.289917
[setup reg-reg] _16858_/Q -> _18718_/RN : -751.290649
[setup reg-reg] _16858_/Q -> _18909_/RN : -751.290527
[setup reg-reg] _16858_/Q -> _19104_/RN : -751.290100
[setup reg-reg] _16858_/Q -> _19232_/RN : -751.290161
[setup reg-reg] _16858_/Q -> _19293_/RN : -751.290222
[setup reg-reg] _16858_/Q -> _17928_/RN : -751.288086
[setup reg-reg] _16858_/Q -> _18782_/RN : -751.288208
[setup reg-reg] _16858_/Q -> _17034_/RN : -751.281860
[setup reg-reg] _16858_/Q -> _17114_/RN : -751.281860
[setup reg-reg] _16858_/Q -> _17153_/RN : -751.281433
[setup reg-reg] _16858_/Q -> _17035_/RN : -751.276550
[setup reg-reg] _16858_/Q -> _17115_/RN : -751.276489
[setup reg-reg] _16858_/Q -> _17148_/RN : -751.276550
[setup reg-reg] _16858_/Q -> _17771_/RN : -751.274597
[setup reg-reg] _16858_/Q -> _17835_/RN : -751.267944
[setup reg-reg] _16858_/Q -> _18652_/RN : -751.250427
[setup reg-reg] _16858_/Q -> _17041_/RN : -751.248230
[setup reg-reg] _16858_/Q -> _17121_/RN : -751.248230
[setup reg-reg] _16858_/Q -> _17154_/RN : -751.248230
[setup reg-reg] _16858_/Q -> _17707_/RN : -751.242310
[setup reg-reg] _16858_/Q -> _19235_/RN : -751.242615
[setup reg-reg] _16858_/Q -> _19107_/RN : -751.240173
[setup reg-reg] _16858_/Q -> _18588_/RN : -751.219360
[setup reg-reg] _16858_/Q -> _19363_/RN : -751.218201
[setup reg-reg] _16858_/Q -> _17629_/RN : -751.217163
[setup reg-reg] _16858_/Q -> _17704_/RN : -751.216919
[setup reg-reg] _16858_/Q -> _17706_/RN : -751.217285
[setup reg-reg] _16858_/Q -> _17770_/RN : -751.217163
[setup reg-reg] _16858_/Q -> _18758_/RN : -751.217651
[setup reg-reg] _16858_/Q -> _18979_/RN : -751.218140
[setup reg-reg] _16858_/Q -> _18585_/RN : -751.216858
[setup reg-reg] _16858_/Q -> _18587_/RN : -751.217407
[setup reg-reg] _16858_/Q -> _18651_/RN : -751.217041
[setup reg-reg] _16858_/Q -> _19040_/RN : -751.216858
[setup reg-reg] _16858_/Q -> _19042_/RN : -751.217407
[setup reg-reg] _16858_/Q -> _19106_/RN : -751.216980
[setup reg-reg] _16858_/Q -> _19168_/RN : -751.216858
[setup reg-reg] _16858_/Q -> _19170_/RN : -751.217529
[setup reg-reg] _16858_/Q -> _19234_/RN : -751.216980
[setup reg-reg] _16858_/Q -> _18913_/RN : -751.214233
[setup reg-reg] _16858_/Q -> _19297_/RN : -751.214233
[setup reg-reg] _16858_/Q -> _18518_/RN : -751.213379
[setup reg-reg] _16858_/Q -> _19043_/RN : -751.212097
[setup reg-reg] _16858_/Q -> _19171_/RN : -751.211487
[setup reg-reg] _16858_/Q -> _17568_/RN : -751.209778
[setup reg-reg] _16858_/Q -> _17567_/RN : -751.205933
[setup reg-reg] _16858_/Q -> _17710_/RN : -751.205933
[setup reg-reg] _16858_/Q -> _18591_/RN : -751.205933
[setup reg-reg] _16858_/Q -> _18977_/RN : -751.205261
[setup reg-reg] _16858_/Q -> _19046_/RN : -751.205933
[setup reg-reg] _16858_/Q -> _19174_/RN : -751.205994
[setup reg-reg] _16858_/Q -> _19299_/RN : -751.205017
[setup reg-reg] _16858_/Q -> _19361_/RN : -751.204773
[setup reg-reg] _16858_/Q -> _17632_/RN : -751.203369
[setup reg-reg] _16858_/Q -> _18982_/RN : -751.202148
[setup reg-reg] _16858_/Q -> _19366_/RN : -751.202881
[setup reg-reg] _16858_/Q -> _17446_/RN : -751.199036
[setup reg-reg] _16858_/Q -> _18396_/RN : -751.199341
[setup reg-reg] _16858_/Q -> _17569_/RN : -751.198425
[setup reg-reg] _16858_/Q -> _18519_/RN : -751.199036
[setup reg-reg] _16858_/Q -> _18915_/RN : -751.198059
[setup reg-reg] _16858_/Q -> _18204_/RN : -751.197083
[setup reg-reg] _16858_/Q -> _17190_/RN : -751.196289
[setup reg-reg] _16858_/Q -> _18520_/RN : -751.196899
[setup reg-reg] _16858_/Q -> _17572_/RN : -751.190552
[setup reg-reg] _16858_/Q -> _18854_/RN : -751.191162
[setup reg-reg] _16858_/Q -> _17742_/RN : -751.189453
[setup reg-reg] _16858_/Q -> _17811_/RN : -751.189331
[setup reg-reg] _16858_/Q -> _17875_/RN : -751.189575
[setup reg-reg] _16858_/Q -> _18589_/RN : -751.189758
[setup reg-reg] _16858_/Q -> _18623_/RN : -751.189575
[setup reg-reg] _16858_/Q -> _18692_/RN : -751.189453
[setup reg-reg] _16858_/Q -> _18917_/RN : -751.190002
[setup reg-reg] _16858_/Q -> _19044_/RN : -751.189941
[setup reg-reg] _16858_/Q -> _19078_/RN : -751.189453
[setup reg-reg] _16858_/Q -> _19147_/RN : -751.190002
[setup reg-reg] _16858_/Q -> _19172_/RN : -751.189880
[setup reg-reg] _16858_/Q -> _19206_/RN : -751.189575
[setup reg-reg] _16858_/Q -> _19301_/RN : -751.189636
[setup reg-reg] _16858_/Q -> _17636_/RN : -751.187622
[setup reg-reg] _16858_/Q -> _17322_/RN : -751.185608
[setup reg-reg] _16858_/Q -> _17450_/RN : -751.185669
[setup reg-reg] _16858_/Q -> _18981_/RN : -751.186279
[setup reg-reg] _16858_/Q -> _19275_/RN : -751.186829
[setup reg-reg] _16858_/Q -> _19365_/RN : -751.186462
[setup reg-reg] _16858_/Q -> _18400_/RN : -751.185364
[setup reg-reg] _16858_/Q -> _17258_/RN : -751.184204
[setup reg-reg] _16858_/Q -> _18914_/RN : -751.161682
[setup reg-reg] _16858_/Q -> _19298_/RN : -751.161682
[setup reg-reg] _16858_/Q -> _18748_/RN : -751.146912
[setup reg-reg] _16858_/Q -> _17705_/RN : -751.145813
[setup reg-reg] _16858_/Q -> _17865_/RN : -751.145996
[setup reg-reg] _16858_/Q -> _18586_/RN : -751.145752
[setup reg-reg] _16858_/Q -> _19041_/RN : -751.145752
[setup reg-reg] _16858_/Q -> _19169_/RN : -751.145691
[setup reg-reg] _16858_/Q -> _17897_/RN : -751.144897
[setup reg-reg] _16858_/Q -> _18780_/RN : -751.143982
[setup reg-reg] _16858_/Q -> _17927_/RN : -751.143066
[setup reg-reg] _16858_/Q -> _18810_/RN : -751.143616
[setup reg-reg] _16858_/Q -> _17703_/RN : -751.142273
[setup reg-reg] _16858_/Q -> _17767_/RN : -751.141602
[setup reg-reg] _16858_/Q -> _18584_/RN : -751.142273
[setup reg-reg] _16858_/Q -> _19039_/RN : -751.142273
[setup reg-reg] _16858_/Q -> _19167_/RN : -751.142273
[setup reg-reg] _16858_/Q -> _18648_/RN : -751.140198
[setup reg-reg] _16858_/Q -> _19103_/RN : -751.140198
[setup reg-reg] _16858_/Q -> _19231_/RN : -751.140198
[setup reg-reg] _16858_/Q -> _17766_/RN : -751.138611
[setup reg-reg] _16858_/Q -> _18647_/RN : -751.138672
[setup reg-reg] _16858_/Q -> _19102_/RN : -751.138916
[setup reg-reg] _16858_/Q -> _19230_/RN : -751.139099
[setup reg-reg] _16858_/Q -> _17574_/RN : -751.137695
[setup reg-reg] _16858_/Q -> _18653_/RN : -751.137573
[setup reg-reg] _16858_/Q -> _19108_/RN : -751.137878
[setup reg-reg] _16858_/Q -> _19236_/RN : -751.137817
[setup reg-reg] _16858_/Q -> _19296_/RN : -751.133972
[setup reg-reg] _16858_/Q -> _18524_/RN : -751.131042
[setup reg-reg] _16858_/Q -> _18919_/RN : -751.130066
[setup reg-reg] _16858_/Q -> _19303_/RN : -751.130066
[setup reg-reg] _16858_/Q -> _18912_/RN : -751.128174
[setup reg-reg] _16858_/Q -> _18268_/RN : -751.112549
[setup reg-reg] _16858_/Q -> _18980_/RN : -751.111572
[setup reg-reg] _16858_/Q -> _17635_/RN : -751.110535
[setup reg-reg] _16858_/Q -> _19364_/RN : -751.110535
[setup reg-reg] _16858_/Q -> _17565_/RN : -751.109497
[setup reg-reg] _16858_/Q -> _18517_/RN : -751.106628
[setup reg-reg] _16858_/Q -> _19358_/RN : -751.106140
[setup reg-reg] _16858_/Q -> _18974_/RN : -751.105225
[setup reg-reg] _16858_/Q -> _18515_/RN : -751.102600
[setup reg-reg] _16858_/Q -> _17638_/RN : -751.101685
[setup reg-reg] _16858_/Q -> _18910_/RN : -751.101135
[setup reg-reg] _16858_/Q -> _19294_/RN : -751.101013
[setup reg-reg] _16858_/Q -> _18983_/RN : -751.096558
[setup reg-reg] _16858_/Q -> _19367_/RN : -751.096436
[setup reg-reg] _16858_/Q -> _17566_/RN : -751.093384
[setup reg-reg] _16858_/Q -> _19300_/RN : -751.090332
[setup reg-reg] _16858_/Q -> _18916_/RN : -751.085876
[setup reg-reg] _16858_/Q -> _17708_/RN : -751.083801
[setup reg-reg] _16858_/Q -> _17772_/RN : -751.083740
[setup reg-reg] _16858_/Q -> _17836_/RN : -751.083740
[setup reg-reg] _16858_/Q -> _17870_/RN : -751.083740
[setup reg-reg] _16858_/Q -> _17934_/RN : -751.083923
[setup reg-reg] _16858_/Q -> _18719_/RN : -751.083740
[setup reg-reg] _16858_/Q -> _18753_/RN : -751.083740
[setup reg-reg] _16858_/Q -> _18817_/RN : -751.083862
[setup reg-reg] _16858_/Q -> _17605_/RN : -751.081665
[setup reg-reg] _16858_/Q -> _18555_/RN : -751.081665
[setup reg-reg] _16858_/Q -> _17571_/RN : -751.078918
[setup reg-reg] _16858_/Q -> _18521_/RN : -751.079163
[setup reg-reg] _16858_/Q -> _18921_/RN : -751.072937
[setup reg-reg] _16858_/Q -> _19305_/RN : -751.072815
[setup reg-reg] _16858_/Q -> _17576_/RN : -751.070862
[setup reg-reg] _16858_/Q -> _18526_/RN : -751.071228
[setup reg-reg] _16858_/Q -> _17830_/RN : -751.068787
[setup reg-reg] _16858_/Q -> _18516_/RN : -751.068909
[setup reg-reg] _16858_/Q -> _18713_/RN : -751.068848
[setup reg-reg] _16858_/Q -> _18911_/RN : -751.068848
[setup reg-reg] _16858_/Q -> _19295_/RN : -751.068848
[setup reg-reg] _16858_/Q -> _19270_/RN : -751.066895
[setup reg-reg] _16858_/Q -> _19142_/RN : -751.065125
[setup reg-reg] _16858_/Q -> _17606_/RN : -751.061340
[setup reg-reg] _16858_/Q -> _18687_/RN : -751.058960
[setup reg-reg] _16858_/Q -> _17042_/RN : -751.057556
[setup reg-reg] _16858_/Q -> _17709_/RN : -751.057251
[setup reg-reg] _16858_/Q -> _17711_/RN : -751.057312
[setup reg-reg] _16858_/Q -> _18590_/RN : -751.057251
[setup reg-reg] _16858_/Q -> _18592_/RN : -751.057434
[setup reg-reg] _16858_/Q -> _19045_/RN : -751.057251
[setup reg-reg] _16858_/Q -> _19047_/RN : -751.057556
[setup reg-reg] _16858_/Q -> _19173_/RN : -751.057251
[setup reg-reg] _16858_/Q -> _19175_/RN : -751.057495
[setup reg-reg] _16858_/Q -> _19334_/RN : -751.056763
[setup reg-reg] _16858_/Q -> _18950_/RN : -751.055725
[setup reg-reg] _16858_/Q -> _18951_/RN : -751.050049
[setup reg-reg] _16858_/Q -> _17125_/RN : -751.047913
[setup reg-reg] _16858_/Q -> _17806_/RN : -751.048584
[setup reg-reg] _16858_/Q -> _17045_/RN : -751.047546
[setup reg-reg] _16858_/Q -> _17838_/RN : -751.044922
[setup reg-reg] _16858_/Q -> _18721_/RN : -751.045593
[setup reg-reg] _16858_/Q -> _19238_/RN : -751.044373
[setup reg-reg] _16858_/Q -> _17774_/RN : -751.043579
[setup reg-reg] _16858_/Q -> _17902_/RN : -751.043335
[setup reg-reg] _16858_/Q -> _18655_/RN : -751.044006
[setup reg-reg] _16858_/Q -> _19110_/RN : -751.044312
[setup reg-reg] _16858_/Q -> _17043_/RN : -751.042542
[setup reg-reg] _16858_/Q -> _17156_/RN : -751.043213
[setup reg-reg] _16858_/Q -> _17122_/RN : -751.041504
[setup reg-reg] _16858_/Q -> _17123_/RN : -751.042236
[setup reg-reg] _16858_/Q -> _18785_/RN : -751.039001
[setup reg-reg] _16858_/Q -> _18918_/RN : -751.036316
[setup reg-reg] _16858_/Q -> _19302_/RN : -751.036621
[setup reg-reg] _16858_/Q -> _18556_/RN : -751.033264
[setup reg-reg] _16858_/Q -> _16848_/RN : -751.031982
[setup reg-reg] _16858_/Q -> _16855_/RN : -751.032166
[setup reg-reg] _16858_/Q -> _17150_/RN : -751.031982
[setup reg-reg] _16858_/Q -> _17693_/RN : -751.031982
[setup reg-reg] _16858_/Q -> _17694_/RN : -751.031982
[setup reg-reg] _16858_/Q -> _17737_/RN : -751.032410
[setup reg-reg] _16858_/Q -> _17800_/RN : -751.032410
[setup reg-reg] _16858_/Q -> _17801_/RN : -751.032349
[setup reg-reg] _16858_/Q -> _17929_/RN : -751.032227
[setup reg-reg] _16858_/Q -> _19335_/RN : -751.025269
[setup reg-reg] _16858_/Q -> _19177_/RN : -751.017517
[setup reg-reg] _16858_/Q -> _19049_/RN : -751.015015
[setup reg-reg] _16858_/Q -> _18750_/RN : -751.011414
[setup reg-reg] _16858_/Q -> _18594_/RN : -751.010498
[setup reg-reg] _16858_/Q -> _18955_/RN : -751.010864
[setup reg-reg] _16858_/Q -> _17808_/RN : -751.009583
[setup reg-reg] _16858_/Q -> _18689_/RN : -751.009827
[setup reg-reg] _16858_/Q -> _19144_/RN : -751.010254
[setup reg-reg] _16858_/Q -> _19339_/RN : -751.010864
[setup reg-reg] _16858_/Q -> _19145_/RN : -751.009888
[setup reg-reg] _16858_/Q -> _19272_/RN : -751.010132
[setup reg-reg] _16858_/Q -> _19273_/RN : -751.009705
[setup reg-reg] _16858_/Q -> _18690_/RN : -751.007690
[setup reg-reg] _16858_/Q -> _19037_/RN : -751.008118
[setup reg-reg] _16858_/Q -> _19165_/RN : -751.007751
[setup reg-reg] _16858_/Q -> _17713_/RN : -751.006287
[setup reg-reg] _16858_/Q -> _17809_/RN : -751.004822
[setup reg-reg] _16858_/Q -> _17841_/RN : -751.005371
[setup reg-reg] _16858_/Q -> _17905_/RN : -751.005432
[setup reg-reg] _16858_/Q -> _18724_/RN : -751.004761
[setup reg-reg] _16858_/Q -> _18788_/RN : -751.004761
[setup reg-reg] _16858_/Q -> _17610_/RN : -751.003296
[setup reg-reg] _16858_/Q -> _19141_/RN : -751.003479
[setup reg-reg] _16858_/Q -> _16849_/RN : -751.002319
[setup reg-reg] _16858_/Q -> _17046_/RN : -751.001648
[setup reg-reg] _16858_/Q -> _17194_/RN : -751.002075
[setup reg-reg] _16858_/Q -> _18560_/RN : -751.002197
[setup reg-reg] _16858_/Q -> _18578_/RN : -751.001953
[setup reg-reg] _16858_/Q -> _18580_/RN : -751.002075
[setup reg-reg] _16858_/Q -> _18581_/RN : -751.002441
[setup reg-reg] _16858_/Q -> _17126_/RN : -751.001160
[setup reg-reg] _16858_/Q -> _18582_/RN : -751.001770
[setup reg-reg] _16858_/Q -> _17127_/RN : -751.000793
[setup reg-reg] _16858_/Q -> _17159_/RN : -751.000854
[setup reg-reg] _16858_/Q -> _19269_/RN : -751.000854
[setup reg-reg] _16858_/Q -> _17777_/RN : -750.998352
[setup reg-reg] _16858_/Q -> _18658_/RN : -750.998535
[setup reg-reg] _16858_/Q -> _19113_/RN : -750.998962
[setup reg-reg] _16858_/Q -> _19241_/RN : -750.999207
[setup reg-reg] _16858_/Q -> _19101_/RN : -750.991943
[setup reg-reg] _16858_/Q -> _19229_/RN : -750.990723
[setup reg-reg] _16858_/Q -> _18646_/RN : -750.985046
[setup reg-reg] _16858_/Q -> _18686_/RN : -750.980225
[setup reg-reg] _16858_/Q -> _17765_/RN : -750.979248
[setup reg-reg] _16858_/Q -> _17642_/RN : -750.975342
[setup reg-reg] _16858_/Q -> _17741_/RN : -750.973877
[setup reg-reg] _16858_/Q -> _18622_/RN : -750.974060
[setup reg-reg] _16858_/Q -> _19077_/RN : -750.974487
[setup reg-reg] _16858_/Q -> _19205_/RN : -750.974487
[setup reg-reg] _16858_/Q -> _18987_/RN : -750.970947
[setup reg-reg] _16858_/Q -> _19371_/RN : -750.970947
[setup reg-reg] _16858_/Q -> _17961_/RN : -750.968750
[setup reg-reg] _16858_/Q -> _17960_/RN : -750.965698
[setup reg-reg] _16858_/Q -> _17962_/RN : -750.965698
[setup reg-reg] _16858_/Q -> _18816_/RN : -750.962341
[setup reg-reg] _16858_/Q -> _17805_/RN : -750.958740
[setup reg-reg] _16858_/Q -> _17963_/RN : -750.958862
[setup reg-reg] _16858_/Q -> _17001_/RN : -750.947083
[setup reg-reg] _16858_/Q -> _18272_/RN : -750.947571
[setup reg-reg] _16858_/Q -> _17692_/RN : -750.944702
[setup reg-reg] _16858_/Q -> _17833_/RN : -750.944641
[setup reg-reg] _16858_/Q -> _18716_/RN : -750.944702
[setup reg-reg] _16858_/Q -> _17933_/RN : -750.941772
[setup reg-reg] _16858_/Q -> _17964_/RN : -750.940552
[setup reg-reg] _16858_/Q -> _18752_/RN : -750.939819
[setup reg-reg] _16858_/Q -> _17578_/RN : -750.937744
[setup reg-reg] _16858_/Q -> _18786_/RN : -750.935669
[setup reg-reg] _16858_/Q -> _18528_/RN : -750.934692
[setup reg-reg] _16858_/Q -> _18923_/RN : -750.932861
[setup reg-reg] _16858_/Q -> _19307_/RN : -750.933411
[setup reg-reg] _16858_/Q -> _17957_/RN : -750.929871
[setup reg-reg] _16858_/Q -> _17146_/RN : -750.926941
[setup reg-reg] _16858_/Q -> _17901_/RN : -750.925903
[setup reg-reg] _16858_/Q -> _17155_/RN : -750.923157
[setup reg-reg] _16858_/Q -> _17869_/RN : -750.923157
[setup reg-reg] _16858_/Q -> _18790_/RN : -750.923645
[setup reg-reg] _16858_/Q -> _17903_/RN : -750.922852
[setup reg-reg] _16858_/Q -> _17958_/RN : -750.921387
[setup reg-reg] _16858_/Q -> _18726_/RN : -750.921936
[setup reg-reg] _16858_/Q -> _18754_/RN : -750.920410
[setup reg-reg] _16858_/Q -> _18784_/RN : -750.921082
[setup reg-reg] _16858_/Q -> _18818_/RN : -750.920227
[setup reg-reg] _16858_/Q -> _16854_/RN : -750.914673
[setup reg-reg] _16858_/Q -> _17066_/RN : -750.914673
[setup reg-reg] _16858_/Q -> _17067_/RN : -750.914673
[setup reg-reg] _16858_/Q -> _17068_/RN : -750.914673
[setup reg-reg] _16858_/Q -> _17069_/RN : -750.914673
[setup reg-reg] _16858_/Q -> _17071_/RN : -750.914673
[setup reg-reg] _16858_/Q -> _17105_/RN : -750.914795
[setup reg-reg] _16858_/Q -> _19427_/RN : -750.914795
[setup reg-reg] _16858_/Q -> _16853_/RN : -750.911377
[setup reg-reg] _16858_/Q -> _17843_/RN : -750.910706
[setup reg-reg] _16858_/Q -> _17907_/RN : -750.910095
[setup reg-reg] _16858_/Q -> _17871_/RN : -750.909302
[setup reg-reg] _16858_/Q -> _17161_/RN : -750.908264
[setup reg-reg] _16858_/Q -> _17048_/RN : -750.906616
[setup reg-reg] _16858_/Q -> _17715_/RN : -750.906494
[setup reg-reg] _16858_/Q -> _17128_/RN : -750.905457
[setup reg-reg] _16858_/Q -> _19432_/RN : -750.904968
[setup reg-reg] _16858_/Q -> _17076_/RN : -750.903931
[setup reg-reg] _16858_/Q -> _18722_/RN : -750.904541
[setup reg-reg] _16858_/Q -> _17104_/RN : -750.895020
[setup reg-reg] _16858_/Q -> _19428_/RN : -750.895691
[setup reg-reg] _16858_/Q -> _18596_/RN : -750.894348
[setup reg-reg] _16858_/Q -> _17837_/RN : -750.892944
[setup reg-reg] _16858_/Q -> _18720_/RN : -750.893616
[setup reg-reg] _16858_/Q -> _17000_/RN : -750.891968
[setup reg-reg] _16858_/Q -> _17839_/RN : -750.892578
[setup reg-reg] _16858_/Q -> _19051_/RN : -750.892273
[setup reg-reg] _16858_/Q -> _16999_/RN : -750.890869
[setup reg-reg] _16858_/Q -> _19179_/RN : -750.891418
[setup reg-reg] _16858_/Q -> _17773_/RN : -750.890076
[setup reg-reg] _16858_/Q -> _18654_/RN : -750.889771
[setup reg-reg] _16858_/Q -> _17935_/RN : -750.888672
[setup reg-reg] _16858_/Q -> _19109_/RN : -750.889343
[setup reg-reg] _16858_/Q -> _19237_/RN : -750.889404
[setup reg-reg] _16858_/Q -> _18688_/RN : -750.885071
[setup reg-reg] _16858_/Q -> _19143_/RN : -750.884644
[setup reg-reg] _16858_/Q -> _19271_/RN : -750.884644
[setup reg-reg] _16858_/Q -> _17807_/RN : -750.881165
[setup reg-reg] _16858_/Q -> _17775_/RN : -750.875793
[setup reg-reg] _16858_/Q -> _18656_/RN : -750.875671
[setup reg-reg] _16858_/Q -> _19111_/RN : -750.875122
[setup reg-reg] _16858_/Q -> _19239_/RN : -750.875122
[setup reg-reg] _16858_/Q -> _17044_/RN : -750.873596
[setup reg-reg] _16858_/Q -> _17124_/RN : -750.873474
[setup reg-reg] _16858_/Q -> _17157_/RN : -750.874207
[setup reg-reg] _16858_/Q -> _17743_/RN : -750.869934
[setup reg-reg] _16858_/Q -> _18624_/RN : -750.870056
[setup reg-reg] _16858_/Q -> _19079_/RN : -750.870667
[setup reg-reg] _16858_/Q -> _19207_/RN : -750.870178
[setup reg-reg] _16858_/Q -> _19083_/RN : -750.864807
[setup reg-reg] _16858_/Q -> _19211_/RN : -750.864624
[setup reg-reg] _16858_/Q -> _18628_/RN : -750.863586
[setup reg-reg] _16858_/Q -> _18822_/RN : -750.862793
[setup reg-reg] _16858_/Q -> _17747_/RN : -750.861877
[setup reg-reg] _16858_/Q -> _17939_/RN : -750.860840
[setup reg-reg] _16858_/Q -> _17779_/RN : -750.859619
[setup reg-reg] _16858_/Q -> _18660_/RN : -750.859009
[setup reg-reg] _16858_/Q -> _19115_/RN : -750.858582
[setup reg-reg] _16858_/Q -> _19243_/RN : -750.858582
[setup reg-reg] _16858_/Q -> _17077_/RN : -750.838806
[setup reg-reg] _16858_/Q -> _17002_/RN : -750.783936
[setup reg-reg] _16858_/Q -> _17005_/RN : -750.737732
[setup reg-reg] _16858_/Q -> _17975_/RN : -750.728638
[setup reg-reg] _16858_/Q -> _17078_/RN : -750.679871
[setup reg-reg] _16858_/Q -> _17081_/RN : -750.640015
[setup reg-reg] _16858_/Q -> _17976_/RN : -750.586487
[setup reg-reg] _16858_/Q -> _17003_/RN : -750.561218
[setup reg-reg] _16858_/Q -> _17082_/RN : -750.551819
[setup reg-reg] _16858_/Q -> _17979_/RN : -750.551941
[setup reg-reg] _16858_/Q -> _17978_/RN : -750.549377
[setup reg-reg] _16858_/Q -> _17080_/RN : -750.537476
[setup reg-reg] _16858_/Q -> _17980_/RN : -750.536804
[setup reg-reg] _16858_/Q -> _17797_/RN : -750.523560
[setup reg-reg] _16858_/Q -> _17738_/RN : -750.515625
[setup reg-reg] _16858_/Q -> _17802_/RN : -750.516235
[setup reg-reg] _16858_/Q -> _18614_/RN : -750.513672
[setup reg-reg] _16858_/Q -> _18620_/RN : -750.514221
[setup reg-reg] _16858_/Q -> _19069_/RN : -750.513245
[setup reg-reg] _16858_/Q -> _19075_/RN : -750.513977
[setup reg-reg] _16858_/Q -> _19197_/RN : -750.513245
[setup reg-reg] _16858_/Q -> _19203_/RN : -750.513977
[setup reg-reg] _16858_/Q -> _17004_/RN : -750.510132
[setup reg-reg] _16858_/Q -> _18619_/RN : -750.505859
[setup reg-reg] _16858_/Q -> _17006_/RN : -750.491272
[setup reg-reg] _16858_/Q -> _17734_/RN : -750.486511
[setup reg-reg] _16858_/Q -> _18618_/RN : -750.469299
[setup reg-reg] _16858_/Q -> _19073_/RN : -750.468872
[setup reg-reg] _16858_/Q -> _19201_/RN : -750.468811
[setup reg-reg] _16858_/Q -> _19268_/RN : -750.459412
[setup reg-reg] _16858_/Q -> _19140_/RN : -750.457764
[setup reg-reg] _16858_/Q -> _18685_/RN : -750.452881
[setup reg-reg] _16858_/Q -> _17804_/RN : -750.450073
[setup reg-reg] _16858_/Q -> _17932_/RN : -750.448181
[setup reg-reg] _16858_/Q -> _18815_/RN : -750.446472
[setup reg-reg] _16858_/Q -> _17600_/RN : -750.444580
[setup reg-reg] _16858_/Q -> _18783_/RN : -750.443909
[setup reg-reg] _16858_/Q -> _17666_/RN : -750.442261
[setup reg-reg] _16858_/Q -> _17900_/RN : -750.442627
[setup reg-reg] _16858_/Q -> _18749_/RN : -750.442200
[setup reg-reg] _16858_/Q -> _17868_/RN : -750.440186
[setup reg-reg] _16858_/Q -> _18550_/RN : -750.440857
[setup reg-reg] _16858_/Q -> _17346_/RN : -750.438782
[setup reg-reg] _16858_/Q -> _17474_/RN : -750.438538
[setup reg-reg] _16858_/Q -> _17700_/RN : -750.438660
[setup reg-reg] _16858_/Q -> _18424_/RN : -750.438904
[setup reg-reg] _16858_/Q -> _18751_/RN : -750.439209
[setup reg-reg] _16858_/Q -> _19329_/RN : -750.437805
[setup reg-reg] _16858_/Q -> _18945_/RN : -750.436035
[setup reg-reg] _16858_/Q -> _18552_/RN : -750.431274
[setup reg-reg] _16858_/Q -> _18744_/RN : -750.429565
[setup reg-reg] _16858_/Q -> _19392_/RN : -750.424438
[setup reg-reg] _16858_/Q -> _19008_/RN : -750.422729
[setup reg-reg] _16858_/Q -> _17663_/RN : -750.420105
[setup reg-reg] _16858_/Q -> _17409_/RN : -750.416260
[setup reg-reg] _16858_/Q -> _18293_/RN : -750.416870
[setup reg-reg] _16858_/Q -> _17215_/RN : -750.415466
[setup reg-reg] _16858_/Q -> _18167_/RN : -750.415588
[setup reg-reg] _16858_/Q -> _17281_/RN : -750.414612
[setup reg-reg] _16858_/Q -> _17473_/RN : -750.414612
[setup reg-reg] _16858_/Q -> _17217_/RN : -750.413452
[setup reg-reg] _16858_/Q -> _17345_/RN : -750.413391
[setup reg-reg] _16858_/Q -> _17537_/RN : -750.413513
[setup reg-reg] _16858_/Q -> _18295_/RN : -750.414001
[setup reg-reg] _16858_/Q -> _18423_/RN : -750.413879
[setup reg-reg] _16858_/Q -> _18487_/RN : -750.414368
[setup reg-reg] _16858_/Q -> _17075_/RN : -750.230591
[setup reg-reg] _16858_/Q -> _16998_/RN : -750.205933
[setup reg-reg] _16858_/Q -> _17074_/RN : -750.181580
[setup reg-reg] _16858_/Q -> _17972_/RN : -750.180908
[setup reg-reg] _16858_/Q -> _19074_/RN : -750.180603
[setup reg-reg] _16858_/Q -> _19202_/RN : -750.180725
[setup reg-reg] _16858_/Q -> _17079_/RN : -750.131897
[setup reg-reg] _16858_/Q -> _16997_/RN : -749.972290
[setup reg-reg] _16858_/Q -> _17073_/RN : -749.936157
[setup reg-reg] _16858_/Q -> _17971_/RN : -749.858032
[setup reg-reg] _16858_/Q -> _17973_/RN : -749.806885
[setup reg-reg] _16858_/Q -> _17984_/RN : -749.708984
[setup reg-reg] _16858_/Q -> _17974_/RN : -749.708008
[setup reg-reg] _16858_/Q -> _17086_/RN : -749.679016
[setup reg-reg] _16858_/Q -> _17007_/RN : -749.677734
[setup reg-reg] _16858_/Q -> _17010_/RN : -749.678406
[setup reg-reg] _16858_/Q -> _17084_/RN : -749.583130
[setup reg-reg] _16858_/Q -> _17008_/RN : -749.580444
[setup reg-reg] _16858_/Q -> _17083_/RN : -749.575439
[setup reg-reg] _16858_/Q -> _17981_/RN : -749.575684
[setup reg-reg] _16858_/Q -> _17009_/RN : -749.570923
[setup reg-reg] _16858_/Q -> _17085_/RN : -749.569763
[setup reg-reg] _16858_/Q -> _17983_/RN : -749.568481
[setup reg-reg] _16858_/Q -> _17985_/RN : -749.567566
[setup reg-reg] _16858_/Q -> _17011_/RN : -749.565308
[setup reg-reg] _16858_/Q -> _17087_/RN : -749.565979
[setup reg-reg] _16858_/Q -> _16996_/RN : -749.563843
[setup reg-reg] _16858_/Q -> _17072_/RN : -749.563843
[setup reg-reg] _16858_/Q -> _17982_/RN : -749.489319
[setup reg-reg] _16858_/Q -> _18615_/RN : -749.468628
[setup reg-reg] _16858_/Q -> _19070_/RN : -749.468933
[setup reg-reg] _16858_/Q -> _19198_/RN : -749.469055
[setup reg-reg] _16858_/Q -> _17977_/RN : -749.288818
[setup reg-reg] _16858_/Q -> _19076_/RN : -749.192871
[setup reg-reg] _16858_/Q -> _18621_/RN : -749.191589
[setup reg-reg] _16858_/Q -> _17602_/RN : -749.189697
[setup reg-reg] _16858_/Q -> _17740_/RN : -749.190369
[setup reg-reg] _16858_/Q -> _18947_/RN : -749.188721
[setup reg-reg] _16858_/Q -> _19331_/RN : -749.188782
[setup reg-reg] _16858_/Q -> _19204_/RN : -749.165649
[setup reg-reg] _16858_/Q -> _19136_/RN : -749.104614
[setup reg-reg] _16858_/Q -> _19264_/RN : -749.104675
[setup reg-reg] _16858_/Q -> _18681_/RN : -748.912720
[setup reg-reg] _16858_/Q -> _19266_/RN : -748.832397
[setup reg-reg] _16858_/Q -> _19138_/RN : -748.794373
[setup reg-reg] _16858_/Q -> _18683_/RN : -748.761658
[setup reg-reg] _16858_/Q -> _17603_/RN : -748.760376
[setup reg-reg] _16858_/Q -> _18948_/RN : -748.757690
[setup reg-reg] _16858_/Q -> _19332_/RN : -748.757812
[setup reg-reg] _16858_/Q -> _18553_/RN : -748.756409
[setup reg-reg] _16858_/Q -> _17864_/RN : -748.755554
[setup reg-reg] _16858_/Q -> _18747_/RN : -748.755493
[setup reg-reg] _16858_/Q -> _18617_/RN : -748.440125
[setup reg-reg] _16858_/Q -> _19072_/RN : -748.393066
[setup reg-reg] _16858_/Q -> _17736_/RN : -748.391724
[setup reg-reg] _16858_/Q -> _19200_/RN : -748.386902
[setup reg-reg] _16858_/Q -> _17599_/RN : -748.317810
[setup reg-reg] _16858_/Q -> _17601_/RN : -748.316895
[setup reg-reg] _16858_/Q -> _18944_/RN : -748.317261
[setup reg-reg] _16858_/Q -> _19328_/RN : -748.317261
[setup reg-reg] _16858_/Q -> _18678_/RN : -748.298584
[setup reg-reg] _16858_/Q -> _19133_/RN : -748.260071
[setup reg-reg] _16858_/Q -> _19261_/RN : -748.259705
[setup reg-reg] _16858_/Q -> _18682_/RN : -748.204834
[setup reg-reg] _16858_/Q -> _19199_/RN : -748.181824
[setup reg-reg] _16858_/Q -> _19071_/RN : -748.176514
[setup reg-reg] _16858_/Q -> _18616_/RN : -748.151978
[setup reg-reg] _16858_/Q -> _19330_/RN : -748.135986
[setup reg-reg] _16858_/Q -> _17735_/RN : -748.131653
[setup reg-reg] _16858_/Q -> _17799_/RN : -748.130615
[setup reg-reg] _16858_/Q -> _17798_/RN : -748.129211
[setup reg-reg] _16858_/Q -> _17895_/RN : -748.128418
[setup reg-reg] _16858_/Q -> _17970_/RN : -748.128784
[setup reg-reg] _16858_/Q -> _18679_/RN : -748.128113
[setup reg-reg] _16858_/Q -> _18778_/RN : -748.128540
[setup reg-reg] _16858_/Q -> _17597_/RN : -748.126953
[setup reg-reg] _16858_/Q -> _19134_/RN : -748.127380
[setup reg-reg] _16858_/Q -> _19137_/RN : -748.126892
[setup reg-reg] _16858_/Q -> _19262_/RN : -748.127258
[setup reg-reg] _16858_/Q -> _19265_/RN : -748.120667
[setup reg-reg] _16858_/Q -> _18946_/RN : -748.116272
[setup reg-reg] _16858_/Q -> _18551_/RN : -748.097473
[setup reg-reg] _16858_/Q -> _17832_/RN : -748.096191
[setup reg-reg] _16858_/Q -> _18715_/RN : -748.095093
[setup reg-reg] _16858_/Q -> _17665_/RN : -748.094055
[setup reg-reg] _16858_/Q -> _19010_/RN : -748.093872
[setup reg-reg] _16858_/Q -> _19394_/RN : -748.093994
[setup reg-reg] _16858_/Q -> _18680_/RN : -748.066162
[setup reg-reg] _16858_/Q -> _19135_/RN : -748.014648
[setup reg-reg] _16858_/Q -> _17598_/RN : -748.012695
[setup reg-reg] _16858_/Q -> _18943_/RN : -748.009277
[setup reg-reg] _16858_/Q -> _19327_/RN : -748.009644
[setup reg-reg] _16858_/Q -> _19263_/RN : -748.006897
[setup reg-reg] _16858_/Q -> _18548_/RN : -748.003540
[setup reg-reg] _16858_/Q -> _18942_/RN : -747.998108
[setup reg-reg] _16858_/Q -> _19326_/RN : -747.998108
[setup reg-reg] _16858_/Q -> _18774_/RN : -747.991028
[setup reg-reg] _16858_/Q -> _17891_/RN : -747.989380
[setup reg-reg] _16858_/Q -> _17827_/RN : -747.988037
[setup reg-reg] _16858_/Q -> _18838_/RN : -747.986755
[setup reg-reg] _16858_/Q -> _17955_/RN : -747.983948
[setup reg-reg] _16858_/Q -> _17859_/RN : -747.981628
[setup reg-reg] _16858_/Q -> _18742_/RN : -747.980957
[setup reg-reg] _16858_/Q -> _17795_/RN : -747.978821
[setup reg-reg] _16858_/Q -> _17828_/RN : -747.976685
[setup reg-reg] _16858_/Q -> _17145_/RN : -747.975281
[setup reg-reg] _16858_/Q -> _17065_/RN : -747.974487
[setup reg-reg] _16858_/Q -> _17178_/RN : -747.974121
[setup reg-reg] _16858_/Q -> _17924_/RN : -747.973694
[setup reg-reg] _16858_/Q -> _18807_/RN : -747.973694
[setup reg-reg] _16858_/Q -> _17986_/RN : -747.960144
[setup reg-reg] _16858_/Q -> _17012_/RN : -747.947083
[setup reg-reg] _16858_/Q -> _17088_/RN : -747.947205
[setup reg-reg] _16858_/Q -> _18549_/RN : -747.907532
[setup reg-reg] _16858_/Q -> _17027_/RN : -747.886353
[setup reg-reg] _16858_/Q -> _17103_/RN : -747.886475
[setup reg-reg] _16858_/Q -> _18001_/RN : -747.876465
[setup reg-reg] _16858_/Q -> _17026_/RN : -747.823181
[setup reg-reg] _16858_/Q -> _17102_/RN : -747.823303
[setup reg-reg] _16858_/Q -> _18000_/RN : -747.823425
[setup reg-reg] _16858_/Q -> _17993_/RN : -747.821350
[setup reg-reg] _16858_/Q -> _17019_/RN : -747.819458
[setup reg-reg] _16858_/Q -> _17095_/RN : -747.820129
[setup reg-reg] _16858_/Q -> _17020_/RN : -747.817688
[setup reg-reg] _16858_/Q -> _17096_/RN : -747.817810
[setup reg-reg] _16858_/Q -> _17994_/RN : -747.817505
[setup reg-reg] _16858_/Q -> _17013_/RN : -747.812622
[setup reg-reg] _16858_/Q -> _17701_/RN : -747.788086
[setup reg-reg] _16858_/Q -> _17089_/RN : -747.786438
[setup reg-reg] _16858_/Q -> _18714_/RN : -747.769592
[setup reg-reg] _16858_/Q -> _17987_/RN : -747.765076
[setup reg-reg] _16858_/Q -> _19291_/RN : -747.762329
[setup reg-reg] _16858_/Q -> _18708_/RN : -747.761108
[setup reg-reg] _16858_/Q -> _19163_/RN : -747.761780
[setup reg-reg] _16858_/Q -> _19164_/RN : -747.757751
[setup reg-reg] _16858_/Q -> _19292_/RN : -747.758301
[setup reg-reg] _16858_/Q -> _18709_/RN : -747.756775
[setup reg-reg] _16858_/Q -> _18676_/RN : -747.755798
[setup reg-reg] _16858_/Q -> _19131_/RN : -747.755493
[setup reg-reg] _16858_/Q -> _19259_/RN : -747.755371
[setup reg-reg] _16858_/Q -> _17733_/RN : -747.748718
[setup reg-reg] _16858_/Q -> _17147_/RN : -747.706116
[setup reg-reg] _16858_/Q -> _17831_/RN : -747.705933
[setup reg-reg] _16858_/Q -> _17014_/RN : -747.699890
[setup reg-reg] _16858_/Q -> _17861_/RN : -747.665710
[setup reg-reg] _16858_/Q -> _17090_/RN : -747.650940
[setup reg-reg] _16858_/Q -> _17015_/RN : -747.631653
[setup reg-reg] _16858_/Q -> _17091_/RN : -747.599854
[setup reg-reg] _16858_/Q -> _17988_/RN : -747.599609
[setup reg-reg] _16858_/Q -> _17989_/RN : -747.594604
[setup reg-reg] _16858_/Q -> _18613_/RN : -747.588318
[setup reg-reg] _16858_/Q -> _19068_/RN : -747.588928
[setup reg-reg] _16858_/Q -> _19196_/RN : -747.588806
[setup reg-reg] _16858_/Q -> _17732_/RN : -747.586365
[setup reg-reg] _16858_/Q -> _17860_/RN : -747.584229
[setup reg-reg] _16858_/Q -> _18743_/RN : -747.583984
[setup reg-reg] _16858_/Q -> _17796_/RN : -747.582153
[setup reg-reg] _16858_/Q -> _17764_/RN : -747.580444
[setup reg-reg] _16858_/Q -> _18645_/RN : -747.579773
[setup reg-reg] _16858_/Q -> _18769_/RN : -747.578491
[setup reg-reg] _16858_/Q -> _19100_/RN : -747.579224
[setup reg-reg] _16858_/Q -> _19228_/RN : -747.578979
[setup reg-reg] _16858_/Q -> _17018_/RN : -747.552734
[setup reg-reg] _16858_/Q -> _17017_/RN : -747.545715
[setup reg-reg] _16858_/Q -> _16850_/RN : -747.523071
[setup reg-reg] _16858_/Q -> _17094_/RN : -747.518127
[setup reg-reg] _16858_/Q -> _17995_/RN : -747.507202
[setup reg-reg] _16858_/Q -> _17016_/RN : -747.504150
[setup reg-reg] _16858_/Q -> _17101_/RN : -747.504761
[setup reg-reg] _16858_/Q -> _17025_/RN : -747.503906
[setup reg-reg] _16858_/Q -> _17999_/RN : -747.504028
[setup reg-reg] _16858_/Q -> _17021_/RN : -747.502930
[setup reg-reg] _16858_/Q -> _17097_/RN : -747.503235
[setup reg-reg] _16858_/Q -> _17022_/RN : -747.497681
[setup reg-reg] _16858_/Q -> _17896_/RN : -747.496521
[setup reg-reg] _16858_/Q -> _17023_/RN : -747.494324
[setup reg-reg] _16858_/Q -> _17024_/RN : -747.494263
[setup reg-reg] _16858_/Q -> _17093_/RN : -747.494751
[setup reg-reg] _16858_/Q -> _17099_/RN : -747.495300
[setup reg-reg] _16858_/Q -> _17100_/RN : -747.495178
[setup reg-reg] _16858_/Q -> _17098_/RN : -747.494385
[setup reg-reg] _16858_/Q -> _17997_/RN : -747.494873
[setup reg-reg] _16858_/Q -> _17998_/RN : -747.494751
[setup reg-reg] _16858_/Q -> _17092_/RN : -747.493774
[setup reg-reg] _16858_/Q -> _17990_/RN : -747.492981
[setup reg-reg] _16858_/Q -> _17996_/RN : -747.493164
[setup reg-reg] _16858_/Q -> _17926_/RN : -747.485474
[setup reg-reg] _16858_/Q -> _18809_/RN : -747.485291
[setup reg-reg] _16858_/Q -> _17991_/RN : -747.482605
[setup reg-reg] _16858_/Q -> _18677_/RN : -747.481750
[setup reg-reg] _16858_/Q -> _18779_/RN : -747.481262
[setup reg-reg] _16858_/Q -> _19132_/RN : -747.481750
[setup reg-reg] _16858_/Q -> _19260_/RN : -747.481750
[setup reg-reg] _16858_/Q -> _16852_/RN : -747.478333
[setup reg-reg] _16858_/Q -> _17992_/RN : -747.474915
[setup reg-reg] _16858_/Q -> _18777_/RN : -747.474060
[setup reg-reg] _16858_/Q -> _17469_/RN : -747.463501
[setup reg-reg] _16858_/Q -> _17894_/RN : -747.460571
[setup reg-reg] _16858_/Q -> _18419_/RN : -747.452515
[setup reg-reg] _16858_/Q -> _19286_/RN : -747.443176
[setup reg-reg] _16858_/Q -> _17277_/RN : -747.440369
[setup reg-reg] _16858_/Q -> _19158_/RN : -747.437195
[setup reg-reg] _16858_/Q -> _17341_/RN : -747.433899
[setup reg-reg] _16858_/Q -> _17214_/RN : -747.429565
[setup reg-reg] _16858_/Q -> _18703_/RN : -747.429260
[setup reg-reg] _16858_/Q -> _17596_/RN : -747.427673
[setup reg-reg] _16858_/Q -> _17822_/RN : -747.427856
[setup reg-reg] _16858_/Q -> _17918_/RN : -747.425964
[setup reg-reg] _16858_/Q -> _18801_/RN : -747.425842
[setup reg-reg] _16858_/Q -> _18711_/RN : -747.424927
[setup reg-reg] _16858_/Q -> _18833_/RN : -747.425354
[setup reg-reg] _16858_/Q -> _17886_/RN : -747.424011
[setup reg-reg] _16858_/Q -> _17950_/RN : -747.424500
[setup reg-reg] _16858_/Q -> _17854_/RN : -747.423218
[setup reg-reg] _16858_/Q -> _18737_/RN : -747.423584
[setup reg-reg] _16858_/Q -> _18292_/RN : -747.416992
[setup reg-reg] _16858_/Q -> _18483_/RN : -747.411987
[setup reg-reg] _16858_/Q -> _17925_/RN : -747.406860
[setup reg-reg] _16858_/Q -> _17863_/RN : -747.405823
[setup reg-reg] _16858_/Q -> _18671_/RN : -747.405945
[setup reg-reg] _16858_/Q -> _18746_/RN : -747.405518
[setup reg-reg] _16858_/Q -> _19126_/RN : -747.406189
[setup reg-reg] _16858_/Q -> _19254_/RN : -747.405701
[setup reg-reg] _16858_/Q -> _17405_/RN : -747.399475
[setup reg-reg] _16858_/Q -> _19325_/RN : -747.389343
[setup reg-reg] _16858_/Q -> _17660_/RN : -747.387573
[setup reg-reg] _16858_/Q -> _19005_/RN : -747.386658
[setup reg-reg] _16858_/Q -> _19389_/RN : -747.386841
[setup reg-reg] _16858_/Q -> _18546_/RN : -747.384460
[setup reg-reg] _16858_/Q -> _19190_/RN : -747.382019
[setup reg-reg] _16858_/Q -> _18941_/RN : -747.379456
[setup reg-reg] _16858_/Q -> _19062_/RN : -747.379333
[setup reg-reg] _16858_/Q -> _18607_/RN : -747.373535
[setup reg-reg] _16858_/Q -> _17726_/RN : -747.364441
[setup reg-reg] _16858_/Q -> _17790_/RN : -747.364197
[setup reg-reg] _16858_/Q -> _17172_/RN : -747.361633
[setup reg-reg] _16858_/Q -> _17059_/RN : -747.359314
[setup reg-reg] _16858_/Q -> _17758_/RN : -747.358215
[setup reg-reg] _16858_/Q -> _18639_/RN : -747.357178
[setup reg-reg] _16858_/Q -> _18806_/RN : -747.357056
[setup reg-reg] _16858_/Q -> _19094_/RN : -747.356323
[setup reg-reg] _16858_/Q -> _19222_/RN : -747.356140
[setup reg-reg] _16858_/Q -> _17923_/RN : -747.349121
[setup reg-reg] _16858_/Q -> _17731_/RN : -747.343445
[setup reg-reg] _16858_/Q -> _17177_/RN : -747.342163
[setup reg-reg] _16858_/Q -> _18612_/RN : -747.342834
[setup reg-reg] _16858_/Q -> _19067_/RN : -747.342712
[setup reg-reg] _16858_/Q -> _19195_/RN : -747.342651
[setup reg-reg] _16858_/Q -> _17763_/RN : -747.335693
[setup reg-reg] _16858_/Q -> _18644_/RN : -747.330261
[setup reg-reg] _16858_/Q -> _19099_/RN : -747.328735
[setup reg-reg] _16858_/Q -> _19227_/RN : -747.328735
[setup reg-reg] _16858_/Q -> _17064_/RN : -747.323059
[setup reg-reg] _16858_/Q -> _17144_/RN : -747.319885
[setup reg-reg] _16858_/Q -> _17862_/RN : -747.316833
[setup reg-reg] _16858_/Q -> _18805_/RN : -747.314392
[setup reg-reg] _16858_/Q -> _17922_/RN : -747.310669
[setup reg-reg] _16858_/Q -> _17143_/RN : -747.306152
[setup reg-reg] _16858_/Q -> _17063_/RN : -747.303955
[setup reg-reg] _16858_/Q -> _17176_/RN : -747.302856
[setup reg-reg] _16858_/Q -> _17062_/RN : -747.301147
[setup reg-reg] _16858_/Q -> _17142_/RN : -747.301331
[setup reg-reg] _16858_/Q -> _17890_/RN : -747.300781
[setup reg-reg] _16858_/Q -> _18773_/RN : -747.300903
[setup reg-reg] _16858_/Q -> _19066_/RN : -747.298584
[setup reg-reg] _16858_/Q -> _19194_/RN : -747.299316
[setup reg-reg] _16858_/Q -> _18611_/RN : -747.297363
[setup reg-reg] _16858_/Q -> _17730_/RN : -747.296448
[setup reg-reg] _16858_/Q -> _17858_/RN : -747.296204
[setup reg-reg] _16858_/Q -> _18741_/RN : -747.296143
[setup reg-reg] _16858_/Q -> _18547_/RN : -747.281677
[setup reg-reg] _16858_/Q -> _18745_/RN : -747.281921
[setup reg-reg] _16858_/Q -> _19007_/RN : -747.281128
[setup reg-reg] _16858_/Q -> _19391_/RN : -747.281250
[setup reg-reg] _16858_/Q -> _17662_/RN : -747.264404
[setup reg-reg] _16858_/Q -> _18808_/RN : -747.231567
[setup reg-reg] _16858_/Q -> _19006_/RN : -747.221130
[setup reg-reg] _16858_/Q -> _19390_/RN : -747.221191
[setup reg-reg] _16858_/Q -> _18291_/RN : -747.176880
[setup reg-reg] _16858_/Q -> _17834_/RN : -747.164490
[setup reg-reg] _16858_/Q -> _17213_/RN : -747.141052
[setup reg-reg] _16858_/Q -> _17661_/RN : -747.139221
[setup reg-reg] _16858_/Q -> _17930_/RN : -747.114563
[setup reg-reg] _16858_/Q -> _18813_/RN : -747.082703
[setup reg-reg] _16858_/Q -> _17498_/RN : -747.073425
[setup reg-reg] _16858_/Q -> _18717_/RN : -747.070435
[setup reg-reg] _16858_/Q -> _17866_/RN : -747.034424
[setup reg-reg] _16858_/Q -> _18448_/RN : -747.016968
[setup reg-reg] _16858_/Q -> _19035_/RN : -747.009033
[setup reg-reg] _16858_/Q -> _19419_/RN : -747.002808
[setup reg-reg] _16858_/Q -> _17242_/RN : -746.996399
[setup reg-reg] _16858_/Q -> _18320_/RN : -746.997131
[setup reg-reg] _16858_/Q -> _17370_/RN : -746.995422
[setup reg-reg] _16858_/Q -> _17243_/RN : -746.994629
[setup reg-reg] _16858_/Q -> _18321_/RN : -746.994507
[setup reg-reg] _16858_/Q -> _19421_/RN : -746.992676
[setup reg-reg] _16858_/Q -> _17434_/RN : -746.985657
[setup reg-reg] _16858_/Q -> _18512_/RN : -746.984192
[setup reg-reg] _16858_/Q -> _17435_/RN : -746.982788
[setup reg-reg] _16858_/Q -> _17466_/RN : -746.982910
[setup reg-reg] _16858_/Q -> _17562_/RN : -746.983337
[setup reg-reg] _16858_/Q -> _18384_/RN : -746.983459
[setup reg-reg] _16858_/Q -> _18416_/RN : -746.982605
[setup reg-reg] _16858_/Q -> _17690_/RN : -746.969055
[setup reg-reg] _16858_/Q -> _17306_/RN : -746.949585
[setup reg-reg] _16858_/Q -> _16950_/RN : -746.946655
[setup reg-reg] _16858_/Q -> _16949_/RN : -746.945312
[setup reg-reg] _16858_/Q -> _16948_/RN : -746.939575
[setup reg-reg] _16858_/Q -> _17893_/RN : -746.934387
[setup reg-reg] _16858_/Q -> _18776_/RN : -746.935059
[setup reg-reg] _16858_/Q -> _17829_/RN : -746.930664
[setup reg-reg] _16858_/Q -> _18712_/RN : -746.929138
[setup reg-reg] _16858_/Q -> _17538_/RN : -746.927063
[setup reg-reg] _16858_/Q -> _17407_/RN : -746.923767
[setup reg-reg] _16858_/Q -> _17279_/RN : -746.921326
[setup reg-reg] _16858_/Q -> _18485_/RN : -746.920410
[setup reg-reg] _16858_/Q -> _18973_/RN : -746.918213
[setup reg-reg] _16858_/Q -> _19357_/RN : -746.918396
[setup reg-reg] _16858_/Q -> _17436_/RN : -746.916321
[setup reg-reg] _16858_/Q -> _18002_/RN : -746.915955
[setup reg-reg] _16858_/Q -> _18258_/RN : -746.916626
[setup reg-reg] _16858_/Q -> _17338_/RN : -746.891479
[setup reg-reg] _16858_/Q -> _18102_/RN : -746.869873
[setup reg-reg] _16858_/Q -> _18166_/RN : -746.868530
[setup reg-reg] _16858_/Q -> _18297_/RN : -746.867737
[setup reg-reg] _16858_/Q -> _17535_/RN : -746.866638
[setup reg-reg] _16858_/Q -> _18357_/RN : -746.865601
[setup reg-reg] _16858_/Q -> _18037_/RN : -746.864197
[setup reg-reg] _16858_/Q -> _18101_/RN : -746.864990
[setup reg-reg] _16858_/Q -> _18879_/RN : -746.864136
[setup reg-reg] _16858_/Q -> _17210_/RN : -746.859131
[setup reg-reg] _16858_/Q -> _18579_/RN : -746.851746
[setup reg-reg] _16858_/Q -> _19036_/RN : -746.852173
[setup reg-reg] _16858_/Q -> _19420_/RN : -746.852173
[setup reg-reg] _16858_/Q -> _17691_/RN : -746.843567
[setup reg-reg] _16858_/Q -> _17218_/RN : -746.818665
[setup reg-reg] _16858_/Q -> _18288_/RN : -746.817810
[setup reg-reg] _16858_/Q -> _17695_/RN : -746.815063
[setup reg-reg] _16858_/Q -> _19395_/RN : -746.797729
[setup reg-reg] _16858_/Q -> _17274_/RN : -746.786133
[setup reg-reg] _16858_/Q -> _18710_/RN : -746.766602
[setup reg-reg] _16858_/Q -> _17530_/RN : -746.764282
[setup reg-reg] _16858_/Q -> _18352_/RN : -746.763916
[setup reg-reg] _16858_/Q -> _19011_/RN : -746.752808
[setup reg-reg] _16858_/Q -> _18480_/RN : -746.733398
[setup reg-reg] _16858_/Q -> _18839_/RN : -746.734131
[setup reg-reg] _16858_/Q -> _17898_/RN : -746.718689
[setup reg-reg] _16858_/Q -> _18781_/RN : -746.718628
[setup reg-reg] _16858_/Q -> _17402_/RN : -746.706543
[setup reg-reg] _16858_/Q -> _18775_/RN : -746.695129
[setup reg-reg] _16858_/Q -> _17956_/RN : -746.682556
[setup reg-reg] _16858_/Q -> _17892_/RN : -746.671631
[setup reg-reg] _16858_/Q -> _17403_/RN : -746.669250
[setup reg-reg] _16858_/Q -> _18545_/RN : -746.666626
[setup reg-reg] _16858_/Q -> _17152_/RN : -746.663269
[setup reg-reg] _16858_/Q -> _18812_/RN : -746.663818
[setup reg-reg] _16858_/Q -> _18289_/RN : -746.658813
[setup reg-reg] _16858_/Q -> _17339_/RN : -746.653931
[setup reg-reg] _16858_/Q -> _17211_/RN : -746.653137
[setup reg-reg] _16858_/Q -> _17467_/RN : -746.652710
[setup reg-reg] _16858_/Q -> _18417_/RN : -746.653015
[setup reg-reg] _16858_/Q -> _17465_/RN : -746.647888
[setup reg-reg] _16858_/Q -> _18351_/RN : -746.646423
[setup reg-reg] _16858_/Q -> _18159_/RN : -746.643799
[setup reg-reg] _16858_/Q -> _18071_/RN : -746.641602
[setup reg-reg] _16858_/Q -> _17685_/RN : -746.639832
[setup reg-reg] _16858_/Q -> _19030_/RN : -746.639038
[setup reg-reg] _16858_/Q -> _19414_/RN : -746.639038
[setup reg-reg] _16858_/Q -> _18327_/RN : -746.636353
[setup reg-reg] _16858_/Q -> _18031_/RN : -746.635010
[setup reg-reg] _16858_/Q -> _18873_/RN : -746.635742
[setup reg-reg] _16858_/Q -> _17249_/RN : -746.634460
[setup reg-reg] _16858_/Q -> _18095_/RN : -746.634766
[setup reg-reg] _16858_/Q -> _18223_/RN : -746.634338
[setup reg-reg] _16858_/Q -> _17208_/RN : -746.632996
[setup reg-reg] _16858_/Q -> _17336_/RN : -746.633667
[setup reg-reg] _16858_/Q -> _17464_/RN : -746.632629
[setup reg-reg] _16858_/Q -> _18414_/RN : -746.632935
[setup reg-reg] _16858_/Q -> _19003_/RN : -746.630371
[setup reg-reg] _16858_/Q -> _19387_/RN : -746.630371
[setup reg-reg] _16858_/Q -> _17506_/RN : -746.628418
[setup reg-reg] _16858_/Q -> _18456_/RN : -746.628845
[setup reg-reg] _16858_/Q -> _17378_/RN : -746.626953
[setup reg-reg] _16858_/Q -> _18841_/RN : -746.625244
[setup reg-reg] _16858_/Q -> _17275_/RN : -746.623718
[setup reg-reg] _16858_/Q -> _18481_/RN : -746.623779
[setup reg-reg] _16858_/Q -> _18811_/RN : -746.623291
[setup reg-reg] _16858_/Q -> _18843_/RN : -746.623596
[setup reg-reg] _16858_/Q -> _18840_/RN : -746.622681
[setup reg-reg] _16858_/Q -> _17658_/RN : -746.621521
[setup reg-reg] _16858_/Q -> _18842_/RN : -746.621887
[setup reg-reg] _16858_/Q -> _18008_/RN : -746.619995
[setup reg-reg] _16858_/Q -> _18200_/RN : -746.619934
[setup reg-reg] _16858_/Q -> _18328_/RN : -746.620605
[setup reg-reg] _16858_/Q -> _17595_/RN : -746.614746
[setup reg-reg] _16858_/Q -> _19324_/RN : -746.607178
[setup reg-reg] _16858_/Q -> _18940_/RN : -746.596008
[setup reg-reg] _16858_/Q -> _18353_/RN : -746.573425
[setup reg-reg] _16858_/Q -> _17408_/RN : -746.571350
[setup reg-reg] _16858_/Q -> _17531_/RN : -746.563538
[setup reg-reg] _16858_/Q -> _17280_/RN : -746.553406
[setup reg-reg] _16858_/Q -> _17536_/RN : -746.553833
[setup reg-reg] _16858_/Q -> _18486_/RN : -746.553406
[setup reg-reg] _16858_/Q -> _17627_/RN : -746.545959
[setup reg-reg] _16858_/Q -> _18998_/RN : -746.528381
[setup reg-reg] _16858_/Q -> _19382_/RN : -746.528931
[setup reg-reg] _16858_/Q -> _17653_/RN : -746.526978
[setup reg-reg] _16858_/Q -> _18972_/RN : -746.509033
[setup reg-reg] _16858_/Q -> _19356_/RN : -746.507141
[setup reg-reg] _16858_/Q -> _18097_/RN : -746.504395
[setup reg-reg] _16858_/Q -> _18225_/RN : -746.492554
[setup reg-reg] _16858_/Q -> _18296_/RN : -746.490906
[setup reg-reg] _16858_/Q -> _17372_/RN : -746.487488
[setup reg-reg] _16858_/Q -> _18033_/RN : -746.486755
[setup reg-reg] _16858_/Q -> _18315_/RN : -746.486511
[setup reg-reg] _16858_/Q -> _17429_/RN : -746.484192
[setup reg-reg] _16858_/Q -> _17557_/RN : -746.483459
[setup reg-reg] _16858_/Q -> _18350_/RN : -746.483276
[setup reg-reg] _16858_/Q -> _18507_/RN : -746.480286
[setup reg-reg] _16858_/Q -> _17301_/RN : -746.477966
[setup reg-reg] _16858_/Q -> _18379_/RN : -746.476562
[setup reg-reg] _16858_/Q -> _18094_/RN : -746.475159
[setup reg-reg] _16858_/Q -> _18875_/RN : -746.475403
[setup reg-reg] _16858_/Q -> _18158_/RN : -746.473999
[setup reg-reg] _16858_/Q -> _18030_/RN : -746.472656
[setup reg-reg] _16858_/Q -> _18222_/RN : -746.472595
[setup reg-reg] _16858_/Q -> _18872_/RN : -746.472839
[setup reg-reg] _16858_/Q -> _18934_/RN : -746.463257
[setup reg-reg] _16858_/Q -> _17589_/RN : -746.460266
[setup reg-reg] _16858_/Q -> _19318_/RN : -746.459045
[setup reg-reg] _16858_/Q -> _17244_/RN : -746.448242
[setup reg-reg] _16858_/Q -> _17500_/RN : -746.447998
[setup reg-reg] _16858_/Q -> _17365_/RN : -746.438904
[setup reg-reg] _16858_/Q -> _17659_/RN : -746.437439
[setup reg-reg] _16858_/Q -> _19004_/RN : -746.438171
[setup reg-reg] _16858_/Q -> _19388_/RN : -746.438232
[setup reg-reg] _16858_/Q -> _18450_/RN : -746.416687
[setup reg-reg] _16858_/Q -> _17237_/RN : -746.413940
[setup reg-reg] _16858_/Q -> _18938_/RN : -746.414062
[setup reg-reg] _16858_/Q -> _19322_/RN : -746.412292
[setup reg-reg] _16858_/Q -> _18443_/RN : -746.410095
[setup reg-reg] _16858_/Q -> _17593_/RN : -746.406860
[setup reg-reg] _16858_/Q -> _19139_/RN : -746.405151
[setup reg-reg] _16858_/Q -> _19267_/RN : -746.390747
[setup reg-reg] _16858_/Q -> _17180_/RN : -746.383301
[setup reg-reg] _16858_/Q -> _17308_/RN : -746.382874
[setup reg-reg] _16858_/Q -> _17628_/RN : -746.382751
[setup reg-reg] _16858_/Q -> _17493_/RN : -746.378906
[setup reg-reg] _16858_/Q -> _18577_/RN : -746.377441
[setup reg-reg] _16858_/Q -> _17626_/RN : -746.371521
[setup reg-reg] _16858_/Q -> _19355_/RN : -746.370056
[setup reg-reg] _16858_/Q -> _18971_/RN : -746.368347
[setup reg-reg] _16858_/Q -> _18544_/RN : -746.366699
[setup reg-reg] _16858_/Q -> _18576_/RN : -746.365356
[setup reg-reg] _16858_/Q -> _17594_/RN : -746.364441
[setup reg-reg] _16858_/Q -> _17433_/RN : -746.360962
[setup reg-reg] _16858_/Q -> _17561_/RN : -746.359497
[setup reg-reg] _16858_/Q -> _18511_/RN : -746.359497
[setup reg-reg] _16858_/Q -> _17209_/RN : -746.358276
[setup reg-reg] _16858_/Q -> _17337_/RN : -746.358643
[setup reg-reg] _16858_/Q -> _17305_/RN : -746.357605
[setup reg-reg] _16858_/Q -> _18415_/RN : -746.358093
[setup reg-reg] _16858_/Q -> _17369_/RN : -746.355286
[setup reg-reg] _16858_/Q -> _18684_/RN : -746.355957
[setup reg-reg] _16858_/Q -> _18542_/RN : -746.354248
[setup reg-reg] _16858_/Q -> _17241_/RN : -746.352539
[setup reg-reg] _16858_/Q -> _17497_/RN : -746.352539
[setup reg-reg] _16858_/Q -> _18383_/RN : -746.352722
[setup reg-reg] _16858_/Q -> _18447_/RN : -746.353088
[setup reg-reg] _16858_/Q -> _19396_/RN : -746.342651
[setup reg-reg] _16858_/Q -> _17667_/RN : -746.341309
[setup reg-reg] _16858_/Q -> _18901_/RN : -746.340820
[setup reg-reg] _16858_/Q -> _19012_/RN : -746.340576
[setup reg-reg] _16858_/Q -> _18059_/RN : -746.337891
[setup reg-reg] _16858_/Q -> _19323_/RN : -746.333313
[setup reg-reg] _16858_/Q -> _18939_/RN : -746.331604
[setup reg-reg] _16858_/Q -> _18322_/RN : -746.302979
[setup reg-reg] _16858_/Q -> _18187_/RN : -746.300659
[setup reg-reg] _16858_/Q -> _18386_/RN : -746.297791
[setup reg-reg] _16858_/Q -> _18937_/RN : -746.297668
[setup reg-reg] _16858_/Q -> _18539_/RN : -746.296387
[setup reg-reg] _16858_/Q -> _19321_/RN : -746.296936
[setup reg-reg] _16858_/Q -> _17139_/RN : -746.290894
[setup reg-reg] _16858_/Q -> _17592_/RN : -746.291138
[setup reg-reg] _16858_/Q -> _18348_/RN : -746.289978
[setup reg-reg] _16858_/Q -> _17529_/RN : -746.278625
[setup reg-reg] _16858_/Q -> _17377_/RN : -746.274170
[setup reg-reg] _16858_/Q -> _17625_/RN : -746.274597
[setup reg-reg] _16858_/Q -> _17313_/RN : -746.273743
[setup reg-reg] _16858_/Q -> _18123_/RN : -746.272339
[setup reg-reg] _16858_/Q -> _17273_/RN : -746.264893
[setup reg-reg] _16858_/Q -> _18479_/RN : -746.264526
[setup reg-reg] _16858_/Q -> _18970_/RN : -746.260742
[setup reg-reg] _16858_/Q -> _18575_/RN : -746.259888
[setup reg-reg] _16858_/Q -> _19354_/RN : -746.260559
[setup reg-reg] _16858_/Q -> _17689_/RN : -746.251709
[setup reg-reg] _16858_/Q -> _17762_/RN : -746.251465
[setup reg-reg] _16858_/Q -> _18251_/RN : -746.250183
[setup reg-reg] _16858_/Q -> _18643_/RN : -746.250305
[setup reg-reg] _16858_/Q -> _19098_/RN : -746.250183
[setup reg-reg] _16858_/Q -> _17141_/RN : -746.249023
[setup reg-reg] _16858_/Q -> _19226_/RN : -746.249756
[setup reg-reg] _16858_/Q -> _17140_/RN : -746.248352
[setup reg-reg] _16858_/Q -> _17061_/RN : -746.247131
[setup reg-reg] _16858_/Q -> _17794_/RN : -746.247375
[setup reg-reg] _16858_/Q -> _17954_/RN : -746.245911
[setup reg-reg] _16858_/Q -> _18675_/RN : -746.246704
[setup reg-reg] _16858_/Q -> _18837_/RN : -746.246704
[setup reg-reg] _16858_/Q -> _19130_/RN : -746.246521
[setup reg-reg] _16858_/Q -> _19258_/RN : -746.246521
[setup reg-reg] _16858_/Q -> _17826_/RN : -746.245056
[setup reg-reg] _16858_/Q -> _18319_/RN : -746.243591
[setup reg-reg] _16858_/Q -> _19065_/RN : -746.244202
[setup reg-reg] _16858_/Q -> _19193_/RN : -746.244141
[setup reg-reg] _16858_/Q -> _17621_/RN : -746.241333
[setup reg-reg] _16858_/Q -> _17624_/RN : -746.241699
[setup reg-reg] _16858_/Q -> _18966_/RN : -746.241882
[setup reg-reg] _16858_/Q -> _19350_/RN : -746.241699
[setup reg-reg] _16858_/Q -> _19034_/RN : -746.236450
[setup reg-reg] _16858_/Q -> _19418_/RN : -746.236389
[setup reg-reg] _16858_/Q -> _17060_/RN : -746.228333
[setup reg-reg] _16858_/Q -> _19290_/RN : -746.228699
[setup reg-reg] _16858_/Q -> _18707_/RN : -746.226868
[setup reg-reg] _16858_/Q -> _18740_/RN : -746.227051
[setup reg-reg] _16858_/Q -> _18804_/RN : -746.226868
[setup reg-reg] _16858_/Q -> _19162_/RN : -746.226746
[setup reg-reg] _16858_/Q -> _17526_/RN : -746.225525
[setup reg-reg] _16858_/Q -> _17761_/RN : -746.225708
[setup reg-reg] _16858_/Q -> _17857_/RN : -746.226013
[setup reg-reg] _16858_/Q -> _17921_/RN : -746.226013
[setup reg-reg] _16858_/Q -> _17206_/RN : -746.224670
[setup reg-reg] _16858_/Q -> _17729_/RN : -746.224182
[setup reg-reg] _16858_/Q -> _18412_/RN : -746.224731
[setup reg-reg] _16858_/Q -> _18610_/RN : -746.224731
[setup reg-reg] _16858_/Q -> _18642_/RN : -746.223022
[setup reg-reg] _16858_/Q -> _19097_/RN : -746.222900
[setup reg-reg] _16858_/Q -> _19225_/RN : -746.222900
[setup reg-reg] _16858_/Q -> _17401_/RN : -746.219360
[setup reg-reg] _16858_/Q -> _18455_/RN : -746.211365
[setup reg-reg] _16858_/Q -> _17334_/RN : -746.207092
[setup reg-reg] _16858_/Q -> _18066_/RN : -746.205322
[setup reg-reg] _16858_/Q -> _18130_/RN : -746.205750
[setup reg-reg] _16858_/Q -> _18135_/RN : -746.204956
[setup reg-reg] _16858_/Q -> _18194_/RN : -746.205139
[setup reg-reg] _16858_/Q -> _18543_/RN : -746.196533
[setup reg-reg] _16858_/Q -> _17654_/RN : -746.190491
[setup reg-reg] _16858_/Q -> _18999_/RN : -746.190796
[setup reg-reg] _16858_/Q -> _19383_/RN : -746.190735
[setup reg-reg] _16858_/Q -> _18391_/RN : -746.189087
[setup reg-reg] _16858_/Q -> _18284_/RN : -746.180542
[setup reg-reg] _16858_/Q -> _17505_/RN : -746.168579
[setup reg-reg] _16858_/Q -> _17657_/RN : -746.161011
[setup reg-reg] _16858_/Q -> _18360_/RN : -746.152405
[setup reg-reg] _16858_/Q -> _17270_/RN : -746.138306
[setup reg-reg] _16858_/Q -> _18476_/RN : -746.137756
[setup reg-reg] _16858_/Q -> _17398_/RN : -746.135803
[setup reg-reg] _16858_/Q -> _17399_/RN : -746.134827
[setup reg-reg] _16858_/Q -> _17655_/RN : -746.133667
[setup reg-reg] _16858_/Q -> _18285_/RN : -746.132507
[setup reg-reg] _16858_/Q -> _19000_/RN : -746.133057
[setup reg-reg] _16858_/Q -> _19384_/RN : -746.133057
[setup reg-reg] _16858_/Q -> _19002_/RN : -746.128784
[setup reg-reg] _16858_/Q -> _19386_/RN : -746.128784
[setup reg-reg] _16858_/Q -> _18287_/RN : -746.118103
[setup reg-reg] _16858_/Q -> _18199_/RN : -746.106140
[setup reg-reg] _16858_/Q -> _18902_/RN : -746.089905
[setup reg-reg] _16858_/Q -> _18060_/RN : -746.086243
[setup reg-reg] _16858_/Q -> _17441_/RN : -746.072327
[setup reg-reg] _16858_/Q -> _17376_/RN : -746.069763
[setup reg-reg] _16858_/Q -> _18454_/RN : -746.067139
[setup reg-reg] _16858_/Q -> _17696_/RN : -746.065796
[setup reg-reg] _16858_/Q -> _18070_/RN : -746.064209
[setup reg-reg] _16858_/Q -> _18134_/RN : -746.064636
[setup reg-reg] _16858_/Q -> _19001_/RN : -746.064636
[setup reg-reg] _16858_/Q -> _17309_/RN : -746.062988
[setup reg-reg] _16858_/Q -> _18007_/RN : -746.063232
[setup reg-reg] _16858_/Q -> _18198_/RN : -746.063904
[setup reg-reg] _16858_/Q -> _18849_/RN : -746.063721
[setup reg-reg] _16858_/Q -> _17437_/RN : -746.062378
[setup reg-reg] _16858_/Q -> _18387_/RN : -746.062561
[setup reg-reg] _16858_/Q -> _18252_/RN : -746.060486
[setup reg-reg] _16858_/Q -> _19385_/RN : -746.059998
[setup reg-reg] _16858_/Q -> _18286_/RN : -746.056763
[setup reg-reg] _16858_/Q -> _17400_/RN : -746.052551
[setup reg-reg] _16858_/Q -> _17558_/RN : -746.053162
[setup reg-reg] _16858_/Q -> _17431_/RN : -746.051270
[setup reg-reg] _16858_/Q -> _18509_/RN : -746.050964
[setup reg-reg] _16858_/Q -> _17272_/RN : -746.048889
[setup reg-reg] _16858_/Q -> _17373_/RN : -746.048279
[setup reg-reg] _16858_/Q -> _18451_/RN : -746.047241
[setup reg-reg] _16858_/Q -> _18003_/RN : -746.045471
[setup reg-reg] _16858_/Q -> _18195_/RN : -746.045654
[setup reg-reg] _16858_/Q -> _18845_/RN : -746.045471
[setup reg-reg] _16858_/Q -> _17528_/RN : -746.043274
[setup reg-reg] _16858_/Q -> _18478_/RN : -746.043274
[setup reg-reg] _16858_/Q -> _17432_/RN : -746.037781
[setup reg-reg] _16858_/Q -> _17496_/RN : -746.036682
[setup reg-reg] _16858_/Q -> _19360_/RN : -746.037354
[setup reg-reg] _16858_/Q -> _18976_/RN : -746.036133
[setup reg-reg] _16858_/Q -> _18510_/RN : -746.032043
[setup reg-reg] _16858_/Q -> _18062_/RN : -746.029846
[setup reg-reg] _16858_/Q -> _17656_/RN : -746.028748
[setup reg-reg] _16858_/Q -> _18904_/RN : -746.027832
[setup reg-reg] _16858_/Q -> _17630_/RN : -746.026062
[setup reg-reg] _16858_/Q -> _18124_/RN : -746.026550
[setup reg-reg] _16858_/Q -> _18254_/RN : -746.026245
[setup reg-reg] _16858_/Q -> _17430_/RN : -746.024902
[setup reg-reg] _16858_/Q -> _17302_/RN : -746.023438
[setup reg-reg] _16858_/Q -> _18126_/RN : -746.023499
[setup reg-reg] _16858_/Q -> _18190_/RN : -746.023621
[setup reg-reg] _16858_/Q -> _18508_/RN : -746.024170
[setup reg-reg] _16858_/Q -> _18380_/RN : -746.023071
[setup reg-reg] _16858_/Q -> _17238_/RN : -746.022217
[setup reg-reg] _16858_/Q -> _18316_/RN : -746.022156
[setup reg-reg] _16858_/Q -> _17366_/RN : -746.020874
[setup reg-reg] _16858_/Q -> _18444_/RN : -746.020996
[setup reg-reg] _16858_/Q -> _18975_/RN : -746.020569
[setup reg-reg] _16858_/Q -> _19359_/RN : -746.020569
[setup reg-reg] _16858_/Q -> _17379_/RN : -746.016724
[setup reg-reg] _16858_/Q -> _18457_/RN : -746.015320
[setup reg-reg] _16858_/Q -> _17507_/RN : -746.011108
[setup reg-reg] _16858_/Q -> _18188_/RN : -746.009094
[setup reg-reg] _16858_/Q -> _18171_/RN : -746.006958
[setup reg-reg] _16858_/Q -> _18255_/RN : -746.005432
[setup reg-reg] _16858_/Q -> _18107_/RN : -746.004395
[setup reg-reg] _16858_/Q -> _18043_/RN : -746.003052
[setup reg-reg] _16858_/Q -> _18885_/RN : -746.003357
[setup reg-reg] _16858_/Q -> _17546_/RN : -745.999878
[setup reg-reg] _16858_/Q -> _18176_/RN : -746.000366
[setup reg-reg] _16858_/Q -> _17290_/RN : -745.998413
[setup reg-reg] _16858_/Q -> _18368_/RN : -745.998047
[setup reg-reg] _16858_/Q -> _17282_/RN : -745.996887
[setup reg-reg] _16858_/Q -> _17303_/RN : -745.997009
[setup reg-reg] _16858_/Q -> _18112_/RN : -745.997559
[setup reg-reg] _16858_/Q -> _18381_/RN : -745.993286
[setup reg-reg] _16858_/Q -> _18905_/RN : -745.989868
[setup reg-reg] _16858_/Q -> _17410_/RN : -745.988403
[setup reg-reg] _16858_/Q -> _17239_/RN : -745.987122
[setup reg-reg] _16858_/Q -> _17494_/RN : -745.986084
[setup reg-reg] _16858_/Q -> _18317_/RN : -745.984192
[setup reg-reg] _16858_/Q -> _17687_/RN : -745.983032
[setup reg-reg] _16858_/Q -> _17367_/RN : -745.981750
[setup reg-reg] _16858_/Q -> _19032_/RN : -745.982361
[setup reg-reg] _16858_/Q -> _19416_/RN : -745.982239
[setup reg-reg] _16858_/Q -> _17495_/RN : -745.981323
[setup reg-reg] _16858_/Q -> _18445_/RN : -745.981323
[setup reg-reg] _16858_/Q -> _17623_/RN : -745.979309
[setup reg-reg] _16858_/Q -> _18573_/RN : -745.979309
[setup reg-reg] _16858_/Q -> _17614_/RN : -745.978088
[setup reg-reg] _16858_/Q -> _18959_/RN : -745.977783
[setup reg-reg] _16858_/Q -> _19343_/RN : -745.977783
[setup reg-reg] _16858_/Q -> _18541_/RN : -745.974304
[setup reg-reg] _16858_/Q -> _17591_/RN : -745.967773
[setup reg-reg] _16858_/Q -> _17245_/RN : -745.963928
[setup reg-reg] _16858_/Q -> _18063_/RN : -745.951416
[setup reg-reg] _16858_/Q -> _18936_/RN : -745.944397
[setup reg-reg] _16858_/Q -> _19320_/RN : -745.944031
[setup reg-reg] _16858_/Q -> _18191_/RN : -745.941956
[setup reg-reg] _16858_/Q -> _18488_/RN : -745.941406
[setup reg-reg] _16858_/Q -> _18127_/RN : -745.938721
[setup reg-reg] _16858_/Q -> _18323_/RN : -745.935547
[setup reg-reg] _16858_/Q -> _18803_/RN : -745.923279
[setup reg-reg] _16858_/Q -> _17304_/RN : -745.920837
[setup reg-reg] _16858_/Q -> _17560_/RN : -745.920715
[setup reg-reg] _16858_/Q -> _18382_/RN : -745.920166
[setup reg-reg] _16858_/Q -> _18835_/RN : -745.918152
[setup reg-reg] _16858_/Q -> _17174_/RN : -745.916504
[setup reg-reg] _16858_/Q -> _17952_/RN : -745.916626
[setup reg-reg] _16858_/Q -> _17728_/RN : -745.915283
[setup reg-reg] _16858_/Q -> _17824_/RN : -745.915710
[setup reg-reg] _16858_/Q -> _17920_/RN : -745.913147
[setup reg-reg] _16858_/Q -> _17888_/RN : -745.907104
[setup reg-reg] _16858_/Q -> _18771_/RN : -745.903076
[setup reg-reg] _16858_/Q -> _18739_/RN : -745.898926
[setup reg-reg] _16858_/Q -> _18968_/RN : -745.897522
[setup reg-reg] _16858_/Q -> _19352_/RN : -745.897522
[setup reg-reg] _16858_/Q -> _17856_/RN : -745.896057
[setup reg-reg] _16858_/Q -> _18736_/RN : -745.896606
[setup reg-reg] _16858_/Q -> _17853_/RN : -745.894348
[setup reg-reg] _16858_/Q -> _17760_/RN : -745.893311
[setup reg-reg] _16858_/Q -> _17792_/RN : -745.892883
[setup reg-reg] _16858_/Q -> _18800_/RN : -745.891174
[setup reg-reg] _16858_/Q -> _17058_/RN : -745.889282
[setup reg-reg] _16858_/Q -> _17138_/RN : -745.889038
[setup reg-reg] _16858_/Q -> _17171_/RN : -745.889465
[setup reg-reg] _16858_/Q -> _17917_/RN : -745.889587
[setup reg-reg] _16858_/Q -> _17949_/RN : -745.889709
[setup reg-reg] _16858_/Q -> _18832_/RN : -745.889526
[setup reg-reg] _16858_/Q -> _18641_/RN : -745.888672
[setup reg-reg] _16858_/Q -> _17368_/RN : -745.887634
[setup reg-reg] _16858_/Q -> _19096_/RN : -745.888245
[setup reg-reg] _16858_/Q -> _19224_/RN : -745.888123
[setup reg-reg] _16858_/Q -> _17725_/RN : -745.885864
[setup reg-reg] _16858_/Q -> _17821_/RN : -745.885925
[setup reg-reg] _16858_/Q -> _18702_/RN : -745.886169
[setup reg-reg] _16858_/Q -> _19157_/RN : -745.886658
[setup reg-reg] _16858_/Q -> _19285_/RN : -745.887207
[setup reg-reg] _16858_/Q -> _18232_/RN : -745.884216
[setup reg-reg] _16858_/Q -> _19093_/RN : -745.884338
[setup reg-reg] _16858_/Q -> _19221_/RN : -745.884644
[setup reg-reg] _16858_/Q -> _17757_/RN : -745.881653
[setup reg-reg] _16858_/Q -> _17789_/RN : -745.881409
[setup reg-reg] _16858_/Q -> _18446_/RN : -745.882141
[setup reg-reg] _16858_/Q -> _18638_/RN : -745.882202
[setup reg-reg] _16858_/Q -> _18670_/RN : -745.880859
[setup reg-reg] _16858_/Q -> _19125_/RN : -745.880920
[setup reg-reg] _16858_/Q -> _19253_/RN : -745.880920
[setup reg-reg] _16858_/Q -> _17240_/RN : -745.879028
[setup reg-reg] _16858_/Q -> _18318_/RN : -745.873657
[setup reg-reg] _16858_/Q -> _18571_/RN : -745.870239
[setup reg-reg] _16858_/Q -> _17686_/RN : -745.868835
[setup reg-reg] _16858_/Q -> _19031_/RN : -745.867188
[setup reg-reg] _16858_/Q -> _19415_/RN : -745.866943
[setup reg-reg] _16858_/Q -> _17622_/RN : -745.864258
[setup reg-reg] _16858_/Q -> _18359_/RN : -745.864563
[setup reg-reg] _16858_/Q -> _18572_/RN : -745.862671
[setup reg-reg] _16858_/Q -> _18967_/RN : -745.862549
[setup reg-reg] _16858_/Q -> _19351_/RN : -745.862549
[setup reg-reg] _16858_/Q -> _17590_/RN : -745.861389
[setup reg-reg] _16858_/Q -> _18540_/RN : -745.861023
[setup reg-reg] _16858_/Q -> _18935_/RN : -745.860229
[setup reg-reg] _16858_/Q -> _19319_/RN : -745.860168
[setup reg-reg] _16858_/Q -> _18574_/RN : -745.844666
[setup reg-reg] _16858_/Q -> _17688_/RN : -745.842407
[setup reg-reg] _16858_/Q -> _19033_/RN : -745.841980
[setup reg-reg] _16858_/Q -> _19417_/RN : -745.841736
[setup reg-reg] _16858_/Q -> _17501_/RN : -745.830566
[setup reg-reg] _16858_/Q -> _18131_/RN : -745.827942
[setup reg-reg] _16858_/Q -> _17349_/RN : -745.825439
[setup reg-reg] _16858_/Q -> _18427_/RN : -745.825378
[setup reg-reg] _16858_/Q -> _17285_/RN : -745.823669
[setup reg-reg] _16858_/Q -> _17541_/RN : -745.824341
[setup reg-reg] _16858_/Q -> _18235_/RN : -745.822632
[setup reg-reg] _16858_/Q -> _18363_/RN : -745.822083
[setup reg-reg] _16858_/Q -> _18969_/RN : -745.816162
[setup reg-reg] _16858_/Q -> _19353_/RN : -745.816711
[setup reg-reg] _16858_/Q -> _18067_/RN : -745.815247
[setup reg-reg] _16858_/Q -> _18836_/RN : -745.787292
[setup reg-reg] _16858_/Q -> _18772_/RN : -745.779541
[setup reg-reg] _16858_/Q -> _17175_/RN : -745.773865
[setup reg-reg] _16858_/Q -> _17889_/RN : -745.774414
[setup reg-reg] _16858_/Q -> _17953_/RN : -745.773560
[setup reg-reg] _16858_/Q -> _17793_/RN : -745.769470
[setup reg-reg] _16858_/Q -> _17825_/RN : -745.768188
[setup reg-reg] _16858_/Q -> _18674_/RN : -745.768494
[setup reg-reg] _16858_/Q -> _18706_/RN : -745.767944
[setup reg-reg] _16858_/Q -> _19129_/RN : -745.768311
[setup reg-reg] _16858_/Q -> _19161_/RN : -745.768066
[setup reg-reg] _16858_/Q -> _19257_/RN : -745.768311
[setup reg-reg] _16858_/Q -> _19289_/RN : -745.767883
[setup reg-reg] _16858_/Q -> _19223_/RN : -745.765015
[setup reg-reg] _16858_/Q -> _19095_/RN : -745.764160
[setup reg-reg] _16858_/Q -> _18640_/RN : -745.755432
[setup reg-reg] _16858_/Q -> _17759_/RN : -745.749084
[setup reg-reg] _16858_/Q -> _18137_/RN : -745.748901
[setup reg-reg] _16858_/Q -> _18168_/RN : -745.748596
[setup reg-reg] _16858_/Q -> _17887_/RN : -745.744324
[setup reg-reg] _16858_/Q -> _17951_/RN : -745.743835
[setup reg-reg] _16858_/Q -> _18770_/RN : -745.743713
[setup reg-reg] _16858_/Q -> _18834_/RN : -745.743835
[setup reg-reg] _16858_/Q -> _17173_/RN : -745.742554
[setup reg-reg] _16858_/Q -> _17855_/RN : -745.741333
[setup reg-reg] _16858_/Q -> _17919_/RN : -745.740784
[setup reg-reg] _16858_/Q -> _18738_/RN : -745.741028
[setup reg-reg] _16858_/Q -> _18802_/RN : -745.740723
[setup reg-reg] _16858_/Q -> _17514_/RN : -745.731873
[setup reg-reg] _16858_/Q -> _18073_/RN : -745.732117
[setup reg-reg] _16858_/Q -> _18201_/RN : -745.732361
[setup reg-reg] _16858_/Q -> _19287_/RN : -745.732605
[setup reg-reg] _16858_/Q -> _19159_/RN : -745.729004
[setup reg-reg] _16858_/Q -> _18672_/RN : -745.726990
[setup reg-reg] _16858_/Q -> _19127_/RN : -745.726990
[setup reg-reg] _16858_/Q -> _19255_/RN : -745.726990
[setup reg-reg] _16858_/Q -> _18704_/RN : -745.725220
[setup reg-reg] _16858_/Q -> _17791_/RN : -745.720520
[setup reg-reg] _16858_/Q -> _17727_/RN : -745.717712
[setup reg-reg] _16858_/Q -> _17823_/RN : -745.717102
[setup reg-reg] _16858_/Q -> _18705_/RN : -745.715881
[setup reg-reg] _16858_/Q -> _19160_/RN : -745.716187
[setup reg-reg] _16858_/Q -> _19288_/RN : -745.716064
[setup reg-reg] _16858_/Q -> _18040_/RN : -745.713684
[setup reg-reg] _16858_/Q -> _18104_/RN : -745.714172
[setup reg-reg] _16858_/Q -> _18882_/RN : -745.713684
[setup reg-reg] _16858_/Q -> _18608_/RN : -745.711487
[setup reg-reg] _16858_/Q -> _19063_/RN : -745.711182
[setup reg-reg] _16858_/Q -> _19191_/RN : -745.711121
[setup reg-reg] _16858_/Q -> _18609_/RN : -745.706299
[setup reg-reg] _16858_/Q -> _19064_/RN : -745.706848
[setup reg-reg] _16858_/Q -> _19192_/RN : -745.706909
[setup reg-reg] _16858_/Q -> _18673_/RN : -745.703003
[setup reg-reg] _16858_/Q -> _19128_/RN : -745.703735
[setup reg-reg] _16858_/Q -> _19189_/RN : -745.703369
[setup reg-reg] _16858_/Q -> _19256_/RN : -745.703796
[setup reg-reg] _16858_/Q -> _18606_/RN : -745.702454
[setup reg-reg] _16858_/Q -> _19061_/RN : -745.702698
[setup reg-reg] _16858_/Q -> _17221_/RN : -745.700195
[setup reg-reg] _16858_/Q -> _17251_/RN : -745.699280
[setup reg-reg] _16858_/Q -> _17477_/RN : -745.697144
[setup reg-reg] _16858_/Q -> _18299_/RN : -745.694275
[setup reg-reg] _16858_/Q -> _17413_/RN : -745.691772
[setup reg-reg] _16858_/Q -> _18491_/RN : -745.692444
[setup reg-reg] _16858_/Q -> _17226_/RN : -745.690796
[setup reg-reg] _16858_/Q -> _17354_/RN : -745.690735
[setup reg-reg] _16858_/Q -> _17482_/RN : -745.689514
[setup reg-reg] _16858_/Q -> _18432_/RN : -745.689697
[setup reg-reg] _16858_/Q -> _19014_/RN : -745.652954
[setup reg-reg] _16858_/Q -> _17669_/RN : -745.634705
[setup reg-reg] _16858_/Q -> _17381_/RN : -745.632324
[setup reg-reg] _16858_/Q -> _17509_/RN : -745.633057
[setup reg-reg] _16858_/Q -> _18203_/RN : -745.631836
[setup reg-reg] _16858_/Q -> _18459_/RN : -745.632141
[setup reg-reg] _16858_/Q -> _19398_/RN : -745.630127
[setup reg-reg] _16858_/Q -> _19393_/RN : -745.581360
[setup reg-reg] _16858_/Q -> _17668_/RN : -745.560486
[setup reg-reg] _16858_/Q -> _19013_/RN : -745.548828
[setup reg-reg] _16858_/Q -> _19397_/RN : -745.545898
[setup reg-reg] _16858_/Q -> _18039_/RN : -745.532410
[setup reg-reg] _16858_/Q -> _18881_/RN : -745.521790
[setup reg-reg] _16858_/Q -> _19009_/RN : -745.514526
[setup reg-reg] _16858_/Q -> _19019_/RN : -745.478943
[setup reg-reg] _16858_/Q -> _18304_/RN : -745.471191
[setup reg-reg] _16858_/Q -> _18048_/RN : -745.468018
[setup reg-reg] _16858_/Q -> _18890_/RN : -745.468018
[setup reg-reg] _16858_/Q -> _18108_/RN : -745.464600
[setup reg-reg] _16858_/Q -> _18172_/RN : -745.464478
[setup reg-reg] _16858_/Q -> _18240_/RN : -745.465088
[setup reg-reg] _16858_/Q -> _17418_/RN : -745.463562
[setup reg-reg] _16858_/Q -> _18496_/RN : -745.463745
[setup reg-reg] _16858_/Q -> _19403_/RN : -745.458435
[setup reg-reg] _16858_/Q -> _17674_/RN : -745.453552
[setup reg-reg] _16858_/Q -> _17478_/RN : -745.404663
[setup reg-reg] _16858_/Q -> _17286_/RN : -745.396179
[setup reg-reg] _16858_/Q -> _17350_/RN : -745.396301
[setup reg-reg] _16858_/Q -> _17542_/RN : -745.392822
[setup reg-reg] _16858_/Q -> _18364_/RN : -745.392517
[setup reg-reg] _16858_/Q -> _17664_/RN : -745.351379
[setup reg-reg] _16858_/Q -> _18428_/RN : -745.351135
[setup reg-reg] _16858_/Q -> _18492_/RN : -745.351257
[setup reg-reg] _16858_/Q -> _18103_/RN : -745.343506
[setup reg-reg] _16858_/Q -> _17343_/RN : -745.320801
[setup reg-reg] _16858_/Q -> _17222_/RN : -745.319824
[setup reg-reg] _16858_/Q -> _17471_/RN : -745.318665
[setup reg-reg] _16858_/Q -> _18421_/RN : -745.319336
[setup reg-reg] _16858_/Q -> _17404_/RN : -745.317200
[setup reg-reg] _16858_/Q -> _17532_/RN : -745.316345
[setup reg-reg] _16858_/Q -> _18236_/RN : -745.317078
[setup reg-reg] _16858_/Q -> _18482_/RN : -745.316467
[setup reg-reg] _16858_/Q -> _18886_/RN : -745.316162
[setup reg-reg] _16858_/Q -> _17480_/RN : -745.315247
[setup reg-reg] _16858_/Q -> _18044_/RN : -745.315735
[setup reg-reg] _16858_/Q -> _19015_/RN : -745.287109
[setup reg-reg] _16858_/Q -> _17533_/RN : -745.284790
[setup reg-reg] _16858_/Q -> _19399_/RN : -745.274292
[setup reg-reg] _16858_/Q -> _17670_/RN : -745.266052
[setup reg-reg] _16858_/Q -> _18300_/RN : -745.248535
[setup reg-reg] _16858_/Q -> _18138_/RN : -745.241211
[setup reg-reg] _16858_/Q -> _18852_/RN : -745.241455
[setup reg-reg] _16858_/Q -> _17352_/RN : -745.239746
[setup reg-reg] _16858_/Q -> _18430_/RN : -745.239990
[setup reg-reg] _16858_/Q -> _17188_/RN : -745.233887
[setup reg-reg] _16858_/Q -> _17444_/RN : -745.233887
[setup reg-reg] _16858_/Q -> _18394_/RN : -745.234253
[setup reg-reg] _16858_/Q -> _18202_/RN : -745.230957
[setup reg-reg] _16858_/Q -> _17316_/RN : -745.227478
[setup reg-reg] _16858_/Q -> _18010_/RN : -745.227722
[setup reg-reg] _16858_/Q -> _17224_/RN : -745.223938
[setup reg-reg] _16858_/Q -> _17288_/RN : -745.221558
[setup reg-reg] _16858_/Q -> _17416_/RN : -745.220947
[setup reg-reg] _16858_/Q -> _18366_/RN : -745.221191
[setup reg-reg] _16858_/Q -> _18494_/RN : -745.219604
[setup reg-reg] _16858_/Q -> _18888_/RN : -745.219360
[setup reg-reg] _16858_/Q -> _17672_/RN : -745.217834
[setup reg-reg] _16858_/Q -> _18302_/RN : -745.208801
[setup reg-reg] _16858_/Q -> _19017_/RN : -745.209534
[setup reg-reg] _16858_/Q -> _19401_/RN : -745.207520
[setup reg-reg] _16858_/Q -> _17340_/RN : -745.203674
[setup reg-reg] _16858_/Q -> _18206_/RN : -745.202454
[setup reg-reg] _16858_/Q -> _18209_/RN : -745.201721
[setup reg-reg] _16858_/Q -> _18856_/RN : -745.200134
[setup reg-reg] _16858_/Q -> _18859_/RN : -745.200195
[setup reg-reg] _16858_/Q -> _18017_/RN : -745.198853
[setup reg-reg] _16858_/Q -> _18145_/RN : -745.198547
[setup reg-reg] _16858_/Q -> _17387_/RN : -745.192993
[setup reg-reg] _16858_/Q -> _17512_/RN : -745.193542
[setup reg-reg] _16858_/Q -> _17515_/RN : -745.191406
[setup reg-reg] _16858_/Q -> _18081_/RN : -745.191345
[setup reg-reg] _16858_/Q -> _18465_/RN : -745.191650
[setup reg-reg] _16858_/Q -> _17259_/RN : -745.190308
[setup reg-reg] _16858_/Q -> _18077_/RN : -745.190369
[setup reg-reg] _16858_/Q -> _17323_/RN : -745.189514
[setup reg-reg] _16858_/Q -> _17384_/RN : -745.189636
[setup reg-reg] _16858_/Q -> _17639_/RN : -745.188721
[setup reg-reg] _16858_/Q -> _18401_/RN : -745.189026
[setup reg-reg] _16858_/Q -> _17212_/RN : -745.186890
[setup reg-reg] _16858_/Q -> _18290_/RN : -745.186035
[setup reg-reg] _16858_/Q -> _18355_/RN : -745.185547
[setup reg-reg] _16858_/Q -> _18337_/RN : -745.184021
[setup reg-reg] _16858_/Q -> _17195_/RN : -745.177063
[setup reg-reg] _16858_/Q -> _17451_/RN : -745.173035
[setup reg-reg] _16858_/Q -> _18984_/RN : -745.171082
[setup reg-reg] _16858_/Q -> _19368_/RN : -745.171082
[setup reg-reg] _16858_/Q -> _17608_/RN : -745.169006
[setup reg-reg] _16858_/Q -> _18558_/RN : -745.167664
[setup reg-reg] _16858_/Q -> _18462_/RN : -745.166199
[setup reg-reg] _16858_/Q -> _18953_/RN : -745.166565
[setup reg-reg] _16858_/Q -> _19337_/RN : -745.166443
[setup reg-reg] _16858_/Q -> _17611_/RN : -745.165039
[setup reg-reg] _16858_/Q -> _18561_/RN : -745.164185
[setup reg-reg] _16858_/Q -> _18956_/RN : -745.163513
[setup reg-reg] _16858_/Q -> _19340_/RN : -745.163452
[setup reg-reg] _16858_/Q -> _17256_/RN : -745.157654
[setup reg-reg] _16858_/Q -> _18334_/RN : -745.123657
[setup reg-reg] _16858_/Q -> _18294_/RN : -745.117554
[setup reg-reg] _16858_/Q -> _18014_/RN : -745.097046
[setup reg-reg] _16858_/Q -> _18142_/RN : -745.084351
[setup reg-reg] _16858_/Q -> _18988_/RN : -745.079224
[setup reg-reg] _16858_/Q -> _19372_/RN : -745.079590
[setup reg-reg] _16858_/Q -> _18270_/RN : -745.070923
[setup reg-reg] _16858_/Q -> _17640_/RN : -745.069458
[setup reg-reg] _16858_/Q -> _18273_/RN : -745.070007
[setup reg-reg] _16858_/Q -> _18985_/RN : -745.069397
[setup reg-reg] _16858_/Q -> _19369_/RN : -745.069397
[setup reg-reg] _16858_/Q -> _18819_/RN : -745.066467
[setup reg-reg] _16858_/Q -> _17936_/RN : -745.063110
[setup reg-reg] _16858_/Q -> _19048_/RN : -745.061951
[setup reg-reg] _16858_/Q -> _19176_/RN : -745.062317
[setup reg-reg] _16858_/Q -> _18593_/RN : -745.059570
[setup reg-reg] _16858_/Q -> _17643_/RN : -745.057373
[setup reg-reg] _16858_/Q -> _17712_/RN : -745.057190
[setup reg-reg] _16858_/Q -> _17158_/RN : -745.055481
[setup reg-reg] _16858_/Q -> _17873_/RN : -745.054260
[setup reg-reg] _16858_/Q -> _18756_/RN : -745.054688
[setup reg-reg] _16858_/Q -> _17049_/RN : -745.053467
[setup reg-reg] _16858_/Q -> _17129_/RN : -745.053650
[setup reg-reg] _16858_/Q -> _17468_/RN : -745.051819
[setup reg-reg] _16858_/Q -> _17745_/RN : -745.052185
[setup reg-reg] _16858_/Q -> _18626_/RN : -745.052368
[setup reg-reg] _16858_/Q -> _19081_/RN : -745.052307
[setup reg-reg] _16858_/Q -> _19209_/RN : -745.052246
[setup reg-reg] _16858_/Q -> _17579_/RN : -745.045349
[setup reg-reg] _16858_/Q -> _18128_/RN : -745.037048
[setup reg-reg] _16858_/Q -> _18529_/RN : -745.036621
[setup reg-reg] _16858_/Q -> _18924_/RN : -745.037109
[setup reg-reg] _16858_/Q -> _18256_/RN : -745.031494
[setup reg-reg] _16858_/Q -> _19308_/RN : -745.032227
[setup reg-reg] _16858_/Q -> _17307_/RN : -745.025452
[setup reg-reg] _16858_/Q -> _18820_/RN : -745.025146
[setup reg-reg] _16858_/Q -> _18513_/RN : -745.021240
[setup reg-reg] _16858_/Q -> _17937_/RN : -745.020447
[setup reg-reg] _16858_/Q -> _17371_/RN : -745.018860
[setup reg-reg] _16858_/Q -> _18032_/RN : -745.019531
[setup reg-reg] _16858_/Q -> _18096_/RN : -745.019226
[setup reg-reg] _16858_/Q -> _18874_/RN : -745.019409
[setup reg-reg] _16858_/Q -> _19180_/RN : -745.019104
[setup reg-reg] _16858_/Q -> _19052_/RN : -745.018188
[setup reg-reg] _16858_/Q -> _18449_/RN : -745.015564
[setup reg-reg] _16858_/Q -> _18597_/RN : -745.015930
[setup reg-reg] _16858_/Q -> _17716_/RN : -745.013977
[setup reg-reg] _16858_/Q -> _17940_/RN : -745.014648
[setup reg-reg] _16858_/Q -> _17162_/RN : -745.012634
[setup reg-reg] _16858_/Q -> _17499_/RN : -745.013123
[setup reg-reg] _16858_/Q -> _19148_/RN : -745.012634
[setup reg-reg] _16858_/Q -> _19276_/RN : -745.013245
[setup reg-reg] _16858_/Q -> _17780_/RN : -745.011047
[setup reg-reg] _16858_/Q -> _18661_/RN : -745.011108
[setup reg-reg] _16858_/Q -> _19116_/RN : -745.011597
[setup reg-reg] _16858_/Q -> _19244_/RN : -745.011536
[setup reg-reg] _16858_/Q -> _18693_/RN : -745.009094
[setup reg-reg] _16858_/Q -> _17333_/RN : -745.007019
[setup reg-reg] _16858_/Q -> _18224_/RN : -745.007690
[setup reg-reg] _16858_/Q -> _18161_/RN : -745.006714
[setup reg-reg] _16858_/Q -> _17269_/RN : -745.005615
[setup reg-reg] _16858_/Q -> _18727_/RN : -745.005920
[setup reg-reg] _16858_/Q -> _17205_/RN : -745.004333
[setup reg-reg] _16858_/Q -> _17461_/RN : -745.004517
[setup reg-reg] _16858_/Q -> _17876_/RN : -745.004639
[setup reg-reg] _16858_/Q -> _17908_/RN : -745.004639
[setup reg-reg] _16858_/Q -> _18411_/RN : -745.004944
[setup reg-reg] _16858_/Q -> _18759_/RN : -745.005066
[setup reg-reg] _16858_/Q -> _18791_/RN : -745.005310
[setup reg-reg] _16858_/Q -> _17397_/RN : -745.003479
[setup reg-reg] _16858_/Q -> _17812_/RN : -745.003418
[setup reg-reg] _16858_/Q -> _17525_/RN : -745.002625
[setup reg-reg] _16858_/Q -> _17844_/RN : -745.003296
[setup reg-reg] _16858_/Q -> _18475_/RN : -745.002258
[setup reg-reg] _16858_/Q -> _18283_/RN : -745.001038
[setup reg-reg] _16858_/Q -> _17748_/RN : -744.999756
[setup reg-reg] _16858_/Q -> _18347_/RN : -745.000427
[setup reg-reg] _16858_/Q -> _18629_/RN : -744.999695
[setup reg-reg] _16858_/Q -> _19084_/RN : -744.999207
[setup reg-reg] _16858_/Q -> _19212_/RN : -744.999084
[setup reg-reg] _16858_/Q -> _18657_/RN : -744.997009
[setup reg-reg] _16858_/Q -> _19112_/RN : -744.997253
[setup reg-reg] _16858_/Q -> _19240_/RN : -744.997375
[setup reg-reg] _16858_/Q -> _18358_/RN : -744.990967
[setup reg-reg] _16858_/Q -> _17563_/RN : -744.973938
[setup reg-reg] _16858_/Q -> _18418_/RN : -744.960632
[setup reg-reg] _16858_/Q -> _17276_/RN : -744.902649
[setup reg-reg] _16858_/Q -> _18385_/RN : -744.864380
[setup reg-reg] _16858_/Q -> _18193_/RN : -744.752747
[setup reg-reg] _16858_/Q -> _18354_/RN : -744.677429
[setup reg-reg] _16858_/Q -> _18129_/RN : -744.633606
[setup reg-reg] _16858_/Q -> _18098_/RN : -744.629272
[setup reg-reg] _16858_/Q -> _18065_/RN : -744.625977
[setup reg-reg] _16858_/Q -> _18034_/RN : -744.623169
[setup reg-reg] _16858_/Q -> _18162_/RN : -744.622131
[setup reg-reg] _16858_/Q -> _18226_/RN : -744.622314
[setup reg-reg] _16858_/Q -> _18876_/RN : -744.622559
[setup reg-reg] _16858_/Q -> _18356_/RN : -744.616150
[setup reg-reg] _16858_/Q -> _17216_/RN : -744.612793
[setup reg-reg] _16858_/Q -> _17278_/RN : -744.610840
[setup reg-reg] _16858_/Q -> _18100_/RN : -744.607544
[setup reg-reg] _16858_/Q -> _18228_/RN : -744.607971
[setup reg-reg] _16858_/Q -> _18164_/RN : -744.606018
[setup reg-reg] _16858_/Q -> _17406_/RN : -744.605042
[setup reg-reg] _16858_/Q -> _18036_/RN : -744.605042
[setup reg-reg] _16858_/Q -> _18484_/RN : -744.605469
[setup reg-reg] _16858_/Q -> _18878_/RN : -744.605042
[setup reg-reg] _16858_/Q -> _18906_/RN : -744.605408
[setup reg-reg] _16858_/Q -> _17502_/RN : -744.604004
[setup reg-reg] _16858_/Q -> _17534_/RN : -744.604248
[setup reg-reg] _16858_/Q -> _18064_/RN : -744.604614
[setup reg-reg] _16858_/Q -> _18163_/RN : -744.604797
[setup reg-reg] _16858_/Q -> _18192_/RN : -744.604797
[setup reg-reg] _16858_/Q -> _18907_/RN : -744.539917
[setup reg-reg] _16858_/Q -> _18099_/RN : -744.497009
[setup reg-reg] _16858_/Q -> _18227_/RN : -744.497253
[setup reg-reg] _16858_/Q -> _18257_/RN : -744.482178
[setup reg-reg] _16858_/Q -> _18038_/RN : -744.477051
[setup reg-reg] _16858_/Q -> _18880_/RN : -744.473999
[setup reg-reg] _16858_/Q -> _18230_/RN : -744.465027
[setup reg-reg] _16858_/Q -> _17219_/RN : -744.455994
[setup reg-reg] _16858_/Q -> _18041_/RN : -744.444946
[setup reg-reg] _16858_/Q -> _18233_/RN : -744.440430
[setup reg-reg] _16858_/Q -> _18361_/RN : -744.440430
[setup reg-reg] _16858_/Q -> _18883_/RN : -744.440918
[setup reg-reg] _16858_/Q -> _18035_/RN : -744.420959
[setup reg-reg] _16858_/Q -> _18877_/RN : -744.420349
[setup reg-reg] _16858_/Q -> _17342_/RN : -744.419189
[setup reg-reg] _16858_/Q -> _17470_/RN : -744.418457
[setup reg-reg] _16858_/Q -> _18165_/RN : -744.419189
[setup reg-reg] _16858_/Q -> _18420_/RN : -744.418518
[setup reg-reg] _16858_/Q -> _18105_/RN : -744.405884
[setup reg-reg] _16858_/Q -> _18229_/RN : -744.399353
[setup reg-reg] _16858_/Q -> _18169_/RN : -744.397095
[setup reg-reg] _16858_/Q -> _18231_/RN : -744.396301
[setup reg-reg] _16858_/Q -> _17311_/RN : -744.392700
[setup reg-reg] _16858_/Q -> _17375_/RN : -744.391968
[setup reg-reg] _16858_/Q -> _18197_/RN : -744.392334
[setup reg-reg] _16858_/Q -> _18453_/RN : -744.389160
[setup reg-reg] _16858_/Q -> _17439_/RN : -744.386841
[setup reg-reg] _16858_/Q -> _17503_/RN : -744.386902
[setup reg-reg] _16858_/Q -> _18389_/RN : -744.386169
[setup reg-reg] _16858_/Q -> _18005_/RN : -744.384277
[setup reg-reg] _16858_/Q -> _18069_/RN : -744.383484
[setup reg-reg] _16858_/Q -> _18133_/RN : -744.383484
[setup reg-reg] _16858_/Q -> _18847_/RN : -744.384033
[setup reg-reg] _16858_/Q -> _18933_/RN : -744.384033
[setup reg-reg] _16858_/Q -> _19317_/RN : -744.384155
[setup reg-reg] _16858_/Q -> _18538_/RN : -744.380371
[setup reg-reg] _16858_/Q -> _18026_/RN : -744.374695
[setup reg-reg] _16858_/Q -> _18218_/RN : -744.375366
[setup reg-reg] _16858_/Q -> _18868_/RN : -744.374512
[setup reg-reg] _16858_/Q -> _18154_/RN : -744.371216
[setup reg-reg] _16858_/Q -> _18090_/RN : -744.369995
[setup reg-reg] _16858_/Q -> _18282_/RN : -744.366882
[setup reg-reg] _16858_/Q -> _17684_/RN : -744.365540
[setup reg-reg] _16858_/Q -> _18997_/RN : -744.365356
[setup reg-reg] _16858_/Q -> _19381_/RN : -744.365417
[setup reg-reg] _16858_/Q -> _17652_/RN : -744.364502
[setup reg-reg] _16858_/Q -> _17236_/RN : -744.362549
[setup reg-reg] _16858_/Q -> _17364_/RN : -744.362671
[setup reg-reg] _16858_/Q -> _17524_/RN : -744.362976
[setup reg-reg] _16858_/Q -> _18442_/RN : -744.362427
[setup reg-reg] _16858_/Q -> _18160_/RN : -744.358154
[setup reg-reg] _16858_/Q -> _18219_/RN : -744.290894
[setup reg-reg] _16858_/Q -> _18422_/RN : -744.279663
[setup reg-reg] _16858_/Q -> _17344_/RN : -744.228638
[setup reg-reg] _16858_/Q -> _18869_/RN : -744.228271
[setup reg-reg] _16858_/Q -> _18027_/RN : -744.184814
[setup reg-reg] _16858_/Q -> _18091_/RN : -744.184204
[setup reg-reg] _16858_/Q -> _18155_/RN : -744.184387
[setup reg-reg] _16858_/Q -> _17588_/RN : -744.090210
[setup reg-reg] _16858_/Q -> _18346_/RN : -744.081970
[setup reg-reg] _16858_/Q -> _17472_/RN : -743.993042
[setup reg-reg] _16858_/Q -> _17396_/RN : -743.964600
[setup reg-reg] _16858_/Q -> _18028_/RN : -743.960083
[setup reg-reg] _16858_/Q -> _18870_/RN : -743.960205
[setup reg-reg] _16858_/Q -> _18156_/RN : -743.955750
[setup reg-reg] _16858_/Q -> _18092_/RN : -743.953918
[setup reg-reg] _16858_/Q -> _18220_/RN : -743.951904
[setup reg-reg] _16858_/Q -> _17411_/RN : -743.911194
[setup reg-reg] _16858_/Q -> _17631_/RN : -743.910095
[setup reg-reg] _16858_/Q -> _18474_/RN : -743.910461
[setup reg-reg] _16858_/Q -> _18844_/RN : -743.910400
[setup reg-reg] _16858_/Q -> _17268_/RN : -743.855835
[setup reg-reg] _16858_/Q -> _18489_/RN : -743.855408
[setup reg-reg] _16858_/Q -> _17283_/RN : -743.853699
[setup reg-reg] _16858_/Q -> _17347_/RN : -743.847778
[setup reg-reg] _16858_/Q -> _17539_/RN : -743.844238
[setup reg-reg] _16858_/Q -> _18425_/RN : -743.843445
[setup reg-reg] _16858_/Q -> _17475_/RN : -743.839722
[setup reg-reg] _16858_/Q -> _17183_/RN : -743.838501
[setup reg-reg] _16858_/Q -> _17247_/RN : -743.838135
[setup reg-reg] _16858_/Q -> _17697_/RN : -743.837341
[setup reg-reg] _16858_/Q -> _17699_/RN : -743.837463
[setup reg-reg] _16858_/Q -> _17182_/RN : -743.835266
[setup reg-reg] _16858_/Q -> _17310_/RN : -743.833008
[setup reg-reg] _16858_/Q -> _18388_/RN : -743.832642
[setup reg-reg] _16858_/Q -> _17374_/RN : -743.831055
[setup reg-reg] _16858_/Q -> _18452_/RN : -743.831360
[setup reg-reg] _16858_/Q -> _17204_/RN : -743.812317
[setup reg-reg] _16858_/Q -> _17460_/RN : -743.812195
[setup reg-reg] _16858_/Q -> _18410_/RN : -743.812622
[setup reg-reg] _16858_/Q -> _17462_/RN : -743.798340
[setup reg-reg] _16858_/Q -> _18349_/RN : -743.797729
[setup reg-reg] _16858_/Q -> _17271_/RN : -743.796631
[setup reg-reg] _16858_/Q -> _17527_/RN : -743.797058
[setup reg-reg] _16858_/Q -> _18477_/RN : -743.796387
[setup reg-reg] _16858_/Q -> _17332_/RN : -743.746338
[setup reg-reg] _16858_/Q -> _18157_/RN : -743.634705
[setup reg-reg] _16858_/Q -> _17620_/RN : -743.613098
[setup reg-reg] _16858_/Q -> _18965_/RN : -743.611206
[setup reg-reg] _16858_/Q -> _19349_/RN : -743.611389
[setup reg-reg] _16858_/Q -> _18570_/RN : -743.609253
[setup reg-reg] _16858_/Q -> _18186_/RN : -743.608337
[setup reg-reg] _16858_/Q -> _17522_/RN : -743.606262
[setup reg-reg] _16858_/Q -> _18378_/RN : -743.606873
[setup reg-reg] _16858_/Q -> _17329_/RN : -743.605408
[setup reg-reg] _16858_/Q -> _18122_/RN : -743.605835
[setup reg-reg] _16858_/Q -> _18181_/RN : -743.605713
[setup reg-reg] _16858_/Q -> _18250_/RN : -743.605530
[setup reg-reg] _16858_/Q -> _18093_/RN : -743.590393
[setup reg-reg] _16858_/Q -> _18261_/RN : -743.575806
[setup reg-reg] _16858_/Q -> _18325_/RN : -743.547668
[setup reg-reg] _16858_/Q -> _17335_/RN : -743.484680
[setup reg-reg] _16858_/Q -> _18413_/RN : -743.410339
[setup reg-reg] _16858_/Q -> _17504_/RN : -743.403015
[setup reg-reg] _16858_/Q -> _17207_/RN : -743.380554
[setup reg-reg] _16858_/Q -> _17463_/RN : -743.369568
[setup reg-reg] _16858_/Q -> _17428_/RN : -743.343872
[setup reg-reg] _16858_/Q -> _17300_/RN : -743.342468
[setup reg-reg] _16858_/Q -> _18506_/RN : -743.343140
[setup reg-reg] _16858_/Q -> _17556_/RN : -743.342346
[setup reg-reg] _16858_/Q -> _17486_/RN : -743.318115
[setup reg-reg] _16858_/Q -> _18029_/RN : -743.304443
[setup reg-reg] _16858_/Q -> _18871_/RN : -743.304260
[setup reg-reg] _16858_/Q -> _18221_/RN : -743.295288
[setup reg-reg] _16858_/Q -> _18180_/RN : -743.284363
[setup reg-reg] _16858_/Q -> _17358_/RN : -743.271240
[setup reg-reg] _16858_/Q -> _18372_/RN : -743.270325
[setup reg-reg] _16858_/Q -> _18436_/RN : -743.270691
[setup reg-reg] _16858_/Q -> _17698_/RN : -743.257141
[setup reg-reg] _16858_/Q -> _18244_/RN : -743.249146
[setup reg-reg] _16858_/Q -> _18116_/RN : -743.234741
[setup reg-reg] _16858_/Q -> _18052_/RN : -743.204285
[setup reg-reg] _16858_/Q -> _18894_/RN : -743.197327
[setup reg-reg] _16858_/Q -> _17359_/RN : -743.194824
[setup reg-reg] _16858_/Q -> _17487_/RN : -743.185181
[setup reg-reg] _16858_/Q -> _17550_/RN : -743.185425
[setup reg-reg] _16858_/Q -> _18437_/RN : -743.185669
[setup reg-reg] _16858_/Q -> _17294_/RN : -743.171570
[setup reg-reg] _16858_/Q -> _18184_/RN : -743.170227
[setup reg-reg] _16858_/Q -> _17231_/RN : -743.168823
[setup reg-reg] _16858_/Q -> _18898_/RN : -743.159058
[setup reg-reg] _16858_/Q -> _17553_/RN : -743.157898
[setup reg-reg] _16858_/Q -> _18056_/RN : -743.153931
[setup reg-reg] _16858_/Q -> _17295_/RN : -743.148621
[setup reg-reg] _16858_/Q -> _17422_/RN : -743.142822
[setup reg-reg] _16858_/Q -> _18183_/RN : -743.139954
[setup reg-reg] _16858_/Q -> _18248_/RN : -743.140381
[setup reg-reg] _16858_/Q -> _17423_/RN : -743.137512
[setup reg-reg] _16858_/Q -> _17425_/RN : -743.137329
[setup reg-reg] _16858_/Q -> _18503_/RN : -743.136108
[setup reg-reg] _16858_/Q -> _18055_/RN : -743.135315
[setup reg-reg] _16858_/Q -> _18247_/RN : -743.134827
[setup reg-reg] _16858_/Q -> _18500_/RN : -743.135193
[setup reg-reg] _16858_/Q -> _18897_/RN : -743.135010
[setup reg-reg] _16858_/Q -> _18501_/RN : -743.132935
[setup reg-reg] _16858_/Q -> _18120_/RN : -743.129150
[setup reg-reg] _16858_/Q -> _18309_/RN : -743.125061
[setup reg-reg] _16858_/Q -> _17488_/RN : -743.114807
[setup reg-reg] _16858_/Q -> _18119_/RN : -743.112671
[setup reg-reg] _16858_/Q -> _17679_/RN : -743.107117
[setup reg-reg] _16858_/Q -> _17297_/RN : -743.104126
[setup reg-reg] _16858_/Q -> _17615_/RN : -743.100952
[setup reg-reg] _16858_/Q -> _18565_/RN : -743.094543
[setup reg-reg] _16858_/Q -> _18960_/RN : -743.093140
[setup reg-reg] _16858_/Q -> _17296_/RN : -743.092346
[setup reg-reg] _16858_/Q -> _19344_/RN : -743.093018
[setup reg-reg] _16858_/Q -> _17552_/RN : -743.091492
[setup reg-reg] _16858_/Q -> _18374_/RN : -743.091736
[setup reg-reg] _16858_/Q -> _18375_/RN : -743.090820
[setup reg-reg] _16858_/Q -> _17554_/RN : -743.087097
[setup reg-reg] _16858_/Q -> _17424_/RN : -743.082642
[setup reg-reg] _16858_/Q -> _18182_/RN : -743.081970
[setup reg-reg] _16858_/Q -> _18439_/RN : -743.078125
[setup reg-reg] _16858_/Q -> _18502_/RN : -743.078308
[setup reg-reg] _16858_/Q -> _18246_/RN : -743.070862
[setup reg-reg] _16858_/Q -> _18896_/RN : -743.071167
[setup reg-reg] _16858_/Q -> _17426_/RN : -743.069763
[setup reg-reg] _16858_/Q -> _18504_/RN : -743.070007
[setup reg-reg] _16858_/Q -> _18054_/RN : -743.065430
[setup reg-reg] _16858_/Q -> _17489_/RN : -743.063782
[setup reg-reg] _16858_/Q -> _17586_/RN : -743.062561
[setup reg-reg] _16858_/Q -> _18118_/RN : -743.063293
[setup reg-reg] _16858_/Q -> _18536_/RN : -743.058228
[setup reg-reg] _16858_/Q -> _18567_/RN : -743.054199
[setup reg-reg] _16858_/Q -> _18931_/RN : -743.054688
[setup reg-reg] _16858_/Q -> _17360_/RN : -743.052612
[setup reg-reg] _16858_/Q -> _17617_/RN : -743.051575
[setup reg-reg] _16858_/Q -> _18962_/RN : -743.052063
[setup reg-reg] _16858_/Q -> _17298_/RN : -743.051270
[setup reg-reg] _16858_/Q -> _19346_/RN : -743.051941
[setup reg-reg] _16858_/Q -> _17616_/RN : -743.050537
[setup reg-reg] _16858_/Q -> _19315_/RN : -743.050842
[setup reg-reg] _16858_/Q -> _18961_/RN : -743.049438
[setup reg-reg] _16858_/Q -> _19345_/RN : -743.049438
[setup reg-reg] _16858_/Q -> _18438_/RN : -743.046265
[setup reg-reg] _16858_/Q -> _18764_/RN : -743.044617
[setup reg-reg] _16858_/Q -> _18732_/RN : -743.042664
[setup reg-reg] _16858_/Q -> _17232_/RN : -743.041870
[setup reg-reg] _16858_/Q -> _17881_/RN : -743.041992
[setup reg-reg] _16858_/Q -> _17849_/RN : -743.040955
[setup reg-reg] _16858_/Q -> _18828_/RN : -743.040161
[setup reg-reg] _16858_/Q -> _17817_/RN : -743.037048
[setup reg-reg] _16858_/Q -> _17056_/RN : -743.034790
[setup reg-reg] _16858_/Q -> _18698_/RN : -743.035400
[setup reg-reg] _16858_/Q -> _17055_/RN : -743.034546
[setup reg-reg] _16858_/Q -> _19153_/RN : -743.035156
[setup reg-reg] _16858_/Q -> _19281_/RN : -743.035156
[setup reg-reg] _16858_/Q -> _18260_/RN : -743.034363
[setup reg-reg] _16858_/Q -> _18566_/RN : -743.033325
[setup reg-reg] _16858_/Q -> _18440_/RN : -743.029724
[setup reg-reg] _16858_/Q -> _18310_/RN : -743.027405
[setup reg-reg] _16858_/Q -> _17680_/RN : -743.025940
[setup reg-reg] _16858_/Q -> _19025_/RN : -743.024353
[setup reg-reg] _16858_/Q -> _19409_/RN : -743.024353
[setup reg-reg] _16858_/Q -> _17230_/RN : -743.020325
[setup reg-reg] _16858_/Q -> _19123_/RN : -743.019653
[setup reg-reg] _16858_/Q -> _19251_/RN : -743.019470
[setup reg-reg] _16858_/Q -> _18668_/RN : -743.017883
[setup reg-reg] _16858_/Q -> _18734_/RN : -743.016235
[setup reg-reg] _16858_/Q -> _17851_/RN : -743.013428
[setup reg-reg] _16858_/Q -> _18308_/RN : -743.013306
[setup reg-reg] _16858_/Q -> _17169_/RN : -743.011475
[setup reg-reg] _16858_/Q -> _17723_/RN : -743.011841
[setup reg-reg] _16858_/Q -> _18376_/RN : -743.010742
[setup reg-reg] _16858_/Q -> _18604_/RN : -743.011108
[setup reg-reg] _16858_/Q -> _19059_/RN : -743.010742
[setup reg-reg] _16858_/Q -> _19187_/RN : -743.010803
[setup reg-reg] _16858_/Q -> _17678_/RN : -743.002380
[setup reg-reg] _16858_/Q -> _18061_/RN : -742.995667
[setup reg-reg] _16858_/Q -> _18253_/RN : -742.994202
[setup reg-reg] _16858_/Q -> _18903_/RN : -742.993958
[setup reg-reg] _16858_/Q -> _17559_/RN : -742.990295
[setup reg-reg] _16858_/Q -> _18125_/RN : -742.988403
[setup reg-reg] _16858_/Q -> _17490_/RN : -742.987427
[setup reg-reg] _16858_/Q -> _18189_/RN : -742.987915
[setup reg-reg] _16858_/Q -> _17362_/RN : -742.986389
[setup reg-reg] _16858_/Q -> _18564_/RN : -742.985657
[setup reg-reg] _16858_/Q -> _17234_/RN : -742.979675
[setup reg-reg] _16858_/Q -> _17911_/RN : -742.977356
[setup reg-reg] _16858_/Q -> _18794_/RN : -742.977173
[setup reg-reg] _16858_/Q -> _18830_/RN : -742.977295
[setup reg-reg] _16858_/Q -> _19279_/RN : -742.973999
[setup reg-reg] _16858_/Q -> _17815_/RN : -742.973206
[setup reg-reg] _16858_/Q -> _18696_/RN : -742.973633
[setup reg-reg] _16858_/Q -> _19151_/RN : -742.973877
[setup reg-reg] _16858_/Q -> _17618_/RN : -742.964111
[setup reg-reg] _16858_/Q -> _18568_/RN : -742.963989
[setup reg-reg] _16858_/Q -> _18963_/RN : -742.964111
[setup reg-reg] _16858_/Q -> _19347_/RN : -742.964294
[setup reg-reg] _16858_/Q -> _18312_/RN : -742.946472
[setup reg-reg] _16858_/Q -> _17361_/RN : -742.932922
[setup reg-reg] _16858_/Q -> _17233_/RN : -742.919922
[setup reg-reg] _16858_/Q -> _17681_/RN : -742.919250
[setup reg-reg] _16858_/Q -> _18311_/RN : -742.919312
[setup reg-reg] _16858_/Q -> _17682_/RN : -742.908081
[setup reg-reg] _16858_/Q -> _18324_/RN : -742.897217
[setup reg-reg] _16858_/Q -> _19027_/RN : -742.880432
[setup reg-reg] _16858_/Q -> _19411_/RN : -742.880615
[setup reg-reg] _16858_/Q -> _19410_/RN : -742.855652
[setup reg-reg] _16858_/Q -> _19026_/RN : -742.854126
[setup reg-reg] _16858_/Q -> _18765_/RN : -742.843933
[setup reg-reg] _16858_/Q -> _18829_/RN : -742.835388
[setup reg-reg] _16858_/Q -> _17947_/RN : -742.834106
[setup reg-reg] _16858_/Q -> _18733_/RN : -742.834290
[setup reg-reg] _16858_/Q -> _17755_/RN : -742.832520
[setup reg-reg] _16858_/Q -> _17882_/RN : -742.830933
[setup reg-reg] _16858_/Q -> _18636_/RN : -742.831604
[setup reg-reg] _16858_/Q -> _19091_/RN : -742.831299
[setup reg-reg] _16858_/Q -> _19219_/RN : -742.831299
[setup reg-reg] _16858_/Q -> _18797_/RN : -742.825928
[setup reg-reg] _16858_/Q -> _17914_/RN : -742.824280
[setup reg-reg] _16858_/Q -> _17946_/RN : -742.824585
[setup reg-reg] _16858_/Q -> _17786_/RN : -742.823364
[setup reg-reg] _16858_/Q -> _18667_/RN : -742.823486
[setup reg-reg] _16858_/Q -> _19122_/RN : -742.822083
[setup reg-reg] _16858_/Q -> _19250_/RN : -742.822571
[setup reg-reg] _16858_/Q -> _17850_/RN : -742.818115
[setup reg-reg] _16858_/Q -> _17168_/RN : -742.815735
[setup reg-reg] _16858_/Q -> _17818_/RN : -742.815125
[setup reg-reg] _16858_/Q -> _18699_/RN : -742.815430
[setup reg-reg] _16858_/Q -> _19154_/RN : -742.815857
[setup reg-reg] _16858_/Q -> _19282_/RN : -742.816040
[setup reg-reg] _16858_/Q -> _18603_/RN : -742.810242
[setup reg-reg] _16858_/Q -> _19058_/RN : -742.809937
[setup reg-reg] _16858_/Q -> _19186_/RN : -742.809998
[setup reg-reg] _16858_/Q -> _17722_/RN : -742.808289
[setup reg-reg] _16858_/Q -> _17754_/RN : -742.806946
[setup reg-reg] _16858_/Q -> _18635_/RN : -742.806580
[setup reg-reg] _16858_/Q -> _18766_/RN : -742.807068
[setup reg-reg] _16858_/Q -> _19090_/RN : -742.806152
[setup reg-reg] _16858_/Q -> _19218_/RN : -742.806030
[setup reg-reg] _16858_/Q -> _17883_/RN : -742.803894
[setup reg-reg] _16858_/Q -> _18798_/RN : -742.802734
[setup reg-reg] _16858_/Q -> _17915_/RN : -742.801270
[setup reg-reg] _16858_/Q -> _17787_/RN : -742.800354
[setup reg-reg] _16858_/Q -> _17819_/RN : -742.798340
[setup reg-reg] _16858_/Q -> _18700_/RN : -742.798584
[setup reg-reg] _16858_/Q -> _19155_/RN : -742.799011
[setup reg-reg] _16858_/Q -> _19283_/RN : -742.798950
[setup reg-reg] _16858_/Q -> _19407_/RN : -742.778564
[setup reg-reg] _16858_/Q -> _19023_/RN : -742.777771
[setup reg-reg] _16858_/Q -> _18762_/RN : -742.766968
[setup reg-reg] _16858_/Q -> _17885_/RN : -742.765625
[setup reg-reg] _16858_/Q -> _18768_/RN : -742.765747
[setup reg-reg] _16858_/Q -> _18826_/RN : -742.766357
[setup reg-reg] _16858_/Q -> _17751_/RN : -742.763794
[setup reg-reg] _16858_/Q -> _17879_/RN : -742.763977
[setup reg-reg] _16858_/Q -> _17943_/RN : -742.762878
[setup reg-reg] _16858_/Q -> _18632_/RN : -742.758789
[setup reg-reg] _16858_/Q -> _19087_/RN : -742.758423
[setup reg-reg] _16858_/Q -> _19215_/RN : -742.758362
[setup reg-reg] _16858_/Q -> _17246_/RN : -742.733154
[setup reg-reg] _16858_/Q -> _18068_/RN : -742.560974
[setup reg-reg] _16858_/Q -> _17438_/RN : -742.499084
[setup reg-reg] _16858_/Q -> _17476_/RN : -742.470093
[setup reg-reg] _16858_/Q -> _17348_/RN : -742.398865
[setup reg-reg] _16858_/Q -> _18426_/RN : -742.317078
[setup reg-reg] _16858_/Q -> _18004_/RN : -742.270508
[setup reg-reg] _16858_/Q -> _17220_/RN : -742.267761
[setup reg-reg] _16858_/Q -> _18177_/RN : -742.260254
[setup reg-reg] _16858_/Q -> _17355_/RN : -742.253174
[setup reg-reg] _16858_/Q -> _18433_/RN : -742.250488
[setup reg-reg] _16858_/Q -> _17483_/RN : -742.248413
[setup reg-reg] _16858_/Q -> _17227_/RN : -742.245911
[setup reg-reg] _16858_/Q -> _18113_/RN : -742.243469
[setup reg-reg] _16858_/Q -> _18369_/RN : -742.241821
[setup reg-reg] _16858_/Q -> _18305_/RN : -742.238098
[setup reg-reg] _16858_/Q -> _17675_/RN : -742.235779
[setup reg-reg] _16858_/Q -> _18362_/RN : -742.236084
[setup reg-reg] _16858_/Q -> _18846_/RN : -742.235962
[setup reg-reg] _16858_/Q -> _19020_/RN : -742.234924
[setup reg-reg] _16858_/Q -> _19404_/RN : -742.234375
[setup reg-reg] _16858_/Q -> _17544_/RN : -742.233093
[setup reg-reg] _16858_/Q -> _18046_/RN : -742.232178
[setup reg-reg] _16858_/Q -> _18238_/RN : -742.231506
[setup reg-reg] _16858_/Q -> _18298_/RN : -742.157227
[setup reg-reg] _16858_/Q -> _17284_/RN : -742.125977
[setup reg-reg] _16858_/Q -> _17547_/RN : -742.068787
[setup reg-reg] _16858_/Q -> _17291_/RN : -742.053223
[setup reg-reg] _16858_/Q -> _18196_/RN : -742.009583
[setup reg-reg] _16858_/Q -> _18132_/RN : -741.989197
[setup reg-reg] _16858_/Q -> _17419_/RN : -741.963196
[setup reg-reg] _16858_/Q -> _18497_/RN : -741.945374
[setup reg-reg] _16858_/Q -> _18241_/RN : -741.875610
[setup reg-reg] _16858_/Q -> _18891_/RN : -741.838013
[setup reg-reg] _16858_/Q -> _18049_/RN : -741.836975
[setup reg-reg] _16858_/Q -> _18110_/RN : -741.835999
[setup reg-reg] _16858_/Q -> _18174_/RN : -741.836060
[setup reg-reg] _16858_/Q -> _17671_/RN : -741.778687
[setup reg-reg] _16858_/Q -> _17540_/RN : -741.756592
[setup reg-reg] _16858_/Q -> _18111_/RN : -741.718628
[setup reg-reg] _16858_/Q -> _17604_/RN : -741.711609
[setup reg-reg] _16858_/Q -> _18047_/RN : -741.698975
[setup reg-reg] _16858_/Q -> _17225_/RN : -741.690308
[setup reg-reg] _16858_/Q -> _18106_/RN : -741.689880
[setup reg-reg] _16858_/Q -> _18889_/RN : -741.684082
[setup reg-reg] _16858_/Q -> _18175_/RN : -741.677368
[setup reg-reg] _16858_/Q -> _18303_/RN : -741.675781
[setup reg-reg] _16858_/Q -> _18554_/RN : -741.670105
[setup reg-reg] _16858_/Q -> _19018_/RN : -741.668640
[setup reg-reg] _16858_/Q -> _18013_/RN : -741.666260
[setup reg-reg] _16858_/Q -> _19402_/RN : -741.666931
[setup reg-reg] _16858_/Q -> _18205_/RN : -741.666016
[setup reg-reg] _16858_/Q -> _18855_/RN : -741.666504
[setup reg-reg] _16858_/Q -> _18141_/RN : -741.660217
[setup reg-reg] _16858_/Q -> _18333_/RN : -741.649353
[setup reg-reg] _16858_/Q -> _18269_/RN : -741.645874
[setup reg-reg] _16858_/Q -> _18920_/RN : -741.640991
[setup reg-reg] _16858_/Q -> _17575_/RN : -741.638611
[setup reg-reg] _16858_/Q -> _18525_/RN : -741.639038
[setup reg-reg] _16858_/Q -> _19304_/RN : -741.639038
[setup reg-reg] _16858_/Q -> _17577_/RN : -741.634644
[setup reg-reg] _16858_/Q -> _18527_/RN : -741.634033
[setup reg-reg] _16858_/Q -> _18922_/RN : -741.631897
[setup reg-reg] _16858_/Q -> _19306_/RN : -741.631531
[setup reg-reg] _16858_/Q -> _18823_/RN : -741.629028
[setup reg-reg] _16858_/Q -> _18595_/RN : -741.627930
[setup reg-reg] _16858_/Q -> _19050_/RN : -741.628357
[setup reg-reg] _16858_/Q -> _19178_/RN : -741.628174
[setup reg-reg] _16858_/Q -> _18367_/RN : -741.614990
[setup reg-reg] _16858_/Q -> _18042_/RN : -741.590637
[setup reg-reg] _16858_/Q -> _17412_/RN : -741.581421
[setup reg-reg] _16858_/Q -> _18490_/RN : -741.581665
[setup reg-reg] _16858_/Q -> _18239_/RN : -741.553284
[setup reg-reg] _16858_/Q -> _18234_/RN : -741.547668
[setup reg-reg] _16858_/Q -> _17417_/RN : -741.544678
[setup reg-reg] _16858_/Q -> _18495_/RN : -741.545044
[setup reg-reg] _16858_/Q -> _19333_/RN : -741.534668
[setup reg-reg] _16858_/Q -> _18884_/RN : -741.530762
[setup reg-reg] _16858_/Q -> _18949_/RN : -741.513672
[setup reg-reg] _16858_/Q -> _17673_/RN : -741.507080
[setup reg-reg] _16858_/Q -> _18887_/RN : -741.469543
[setup reg-reg] _16858_/Q -> _18237_/RN : -741.468262
[setup reg-reg] _16858_/Q -> _18173_/RN : -741.465698
[setup reg-reg] _16858_/Q -> _17351_/RN : -741.464417
[setup reg-reg] _16858_/Q -> _17383_/RN : -741.464539
[setup reg-reg] _16858_/Q -> _17543_/RN : -741.464111
[setup reg-reg] _16858_/Q -> _17479_/RN : -741.462952
[setup reg-reg] _16858_/Q -> _18429_/RN : -741.463074
[setup reg-reg] _16858_/Q -> _18015_/RN : -741.457825
[setup reg-reg] _16858_/Q -> _18857_/RN : -741.456909
[setup reg-reg] _16858_/Q -> _17513_/RN : -741.452209
[setup reg-reg] _16858_/Q -> _17385_/RN : -741.451111
[setup reg-reg] _16858_/Q -> _18045_/RN : -741.448547
[setup reg-reg] _16858_/Q -> _19028_/RN : -741.448486
[setup reg-reg] _16858_/Q -> _19412_/RN : -741.448547
[setup reg-reg] _16858_/Q -> _17523_/RN : -741.446350
[setup reg-reg] _16858_/Q -> _17267_/RN : -741.445435
[setup reg-reg] _16858_/Q -> _17331_/RN : -741.445190
[setup reg-reg] _16858_/Q -> _18409_/RN : -741.444885
[setup reg-reg] _16858_/Q -> _18461_/RN : -741.440674
[setup reg-reg] _16858_/Q -> _17511_/RN : -741.420898
[setup reg-reg] _16858_/Q -> _17255_/RN : -741.407715
[setup reg-reg] _16858_/Q -> _18143_/RN : -741.406250
[setup reg-reg] _16858_/Q -> _18207_/RN : -741.406372
[setup reg-reg] _16858_/Q -> _18335_/RN : -741.405640
[setup reg-reg] _16858_/Q -> _18463_/RN : -741.400330
[setup reg-reg] _16858_/Q -> _17257_/RN : -741.397888
[setup reg-reg] _16858_/Q -> _17321_/RN : -741.393860
[setup reg-reg] _16858_/Q -> _18399_/RN : -741.390320
[setup reg-reg] _16858_/Q -> _17449_/RN : -741.387695
[setup reg-reg] _16858_/Q -> _17193_/RN : -741.386353
[setup reg-reg] _16858_/Q -> _17607_/RN : -741.386169
[setup reg-reg] _16858_/Q -> _17459_/RN : -741.385254
[setup reg-reg] _16858_/Q -> _18557_/RN : -741.385864
[setup reg-reg] _16858_/Q -> _18217_/RN : -741.383362
[setup reg-reg] _16858_/Q -> _17203_/RN : -741.382568
[setup reg-reg] _16858_/Q -> _17651_/RN : -741.382324
[setup reg-reg] _16858_/Q -> _18799_/RN : -741.382141
[setup reg-reg] _16858_/Q -> _18109_/RN : -741.381165
[setup reg-reg] _16858_/Q -> _17319_/RN : -741.379395
[setup reg-reg] _16858_/Q -> _18365_/RN : -741.366089
[setup reg-reg] _16858_/Q -> _17415_/RN : -741.362183
[setup reg-reg] _16858_/Q -> _18493_/RN : -741.362488
[setup reg-reg] _16858_/Q -> _17223_/RN : -741.360535
[setup reg-reg] _16858_/Q -> _17287_/RN : -741.360962
[setup reg-reg] _16858_/Q -> _17363_/RN : -741.360291
[setup reg-reg] _16858_/Q -> _18397_/RN : -741.357788
[setup reg-reg] _16858_/Q -> _17191_/RN : -741.349976
[setup reg-reg] _16858_/Q -> _17447_/RN : -741.329956
[setup reg-reg] _16858_/Q -> _18079_/RN : -741.319153
[setup reg-reg] _16858_/Q -> _19016_/RN : -741.312378
[setup reg-reg] _16858_/Q -> _18559_/RN : -741.290955
[setup reg-reg] _16858_/Q -> _19400_/RN : -741.290405
[setup reg-reg] _16858_/Q -> _17609_/RN : -741.289062
[setup reg-reg] _16858_/Q -> _18271_/RN : -741.274780
[setup reg-reg] _16858_/Q -> _17641_/RN : -741.273987
[setup reg-reg] _16858_/Q -> _18986_/RN : -741.269897
[setup reg-reg] _16858_/Q -> _19370_/RN : -741.269592
[setup reg-reg] _16858_/Q -> _18755_/RN : -741.263428
[setup reg-reg] _16858_/Q -> _18952_/RN : -741.263672
[setup reg-reg] _16858_/Q -> _19336_/RN : -741.263855
[setup reg-reg] _16858_/Q -> _18831_/RN : -741.261047
[setup reg-reg] _16858_/Q -> _17916_/RN : -741.259460
[setup reg-reg] _16858_/Q -> _17948_/RN : -741.258911
[setup reg-reg] _16858_/Q -> _18735_/RN : -741.258240
[setup reg-reg] _16858_/Q -> _18824_/RN : -741.258545
[setup reg-reg] _16858_/Q -> _18954_/RN : -741.254578
[setup reg-reg] _16858_/Q -> _19338_/RN : -741.253113
[setup reg-reg] _16858_/Q -> _18301_/RN : -741.249207
[setup reg-reg] _16858_/Q -> _19146_/RN : -741.229004
[setup reg-reg] _16858_/Q -> _19274_/RN : -741.228088
[setup reg-reg] _16858_/Q -> _18170_/RN : -741.226135
[setup reg-reg] _16858_/Q -> _18787_/RN : -741.224121
[setup reg-reg] _16858_/Q -> _18691_/RN : -741.221619
[setup reg-reg] _16858_/Q -> _18723_/RN : -741.220215
[setup reg-reg] _16858_/Q -> _17810_/RN : -741.219177
[setup reg-reg] _16858_/Q -> _17840_/RN : -741.217163
[setup reg-reg] _16858_/Q -> _17047_/RN : -741.215576
[setup reg-reg] _16858_/Q -> _17714_/RN : -741.215698
[setup reg-reg] _16858_/Q -> _17938_/RN : -741.214966
[setup reg-reg] _16858_/Q -> _17874_/RN : -741.213989
[setup reg-reg] _16858_/Q -> _17744_/RN : -741.213013
[setup reg-reg] _16858_/Q -> _19080_/RN : -741.213745
[setup reg-reg] _16858_/Q -> _19208_/RN : -741.213745
[setup reg-reg] _16858_/Q -> _17776_/RN : -741.212708
[setup reg-reg] _16858_/Q -> _18625_/RN : -741.213318
[setup reg-reg] _16858_/Q -> _17160_/RN : -741.211365
[setup reg-reg] _16858_/Q -> _19082_/RN : -741.207764
[setup reg-reg] _16858_/Q -> _17746_/RN : -741.206726
[setup reg-reg] _16858_/Q -> _18627_/RN : -741.206848
[setup reg-reg] _16858_/Q -> _19210_/RN : -741.207336
[setup reg-reg] _16858_/Q -> _17904_/RN : -741.205872
[setup reg-reg] _16858_/Q -> _17778_/RN : -741.204468
[setup reg-reg] _16858_/Q -> _18659_/RN : -741.203979
[setup reg-reg] _16858_/Q -> _19114_/RN : -741.203857
[setup reg-reg] _16858_/Q -> _19242_/RN : -741.203857
[setup reg-reg] _16858_/Q -> _18757_/RN : -741.202148
[setup reg-reg] _16858_/Q -> _18821_/RN : -741.202393
[setup reg-reg] _16858_/Q -> _17353_/RN : -741.188354
[setup reg-reg] _16858_/Q -> _17481_/RN : -741.188538
[setup reg-reg] _16858_/Q -> _17289_/RN : -741.187622
[setup reg-reg] _16858_/Q -> _18431_/RN : -741.187927
[setup reg-reg] _16858_/Q -> _18789_/RN : -741.180908
[setup reg-reg] _16858_/Q -> _17872_/RN : -741.176453
[setup reg-reg] _16858_/Q -> _17545_/RN : -741.172424
[setup reg-reg] _16858_/Q -> _18725_/RN : -741.171326
[setup reg-reg] _16858_/Q -> _17842_/RN : -741.169739
[setup reg-reg] _16858_/Q -> _17906_/RN : -741.169861
[setup reg-reg] _16858_/Q -> _18767_/RN : -741.163757
[setup reg-reg] _16858_/Q -> _19085_/RN : -741.161987
[setup reg-reg] _16858_/Q -> _18630_/RN : -741.161133
[setup reg-reg] _16858_/Q -> _19213_/RN : -741.161560
[setup reg-reg] _16858_/Q -> _17749_/RN : -741.159546
[setup reg-reg] _16858_/Q -> _17941_/RN : -741.155945
[setup reg-reg] _16858_/Q -> _19156_/RN : -741.155212
[setup reg-reg] _16858_/Q -> _17884_/RN : -741.154419
[setup reg-reg] _16858_/Q -> _18701_/RN : -741.154358
[setup reg-reg] _16858_/Q -> _19284_/RN : -741.154846
[setup reg-reg] _16858_/Q -> _17820_/RN : -741.153381
[setup reg-reg] _16858_/Q -> _17756_/RN : -741.151917
[setup reg-reg] _16858_/Q -> _18637_/RN : -741.151428
[setup reg-reg] _16858_/Q -> _19092_/RN : -741.151123
[setup reg-reg] _16858_/Q -> _19220_/RN : -741.151123
[setup reg-reg] _16858_/Q -> _17852_/RN : -741.148621
[setup reg-reg] _16858_/Q -> _17788_/RN : -741.145142
[setup reg-reg] _16858_/Q -> _17170_/RN : -741.142578
[setup reg-reg] _16858_/Q -> _19117_/RN : -741.133179
[setup reg-reg] _16858_/Q -> _19245_/RN : -741.132263
[setup reg-reg] _16858_/Q -> _18662_/RN : -741.130554
[setup reg-reg] _16858_/Q -> _17781_/RN : -741.126831
[setup reg-reg] _16858_/Q -> _17813_/RN : -741.123169
[setup reg-reg] _16858_/Q -> _18694_/RN : -741.123230
[setup reg-reg] _16858_/Q -> _19149_/RN : -741.123718
[setup reg-reg] _16858_/Q -> _19277_/RN : -741.123596
[setup reg-reg] _16858_/Q -> _17717_/RN : -741.121643
[setup reg-reg] _16858_/Q -> _18598_/RN : -741.120972
[setup reg-reg] _16858_/Q -> _19053_/RN : -741.120850
[setup reg-reg] _16858_/Q -> _19181_/RN : -741.120911
[setup reg-reg] _16858_/Q -> _17491_/RN : -741.108032
[setup reg-reg] _16858_/Q -> _18377_/RN : -741.099609
[setup reg-reg] _16858_/Q -> _18441_/RN : -741.100342
[setup reg-reg] _16858_/Q -> _19341_/RN : -741.092590
[setup reg-reg] _16858_/Q -> _17356_/RN : -741.089783
[setup reg-reg] _16858_/Q -> _17484_/RN : -741.089050
[setup reg-reg] _16858_/Q -> _18957_/RN : -741.081665
[setup reg-reg] _16858_/Q -> _17555_/RN : -741.063477
[setup reg-reg] _16858_/Q -> _17299_/RN : -741.020630
[setup reg-reg] _16858_/Q -> _17235_/RN : -741.015686
[setup reg-reg] _16858_/Q -> _17427_/RN : -741.015381
[setup reg-reg] _16858_/Q -> _18505_/RN : -740.986877
[setup reg-reg] _16858_/Q -> _18249_/RN : -740.954346
[setup reg-reg] _16858_/Q -> _17612_/RN : -740.949097
[setup reg-reg] _16858_/Q -> _18057_/RN : -740.936035
[setup reg-reg] _16858_/Q -> _18899_/RN : -740.936157
[setup reg-reg] _16858_/Q -> _18313_/RN : -740.894897
[setup reg-reg] _16858_/Q -> _17683_/RN : -740.879395
[setup reg-reg] _16858_/Q -> _18562_/RN : -740.865295
[setup reg-reg] _16858_/Q -> _18434_/RN : -740.863770
[setup reg-reg] _16858_/Q -> _18892_/RN : -740.864197
[setup reg-reg] _16858_/Q -> _17548_/RN : -740.851807
[setup reg-reg] _16858_/Q -> _17395_/RN : -740.823059
[setup reg-reg] _16858_/Q -> _18473_/RN : -740.773010
[setup reg-reg] _16858_/Q -> _18050_/RN : -740.739136
[setup reg-reg] _16858_/Q -> _18089_/RN : -740.738342
[setup reg-reg] _16858_/Q -> _18153_/RN : -740.738464
[setup reg-reg] _16858_/Q -> _18345_/RN : -740.729553
[setup reg-reg] _16858_/Q -> _18178_/RN : -740.718933
[setup reg-reg] _16858_/Q -> _18867_/RN : -740.687744
[setup reg-reg] _16858_/Q -> _18242_/RN : -740.682617
[setup reg-reg] _16858_/Q -> _18306_/RN : -740.679993
[setup reg-reg] _16858_/Q -> _18281_/RN : -740.678711
[setup reg-reg] _16858_/Q -> _18025_/RN : -740.677612
[setup reg-reg] _16858_/Q -> _18996_/RN : -740.671936
[setup reg-reg] _16858_/Q -> _19380_/RN : -740.672485
[setup reg-reg] _16858_/Q -> _17724_/RN : -740.666382
[setup reg-reg] _16858_/Q -> _18605_/RN : -740.662048
[setup reg-reg] _16858_/Q -> _18669_/RN : -740.661926
[setup reg-reg] _16858_/Q -> _19124_/RN : -740.662292
[setup reg-reg] _16858_/Q -> _19252_/RN : -740.662231
[setup reg-reg] _16858_/Q -> _17551_/RN : -740.659973
[setup reg-reg] _16858_/Q -> _18373_/RN : -740.660156
[setup reg-reg] _16858_/Q -> _17228_/RN : -740.658875
[setup reg-reg] _16858_/Q -> _18114_/RN : -740.659180
[setup reg-reg] _16858_/Q -> _18370_/RN : -740.659058
[setup reg-reg] _16858_/Q -> _19060_/RN : -740.658203
[setup reg-reg] _16858_/Q -> _19188_/RN : -740.658813
[setup reg-reg] _16858_/Q -> _18760_/RN : -740.655273
[setup reg-reg] _16858_/Q -> _17877_/RN : -740.653870
[setup reg-reg] _16858_/Q -> _17845_/RN : -740.652100
[setup reg-reg] _16858_/Q -> _17909_/RN : -740.651978
[setup reg-reg] _16858_/Q -> _17050_/RN : -740.650513
[setup reg-reg] _16858_/Q -> _17130_/RN : -740.650269
[setup reg-reg] _16858_/Q -> _17163_/RN : -740.650879
[setup reg-reg] _16858_/Q -> _17492_/RN : -740.647461
[setup reg-reg] _16858_/Q -> _19029_/RN : -740.646790
[setup reg-reg] _16858_/Q -> _19413_/RN : -740.646667
[setup reg-reg] _16858_/Q -> _18314_/RN : -740.640137
[setup reg-reg] _16858_/Q -> _18058_/RN : -740.638977
[setup reg-reg] _16858_/Q -> _18900_/RN : -740.638977
[setup reg-reg] _16858_/Q -> _17292_/RN : -740.633423
[setup reg-reg] _16858_/Q -> _17453_/RN : -740.631714
[setup reg-reg] _16858_/Q -> _18147_/RN : -740.632141
[setup reg-reg] _16858_/Q -> _19021_/RN : -740.631409
[setup reg-reg] _16858_/Q -> _19405_/RN : -740.630737
[setup reg-reg] _16858_/Q -> _17676_/RN : -740.628479
[setup reg-reg] _16858_/Q -> _17549_/RN : -740.624512
[setup reg-reg] _16858_/Q -> _18179_/RN : -740.625183
[setup reg-reg] _16858_/Q -> _18115_/RN : -740.624390
[setup reg-reg] _16858_/Q -> _18407_/RN : -740.624390
[setup reg-reg] _16858_/Q -> _17457_/RN : -740.623291
[setup reg-reg] _16858_/Q -> _17587_/RN : -740.623169
[setup reg-reg] _16858_/Q -> _18537_/RN : -740.622375
[setup reg-reg] _16858_/Q -> _17201_/RN : -740.621094
[setup reg-reg] _16858_/Q -> _18371_/RN : -740.621521
[setup reg-reg] _16858_/Q -> _18932_/RN : -740.621948
[setup reg-reg] _16858_/Q -> _19316_/RN : -740.621948
[setup reg-reg] _16858_/Q -> _18051_/RN : -740.619263
[setup reg-reg] _16858_/Q -> _18117_/RN : -740.619568
[setup reg-reg] _16858_/Q -> _18243_/RN : -740.618774
[setup reg-reg] _16858_/Q -> _18893_/RN : -740.618835
[setup reg-reg] _16858_/Q -> _18994_/RN : -740.619202
[setup reg-reg] _16858_/Q -> _19378_/RN : -740.619202
[setup reg-reg] _16858_/Q -> _18861_/RN : -740.608398
[setup reg-reg] _16858_/Q -> _17521_/RN : -740.606567
[setup reg-reg] _16858_/Q -> _18958_/RN : -740.606262
[setup reg-reg] _16858_/Q -> _18563_/RN : -740.603516
[setup reg-reg] _16858_/Q -> _17265_/RN : -740.601990
[setup reg-reg] _16858_/Q -> _17293_/RN : -740.601074
[setup reg-reg] _16858_/Q -> _19342_/RN : -740.601501
[setup reg-reg] _16858_/Q -> _17421_/RN : -740.600647
[setup reg-reg] _16858_/Q -> _18499_/RN : -740.600708
[setup reg-reg] _16858_/Q -> _18023_/RN : -740.599426
[setup reg-reg] _16858_/Q -> _18865_/RN : -740.599365
[setup reg-reg] _16858_/Q -> _17393_/RN : -740.598511
[setup reg-reg] _16858_/Q -> _18019_/RN : -740.590393
[setup reg-reg] _16858_/Q -> _18498_/RN : -740.588623
[setup reg-reg] _16858_/Q -> _18083_/RN : -740.587463
[setup reg-reg] _16858_/Q -> _18211_/RN : -740.582825
[setup reg-reg] _16858_/Q -> _18212_/RN : -740.580566
[setup reg-reg] _16858_/Q -> _18343_/RN : -740.579651
[setup reg-reg] _16858_/Q -> _18862_/RN : -740.580383
[setup reg-reg] _16858_/Q -> _17198_/RN : -740.577576
[setup reg-reg] _16858_/Q -> _17646_/RN : -740.576233
[setup reg-reg] _16858_/Q -> _18276_/RN : -740.576416
[setup reg-reg] _16858_/Q -> _18991_/RN : -740.575378
[setup reg-reg] _16858_/Q -> _19375_/RN : -740.575378
[setup reg-reg] _16858_/Q -> _17420_/RN : -740.573608
[setup reg-reg] _16858_/Q -> _18531_/RN : -740.574036
[setup reg-reg] _16858_/Q -> _17613_/RN : -740.570801
[setup reg-reg] _16858_/Q -> _17197_/RN : -740.567322
[setup reg-reg] _16858_/Q -> _17645_/RN : -740.565735
[setup reg-reg] _16858_/Q -> _18275_/RN : -740.565613
[setup reg-reg] _16858_/Q -> _18279_/RN : -740.564392
[setup reg-reg] _16858_/Q -> _18990_/RN : -740.564514
[setup reg-reg] _16858_/Q -> _19374_/RN : -740.564453
[setup reg-reg] _16858_/Q -> _17581_/RN : -740.560059
[setup reg-reg] _16858_/Q -> _17649_/RN : -740.558044
[setup reg-reg] _16858_/Q -> _17518_/RN : -740.545715
[setup reg-reg] _16858_/Q -> _17454_/RN : -740.542542
[setup reg-reg] _16858_/Q -> _17848_/RN : -740.541748
[setup reg-reg] _16858_/Q -> _17880_/RN : -740.542297
[setup reg-reg] _16858_/Q -> _17944_/RN : -740.541992
[setup reg-reg] _16858_/Q -> _18053_/RN : -740.541748
[setup reg-reg] _16858_/Q -> _18731_/RN : -740.542236
[setup reg-reg] _16858_/Q -> _18796_/RN : -740.541443
[setup reg-reg] _16858_/Q -> _19310_/RN : -740.542114
[setup reg-reg] _16858_/Q -> _18926_/RN : -740.540344
[setup reg-reg] _16858_/Q -> _18895_/RN : -740.538696
[setup reg-reg] _16858_/Q -> _18245_/RN : -740.534119
[setup reg-reg] _16858_/Q -> _19024_/RN : -740.533020
[setup reg-reg] _16858_/Q -> _19408_/RN : -740.533020
[setup reg-reg] _16858_/Q -> _17330_/RN : -740.528320
[setup reg-reg] _16858_/Q -> _18728_/RN : -740.524719
[setup reg-reg] _16858_/Q -> _18792_/RN : -740.525024
[setup reg-reg] _16858_/Q -> _18408_/RN : -740.522339
[setup reg-reg] _16858_/Q -> _17458_/RN : -740.519714
[setup reg-reg] _16858_/Q -> _17266_/RN : -740.514832
[setup reg-reg] _16858_/Q -> _18761_/RN : -740.513306
[setup reg-reg] _16858_/Q -> _19054_/RN : -740.507812
[setup reg-reg] _16858_/Q -> _19182_/RN : -740.507751
[setup reg-reg] _16858_/Q -> _18280_/RN : -740.505859
[setup reg-reg] _16858_/Q -> _18729_/RN : -740.501038
[setup reg-reg] _16858_/Q -> _17650_/RN : -740.497681
[setup reg-reg] _16858_/Q -> _18471_/RN : -740.495117
[setup reg-reg] _16858_/Q -> _19379_/RN : -740.494690
[setup reg-reg] _16858_/Q -> _18995_/RN : -740.493652
[setup reg-reg] _16858_/Q -> _17520_/RN : -740.490051
[setup reg-reg] _16858_/Q -> _17264_/RN : -740.488647
[setup reg-reg] _16858_/Q -> _18214_/RN : -740.487671
[setup reg-reg] _16858_/Q -> _18342_/RN : -740.488098
[setup reg-reg] _16858_/Q -> _17392_/RN : -740.484741
[setup reg-reg] _16858_/Q -> _17846_/RN : -740.484375
[setup reg-reg] _16858_/Q -> _17878_/RN : -740.484680
[setup reg-reg] _16858_/Q -> _18121_/RN : -740.482971
[setup reg-reg] _16858_/Q -> _18470_/RN : -740.482727
[setup reg-reg] _16858_/Q -> _17718_/RN : -740.480469
[setup reg-reg] _16858_/Q -> _18599_/RN : -740.479858
[setup reg-reg] _16858_/Q -> _18763_/RN : -740.479370
[setup reg-reg] _16858_/Q -> _18827_/RN : -740.479248
[setup reg-reg] _16858_/Q -> _17942_/RN : -740.476868
[setup reg-reg] _16858_/Q -> _18185_/RN : -740.475342
[setup reg-reg] _16858_/Q -> _19150_/RN : -740.475708
[setup reg-reg] _16858_/Q -> _17814_/RN : -740.474426
[setup reg-reg] _16858_/Q -> _18695_/RN : -740.474915
[setup reg-reg] _16858_/Q -> _19278_/RN : -740.475525
[setup reg-reg] _16858_/Q -> _18793_/RN : -740.473877
[setup reg-reg] _16858_/Q -> _18825_/RN : -740.473999
[setup reg-reg] _16858_/Q -> _17750_/RN : -740.471924
[setup reg-reg] _16858_/Q -> _18631_/RN : -740.472046
[setup reg-reg] _16858_/Q -> _19086_/RN : -740.472046
[setup reg-reg] _16858_/Q -> _19214_/RN : -740.472046
[setup reg-reg] _16858_/Q -> _17910_/RN : -740.469604
[setup reg-reg] _16858_/Q -> _17051_/RN : -740.466919
[setup reg-reg] _16858_/Q -> _17164_/RN : -740.467041
[setup reg-reg] _16858_/Q -> _17131_/RN : -740.465637
[setup reg-reg] _16858_/Q -> _17782_/RN : -740.463745
[setup reg-reg] _16858_/Q -> _18730_/RN : -740.464478
[setup reg-reg] _16858_/Q -> _18663_/RN : -740.462830
[setup reg-reg] _16858_/Q -> _19118_/RN : -740.462402
[setup reg-reg] _16858_/Q -> _19246_/RN : -740.462402
[setup reg-reg] _16858_/Q -> _19119_/RN : -740.459534
[setup reg-reg] _16858_/Q -> _19247_/RN : -740.459290
[setup reg-reg] _16858_/Q -> _18664_/RN : -740.456848
[setup reg-reg] _16858_/Q -> _17783_/RN : -740.454590
[setup reg-reg] _16858_/Q -> _17847_/RN : -740.455261
[setup reg-reg] _16858_/Q -> _17719_/RN : -740.452881
[setup reg-reg] _16858_/Q -> _18600_/RN : -740.452393
[setup reg-reg] _16858_/Q -> _19055_/RN : -740.452148
[setup reg-reg] _16858_/Q -> _19183_/RN : -740.452148
[setup reg-reg] _16858_/Q -> _18964_/RN : -740.391357
[setup reg-reg] _16858_/Q -> _19348_/RN : -740.391357
[setup reg-reg] _16858_/Q -> _18569_/RN : -740.388062
[setup reg-reg] _16858_/Q -> _17619_/RN : -740.385986
[setup reg-reg] _16858_/Q -> _18210_/RN : -740.382629
[setup reg-reg] _16858_/Q -> _18860_/RN : -740.382141
[setup reg-reg] _16858_/Q -> _18274_/RN : -740.378723
[setup reg-reg] _16858_/Q -> _18989_/RN : -740.376770
[setup reg-reg] _16858_/Q -> _19373_/RN : -740.376221
[setup reg-reg] _16858_/Q -> _17196_/RN : -740.375427
[setup reg-reg] _16858_/Q -> _17644_/RN : -740.375610
[setup reg-reg] _16858_/Q -> _17485_/RN : -740.343262
[setup reg-reg] _16858_/Q -> _17357_/RN : -740.333252
[setup reg-reg] _16858_/Q -> _18435_/RN : -740.333496
[setup reg-reg] _16858_/Q -> _17229_/RN : -740.255371
[setup reg-reg] _16858_/Q -> _18307_/RN : -740.206177
[setup reg-reg] _16858_/Q -> _17677_/RN : -740.196960
[setup reg-reg] _16858_/Q -> _18146_/RN : -740.193665
[setup reg-reg] _16858_/Q -> _19022_/RN : -740.191345
[setup reg-reg] _16858_/Q -> _19406_/RN : -740.191772
[setup reg-reg] _16858_/Q -> _18151_/RN : -740.186523
[setup reg-reg] _16858_/Q -> _18215_/RN : -740.185120
[setup reg-reg] _16858_/Q -> _18535_/RN : -740.180969
[setup reg-reg] _16858_/Q -> _18930_/RN : -740.181091
[setup reg-reg] _16858_/Q -> _19314_/RN : -740.181152
[setup reg-reg] _16858_/Q -> _17585_/RN : -740.179321
[setup reg-reg] _16858_/Q -> _18087_/RN : -740.178162
[setup reg-reg] _16858_/Q -> _17394_/RN : -740.177368
[setup reg-reg] _16858_/Q -> _18472_/RN : -740.177185
[setup reg-reg] _16858_/Q -> _18925_/RN : -740.120972
[setup reg-reg] _16858_/Q -> _19309_/RN : -740.111511
[setup reg-reg] _16858_/Q -> _18530_/RN : -740.070862
[setup reg-reg] _16858_/Q -> _18018_/RN : -740.063232
[setup reg-reg] _16858_/Q -> _18082_/RN : -740.058472
[setup reg-reg] _16858_/Q -> _18402_/RN : -740.057434
[setup reg-reg] _16858_/Q -> _17452_/RN : -740.055725
[setup reg-reg] _16858_/Q -> _18338_/RN : -740.053650
[setup reg-reg] _16858_/Q -> _17325_/RN : -740.051392
[setup reg-reg] _16858_/Q -> _18403_/RN : -740.050537
[setup reg-reg] _16858_/Q -> _18339_/RN : -740.048157
[setup reg-reg] _16858_/Q -> _18084_/RN : -740.046997
[setup reg-reg] _16858_/Q -> _18148_/RN : -740.047119
[setup reg-reg] _16858_/Q -> _17580_/RN : -739.992065
[setup reg-reg] _16858_/Q -> _17388_/RN : -739.958801
[setup reg-reg] _16858_/Q -> _17516_/RN : -739.958679
[setup reg-reg] _16858_/Q -> _18466_/RN : -739.958191
[setup reg-reg] _16858_/Q -> _17260_/RN : -739.956482
[setup reg-reg] _16858_/Q -> _17324_/RN : -739.956970
[setup reg-reg] _16858_/Q -> _17517_/RN : -739.956299
[setup reg-reg] _16858_/Q -> _18152_/RN : -739.877686
[setup reg-reg] _16858_/Q -> _18020_/RN : -739.848083
[setup reg-reg] _16858_/Q -> _17389_/RN : -739.847107
[setup reg-reg] _16858_/Q -> _17261_/RN : -739.846191
[setup reg-reg] _16858_/Q -> _18467_/RN : -739.846558
[setup reg-reg] _16858_/Q -> _17390_/RN : -739.807922
[setup reg-reg] _16858_/Q -> _18024_/RN : -739.796875
[setup reg-reg] _16858_/Q -> _18216_/RN : -739.796326
[setup reg-reg] _16858_/Q -> _18866_/RN : -739.796997
[setup reg-reg] _16858_/Q -> _18468_/RN : -739.782410
[setup reg-reg] _16858_/Q -> _18340_/RN : -739.741516
[setup reg-reg] _16858_/Q -> _18404_/RN : -739.741821
[setup reg-reg] _16858_/Q -> _17262_/RN : -739.733826
[setup reg-reg] _16858_/Q -> _17326_/RN : -739.722900
[setup reg-reg] _16858_/Q -> _18088_/RN : -739.667480
[setup reg-reg] _16858_/Q -> _17327_/RN : -739.662415
[setup reg-reg] _16858_/Q -> _17519_/RN : -739.662170
[setup reg-reg] _16858_/Q -> _18344_/RN : -739.662720
[setup reg-reg] _16858_/Q -> _17263_/RN : -739.661377
[setup reg-reg] _16858_/Q -> _18469_/RN : -739.661499
[setup reg-reg] _16858_/Q -> _17202_/RN : -739.659790
[setup reg-reg] _16858_/Q -> _17391_/RN : -739.659180
[setup reg-reg] _16858_/Q -> _17328_/RN : -739.658386
[setup reg-reg] _16858_/Q -> _18406_/RN : -739.658203
[setup reg-reg] _16858_/Q -> _18405_/RN : -739.629089
[setup reg-reg] _16858_/Q -> _17455_/RN : -739.615417
[setup reg-reg] _16858_/Q -> _18021_/RN : -739.607849
[setup reg-reg] _16858_/Q -> _18085_/RN : -739.608032
[setup reg-reg] _16858_/Q -> _18863_/RN : -739.607727
[setup reg-reg] _16858_/Q -> _17582_/RN : -739.605408
[setup reg-reg] _16858_/Q -> _18149_/RN : -739.605896
[setup reg-reg] _16858_/Q -> _18532_/RN : -739.604980
[setup reg-reg] _16858_/Q -> _17199_/RN : -739.603699
[setup reg-reg] _16858_/Q -> _18927_/RN : -739.604309
[setup reg-reg] _16858_/Q -> _19311_/RN : -739.604309
[setup reg-reg] _16858_/Q -> _17647_/RN : -739.601685
[setup reg-reg] _16858_/Q -> _18277_/RN : -739.601318
[setup reg-reg] _16858_/Q -> _18992_/RN : -739.600464
[setup reg-reg] _16858_/Q -> _19376_/RN : -739.600403
[setup reg-reg] _16858_/Q -> _18795_/RN : -739.584534
[setup reg-reg] _16858_/Q -> _17912_/RN : -739.578369
[setup reg-reg] _16858_/Q -> _17752_/RN : -739.575317
[setup reg-reg] _16858_/Q -> _17913_/RN : -739.575806
[setup reg-reg] _16858_/Q -> _19057_/RN : -739.574829
[setup reg-reg] _16858_/Q -> _19185_/RN : -739.574646
[setup reg-reg] _16858_/Q -> _18602_/RN : -739.572449
[setup reg-reg] _16858_/Q -> _19088_/RN : -739.572327
[setup reg-reg] _16858_/Q -> _19216_/RN : -739.572266
[setup reg-reg] _16858_/Q -> _17721_/RN : -739.571228
[setup reg-reg] _16858_/Q -> _17167_/RN : -739.569763
[setup reg-reg] _16858_/Q -> _18633_/RN : -739.570312
[setup reg-reg] _16858_/Q -> _17054_/RN : -739.569275
[setup reg-reg] _16858_/Q -> _17134_/RN : -739.569092
[setup reg-reg] _16858_/Q -> _18341_/RN : -739.569153
[setup reg-reg] _16858_/Q -> _17945_/RN : -739.567993
[setup reg-reg] _16858_/Q -> _17753_/RN : -739.566345
[setup reg-reg] _16858_/Q -> _18634_/RN : -739.565979
[setup reg-reg] _16858_/Q -> _17135_/RN : -739.564453
[setup reg-reg] _16858_/Q -> _17136_/RN : -739.564392
[setup reg-reg] _16858_/Q -> _19089_/RN : -739.564941
[setup reg-reg] _16858_/Q -> _19217_/RN : -739.565002
[setup reg-reg] _16858_/Q -> _17456_/RN : -739.554016
[setup reg-reg] _16858_/Q -> _18213_/RN : -739.536865
[setup reg-reg] _16858_/Q -> _18864_/RN : -739.495422
[setup reg-reg] _16858_/Q -> _18022_/RN : -739.490051
[setup reg-reg] _16858_/Q -> _17200_/RN : -739.477539
[setup reg-reg] _16858_/Q -> _18086_/RN : -739.475464
[setup reg-reg] _16858_/Q -> _18150_/RN : -739.470459
[setup reg-reg] _16858_/Q -> _17583_/RN : -739.466309
[setup reg-reg] _16858_/Q -> _18278_/RN : -739.463074
[setup reg-reg] _16858_/Q -> _18533_/RN : -739.463684
[setup reg-reg] _16858_/Q -> _17648_/RN : -739.462036
[setup reg-reg] _16858_/Q -> _18993_/RN : -739.460693
[setup reg-reg] _16858_/Q -> _19377_/RN : -739.460571
[setup reg-reg] _16858_/Q -> _18929_/RN : -739.459229
[setup reg-reg] _16858_/Q -> _19313_/RN : -739.459167
[setup reg-reg] _16858_/Q -> _18928_/RN : -739.453430
[setup reg-reg] _16858_/Q -> _19312_/RN : -739.452637
[setup reg-reg] _16858_/Q -> _19120_/RN : -739.449341
[setup reg-reg] _16858_/Q -> _19248_/RN : -739.449463
[setup reg-reg] _16858_/Q -> _17057_/RN : -739.447266
[setup reg-reg] _16858_/Q -> _18665_/RN : -739.447998
[setup reg-reg] _16858_/Q -> _17137_/RN : -739.447205
[setup reg-reg] _16858_/Q -> _18534_/RN : -739.445801
[setup reg-reg] _16858_/Q -> _17584_/RN : -739.441162
[setup reg-reg] _16858_/Q -> _19184_/RN : -739.440125
[setup reg-reg] _16858_/Q -> _19056_/RN : -739.438660
[setup reg-reg] _16858_/Q -> _18601_/RN : -739.436035
[setup reg-reg] _16858_/Q -> _17720_/RN : -739.434875
[setup reg-reg] _16858_/Q -> _17784_/RN : -739.434570
[setup reg-reg] _16858_/Q -> _17816_/RN : -739.434204
[setup reg-reg] _16858_/Q -> _19121_/RN : -739.428467
[setup reg-reg] _16858_/Q -> _19249_/RN : -739.428284
[setup reg-reg] _16858_/Q -> _18666_/RN : -739.426697
[setup reg-reg] _16858_/Q -> _18697_/RN : -739.425171
[setup reg-reg] _16858_/Q -> _19152_/RN : -739.425415
[setup reg-reg] _16858_/Q -> _19280_/RN : -739.425476
[setup reg-reg] _16858_/Q -> _17166_/RN : -739.422852
[setup reg-reg] _16858_/Q -> _17053_/RN : -739.421814
[setup reg-reg] _16858_/Q -> _17133_/RN : -739.420227
[setup reg-reg] _16858_/Q -> _17785_/RN : -739.420532
[setup reg-reg] _16858_/Q -> _17052_/RN : -739.418274
[setup reg-reg] _16858_/Q -> _17132_/RN : -739.418640
[setup reg-reg] _16858_/Q -> _17165_/RN : -739.418091
[setup reg-reg] _16858_/Q -> _19422_/SETN : -693.460083
[setup reg-reg] _16858_/Q -> _19425_/SETN : -692.879822
[setup reg-reg] _18579_/Q -> _18326_/D : -177.900330
[setup reg-reg] _18579_/Q -> _18329_/D : -177.820404
[setup reg-reg] _18579_/Q -> _18332_/D : -177.794342
[setup reg-reg] _18579_/Q -> _18330_/D : -177.787033
[setup reg-reg] _18579_/Q -> _18331_/D : -177.784592
[setup reg-reg] _18579_/Q -> _18336_/D : -177.782547
[setup reg-reg] _18579_/Q -> _18360_/D : -177.556595
[setup reg-reg] _18579_/Q -> _18327_/D : -177.547180
[setup reg-reg] _18579_/Q -> _18357_/D : -177.545227
[setup reg-reg] _18579_/Q -> _18328_/D : -177.541809
[setup reg-reg] _18579_/Q -> _18384_/D : -177.540619
[setup reg-reg] _18579_/Q -> _18351_/D : -177.535416
[setup reg-reg] _18579_/Q -> _18352_/D : -177.534958
[setup reg-reg] _18579_/Q -> _18353_/D : -177.530518
[setup reg-reg] _18579_/Q -> _18359_/D : -177.529022
[setup reg-reg] _18579_/Q -> _18350_/D : -177.526047
[setup reg-reg] _18579_/Q -> _18379_/D : -177.523972
[setup reg-reg] _18579_/Q -> _18383_/D : -177.517166
[setup reg-reg] _18579_/Q -> _18348_/D : -177.516663
[setup reg-reg] _18579_/Q -> _18322_/D : -177.516113
[setup reg-reg] _18579_/Q -> _18380_/D : -177.510498
[setup reg-reg] _18579_/Q -> _18368_/D : -177.502014
[setup reg-reg] _18579_/Q -> _18355_/D : -177.500320
[setup reg-reg] _18579_/Q -> _18382_/D : -177.490845
[setup reg-reg] _18579_/Q -> _18363_/D : -177.487610
[setup reg-reg] _18579_/Q -> _18323_/D : -177.486176
[setup reg-reg] _18579_/Q -> _18381_/D : -177.484940
[setup reg-reg] _18579_/Q -> _18356_/D : -177.472839
[setup reg-reg] _18579_/Q -> _18354_/D : -177.465561
[setup reg-reg] _18579_/Q -> _18364_/D : -177.464935
[setup reg-reg] _18579_/Q -> _18358_/D : -177.463425
[setup reg-reg] _18579_/Q -> _18337_/D : -177.459412
[setup reg-reg] _18579_/Q -> _18334_/D : -177.452850
[setup reg-reg] _18579_/Q -> _18366_/D : -177.446426
[setup reg-reg] _18579_/Q -> _18361_/D : -177.441437
[setup reg-reg] _18579_/Q -> _18347_/D : -177.436554
[setup reg-reg] _18579_/Q -> _18385_/D : -177.432693
[setup reg-reg] _18579_/Q -> _18346_/D : -177.399902
[setup reg-reg] _18579_/Q -> _18325_/D : -177.370590
[setup reg-reg] _18579_/Q -> _18349_/D : -177.368271
[setup reg-reg] _18579_/Q -> _18378_/D : -177.355835
[setup reg-reg] _18579_/Q -> _18372_/D : -177.341522
[setup reg-reg] _18579_/Q -> _18374_/D : -177.341583
[setup reg-reg] _18579_/Q -> _18375_/D : -177.341660
[setup reg-reg] _18579_/Q -> _18324_/D : -177.330917
[setup reg-reg] _18579_/Q -> _18376_/D : -177.327881
[setup reg-reg] _18579_/Q -> _18362_/D : -177.309418
[setup reg-reg] _18579_/Q -> _18369_/D : -177.296509
[setup reg-reg] _18579_/Q -> _18367_/D : -177.288971
[setup reg-reg] _18579_/Q -> _18333_/D : -177.283569
[setup reg-reg] _18579_/Q -> _18365_/D : -177.281586
[setup reg-reg] _18579_/Q -> _18335_/D : -177.281265
[setup reg-reg] _18579_/Q -> _18370_/D : -177.255356
[setup reg-reg] _18579_/Q -> _18377_/D : -177.254150
[setup reg-reg] _18579_/Q -> _18373_/D : -177.231049
[setup reg-reg] _18579_/Q -> _18345_/D : -177.230789
[setup reg-reg] _18579_/Q -> _18342_/D : -177.230026
[setup reg-reg] _18579_/Q -> _18371_/D : -177.230133
[setup reg-reg] _18579_/Q -> _18343_/D : -177.229919
[setup reg-reg] _18579_/Q -> _18338_/D : -177.221039
[setup reg-reg] _18579_/Q -> _18339_/D : -177.212967
[setup reg-reg] _18579_/Q -> _18340_/D : -177.210556
[setup reg-reg] _18579_/Q -> _18341_/D : -177.198364
[setup reg-reg] _18579_/Q -> _18344_/D : -177.195923
[setup reg-reg] _18579_/Q -> _18978_/D : -141.874054
[setup reg-reg] _18579_/Q -> _18982_/D : -141.864853
[setup reg-reg] _18579_/Q -> _18983_/D : -141.856827
[setup reg-reg] _18579_/Q -> _18987_/D : -141.848343
[setup reg-reg] _18579_/Q -> _18977_/D : -141.831528
[setup reg-reg] _18579_/Q -> _18974_/D : -141.793320
[setup reg-reg] _18579_/Q -> _18985_/D : -141.504242
[setup reg-reg] _18579_/Q -> _18959_/D : -141.392578
[setup reg-reg] _18579_/Q -> _18961_/D : -141.216843
[setup reg-reg] _18579_/Q -> _18981_/D : -139.794113
[setup reg-reg] _18579_/Q -> _18979_/D : -139.518066
[setup reg-reg] _18579_/Q -> _18984_/D : -139.487015
[setup reg-reg] _18579_/Q -> _18988_/D : -139.482758
[setup reg-reg] _18579_/Q -> _18980_/D : -139.464340
[setup reg-reg] _18579_/Q -> _18986_/D : -139.283325
[setup reg-reg] _18579_/Q -> _18976_/D : -139.124786
[setup reg-reg] _18579_/Q -> _18975_/D : -139.123978
[setup reg-reg] _18579_/Q -> _18960_/D : -138.891403
[setup reg-reg] _18579_/Q -> _18962_/D : -138.889587
[setup reg-reg] _18579_/Q -> _18963_/D : -138.884811
[setup reg-reg] _18579_/Q -> _18958_/D : -138.801422
[setup reg-reg] _18579_/Q -> _18964_/D : -138.795975
[setup reg-reg] _18579_/Q -> _19002_/D : -138.788239
[setup reg-reg] _18579_/Q -> _19000_/D : -138.762466
[setup reg-reg] _18579_/Q -> _19363_/D : -138.737808
[setup reg-reg] _18579_/Q -> _19364_/D : -138.680801
[setup reg-reg] _18579_/Q -> _19360_/D : -138.303589
[setup reg-reg] _18579_/Q -> _19359_/D : -138.299484
[setup reg-reg] _18579_/Q -> _19386_/D : -138.256165
[setup reg-reg] _18579_/Q -> _19384_/D : -138.232651
[setup reg-reg] _18579_/Q -> _19368_/D : -138.200943
[setup reg-reg] _18579_/Q -> _19372_/D : -138.199371
[setup reg-reg] _18579_/Q -> _16848_/D : -138.181870
[setup reg-reg] _18579_/Q -> _19347_/D : -138.031662
[setup reg-reg] _18579_/Q -> _19344_/D : -138.022690
[setup reg-reg] _18579_/Q -> _19346_/D : -138.022507
[setup reg-reg] _18579_/Q -> _18973_/D : -138.007492
[setup reg-reg] _18579_/Q -> _18997_/D : -138.005936
[setup reg-reg] _18579_/Q -> _19370_/D : -137.998215
[setup reg-reg] _18579_/Q -> _19348_/D : -137.993912
[setup reg-reg] _18579_/Q -> _19342_/D : -137.990494
[setup reg-reg] _18579_/Q -> _19021_/D : -137.870483
[setup reg-reg] _18579_/Q -> _19362_/D : -137.759064
[setup reg-reg] _18579_/Q -> _19299_/D : -137.733093
[setup reg-reg] _18579_/Q -> _19293_/D : -137.730774
[setup reg-reg] _18579_/Q -> _19297_/D : -137.716537
[setup reg-reg] _18579_/Q -> _19298_/D : -137.716660
[setup reg-reg] _18579_/Q -> _19361_/D : -137.715973
[setup reg-reg] _18579_/Q -> _19296_/D : -137.706024
[setup reg-reg] _18579_/Q -> _18957_/D : -137.694992
[setup reg-reg] _18579_/Q -> _19110_/D : -137.686966
[setup reg-reg] _18579_/Q -> _19295_/D : -137.682327
[setup reg-reg] _18579_/Q -> _19294_/D : -137.673431
[setup reg-reg] _18579_/Q -> _19358_/D : -137.673523
[setup reg-reg] _18579_/Q -> _19111_/D : -137.667862
[setup reg-reg] _18579_/Q -> _19300_/D : -137.666504
[setup reg-reg] _18579_/Q -> _19109_/D : -137.660446
[setup reg-reg] _18579_/Q -> _19302_/D : -137.638672
[setup reg-reg] _18579_/Q -> _19366_/D : -137.623581
[setup reg-reg] _18579_/Q -> _19113_/D : -137.610733
[setup reg-reg] _18579_/Q -> _19303_/D : -137.609818
[setup reg-reg] _18579_/Q -> _19365_/D : -137.608429
[setup reg-reg] _18579_/Q -> _19367_/D : -137.605133
[setup reg-reg] _18579_/Q -> _19115_/D : -137.599548
[setup reg-reg] _18579_/Q -> _19392_/D : -137.567932
[setup reg-reg] _18579_/Q -> _19371_/D : -137.542633
[setup reg-reg] _18579_/Q -> _19307_/D : -137.541641
[setup reg-reg] _18579_/Q -> _19305_/D : -137.541473
[setup reg-reg] _18579_/Q -> _18965_/D : -137.492401
[setup reg-reg] _18579_/Q -> _18950_/D : -137.465515
[setup reg-reg] _18579_/Q -> _18951_/D : -137.428528
[setup reg-reg] _18579_/Q -> _19394_/D : -137.406143
[setup reg-reg] _18579_/Q -> _19105_/D : -137.403992
[setup reg-reg] _18579_/Q -> _18945_/D : -137.400284
[setup reg-reg] _18579_/Q -> _19106_/D : -137.396576
[setup reg-reg] _18579_/Q -> _19357_/D : -137.377396
[setup reg-reg] _18579_/Q -> _19102_/D : -137.376938
[setup reg-reg] _18579_/Q -> _19395_/D : -137.371628
[setup reg-reg] _18579_/Q -> _18955_/D : -137.366211
[setup reg-reg] _18579_/Q -> _19391_/D : -137.344421
[setup reg-reg] _18579_/Q -> _19396_/D : -137.344101
[setup reg-reg] _18579_/Q -> _19390_/D : -137.343674
[setup reg-reg] _18579_/Q -> _18947_/D : -137.320801
[setup reg-reg] _18579_/Q -> _19387_/D : -137.299225
[setup reg-reg] _18579_/Q -> _19101_/D : -137.296478
[setup reg-reg] _18579_/Q -> _18948_/D : -137.295273
[setup reg-reg] _18579_/Q -> _19382_/D : -137.291580
[setup reg-reg] _18579_/Q -> _19356_/D : -137.289322
[setup reg-reg] _18579_/Q -> _19397_/D : -137.286148
[setup reg-reg] _18579_/Q -> _19388_/D : -137.282196
[setup reg-reg] _18579_/Q -> _19355_/D : -137.274078
[setup reg-reg] _18579_/Q -> _19393_/D : -137.273514
[setup reg-reg] _18579_/Q -> _19354_/D : -137.259445
[setup reg-reg] _18579_/Q -> _19233_/D : -137.258621
[setup reg-reg] _18579_/Q -> _19126_/D : -137.256622
[setup reg-reg] _18579_/Q -> _18944_/D : -137.254181
[setup reg-reg] _18579_/Q -> _18946_/D : -137.252533
[setup reg-reg] _18579_/Q -> _19350_/D : -137.252396
[setup reg-reg] _18579_/Q -> _19234_/D : -137.251190
[setup reg-reg] _18579_/Q -> _19131_/D : -137.248810
[setup reg-reg] _18579_/Q -> _19385_/D : -137.240540
[setup reg-reg] _18579_/Q -> _18943_/D : -137.238678
[setup reg-reg] _18579_/Q -> _19132_/D : -137.232849
[setup reg-reg] _18579_/Q -> _18942_/D : -137.231186
[setup reg-reg] _18579_/Q -> _19230_/D : -137.229294
[setup reg-reg] _18579_/Q -> _19383_/D : -137.226990
[setup reg-reg] _18579_/Q -> _19353_/D : -137.224030
[setup reg-reg] _18579_/Q -> _19417_/D : -137.223938
[setup reg-reg] _18579_/Q -> _19351_/D : -137.219635
[setup reg-reg] _18579_/Q -> _19416_/D : -137.213257
[setup reg-reg] _18579_/Q -> _19352_/D : -137.204391
[setup reg-reg] _18579_/Q -> _19343_/D : -137.203644
[setup reg-reg] _18579_/Q -> _19285_/D : -137.192200
[setup reg-reg] _18579_/Q -> _18941_/D : -137.190842
[setup reg-reg] _18579_/Q -> _19369_/D : -137.189804
[setup reg-reg] _18579_/Q -> _19308_/D : -137.187546
[setup reg-reg] _18579_/Q -> _18924_/D : -137.186615
[setup reg-reg] _18579_/Q -> _19005_/D : -137.185394
[setup reg-reg] _18579_/Q -> _19381_/D : -137.180740
[setup reg-reg] _18579_/Q -> _19317_/D : -137.150604
[setup reg-reg] _18579_/Q -> _19238_/D : -137.148819
[setup reg-reg] _18579_/Q -> _19229_/D : -137.148392
[setup reg-reg] _18579_/Q -> _19014_/D : -137.139008
[setup reg-reg] _18579_/Q -> _18972_/D : -137.135239
[setup reg-reg] _18579_/Q -> _19349_/D : -137.134842
[setup reg-reg] _18579_/Q -> _18940_/D : -137.131058
[setup reg-reg] _18579_/Q -> _19239_/D : -137.128891
[setup reg-reg] _18579_/Q -> _19019_/D : -137.127335
[setup reg-reg] _18579_/Q -> _19237_/D : -137.121216
[setup reg-reg] _18579_/Q -> _18934_/D : -137.117905
[setup reg-reg] _18579_/Q -> _18938_/D : -137.114792
[setup reg-reg] _18579_/Q -> _19015_/D : -137.112045
[setup reg-reg] _18579_/Q -> _18971_/D : -137.108047
[setup reg-reg] _18579_/Q -> _19035_/D : -137.107880
[setup reg-reg] _18579_/Q -> _18939_/D : -137.105255
[setup reg-reg] _18579_/Q -> _18937_/D : -137.104156
[setup reg-reg] _18579_/Q -> _19127_/D : -137.103378
[setup reg-reg] _18579_/Q -> _19129_/D : -137.102753
[setup reg-reg] _18579_/Q -> _18970_/D : -137.101273
[setup reg-reg] _18579_/Q -> _19036_/D : -137.097488
[setup reg-reg] _18579_/Q -> _19017_/D : -137.096451
[setup reg-reg] _18579_/Q -> _18966_/D : -137.094284
[setup reg-reg] _18579_/Q -> _19125_/D : -137.085922
[setup reg-reg] _18579_/Q -> _19241_/D : -137.071747
[setup reg-reg] _18579_/Q -> _19341_/D : -137.067245
[setup reg-reg] _18579_/Q -> _18969_/D : -137.065796
[setup reg-reg] _18579_/Q -> _18967_/D : -137.064606
[setup reg-reg] _18579_/Q -> _19243_/D : -137.061676
[setup reg-reg] _18579_/Q -> _19030_/D : -137.057281
[setup reg-reg] _18579_/Q -> _18935_/D : -137.053207
[setup reg-reg] _18579_/Q -> _18936_/D : -137.049698
[setup reg-reg] _18579_/Q -> _18968_/D : -137.049194
[setup reg-reg] _18579_/Q -> _18953_/D : -137.042664
[setup reg-reg] _18579_/Q -> _18956_/D : -137.040909
[setup reg-reg] _18579_/Q -> _19034_/D : -137.038498
[setup reg-reg] _18579_/Q -> _19333_/D : -137.036072
[setup reg-reg] _18579_/Q -> _19152_/D : -137.033569
[setup reg-reg] _18579_/Q -> _19405_/D : -137.031891
[setup reg-reg] _18579_/Q -> _19412_/D : -137.031021
[setup reg-reg] _18579_/Q -> _19407_/D : -137.025620
[setup reg-reg] _18579_/Q -> _19411_/D : -137.014862
[setup reg-reg] _18579_/Q -> _19410_/D : -137.010239
[setup reg-reg] _18579_/Q -> _19031_/D : -137.008652
[setup reg-reg] _18579_/Q -> _19304_/D : -137.007050
[setup reg-reg] _18579_/Q -> _19306_/D : -137.005371
[setup reg-reg] _18579_/Q -> _18920_/D : -137.005096
[setup reg-reg] _18579_/Q -> _18922_/D : -137.002930
[setup reg-reg] _18579_/Q -> _19345_/D : -137.002029
[setup reg-reg] _18579_/Q -> _19315_/D : -136.999298
[setup reg-reg] _18579_/Q -> _19093_/D : -136.995453
[setup reg-reg] _18579_/Q -> _19409_/D : -136.992432
[setup reg-reg] _18579_/Q -> _19373_/D : -136.979797
[setup reg-reg] _18579_/Q -> _19413_/D : -136.978607
[setup reg-reg] _18579_/Q -> _19406_/D : -136.955383
[setup reg-reg] _18579_/Q -> _19380_/D : -136.952316
[setup reg-reg] _18579_/Q -> _18933_/D : -136.947113
[setup reg-reg] _18579_/Q -> _19316_/D : -136.946609
[setup reg-reg] _18579_/Q -> _19378_/D : -136.946747
[setup reg-reg] _18579_/Q -> _18932_/D : -136.944275
[setup reg-reg] _18579_/Q -> _19314_/D : -136.943130
[setup reg-reg] _18579_/Q -> _19310_/D : -136.939941
[setup reg-reg] _18579_/Q -> _19374_/D : -136.937057
[setup reg-reg] _18579_/Q -> _19375_/D : -136.934982
[setup reg-reg] _18579_/Q -> _18931_/D : -136.930695
[setup reg-reg] _18579_/Q -> _19408_/D : -136.929092
[setup reg-reg] _18579_/Q -> _19379_/D : -136.917099
[setup reg-reg] _18579_/Q -> _19254_/D : -136.913635
[setup reg-reg] _18579_/Q -> _19020_/D : -136.912857
[setup reg-reg] _18579_/Q -> _19028_/D : -136.909531
[setup reg-reg] _18579_/Q -> _19018_/D : -136.906342
[setup reg-reg] _18579_/Q -> _19149_/D : -136.906387
[setup reg-reg] _18579_/Q -> _19259_/D : -136.905777
[setup reg-reg] _18579_/Q -> _19023_/D : -136.903885
[setup reg-reg] _18579_/Q -> _19027_/D : -136.897583
[setup reg-reg] _18579_/Q -> _19026_/D : -136.891495
[setup reg-reg] _18579_/Q -> _19260_/D : -136.891037
[setup reg-reg] _18579_/Q -> _19311_/D : -136.889252
[setup reg-reg] _18579_/Q -> _18927_/D : -136.886948
[setup reg-reg] _18579_/Q -> _19376_/D : -136.885529
[setup reg-reg] _18579_/Q -> _19016_/D : -136.874832
[setup reg-reg] _18579_/Q -> _19312_/D : -136.874878
[setup reg-reg] _18579_/Q -> _19025_/D : -136.874161
[setup reg-reg] _18579_/Q -> _18949_/D : -136.872559
[setup reg-reg] _18579_/Q -> _19377_/D : -136.870941
[setup reg-reg] _18579_/Q -> _19313_/D : -136.867233
[setup reg-reg] _18579_/Q -> _18954_/D : -136.844116
[setup reg-reg] _18579_/Q -> _18952_/D : -136.840347
[setup reg-reg] _18579_/Q -> _19022_/D : -136.835861
[setup reg-reg] _18579_/Q -> _18989_/D : -136.823257
[setup reg-reg] _18579_/Q -> _19024_/D : -136.811539
[setup reg-reg] _18579_/Q -> _18928_/D : -136.805435
[setup reg-reg] _18579_/Q -> _18926_/D : -136.797989
[setup reg-reg] _18579_/Q -> _18930_/D : -136.797699
[setup reg-reg] _18579_/Q -> _19157_/D : -136.765045
[setup reg-reg] _18579_/Q -> _18996_/D : -136.763474
[setup reg-reg] _18579_/Q -> _18994_/D : -136.763016
[setup reg-reg] _18579_/Q -> _19257_/D : -136.757767
[setup reg-reg] _18579_/Q -> _19255_/D : -136.756943
[setup reg-reg] _18579_/Q -> _18990_/D : -136.751877
[setup reg-reg] _18579_/Q -> _18991_/D : -136.747879
[setup reg-reg] _18579_/Q -> _19253_/D : -136.740936
[setup reg-reg] _18579_/Q -> _18995_/D : -136.730591
[setup reg-reg] _18579_/Q -> _19221_/D : -136.728897
[setup reg-reg] _18579_/Q -> _18929_/D : -136.727173
[setup reg-reg] _18579_/Q -> _19087_/D : -136.719986
[setup reg-reg] _18579_/Q -> _19029_/D : -136.713989
[setup reg-reg] _18579_/Q -> _18992_/D : -136.699310
[setup reg-reg] _18579_/Q -> _19085_/D : -136.694794
[setup reg-reg] _18579_/Q -> _18993_/D : -136.685440
[setup reg-reg] _18579_/Q -> _19280_/D : -136.658218
[setup reg-reg] _18579_/Q -> _19215_/D : -136.572281
[setup reg-reg] _18579_/Q -> _19277_/D : -136.546021
[setup reg-reg] _18579_/Q -> _19213_/D : -136.544479
[setup reg-reg] _18579_/Q -> _19089_/D : -136.543152
[setup reg-reg] _18579_/Q -> _18925_/D : -136.456070
[setup reg-reg] _18579_/Q -> _19217_/D : -136.396790
[setup reg-reg] _18579_/Q -> _18581_/D : -136.125580
[setup reg-reg] _18579_/Q -> _18284_/D : -115.003792
[setup reg-reg] _18579_/Q -> _18289_/D : -114.987251
[setup reg-reg] _18579_/Q -> _18288_/D : -114.935020
[setup reg-reg] _18579_/Q -> _18316_/D : -114.873962
[setup reg-reg] _18579_/Q -> _18283_/D : -114.813087
[setup reg-reg] _18579_/Q -> _18315_/D : -114.682777
[setup reg-reg] _18579_/Q -> _18287_/D : -114.667450
[setup reg-reg] _18579_/Q -> _18285_/D : -114.642815
[setup reg-reg] _18579_/Q -> _18298_/D : -114.633156
[setup reg-reg] _18579_/Q -> _18320_/D : -114.608582
[setup reg-reg] _18579_/Q -> _18520_/D : -114.589821
[setup reg-reg] _18579_/Q -> _18319_/D : -114.582985
[setup reg-reg] _18579_/Q -> _18519_/D : -114.581436
[setup reg-reg] _18579_/Q -> _18518_/D : -114.576393
[setup reg-reg] _18579_/Q -> _18306_/D : -114.572693
[setup reg-reg] _18579_/Q -> _18286_/D : -114.557564
[setup reg-reg] _18579_/Q -> _18517_/D : -114.557449
[setup reg-reg] _18579_/Q -> _18516_/D : -114.540703
[setup reg-reg] _18579_/Q -> _18515_/D : -114.538849
[setup reg-reg] _18579_/Q -> _18521_/D : -114.536781
[setup reg-reg] _18579_/Q -> _18523_/D : -114.533501
[setup reg-reg] _18579_/Q -> _18318_/D : -114.522781
[setup reg-reg] _18579_/Q -> _18524_/D : -114.513199
[setup reg-reg] _18579_/Q -> _18528_/D : -114.502708
[setup reg-reg] _18579_/Q -> _18526_/D : -114.500328
[setup reg-reg] _18579_/Q -> _18550_/D : -114.484474
[setup reg-reg] _18579_/Q -> _18553_/D : -114.373642
[setup reg-reg] _18579_/Q -> _18551_/D : -114.325653
[setup reg-reg] _18579_/Q -> _18547_/D : -114.293335
[setup reg-reg] _18579_/Q -> _18303_/D : -113.991524
[setup reg-reg] _18579_/Q -> _18564_/D : -111.486076
[setup reg-reg] _18579_/Q -> _18567_/D : -111.483513
[setup reg-reg] _18579_/Q -> _18568_/D : -111.474762
[setup reg-reg] _18579_/Q -> _18566_/D : -111.473625
[setup reg-reg] _18579_/Q -> _18565_/D : -111.460190
[setup reg-reg] _18579_/Q -> _18569_/D : -111.353775
[setup reg-reg] _18579_/Q -> _18563_/D : -111.345078
[setup reg-reg] _18579_/Q -> _18264_/D : -111.056892
[setup reg-reg] _18579_/Q -> _18262_/D : -111.051910
[setup reg-reg] _18579_/Q -> _18263_/D : -111.049171
[setup reg-reg] _18579_/Q -> _18259_/D : -111.025246
[setup reg-reg] _18579_/Q -> _18265_/D : -110.990700
[setup reg-reg] _18579_/Q -> _18293_/D : -110.926620
[setup reg-reg] _18579_/Q -> _18266_/D : -110.847412
[setup reg-reg] _18579_/Q -> _18268_/D : -110.834694
[setup reg-reg] _18579_/Q -> _18556_/D : -110.831917
[setup reg-reg] _18579_/Q -> _18295_/D : -110.826218
[setup reg-reg] _18579_/Q -> _18272_/D : -110.825989
[setup reg-reg] _18579_/Q -> _18292_/D : -110.737000
[setup reg-reg] _18579_/Q -> _18529_/D : -110.697273
[setup reg-reg] _18579_/Q -> _18296_/D : -110.693832
[setup reg-reg] _18579_/Q -> _18297_/D : -110.684349
[setup reg-reg] _18579_/Q -> _18548_/D : -110.683617
[setup reg-reg] _18579_/Q -> _18549_/D : -110.650749
[setup reg-reg] _18579_/Q -> _18304_/D : -110.625298
[setup reg-reg] _18579_/Q -> _18291_/D : -110.616135
[setup reg-reg] _18579_/Q -> _18302_/D : -110.605385
[setup reg-reg] _18579_/Q -> _18536_/D : -110.594719
[setup reg-reg] _18579_/Q -> _18282_/D : -110.558197
[setup reg-reg] _18579_/Q -> _18552_/D : -110.532188
[setup reg-reg] _18579_/Q -> _18310_/D : -110.510948
[setup reg-reg] _18579_/Q -> _18308_/D : -110.507500
[setup reg-reg] _18579_/Q -> _18261_/D : -110.498711
[setup reg-reg] _18579_/Q -> _18312_/D : -110.497635
[setup reg-reg] _18579_/Q -> _18273_/D : -110.496803
[setup reg-reg] _18579_/Q -> _18270_/D : -110.485741
[setup reg-reg] _18579_/Q -> _18309_/D : -110.484283
[setup reg-reg] _18579_/Q -> _18294_/D : -110.479912
[setup reg-reg] _18579_/Q -> _18260_/D : -110.471931
[setup reg-reg] _18579_/Q -> _18305_/D : -110.444145
[setup reg-reg] _18579_/Q -> _18269_/D : -110.427567
[setup reg-reg] _18579_/Q -> _18313_/D : -110.394356
[setup reg-reg] _18579_/Q -> _18307_/D : -110.370422
[setup reg-reg] _18579_/Q -> _18314_/D : -110.368896
[setup reg-reg] _18579_/Q -> _18278_/D : -110.340973
[setup reg-reg] _18579_/Q -> _18525_/D : -110.323547
[setup reg-reg] _18579_/Q -> _18271_/D : -110.307510
[setup reg-reg] _18579_/Q -> _18281_/D : -110.283302
[setup reg-reg] _18579_/Q -> _18276_/D : -110.281006
[setup reg-reg] _18579_/Q -> _18275_/D : -110.278145
[setup reg-reg] _18579_/Q -> _18279_/D : -110.271370
[setup reg-reg] _18579_/Q -> _18280_/D : -110.270943
[setup reg-reg] _18579_/Q -> _18277_/D : -110.237366
[setup reg-reg] _18579_/Q -> _18545_/D : -109.821808
[setup reg-reg] _18579_/Q -> _18514_/D : -108.785210
[setup reg-reg] _18579_/Q -> _18258_/D : -108.452278
[setup reg-reg] _18579_/Q -> _18558_/D : -108.367668
[setup reg-reg] _18579_/Q -> _18538_/D : -108.316406
[setup reg-reg] _18579_/Q -> _18570_/D : -108.262901
[setup reg-reg] _18579_/Q -> _18554_/D : -108.184189
[setup reg-reg] _18579_/Q -> _18301_/D : -108.162811
[setup reg-reg] _18579_/Q -> _18562_/D : -108.147842
[setup reg-reg] _18579_/Q -> _18531_/D : -108.147583
[setup reg-reg] _18579_/Q -> _18537_/D : -108.147186
[setup reg-reg] _18579_/Q -> _18530_/D : -108.121254
[setup reg-reg] _18579_/Q -> _18532_/D : -108.111725
[setup reg-reg] _18579_/Q -> _18533_/D : -108.100861
[setup reg-reg] _18579_/Q -> _18522_/D : -107.699585
[setup reg-reg] _18579_/Q -> _18299_/D : -107.377602
[setup reg-reg] _18579_/Q -> _18300_/D : -107.356461
[setup reg-reg] _18579_/Q -> _18274_/D : -107.146561
[setup reg-reg] _18579_/Q -> _18535_/D : -107.131660
[setup reg-reg] _18579_/Q -> _18534_/D : -107.102333
[setup reg-reg] _18579_/Q -> _18392_/D : -95.795525
[setup reg-reg] _18579_/Q -> _18393_/D : -95.721603
[setup reg-reg] _18579_/Q -> _18398_/D : -95.687798
[setup reg-reg] _18579_/Q -> _18396_/D : -95.684090
[setup reg-reg] _18579_/Q -> _18400_/D : -95.677803
[setup reg-reg] _18579_/Q -> _18424_/D : -95.640526
[setup reg-reg] _18579_/Q -> _18423_/D : -95.632706
[setup reg-reg] _18579_/Q -> _18419_/D : -95.435471
[setup reg-reg] _18579_/Q -> _18391_/D : -95.419792
[setup reg-reg] _18579_/Q -> _18448_/D : -95.415520
[setup reg-reg] _18579_/Q -> _18416_/D : -95.414635
[setup reg-reg] _18579_/Q -> _18417_/D : -95.392204
[setup reg-reg] _18579_/Q -> _18427_/D : -95.388748
[setup reg-reg] _18579_/Q -> _18414_/D : -95.380104
[setup reg-reg] _18579_/Q -> _18412_/D : -95.369728
[setup reg-reg] _18579_/Q -> _18415_/D : -95.367271
[setup reg-reg] _18579_/Q -> _18428_/D : -95.366890
[setup reg-reg] _18579_/Q -> _18421_/D : -95.356583
[setup reg-reg] _18579_/Q -> _18394_/D : -95.354683
[setup reg-reg] _18579_/Q -> _18447_/D : -95.354721
[setup reg-reg] _18579_/Q -> _18430_/D : -95.349846
[setup reg-reg] _18579_/Q -> _18418_/D : -95.348366
[setup reg-reg] _18579_/Q -> _18444_/D : -95.338295
[setup reg-reg] _18579_/Q -> _18401_/D : -95.335007
[setup reg-reg] _18579_/Q -> _18446_/D : -95.334892
[setup reg-reg] _18579_/Q -> _18445_/D : -95.330414
[setup reg-reg] _18579_/Q -> _18420_/D : -95.326111
[setup reg-reg] _18579_/Q -> _18449_/D : -95.312744
[setup reg-reg] _18579_/Q -> _18389_/D : -95.308815
[setup reg-reg] _18579_/Q -> _18411_/D : -95.304680
[setup reg-reg] _18579_/Q -> _18388_/D : -95.266937
[setup reg-reg] _18579_/Q -> _18436_/D : -95.200401
[setup reg-reg] _18579_/Q -> _18437_/D : -95.198212
[setup reg-reg] _18579_/Q -> _18413_/D : -95.198036
[setup reg-reg] _18579_/Q -> _18433_/D : -95.197083
[setup reg-reg] _18579_/Q -> _18439_/D : -95.176292
[setup reg-reg] _18579_/Q -> _18440_/D : -95.175354
[setup reg-reg] _18579_/Q -> _18438_/D : -95.171066
[setup reg-reg] _18579_/Q -> _18429_/D : -95.159340
[setup reg-reg] _18579_/Q -> _18409_/D : -95.148178
[setup reg-reg] _18579_/Q -> _18431_/D : -95.147774
[setup reg-reg] _18579_/Q -> _18441_/D : -95.146759
[setup reg-reg] _18579_/Q -> _18399_/D : -95.144005
[setup reg-reg] _18579_/Q -> _18397_/D : -95.141563
[setup reg-reg] _18579_/Q -> _18434_/D : -95.139778
[setup reg-reg] _18579_/Q -> _18435_/D : -95.107368
[setup reg-reg] _18579_/Q -> _18402_/D : -95.103897
[setup reg-reg] _18579_/Q -> _18407_/D : -95.100067
[setup reg-reg] _18579_/Q -> _18408_/D : -95.093582
[setup reg-reg] _18579_/Q -> _18403_/D : -95.083916
[setup reg-reg] _18579_/Q -> _18404_/D : -95.074287
[setup reg-reg] _18579_/Q -> _18405_/D : -95.064995
[setup reg-reg] _18579_/Q -> _18406_/D : -95.062523
[setup reg-reg] _18579_/Q -> _18387_/D : -95.015656
[setup reg-reg] _18579_/Q -> _18267_/D : -80.464096
[setup reg-reg] _18579_/Q -> _18311_/D : -80.124626
[setup reg-reg] _18579_/Q -> _18555_/D : -79.957817
[setup reg-reg] _18579_/Q -> _18560_/D : -79.921577
[setup reg-reg] _18579_/Q -> _18546_/D : -79.702721
[setup reg-reg] _18579_/Q -> _18321_/D : -79.689613
[setup reg-reg] _18579_/Q -> _18542_/D : -79.663948
[setup reg-reg] _18579_/Q -> _18544_/D : -79.663574
[setup reg-reg] _18579_/Q -> _18576_/D : -79.662277
[setup reg-reg] _18579_/Q -> _18575_/D : -79.659058
[setup reg-reg] _18579_/Q -> _18577_/D : -79.657288
[setup reg-reg] _18579_/Q -> _18539_/D : -79.653809
[setup reg-reg] _18579_/Q -> _18543_/D : -79.649612
[setup reg-reg] _18579_/Q -> _18573_/D : -79.641243
[setup reg-reg] _18579_/Q -> _18317_/D : -79.640846
[setup reg-reg] _18579_/Q -> _18541_/D : -79.639702
[setup reg-reg] _18579_/Q -> _18540_/D : -79.638351
[setup reg-reg] _18579_/Q -> _18572_/D : -79.637054
[setup reg-reg] _18579_/Q -> _18571_/D : -79.636307
[setup reg-reg] _18579_/Q -> _18574_/D : -79.634628
[setup reg-reg] _18579_/Q -> _18290_/D : -79.614861
[setup reg-reg] _18579_/Q -> _18561_/D : -79.586960
[setup reg-reg] _18579_/Q -> _18527_/D : -79.401665
[setup reg-reg] _18579_/Q -> _18557_/D : -79.391052
[setup reg-reg] _18579_/Q -> _18559_/D : -79.386337
[setup reg-reg] _18579_/Q -> _18390_/D : -76.374069
[setup reg-reg] _18579_/Q -> _18395_/D : -76.290451
[setup reg-reg] _18579_/Q -> _18386_/D : -75.864487
[setup reg-reg] _18579_/Q -> _18443_/D : -75.844315
[setup reg-reg] _18579_/Q -> _18432_/D : -75.835846
[setup reg-reg] _18579_/Q -> _18410_/D : -75.778465
[setup reg-reg] _18579_/Q -> _18422_/D : -75.749886
[setup reg-reg] _18579_/Q -> _18425_/D : -75.720657
[setup reg-reg] _18579_/Q -> _18442_/D : -75.718552
[setup reg-reg] _18579_/Q -> _18426_/D : -75.644844
[setup reg-reg] _18579_/Q -> _18578_/D : -74.483238
[setup reg-reg] _18579_/Q -> _18453_/D : -73.445358
[setup reg-reg] _18579_/Q -> _18513_/D : -72.894875
[setup reg-reg] _18579_/Q -> _18580_/D : -71.597801
[setup reg-reg] _18579_/Q -> _18464_/D : -71.585396
[setup reg-reg] _18579_/Q -> _18460_/D : -71.422157
[setup reg-reg] _18579_/Q -> _18458_/D : -71.418907
[setup reg-reg] _18579_/Q -> _18487_/D : -71.361954
[setup reg-reg] _18579_/Q -> _18579_/D : -71.321991
[setup reg-reg] _18579_/Q -> _18512_/D : -71.295326
[setup reg-reg] _18579_/Q -> _18480_/D : -71.284752
[setup reg-reg] _18579_/Q -> _18450_/D : -71.261597
[setup reg-reg] _18579_/Q -> _18451_/D : -71.253960
[setup reg-reg] _18579_/Q -> _18491_/D : -71.241524
[setup reg-reg] _18579_/Q -> _18488_/D : -71.226814
[setup reg-reg] _18579_/Q -> _18465_/D : -71.224396
[setup reg-reg] _18579_/Q -> _18484_/D : -71.196556
[setup reg-reg] _18579_/Q -> _18475_/D : -71.184952
[setup reg-reg] _18579_/Q -> _18483_/D : -71.157326
[setup reg-reg] _18579_/Q -> _18485_/D : -71.138290
[setup reg-reg] _18579_/Q -> _18477_/D : -71.125603
[setup reg-reg] _18579_/Q -> _18474_/D : -71.122375
[setup reg-reg] _18579_/Q -> _18452_/D : -71.121681
[setup reg-reg] _18579_/Q -> _18481_/D : -71.117928
[setup reg-reg] _18579_/Q -> _18486_/D : -71.114204
[setup reg-reg] _18579_/Q -> _18456_/D : -71.111191
[setup reg-reg] _18579_/Q -> _18507_/D : -71.110809
[setup reg-reg] _18579_/Q -> _18511_/D : -71.106720
[setup reg-reg] _18579_/Q -> _18457_/D : -71.101532
[setup reg-reg] _18579_/Q -> _18479_/D : -71.101044
[setup reg-reg] _18579_/Q -> _18476_/D : -71.096779
[setup reg-reg] _18579_/Q -> _18455_/D : -71.095215
[setup reg-reg] _18579_/Q -> _18454_/D : -71.094391
[setup reg-reg] _18579_/Q -> _18509_/D : -71.092033
[setup reg-reg] _18579_/Q -> _18506_/D : -71.090225
[setup reg-reg] _18579_/Q -> _18510_/D : -71.088257
[setup reg-reg] _18579_/Q -> _18508_/D : -71.087830
[setup reg-reg] _18579_/Q -> _18478_/D : -71.087395
[setup reg-reg] _18579_/Q -> _18459_/D : -71.078194
[setup reg-reg] _18579_/Q -> _18482_/D : -71.076279
[setup reg-reg] _18579_/Q -> _18496_/D : -71.074562
[setup reg-reg] _18579_/Q -> _18492_/D : -71.067276
[setup reg-reg] _18579_/Q -> _18494_/D : -71.062035
[setup reg-reg] _18579_/Q -> _18462_/D : -71.058601
[setup reg-reg] _18579_/Q -> _18463_/D : -71.034866
[setup reg-reg] _18579_/Q -> _18495_/D : -71.031265
[setup reg-reg] _18579_/Q -> _18461_/D : -71.029144
[setup reg-reg] _18579_/Q -> _18490_/D : -71.028938
[setup reg-reg] _18579_/Q -> _18470_/D : -70.979752
[setup reg-reg] _18579_/Q -> _18472_/D : -70.977364
[setup reg-reg] _18579_/Q -> _18489_/D : -70.955780
[setup reg-reg] _18579_/Q -> _18503_/D : -70.925316
[setup reg-reg] _18579_/Q -> _18500_/D : -70.924385
[setup reg-reg] _18579_/Q -> _18501_/D : -70.924339
[setup reg-reg] _18579_/Q -> _18502_/D : -70.922798
[setup reg-reg] _18579_/Q -> _18504_/D : -70.922569
[setup reg-reg] _18579_/Q -> _18497_/D : -70.885803
[setup reg-reg] _18579_/Q -> _18493_/D : -70.862602
[setup reg-reg] _18579_/Q -> _18505_/D : -70.848816
[setup reg-reg] _18579_/Q -> _18473_/D : -70.837875
[setup reg-reg] _18579_/Q -> _18499_/D : -70.831238
[setup reg-reg] _18579_/Q -> _18498_/D : -70.830971
[setup reg-reg] _18579_/Q -> _18471_/D : -70.825066
[setup reg-reg] _18579_/Q -> _18466_/D : -70.803726
[setup reg-reg] _18579_/Q -> _18467_/D : -70.799538
[setup reg-reg] _18579_/Q -> _18468_/D : -70.796989
[setup reg-reg] _18579_/Q -> _18469_/D : -70.791443
[setup reg-reg] _18579_/Q -> _18163_/D : -66.689880
[setup reg-reg] _18579_/Q -> _18140_/D : -66.008499
[setup reg-reg] _18579_/Q -> _18181_/D : -65.991524
[setup reg-reg] _18579_/Q -> _18006_/D : -65.946205
[setup reg-reg] _18579_/Q -> _18139_/D : -65.924240
[setup reg-reg] _18579_/Q -> _18009_/D : -65.876671
[setup reg-reg] _18579_/Q -> _18144_/D : -65.840919
[setup reg-reg] _18579_/Q -> _18136_/D : -65.781006
[setup reg-reg] _18579_/Q -> _18138_/D : -65.779594
[setup reg-reg] _18579_/Q -> _18183_/D : -65.762291
[setup reg-reg] _18579_/Q -> _18135_/D : -65.705315
[setup reg-reg] _18579_/Q -> _18167_/D : -65.669342
[setup reg-reg] _18579_/Q -> _18007_/D : -65.667961
[setup reg-reg] _18579_/Q -> _18137_/D : -65.616844
[setup reg-reg] _18579_/Q -> _18003_/D : -65.560570
[setup reg-reg] _18579_/Q -> _18142_/D : -65.555481
[setup reg-reg] _18579_/Q -> _18170_/D : -65.536346
[setup reg-reg] _18579_/Q -> _18174_/D : -65.523079
[setup reg-reg] _18579_/Q -> _18184_/D : -65.512772
[setup reg-reg] _18579_/Q -> _18146_/D : -65.499275
[setup reg-reg] _18579_/Q -> _18166_/D : -65.451859
[setup reg-reg] _18579_/Q -> _18168_/D : -65.449333
[setup reg-reg] _18579_/Q -> _18161_/D : -65.449081
[setup reg-reg] _18579_/Q -> _18134_/D : -65.439819
[setup reg-reg] _18579_/Q -> _18182_/D : -65.436256
[setup reg-reg] _18579_/Q -> _18169_/D : -65.412392
[setup reg-reg] _18579_/Q -> _18185_/D : -65.328697
[setup reg-reg] _18579_/Q -> _18147_/D : -65.286125
[setup reg-reg] _18579_/Q -> _18154_/D : -65.250534
[setup reg-reg] _18579_/Q -> _18180_/D : -65.236015
[setup reg-reg] _18579_/Q -> _18186_/D : -65.229324
[setup reg-reg] _18579_/Q -> _18153_/D : -65.216949
[setup reg-reg] _18579_/Q -> _18179_/D : -65.213097
[setup reg-reg] _18579_/Q -> _18151_/D : -65.209404
[setup reg-reg] _18579_/Q -> _18148_/D : -65.202286
[setup reg-reg] _18579_/Q -> _18149_/D : -65.090164
[setup reg-reg] _18579_/Q -> _18150_/D : -65.061302
[setup reg-reg] _18579_/Q -> _18178_/D : -65.055405
[setup reg-reg] _18579_/Q -> _18008_/D : -65.038620
[setup reg-reg] _18579_/Q -> _18848_/D : -64.341469
[setup reg-reg] _18579_/Q -> _18072_/D : -64.335831
[setup reg-reg] _18579_/Q -> _18851_/D : -64.298019
[setup reg-reg] _18579_/Q -> _18858_/D : -64.269058
[setup reg-reg] _18579_/Q -> _18208_/D : -64.259026
[setup reg-reg] _18579_/Q -> _18853_/D : -64.203384
[setup reg-reg] _18579_/Q -> _18204_/D : -64.174782
[setup reg-reg] _18579_/Q -> _18854_/D : -64.163841
[setup reg-reg] _18579_/Q -> _18879_/D : -64.010368
[setup reg-reg] _18579_/Q -> _18873_/D : -63.989235
[setup reg-reg] _18579_/Q -> _18901_/D : -63.972168
[setup reg-reg] _18579_/Q -> _18223_/D : -63.969410
[setup reg-reg] _18579_/Q -> _18225_/D : -63.963295
[setup reg-reg] _18579_/Q -> _18875_/D : -63.962200
[setup reg-reg] _18579_/Q -> _18849_/D : -63.960052
[setup reg-reg] _18579_/Q -> _18885_/D : -63.956593
[setup reg-reg] _18579_/Q -> _18872_/D : -63.955463
[setup reg-reg] _18579_/Q -> _18905_/D : -63.953602
[setup reg-reg] _18579_/Q -> _18251_/D : -63.952911
[setup reg-reg] _18579_/Q -> _18194_/D : -63.949638
[setup reg-reg] _18579_/Q -> _18222_/D : -63.946587
[setup reg-reg] _18579_/Q -> _18845_/D : -63.940861
[setup reg-reg] _18579_/Q -> _18254_/D : -63.938786
[setup reg-reg] _18579_/Q -> _18882_/D : -63.936676
[setup reg-reg] _18579_/Q -> _18904_/D : -63.929577
[setup reg-reg] _18579_/Q -> _18886_/D : -63.927559
[setup reg-reg] _18579_/Q -> _18902_/D : -63.925919
[setup reg-reg] _18579_/Q -> _18881_/D : -63.924847
[setup reg-reg] _18579_/Q -> _18232_/D : -63.922878
[setup reg-reg] _18579_/Q -> _18195_/D : -63.921604
[setup reg-reg] _18579_/Q -> _18066_/D : -63.915154
[setup reg-reg] _18579_/Q -> _18255_/D : -63.912624
[setup reg-reg] _18579_/Q -> _18252_/D : -63.910591
[setup reg-reg] _18579_/Q -> _18199_/D : -63.909428
[setup reg-reg] _18579_/Q -> _18888_/D : -63.908981
[setup reg-reg] _18579_/Q -> _18202_/D : -63.903351
[setup reg-reg] _18579_/Q -> _18206_/D : -63.903194
[setup reg-reg] _18579_/Q -> _18878_/D : -63.899990
[setup reg-reg] _18579_/Q -> _18856_/D : -63.897816
[setup reg-reg] _18579_/Q -> _18236_/D : -63.895451
[setup reg-reg] _18579_/Q -> _18071_/D : -63.895386
[setup reg-reg] _18579_/Q -> _18198_/D : -63.893532
[setup reg-reg] _18579_/Q -> _18852_/D : -63.893410
[setup reg-reg] _18579_/Q -> _18906_/D : -63.891289
[setup reg-reg] _18579_/Q -> _18235_/D : -63.889702
[setup reg-reg] _18579_/Q -> _18859_/D : -63.889553
[setup reg-reg] _18579_/Q -> _18877_/D : -63.888908
[setup reg-reg] _18579_/Q -> _18240_/D : -63.885765
[setup reg-reg] _18579_/Q -> _18067_/D : -63.883549
[setup reg-reg] _18579_/Q -> _18209_/D : -63.881874
[setup reg-reg] _18579_/Q -> _18227_/D : -63.881042
[setup reg-reg] _18579_/Q -> _18890_/D : -63.880779
[setup reg-reg] _18579_/Q -> _18070_/D : -63.880211
[setup reg-reg] _18579_/Q -> _18226_/D : -63.879166
[setup reg-reg] _18579_/Q -> _18200_/D : -63.878448
[setup reg-reg] _18579_/Q -> _18876_/D : -63.874077
[setup reg-reg] _18579_/Q -> _18874_/D : -63.869659
[setup reg-reg] _18579_/Q -> _18201_/D : -63.863411
[setup reg-reg] _18579_/Q -> _18880_/D : -63.862503
[setup reg-reg] _18579_/Q -> _18256_/D : -63.860550
[setup reg-reg] _18579_/Q -> _18203_/D : -63.860237
[setup reg-reg] _18579_/Q -> _18073_/D : -63.858852
[setup reg-reg] _18579_/Q -> _18230_/D : -63.854614
[setup reg-reg] _18579_/Q -> _18224_/D : -63.854042
[setup reg-reg] _18579_/Q -> _18229_/D : -63.844326
[setup reg-reg] _18579_/Q -> _18231_/D : -63.836349
[setup reg-reg] _18579_/Q -> _18257_/D : -63.835922
[setup reg-reg] _18579_/Q -> _18907_/D : -63.833660
[setup reg-reg] _18579_/Q -> _18228_/D : -63.832264
[setup reg-reg] _18579_/Q -> _18883_/D : -63.827400
[setup reg-reg] _18579_/Q -> _18219_/D : -63.825165
[setup reg-reg] _18579_/Q -> _18869_/D : -63.822685
[setup reg-reg] _18579_/Q -> _18847_/D : -63.820602
[setup reg-reg] _18579_/Q -> _18870_/D : -63.819317
[setup reg-reg] _18579_/Q -> _18233_/D : -63.809624
[setup reg-reg] _18579_/Q -> _18844_/D : -63.806740
[setup reg-reg] _18579_/Q -> _18197_/D : -63.797722
[setup reg-reg] _18579_/Q -> _18069_/D : -63.795876
[setup reg-reg] _18579_/Q -> _18868_/D : -63.793552
[setup reg-reg] _18579_/Q -> _18903_/D : -63.790596
[setup reg-reg] _18579_/Q -> _18218_/D : -63.787819
[setup reg-reg] _18579_/Q -> _18871_/D : -63.782127
[setup reg-reg] _18579_/Q -> _18220_/D : -63.774632
[setup reg-reg] _18579_/Q -> _18894_/D : -63.771889
[setup reg-reg] _18579_/Q -> _18897_/D : -63.767807
[setup reg-reg] _18579_/Q -> _18250_/D : -63.755539
[setup reg-reg] _18579_/Q -> _18898_/D : -63.754421
[setup reg-reg] _18579_/Q -> _18896_/D : -63.750584
[setup reg-reg] _18579_/Q -> _18247_/D : -63.748672
[setup reg-reg] _18579_/Q -> _18238_/D : -63.748005
[setup reg-reg] _18579_/Q -> _18253_/D : -63.747765
[setup reg-reg] _18579_/Q -> _18248_/D : -63.746117
[setup reg-reg] _18579_/Q -> _18246_/D : -63.744850
[setup reg-reg] _18579_/Q -> _18244_/D : -63.740723
[setup reg-reg] _18579_/Q -> _18221_/D : -63.738876
[setup reg-reg] _18579_/Q -> _18891_/D : -63.728970
[setup reg-reg] _18579_/Q -> _18846_/D : -63.726357
[setup reg-reg] _18579_/Q -> _18884_/D : -63.714581
[setup reg-reg] _18579_/Q -> _18241_/D : -63.711555
[setup reg-reg] _18579_/Q -> _18205_/D : -63.710197
[setup reg-reg] _18579_/Q -> _18068_/D : -63.705437
[setup reg-reg] _18579_/Q -> _18855_/D : -63.699883
[setup reg-reg] _18579_/Q -> _18899_/D : -63.695740
[setup reg-reg] _18579_/Q -> _18857_/D : -63.695576
[setup reg-reg] _18579_/Q -> _18889_/D : -63.695633
[setup reg-reg] _18579_/Q -> _18239_/D : -63.694977
[setup reg-reg] _18579_/Q -> _18217_/D : -63.693008
[setup reg-reg] _18579_/Q -> _18207_/D : -63.689606
[setup reg-reg] _18579_/Q -> _18196_/D : -63.688576
[setup reg-reg] _18579_/Q -> _18862_/D : -63.683445
[setup reg-reg] _18579_/Q -> _18212_/D : -63.680470
[setup reg-reg] _18579_/Q -> _18234_/D : -63.678379
[setup reg-reg] _18579_/Q -> _18867_/D : -63.671936
[setup reg-reg] _18579_/Q -> _18237_/D : -63.670288
[setup reg-reg] _18579_/Q -> _18211_/D : -63.666641
[setup reg-reg] _18579_/Q -> _18887_/D : -63.665974
[setup reg-reg] _18579_/Q -> _18865_/D : -63.665833
[setup reg-reg] _18579_/Q -> _18861_/D : -63.665527
[setup reg-reg] _18579_/Q -> _18895_/D : -63.664810
[setup reg-reg] _18579_/Q -> _18249_/D : -63.662167
[setup reg-reg] _18579_/Q -> _18900_/D : -63.659473
[setup reg-reg] _18579_/Q -> _18893_/D : -63.659180
[setup reg-reg] _18579_/Q -> _18214_/D : -63.656319
[setup reg-reg] _18579_/Q -> _18210_/D : -63.654236
[setup reg-reg] _18579_/Q -> _18243_/D : -63.654186
[setup reg-reg] _18579_/Q -> _18892_/D : -63.650784
[setup reg-reg] _18579_/Q -> _18860_/D : -63.646347
[setup reg-reg] _18579_/Q -> _18242_/D : -63.644070
[setup reg-reg] _18579_/Q -> _18864_/D : -63.630211
[setup reg-reg] _18579_/Q -> _18863_/D : -63.629581
[setup reg-reg] _18579_/Q -> _18215_/D : -63.628437
[setup reg-reg] _18579_/Q -> _18245_/D : -63.625835
[setup reg-reg] _18579_/Q -> _18866_/D : -63.621643
[setup reg-reg] _18579_/Q -> _18213_/D : -63.616322
[setup reg-reg] _18579_/Q -> _18216_/D : -63.614048
[setup reg-reg] _18579_/Q -> _18850_/D : -60.839130
[setup reg-reg] _18579_/Q -> _18192_/D : -60.654240
[setup reg-reg] _18579_/Q -> _18160_/D : -60.565952
[setup reg-reg] _18579_/Q -> _18165_/D : -60.361702
[setup reg-reg] _18579_/Q -> _18176_/D : -60.156227
[setup reg-reg] _18579_/Q -> _18177_/D : -60.072502
[setup reg-reg] _18579_/Q -> _18159_/D : -60.048317
[setup reg-reg] _18579_/Q -> _18158_/D : -60.033195
[setup reg-reg] _18579_/Q -> _18162_/D : -60.015083
[setup reg-reg] _18579_/Q -> _18171_/D : -59.976097
[setup reg-reg] _18579_/Q -> _18172_/D : -59.974674
[setup reg-reg] _18579_/Q -> _18152_/D : -59.936172
[setup reg-reg] _18579_/Q -> _18157_/D : -59.932251
[setup reg-reg] _18579_/Q -> _18188_/D : -59.901787
[setup reg-reg] _18579_/Q -> _18187_/D : -59.869415
[setup reg-reg] _18579_/Q -> _18191_/D : -59.862190
[setup reg-reg] _18579_/Q -> _18145_/D : -59.842289
[setup reg-reg] _18579_/Q -> _18143_/D : -59.834316
[setup reg-reg] _18579_/Q -> _18190_/D : -59.827366
[setup reg-reg] _18579_/Q -> _18175_/D : -59.825981
[setup reg-reg] _18579_/Q -> _18155_/D : -59.806084
[setup reg-reg] _18579_/Q -> _18193_/D : -59.791084
[setup reg-reg] _18579_/Q -> _18164_/D : -59.767334
[setup reg-reg] _18579_/Q -> _18156_/D : -59.730640
[setup reg-reg] _18579_/Q -> _18189_/D : -59.676559
[setup reg-reg] _18579_/Q -> _18173_/D : -59.668274
[setup reg-reg] _18579_/Q -> _18141_/D : -59.631348
[setup reg-reg] _18579_/Q -> _18911_/D : -15.423901
[setup reg-reg] _18579_/Q -> _18916_/D : -15.420220
[setup reg-reg] _18579_/Q -> _18910_/D : -15.415452
[setup reg-reg] _18579_/Q -> _18913_/D : -15.411772
[setup reg-reg] _18579_/Q -> _18914_/D : -15.383030
[setup reg-reg] _18579_/Q -> _18915_/D : -15.372742
[setup reg-reg] _18579_/Q -> _18912_/D : -15.359355
[setup reg-reg] _18579_/Q -> _19008_/D : -15.326173
[setup reg-reg] _18579_/Q -> _19033_/D : -15.278673
[setup reg-reg] _18579_/Q -> _19032_/D : -15.271717
[setup reg-reg] _18579_/Q -> _18909_/D : -15.194161
[setup reg-reg] _18579_/Q -> _19010_/D : -15.180376
[setup reg-reg] _18579_/Q -> _19013_/D : -15.121302
[setup reg-reg] _18579_/Q -> _19007_/D : -15.108754
[setup reg-reg] _18579_/Q -> _19006_/D : -15.108213
[setup reg-reg] _18579_/Q -> _19003_/D : -15.072026
[setup reg-reg] _18579_/Q -> _19004_/D : -15.057410
[setup reg-reg] _18579_/Q -> _18998_/D : -15.052713
[setup reg-reg] _18579_/Q -> _19011_/D : -15.040897
[setup reg-reg] _18579_/Q -> _19001_/D : -15.032377
[setup reg-reg] _18579_/Q -> _18999_/D : -15.029387
[setup reg-reg] _18579_/Q -> _19012_/D : -15.016682
[setup reg-reg] _18579_/Q -> _19009_/D : -14.932959
[setup reg-reg] _18579_/Q -> _19421_/D : -9.855888
[setup reg-reg] _18579_/Q -> _19045_/D : -9.031958
[setup reg-reg] _18579_/Q -> _18917_/D : -9.027516
[setup reg-reg] _18579_/Q -> _18921_/D : -8.920239
[setup reg-reg] _18579_/Q -> _18923_/D : -8.915663
[setup reg-reg] _18579_/Q -> _19173_/D : -8.902298
[setup reg-reg] _18579_/Q -> _19339_/D : -8.897957
[setup reg-reg] _18579_/Q -> _19301_/D : -8.894773
[setup reg-reg] _18579_/Q -> _18919_/D : -8.881813
[setup reg-reg] _18579_/Q -> _19335_/D : -8.880044
[setup reg-reg] _18579_/Q -> _19334_/D : -8.878509
[setup reg-reg] _18579_/Q -> _18918_/D : -8.878026
[setup reg-reg] _18579_/Q -> _19069_/D : -8.876150
[setup reg-reg] _18579_/Q -> _19329_/D : -8.775651
[setup reg-reg] _18579_/Q -> _19197_/D : -8.744770
[setup reg-reg] _18579_/Q -> _19144_/D : -8.733728
[setup reg-reg] _18579_/Q -> _19145_/D : -8.722324
[setup reg-reg] _18579_/Q -> _19049_/D : -8.715319
[setup reg-reg] _18579_/Q -> _19051_/D : -8.705818
[setup reg-reg] _18579_/Q -> _19083_/D : -8.702685
[setup reg-reg] _18579_/Q -> _19079_/D : -8.701335
[setup reg-reg] _18579_/Q -> _19331_/D : -8.701186
[setup reg-reg] _18579_/Q -> _19047_/D : -8.691181
[setup reg-reg] _18579_/Q -> _19078_/D : -8.690996
[setup reg-reg] _18579_/Q -> _19143_/D : -8.688069
[setup reg-reg] _18579_/Q -> _19326_/D : -8.687522
[setup reg-reg] _18579_/Q -> _19046_/D : -8.680999
[setup reg-reg] _18579_/Q -> _19108_/D : -8.680935
[setup reg-reg] _18579_/Q -> _19044_/D : -8.679287
[setup reg-reg] _18579_/Q -> _19327_/D : -8.677922
[setup reg-reg] _18579_/Q -> _19286_/D : -8.674555
[setup reg-reg] _18579_/Q -> _19292_/D : -8.673624
[setup reg-reg] _18579_/Q -> _19332_/D : -8.672580
[setup reg-reg] _18579_/Q -> _19147_/D : -8.666540
[setup reg-reg] _18579_/Q -> _19291_/D : -8.665012
[setup reg-reg] _18579_/Q -> _19077_/D : -8.663314
[setup reg-reg] _18579_/Q -> _19142_/D : -8.662276
[setup reg-reg] _18579_/Q -> _19141_/D : -8.662070
[setup reg-reg] _18579_/Q -> _19290_/D : -8.661736
[setup reg-reg] _18579_/Q -> _19418_/D : -8.661510
[setup reg-reg] _18579_/Q -> _19323_/D : -8.653004
[setup reg-reg] _18579_/Q -> _19319_/D : -8.649700
[setup reg-reg] _18579_/Q -> _19320_/D : -8.648939
[setup reg-reg] _18579_/Q -> _19321_/D : -8.647860
[setup reg-reg] _18579_/Q -> _19104_/D : -8.646545
[setup reg-reg] _18579_/Q -> _19415_/D : -8.646062
[setup reg-reg] _18579_/Q -> _19322_/D : -8.644833
[setup reg-reg] _18579_/Q -> _19287_/D : -8.644627
[setup reg-reg] _18579_/Q -> _19289_/D : -8.641891
[setup reg-reg] _18579_/Q -> _19318_/D : -8.638089
[setup reg-reg] _18579_/Q -> _19058_/D : -8.635183
[setup reg-reg] _18579_/Q -> _19288_/D : -8.635140
[setup reg-reg] _18579_/Q -> _19328_/D : -8.631289
[setup reg-reg] _18579_/Q -> _19042_/D : -8.630941
[setup reg-reg] _18579_/Q -> _19107_/D : -8.627027
[setup reg-reg] _18579_/Q -> _19330_/D : -8.625911
[setup reg-reg] _18579_/Q -> _19340_/D : -8.623417
[setup reg-reg] _18579_/Q -> _19040_/D : -8.621548
[setup reg-reg] _18579_/Q -> _19038_/D : -8.621328
[setup reg-reg] _18579_/Q -> _19337_/D : -8.617242
[setup reg-reg] _18579_/Q -> _19043_/D : -8.614976
[setup reg-reg] _18579_/Q -> _19103_/D : -8.590505
[setup reg-reg] _18579_/Q -> _19041_/D : -8.587705
[setup reg-reg] _18579_/Q -> _19039_/D : -8.585985
[setup reg-reg] _18579_/Q -> _19389_/D : -8.567909
[setup reg-reg] _18579_/Q -> _19325_/D : -8.563049
[setup reg-reg] _18579_/Q -> _19398_/D : -8.561728
[setup reg-reg] _18579_/Q -> _19419_/D : -8.549605
[setup reg-reg] _18579_/Q -> _19403_/D : -8.547218
[setup reg-reg] _18579_/Q -> _19420_/D : -8.542521
[setup reg-reg] _18579_/Q -> _19073_/D : -8.539040
[setup reg-reg] _18579_/Q -> _19401_/D : -8.535907
[setup reg-reg] _18579_/Q -> _19140_/D : -8.532787
[setup reg-reg] _18579_/Q -> _19399_/D : -8.531686
[setup reg-reg] _18579_/Q -> _19075_/D : -8.529120
[setup reg-reg] _18579_/Q -> _19414_/D : -8.528772
[setup reg-reg] _18579_/Q -> _19324_/D : -8.519535
[setup reg-reg] _18579_/Q -> _19066_/D : -8.512515
[setup reg-reg] _18579_/Q -> _19037_/D : -8.507151
[setup reg-reg] _18579_/Q -> _19074_/D : -8.504962
[setup reg-reg] _18579_/Q -> _19186_/D : -8.492549
[setup reg-reg] _18579_/Q -> _19094_/D : -8.492336
[setup reg-reg] _18579_/Q -> _19099_/D : -8.478374
[setup reg-reg] _18579_/Q -> _19076_/D : -8.473635
[setup reg-reg] _18579_/Q -> _19100_/D : -8.472136
[setup reg-reg] _18579_/Q -> _19062_/D : -8.461683
[setup reg-reg] _18579_/Q -> _19138_/D : -8.456425
[setup reg-reg] _18579_/Q -> _19068_/D : -8.454371
[setup reg-reg] _18579_/Q -> _19070_/D : -8.454180
[setup reg-reg] _18579_/Q -> _19057_/D : -8.453568
[setup reg-reg] _18579_/Q -> _19067_/D : -8.445490
[setup reg-reg] _18579_/Q -> _19135_/D : -8.442364
[setup reg-reg] _18579_/Q -> _19065_/D : -8.441816
[setup reg-reg] _18579_/Q -> _19134_/D : -8.440900
[setup reg-reg] _18579_/Q -> _19071_/D : -8.438995
[setup reg-reg] _18579_/Q -> _19133_/D : -8.438889
[setup reg-reg] _18579_/Q -> _19072_/D : -8.438122
[setup reg-reg] _18579_/Q -> _19097_/D : -8.436082
[setup reg-reg] _18579_/Q -> _19061_/D : -8.429914
[setup reg-reg] _18579_/Q -> _19136_/D : -8.429140
[setup reg-reg] _18579_/Q -> _19336_/D : -8.426440
[setup reg-reg] _18579_/Q -> _19098_/D : -8.425808
[setup reg-reg] _18579_/Q -> _19338_/D : -8.423932
[setup reg-reg] _18579_/Q -> _19096_/D : -8.423193
[setup reg-reg] _18579_/Q -> _19095_/D : -8.419733
[setup reg-reg] _18579_/Q -> _19130_/D : -8.418035
[setup reg-reg] _18579_/Q -> _19064_/D : -8.415036
[setup reg-reg] _18579_/Q -> _19128_/D : -8.409750
[setup reg-reg] _18579_/Q -> _19112_/D : -8.404555
[setup reg-reg] _18579_/Q -> _19063_/D : -8.403688
[setup reg-reg] _18579_/Q -> _19084_/D : -8.397500
[setup reg-reg] _18579_/Q -> _19052_/D : -8.395865
[setup reg-reg] _18579_/Q -> _19116_/D : -8.393166
[setup reg-reg] _18579_/Q -> _19148_/D : -8.389677
[setup reg-reg] _18579_/Q -> _19048_/D : -8.387964
[setup reg-reg] _18579_/Q -> _19081_/D : -8.385712
[setup reg-reg] _18579_/Q -> _19404_/D : -8.372737
[setup reg-reg] _18579_/Q -> _19137_/D : -8.359628
[setup reg-reg] _18579_/Q -> _19402_/D : -8.344785
[setup reg-reg] _18579_/Q -> _19400_/D : -8.333239
[setup reg-reg] _18579_/Q -> _19185_/D : -8.320910
[setup reg-reg] _18579_/Q -> _19309_/D : -8.310281
[setup reg-reg] _18579_/Q -> _19151_/D : -8.272757
[setup reg-reg] _18579_/Q -> _19122_/D : -8.271379
[setup reg-reg] _18579_/Q -> _19154_/D : -8.269147
[setup reg-reg] _18579_/Q -> _19090_/D : -8.267734
[setup reg-reg] _18579_/Q -> _19091_/D : -8.266383
[setup reg-reg] _18579_/Q -> _19164_/D : -8.263947
[setup reg-reg] _18579_/Q -> _19158_/D : -8.257487
[setup reg-reg] _18579_/Q -> _19162_/D : -8.253359
[setup reg-reg] _18579_/Q -> _19163_/D : -8.248485
[setup reg-reg] _18579_/Q -> _19159_/D : -8.239262
[setup reg-reg] _18579_/Q -> _19160_/D : -8.238032
[setup reg-reg] _18579_/Q -> _19050_/D : -8.236455
[setup reg-reg] _18579_/Q -> _19153_/D : -8.233961
[setup reg-reg] _18579_/Q -> _19059_/D : -8.230650
[setup reg-reg] _18579_/Q -> _19123_/D : -8.229741
[setup reg-reg] _18579_/Q -> _19155_/D : -8.226536
[setup reg-reg] _18579_/Q -> _19139_/D : -8.217690
[setup reg-reg] _18579_/Q -> _19161_/D : -8.212233
[setup reg-reg] _18579_/Q -> _19114_/D : -8.211750
[setup reg-reg] _18579_/Q -> _19053_/D : -8.210954
[setup reg-reg] _18579_/Q -> _19080_/D : -8.210037
[setup reg-reg] _18579_/Q -> _19092_/D : -8.208830
[setup reg-reg] _18579_/Q -> _19117_/D : -8.207770
[setup reg-reg] _18579_/Q -> _19146_/D : -8.205973
[setup reg-reg] _18579_/Q -> _19082_/D : -8.205810
[setup reg-reg] _18579_/Q -> _19272_/D : -8.202583
[setup reg-reg] _18579_/Q -> _19273_/D : -8.198697
[setup reg-reg] _18579_/Q -> _19156_/D : -8.198605
[setup reg-reg] _18579_/Q -> _19060_/D : -8.190973
[setup reg-reg] _18579_/Q -> _19124_/D : -8.189752
[setup reg-reg] _18579_/Q -> _19054_/D : -8.186966
[setup reg-reg] _18579_/Q -> _19119_/D : -8.184855
[setup reg-reg] _18579_/Q -> _19177_/D : -8.183626
[setup reg-reg] _18579_/Q -> _19118_/D : -8.183144
[setup reg-reg] _18579_/Q -> _19086_/D : -8.181907
[setup reg-reg] _18579_/Q -> _19055_/D : -8.175420
[setup reg-reg] _18579_/Q -> _19150_/D : -8.174660
[setup reg-reg] _18579_/Q -> _19179_/D : -8.171697
[setup reg-reg] _18579_/Q -> _19211_/D : -8.169700
[setup reg-reg] _18579_/Q -> _19207_/D : -8.168371
[setup reg-reg] _18579_/Q -> _19174_/D : -8.160427
[setup reg-reg] _18579_/Q -> _19271_/D : -8.154608
[setup reg-reg] _18579_/Q -> _19236_/D : -8.151772
[setup reg-reg] _18579_/Q -> _19175_/D : -8.151218
[setup reg-reg] _18579_/Q -> _19206_/D : -8.151175
[setup reg-reg] _18579_/Q -> _19120_/D : -8.148490
[setup reg-reg] _18579_/Q -> _19172_/D : -8.147240
[setup reg-reg] _18579_/Q -> _19056_/D : -8.141711
[setup reg-reg] _18579_/Q -> _19269_/D : -8.136567
[setup reg-reg] _18579_/Q -> _19275_/D : -8.133000
[setup reg-reg] _18579_/Q -> _19205_/D : -8.130136
[setup reg-reg] _18579_/Q -> _19270_/D : -8.118811
[setup reg-reg] _18579_/Q -> _19232_/D : -8.108117
[setup reg-reg] _18579_/Q -> _19166_/D : -8.104060
[setup reg-reg] _18579_/Q -> _19088_/D : -8.096563
[setup reg-reg] _18579_/Q -> _19171_/D : -8.095704
[setup reg-reg] _18579_/Q -> _19235_/D : -8.095022
[setup reg-reg] _18579_/Q -> _19170_/D : -8.087725
[setup reg-reg] _18579_/Q -> _19168_/D : -8.087149
[setup reg-reg] _18579_/Q -> _19121_/D : -8.086808
[setup reg-reg] _18579_/Q -> _19167_/D : -8.065129
[setup reg-reg] _18579_/Q -> _19231_/D : -8.060105
[setup reg-reg] _18579_/Q -> _19169_/D : -8.053938
[setup reg-reg] _18579_/Q -> _19201_/D : -8.006154
[setup reg-reg] _18579_/Q -> _19268_/D : -8.001813
[setup reg-reg] _18579_/Q -> _19203_/D : -7.993450
[setup reg-reg] _18579_/Q -> _19165_/D : -7.986486
[setup reg-reg] _18579_/Q -> _19202_/D : -7.970975
[setup reg-reg] _18579_/Q -> _19194_/D : -7.963152
[setup reg-reg] _18579_/Q -> _19222_/D : -7.949524
[setup reg-reg] _18579_/Q -> _19228_/D : -7.939896
[setup reg-reg] _18579_/Q -> _19227_/D : -7.938106
[setup reg-reg] _18579_/Q -> _19195_/D : -7.929543
[setup reg-reg] _18579_/Q -> _19204_/D : -7.929444
[setup reg-reg] _18579_/Q -> _19196_/D : -7.928556
[setup reg-reg] _18579_/Q -> _19190_/D : -7.925273
[setup reg-reg] _18579_/Q -> _19266_/D : -7.920228
[setup reg-reg] _18579_/Q -> _19262_/D : -7.919710
[setup reg-reg] _18579_/Q -> _19198_/D : -7.911709
[setup reg-reg] _18579_/Q -> _19193_/D : -7.910011
[setup reg-reg] _18579_/Q -> _19199_/D : -7.909428
[setup reg-reg] _18579_/Q -> _19261_/D : -7.908945
[setup reg-reg] _18579_/Q -> _19200_/D : -7.906607
[setup reg-reg] _18579_/Q -> _19263_/D : -7.904966
[setup reg-reg] _18579_/Q -> _19258_/D : -7.902948
[setup reg-reg] _18579_/Q -> _19225_/D : -7.901584
[setup reg-reg] _18579_/Q -> _19226_/D : -7.899750
[setup reg-reg] _18579_/Q -> _19191_/D : -7.893974
[setup reg-reg] _18579_/Q -> _19264_/D : -7.886129
[setup reg-reg] _18579_/Q -> _19192_/D : -7.880345
[setup reg-reg] _18579_/Q -> _19189_/D : -7.876821
[setup reg-reg] _18579_/Q -> _19224_/D : -7.876111
[setup reg-reg] _18579_/Q -> _19240_/D : -7.874761
[setup reg-reg] _18579_/Q -> _19176_/D : -7.872316
[setup reg-reg] _18579_/Q -> _19223_/D : -7.872167
[setup reg-reg] _18579_/Q -> _19256_/D : -7.868970
[setup reg-reg] _18579_/Q -> _19276_/D : -7.868977
[setup reg-reg] _18579_/Q -> _19244_/D : -7.868608
[setup reg-reg] _18579_/Q -> _19180_/D : -7.868465
[setup reg-reg] _18579_/Q -> _19212_/D : -7.858141
[setup reg-reg] _18579_/Q -> _19209_/D : -7.842047
[setup reg-reg] _18579_/Q -> _19265_/D : -7.823339
[setup reg-reg] _18579_/Q -> _19279_/D : -7.737825
[setup reg-reg] _18579_/Q -> _19250_/D : -7.734187
[setup reg-reg] _18579_/Q -> _19219_/D : -7.732815
[setup reg-reg] _18579_/Q -> _19218_/D : -7.726094
[setup reg-reg] _18579_/Q -> _19282_/D : -7.716821
[setup reg-reg] _18579_/Q -> _19178_/D : -7.699584
[setup reg-reg] _18579_/Q -> _19187_/D : -7.695675
[setup reg-reg] _18579_/Q -> _19251_/D : -7.695619
[setup reg-reg] _18579_/Q -> _19281_/D : -7.694048
[setup reg-reg] _18579_/Q -> _19283_/D : -7.692641
[setup reg-reg] _18579_/Q -> _19245_/D : -7.685088
[setup reg-reg] _18579_/Q -> _19210_/D : -7.683980
[setup reg-reg] _18579_/Q -> _19267_/D : -7.681173
[setup reg-reg] _18579_/Q -> _19181_/D : -7.676370
[setup reg-reg] _18579_/Q -> _19274_/D : -7.674189
[setup reg-reg] _18579_/Q -> _19284_/D : -7.671368
[setup reg-reg] _18579_/Q -> _19208_/D : -7.669200
[setup reg-reg] _18579_/Q -> _19220_/D : -7.666650
[setup reg-reg] _18579_/Q -> _19252_/D : -7.665868
[setup reg-reg] _18579_/Q -> _19242_/D : -7.664852
[setup reg-reg] _18579_/Q -> _19182_/D : -7.652339
[setup reg-reg] _18579_/Q -> _19247_/D : -7.649320
[setup reg-reg] _18579_/Q -> _19188_/D : -7.648531
[setup reg-reg] _18579_/Q -> _19214_/D : -7.645191
[setup reg-reg] _18579_/Q -> _19246_/D : -7.642527
[setup reg-reg] _18579_/Q -> _19183_/D : -7.641049
[setup reg-reg] _18579_/Q -> _19278_/D : -7.639472
[setup reg-reg] _18579_/Q -> _19184_/D : -7.594956
[setup reg-reg] _18579_/Q -> _19248_/D : -7.594409
[setup reg-reg] _18579_/Q -> _19249_/D : -7.551776
[setup reg-reg] _18579_/Q -> _19216_/D : -7.547698
[setup reg-reg] _18581_/Q -> _18843_/D : -5.778276
[setup reg-reg] _18581_/Q -> _18842_/D : -5.778105
[setup reg-reg] _18581_/Q -> _18841_/D : -5.777444
[setup reg-reg] _18581_/Q -> _18840_/D : -5.777288
[setup reg-reg] _18581_/Q -> _18002_/D : -3.901335
[setup reg-reg] _18581_/Q -> _18005_/D : -3.762104
[setup reg-reg] _18581_/Q -> _18004_/D : -3.650847
[setup reg-reg] _18581_/Q -> _18011_/D : -0.250701
[setup reg-reg] _18581_/Q -> _18012_/D : -0.247248
[setup reg-reg] _18581_/Q -> _18016_/D : -0.240931
[setup reg-reg] _18581_/Q -> _18076_/D : -0.240355
[setup reg-reg] _18581_/Q -> _18075_/D : -0.239531
[setup reg-reg] _18581_/Q -> _18080_/D : -0.237492
[setup reg-reg] _18581_/Q -> _18078_/D : -0.234337
[setup reg-reg] _18581_/Q -> _18074_/D : -0.229186
[setup reg-reg] _18581_/Q -> _18130_/D : -0.103945
[setup reg-reg] _18581_/Q -> _18131_/D : -0.092811
[setup reg-reg] _18581_/Q -> _18037_/D : -0.039464
[setup reg-reg] _18581_/Q -> _18133_/D : -0.028294
[setup reg-reg] _18581_/Q -> _18031_/D : -0.021359
[setup reg-reg] _18581_/Q -> _18095_/D : -0.017778
[setup reg-reg] _18581_/Q -> _18059_/D : -0.016001
[setup reg-reg] _18581_/Q -> _18030_/D : -0.014715
[setup reg-reg] _18581_/Q -> _18033_/D : -0.010616
[setup reg-reg] _18581_/Q -> _18094_/D : -0.005230
[setup reg-reg] _18581_/Q -> _18101_/D : -0.000433
Writing metric timing__hold_vio__count__corner:max_ss_125C_3v00: 0
Writing metric timing__hold_r2r__ws__corner:max_ss_125C_3v00: 1.106514
Writing metric timing__hold_r2r_vio__count__corner:max_ss_125C_3v00: 0
Writing metric timing__setup_vio__count__corner:max_ss_125C_3v00: 3519
Writing metric timing__setup_r2r__ws__corner:max_ss_125C_3v00: -751.628967
Writing metric timing__setup_r2r_vio__count__corner:max_ss_125C_3v00: 3519
