
===========================================================================
report_checks -unconstrained
===========================================================================
======================= min_ff_n40C_3v60 Corner ===================================

Startpoint: _16858_ (rising edge-triggered flip-flop clocked by clk_IN)
Endpoint: _16848_ (recovery check against rising-edge clock clk_IN)
Path Group: asynchronous
Path Type: max

Fanout         Cap        Slew       Delay        Time   Description
---------------------------------------------------------------------------------------------
                      0.150000    0.000000    0.000000   clock clk_IN (rise edge)
                                  0.000000    0.000000   clock network delay (ideal)
                      0.150000    0.000000    0.000000 ^ _16858_/CLK (gf180mcu_fd_sc_mcu7t5v0__dffrnq_1)
  2454   17.758554  258.191528  149.515167  149.515167 ^ _16858_/Q (gf180mcu_fd_sc_mcu7t5v0__dffrnq_1)
                                                         u_core.rst_n_clk (net)
                    258.191528    0.000000  149.515167 ^ _16848_/RN (gf180mcu_fd_sc_mcu7t5v0__dffrnq_1)
                                            149.515167   data arrival time

                      0.150000   62.500000   62.500000   clock clk_IN (rise edge)
                                  0.000000   62.500000   clock network delay (ideal)
                                 -0.500000   62.000000   clock uncertainty
                                  0.000000   62.000000   clock reconvergence pessimism
                                             62.000000 ^ _16848_/CLK (gf180mcu_fd_sc_mcu7t5v0__dffrnq_1)
                               -105.478745  -43.478745   library recovery time
                                            -43.478745   data required time
---------------------------------------------------------------------------------------------
                                            -43.478745   data required time
                                           -149.515167   data arrival time
---------------------------------------------------------------------------------------------
                                           -192.993896   slack (VIOLATED)


Startpoint: _18581_ (rising edge-triggered flip-flop clocked by clk_IN)
Endpoint: _18982_ (rising edge-triggered flip-flop clocked by clk_IN)
Path Group: clk_IN
Path Type: max

Fanout         Cap        Slew       Delay        Time   Description
---------------------------------------------------------------------------------------------
                      0.150000    0.000000    0.000000   clock clk_IN (rise edge)
                                  0.000000    0.000000   clock network delay (ideal)
                      0.150000    0.000000    0.000000 ^ _18581_/CLK (gf180mcu_fd_sc_mcu7t5v0__dffrnq_1)
    11    0.040526    0.639840    1.034569    1.034569 ^ _18581_/Q (gf180mcu_fd_sc_mcu7t5v0__dffrnq_1)
                                                         u_core.u_master.u_slave.u_core.st[3] (net)
                      0.639840    0.000000    1.034569 ^ _08429_/I (gf180mcu_fd_sc_mcu7t5v0__clkinv_1)
     3    0.013117    0.302694    0.234199    1.268768 v _08429_/ZN (gf180mcu_fd_sc_mcu7t5v0__clkinv_1)
                                                         _04413_ (net)
                      0.302694    0.000000    1.268768 v _08722_/A1 (gf180mcu_fd_sc_mcu7t5v0__nand2_1)
     1    0.002871    0.149743    0.144560    1.413328 ^ _08722_/ZN (gf180mcu_fd_sc_mcu7t5v0__nand2_1)
                                                         _04704_ (net)
                      0.149743    0.000000    1.413328 ^ _08765_/A1 (gf180mcu_fd_sc_mcu7t5v0__or3_1)
   604    2.559063   37.153027   21.536058   22.949387 ^ _08765_/Z (gf180mcu_fd_sc_mcu7t5v0__or3_1)
                                                         _04734_ (net)
                     37.153027    0.000000   22.949387 ^ _08766_/I (gf180mcu_fd_sc_mcu7t5v0__clkinv_1)
   223    1.419982    0.000000   35.990540   58.939926 v _08766_/ZN (gf180mcu_fd_sc_mcu7t5v0__clkinv_1)
                                                         _00359_ (net)
                      0.000000    0.000000   58.939926 v _12876_/A1 (gf180mcu_fd_sc_mcu7t5v0__nand2_1)
     8    0.035333    0.832479    0.362324   59.302250 ^ _12876_/ZN (gf180mcu_fd_sc_mcu7t5v0__nand2_1)
                                                         _08099_ (net)
                      0.832479    0.000000   59.302250 ^ _12885_/B (gf180mcu_fd_sc_mcu7t5v0__oai21_1)
     1    0.004493    4.055622    0.159929   59.462177 v _12885_/ZN (gf180mcu_fd_sc_mcu7t5v0__oai21_1)
                                                         _08107_ (net)
                      4.055622    0.000000   59.462177 v _12886_/B2 (gf180mcu_fd_sc_mcu7t5v0__aoi22_1)
     1    0.003020    2.341371    0.963365   60.425545 ^ _12886_/ZN (gf180mcu_fd_sc_mcu7t5v0__aoi22_1)
                                                         _00760_ (net)
                      2.341371    0.000000   60.425545 ^ _18982_/D (gf180mcu_fd_sc_mcu7t5v0__dffrnq_1)
                                             60.425545   data arrival time

                      0.150000   62.500000   62.500000   clock clk_IN (rise edge)
                                  0.000000   62.500000   clock network delay (ideal)
                                 -0.500000   62.000000   clock uncertainty
                                  0.000000   62.000000   clock reconvergence pessimism
                                             62.000000 ^ _18982_/CLK (gf180mcu_fd_sc_mcu7t5v0__dffrnq_1)
                                 -0.382068   61.617935   library setup time
                                             61.617935   data required time
---------------------------------------------------------------------------------------------
                                             61.617935   data required time
                                            -60.425545   data arrival time
---------------------------------------------------------------------------------------------
                                              1.192390   slack (MET)


Startpoint: _17115_ (rising edge-triggered flip-flop clocked by clk_IN)
Endpoint: _16918_ (rising edge-triggered flip-flop clocked by sclk_IN)
Path Group: sclk_IN
Path Type: max

Fanout         Cap        Slew       Delay        Time   Description
---------------------------------------------------------------------------------------------
                      0.150000 1937.500000 1937.500000   clock clk_IN (rise edge)
                                  0.000000 1937.500000   clock network delay (ideal)
                      0.150000    0.000000 1937.500000 ^ _17115_/CLK (gf180mcu_fd_sc_mcu7t5v0__dffrnq_1)
     2    0.009009    0.203184    0.765112 1938.265137 ^ _17115_/Q (gf180mcu_fd_sc_mcu7t5v0__dffrnq_1)
                                                         u_core.rd_data_clk[1] (net)
                      0.203184    0.000000 1938.265137 ^ _14055_/A1 (gf180mcu_fd_sc_mcu7t5v0__nor2_1)
     1    0.004276    0.448117    0.095724 1938.360840 v _14055_/ZN (gf180mcu_fd_sc_mcu7t5v0__nor2_1)
                                                         _02988_ (net)
                      0.448117    0.000000 1938.360840 v _14058_/A2 (gf180mcu_fd_sc_mcu7t5v0__oai31_1)
     1    0.003020    0.737693    0.355385 1938.716309 ^ _14058_/ZN (gf180mcu_fd_sc_mcu7t5v0__oai31_1)
                                                         _01201_ (net)
                      0.737693    0.000000 1938.716309 ^ _16918_/D (gf180mcu_fd_sc_mcu7t5v0__dffrnq_1)
                                           1938.716309   data arrival time

                      0.150000 2000.000000 2000.000000   clock sclk_IN (rise edge)
                                  0.000000 2000.000000   clock network delay (ideal)
                                 -0.500000 1999.500000   clock uncertainty
                                  0.000000 1999.500000   clock reconvergence pessimism
                                           1999.500000 ^ _16918_/CLK (gf180mcu_fd_sc_mcu7t5v0__dffrnq_1)
                                 -0.314780 1999.185181   library setup time
                                           1999.185181   data required time
---------------------------------------------------------------------------------------------
                                           1999.185181   data required time
                                           -1938.716309   data arrival time
---------------------------------------------------------------------------------------------
                                             60.468922   slack (MET)




===========================================================================
report_checks --slack_max -0.01
============================================================================
======================= min_ff_n40C_3v60 Corner ===================================

Startpoint: _16858_ (rising edge-triggered flip-flop clocked by clk_IN)
Endpoint: _16848_ (recovery check against rising-edge clock clk_IN)
Path Group: asynchronous
Path Type: max

Fanout         Cap        Slew       Delay        Time   Description
---------------------------------------------------------------------------------------------
                      0.150000    0.000000    0.000000   clock clk_IN (rise edge)
                                  0.000000    0.000000   clock network delay (ideal)
                      0.150000    0.000000    0.000000 ^ _16858_/CLK (gf180mcu_fd_sc_mcu7t5v0__dffrnq_1)
  2454   17.758554  258.191528  149.515167  149.515167 ^ _16858_/Q (gf180mcu_fd_sc_mcu7t5v0__dffrnq_1)
                                                         u_core.rst_n_clk (net)
                    258.191528    0.000000  149.515167 ^ _16848_/RN (gf180mcu_fd_sc_mcu7t5v0__dffrnq_1)
                                            149.515167   data arrival time

                      0.150000   62.500000   62.500000   clock clk_IN (rise edge)
                                  0.000000   62.500000   clock network delay (ideal)
                                 -0.500000   62.000000   clock uncertainty
                                  0.000000   62.000000   clock reconvergence pessimism
                                             62.000000 ^ _16848_/CLK (gf180mcu_fd_sc_mcu7t5v0__dffrnq_1)
                               -105.478745  -43.478745   library recovery time
                                            -43.478745   data required time
---------------------------------------------------------------------------------------------
                                            -43.478745   data required time
                                           -149.515167   data arrival time
---------------------------------------------------------------------------------------------
                                           -192.993896   slack (VIOLATED)




===========================================================================
 report_check_types -max_slew -max_cap -max_fanout -violators
============================================================================
======================= min_ff_n40C_3v60 Corner ===================================

max slew

Pin                                        Limit        Slew       Slack
------------------------------------------------------------------------
_16848_/RN                              5.200000  258.191528 -252.991531 (VIOLATED)
_16849_/RN                              5.200000  258.191528 -252.991531 (VIOLATED)
_16850_/RN                              5.200000  258.191528 -252.991531 (VIOLATED)
_16851_/RN                              5.200000  258.191528 -252.991531 (VIOLATED)
_16852_/RN                              5.200000  258.191528 -252.991531 (VIOLATED)
_16853_/RN                              5.200000  258.191528 -252.991531 (VIOLATED)
_16854_/RN                              5.200000  258.191528 -252.991531 (VIOLATED)
_16855_/RN                              5.200000  258.191528 -252.991531 (VIOLATED)
_16858_/Q                               5.200000  258.191528 -252.991531 (VIOLATED)
_16867_/RN                              5.200000  258.191528 -252.991531 (VIOLATED)
_16868_/RN                              5.200000  258.191528 -252.991531 (VIOLATED)
_16869_/RN                              5.200000  258.191528 -252.991531 (VIOLATED)
_16870_/RN                              5.200000  258.191528 -252.991531 (VIOLATED)
_16871_/RN                              5.200000  258.191528 -252.991531 (VIOLATED)
_16872_/RN                              5.200000  258.191528 -252.991531 (VIOLATED)
_16948_/RN                              5.200000  258.191528 -252.991531 (VIOLATED)
_16949_/RN                              5.200000  258.191528 -252.991531 (VIOLATED)
_16950_/RN                              5.200000  258.191528 -252.991531 (VIOLATED)
_16996_/RN                              5.200000  258.191528 -252.991531 (VIOLATED)
_16997_/RN                              5.200000  258.191528 -252.991531 (VIOLATED)
_16998_/RN                              5.200000  258.191528 -252.991531 (VIOLATED)
_16999_/RN                              5.200000  258.191528 -252.991531 (VIOLATED)
_17000_/RN                              5.200000  258.191528 -252.991531 (VIOLATED)
_17001_/RN                              5.200000  258.191528 -252.991531 (VIOLATED)
_17002_/RN                              5.200000  258.191528 -252.991531 (VIOLATED)
_17003_/RN                              5.200000  258.191528 -252.991531 (VIOLATED)
_17004_/RN                              5.200000  258.191528 -252.991531 (VIOLATED)
_17005_/RN                              5.200000  258.191528 -252.991531 (VIOLATED)
_17006_/RN                              5.200000  258.191528 -252.991531 (VIOLATED)
_17007_/RN                              5.200000  258.191528 -252.991531 (VIOLATED)
_17008_/RN                              5.200000  258.191528 -252.991531 (VIOLATED)
_17009_/RN                              5.200000  258.191528 -252.991531 (VIOLATED)
_17010_/RN                              5.200000  258.191528 -252.991531 (VIOLATED)
_17011_/RN                              5.200000  258.191528 -252.991531 (VIOLATED)
_17012_/RN                              5.200000  258.191528 -252.991531 (VIOLATED)
_17013_/RN                              5.200000  258.191528 -252.991531 (VIOLATED)
_17014_/RN                              5.200000  258.191528 -252.991531 (VIOLATED)
_17015_/RN                              5.200000  258.191528 -252.991531 (VIOLATED)
_17016_/RN                              5.200000  258.191528 -252.991531 (VIOLATED)
_17017_/RN                              5.200000  258.191528 -252.991531 (VIOLATED)
_17018_/RN                              5.200000  258.191528 -252.991531 (VIOLATED)
_17019_/RN                              5.200000  258.191528 -252.991531 (VIOLATED)
_17020_/RN                              5.200000  258.191528 -252.991531 (VIOLATED)
_17021_/RN                              5.200000  258.191528 -252.991531 (VIOLATED)
_17022_/RN                              5.200000  258.191528 -252.991531 (VIOLATED)
_17023_/RN                              5.200000  258.191528 -252.991531 (VIOLATED)
_17024_/RN                              5.200000  258.191528 -252.991531 (VIOLATED)
_17025_/RN                              5.200000  258.191528 -252.991531 (VIOLATED)
_17026_/RN                              5.200000  258.191528 -252.991531 (VIOLATED)
_17027_/RN                              5.200000  258.191528 -252.991531 (VIOLATED)
_17028_/RN                              5.200000  258.191528 -252.991531 (VIOLATED)
_17029_/RN                              5.200000  258.191528 -252.991531 (VIOLATED)
_17030_/RN                              5.200000  258.191528 -252.991531 (VIOLATED)
_17031_/RN                              5.200000  258.191528 -252.991531 (VIOLATED)
_17032_/RN                              5.200000  258.191528 -252.991531 (VIOLATED)
_17033_/RN                              5.200000  258.191528 -252.991531 (VIOLATED)
_17034_/RN                              5.200000  258.191528 -252.991531 (VIOLATED)
_17035_/RN                              5.200000  258.191528 -252.991531 (VIOLATED)
_17036_/RN                              5.200000  258.191528 -252.991531 (VIOLATED)
_17037_/RN                              5.200000  258.191528 -252.991531 (VIOLATED)
_17038_/RN                              5.200000  258.191528 -252.991531 (VIOLATED)
_17039_/RN                              5.200000  258.191528 -252.991531 (VIOLATED)
_17040_/RN                              5.200000  258.191528 -252.991531 (VIOLATED)
_17041_/RN                              5.200000  258.191528 -252.991531 (VIOLATED)
_17042_/RN                              5.200000  258.191528 -252.991531 (VIOLATED)
_17043_/RN                              5.200000  258.191528 -252.991531 (VIOLATED)
_17044_/RN                              5.200000  258.191528 -252.991531 (VIOLATED)
_17045_/RN                              5.200000  258.191528 -252.991531 (VIOLATED)
_17046_/RN                              5.200000  258.191528 -252.991531 (VIOLATED)
_17047_/RN                              5.200000  258.191528 -252.991531 (VIOLATED)
_17048_/RN                              5.200000  258.191528 -252.991531 (VIOLATED)
_17049_/RN                              5.200000  258.191528 -252.991531 (VIOLATED)
_17050_/RN                              5.200000  258.191528 -252.991531 (VIOLATED)
_17051_/RN                              5.200000  258.191528 -252.991531 (VIOLATED)
_17052_/RN                              5.200000  258.191528 -252.991531 (VIOLATED)
_17053_/RN                              5.200000  258.191528 -252.991531 (VIOLATED)
_17054_/RN                              5.200000  258.191528 -252.991531 (VIOLATED)
_17055_/RN                              5.200000  258.191528 -252.991531 (VIOLATED)
_17056_/RN                              5.200000  258.191528 -252.991531 (VIOLATED)
_17057_/RN                              5.200000  258.191528 -252.991531 (VIOLATED)
_17058_/RN                              5.200000  258.191528 -252.991531 (VIOLATED)
_17059_/RN                              5.200000  258.191528 -252.991531 (VIOLATED)
_17060_/RN                              5.200000  258.191528 -252.991531 (VIOLATED)
_17061_/RN                              5.200000  258.191528 -252.991531 (VIOLATED)
_17062_/RN                              5.200000  258.191528 -252.991531 (VIOLATED)
_17063_/RN                              5.200000  258.191528 -252.991531 (VIOLATED)
_17064_/RN                              5.200000  258.191528 -252.991531 (VIOLATED)
_17065_/RN                              5.200000  258.191528 -252.991531 (VIOLATED)
_17066_/RN                              5.200000  258.191528 -252.991531 (VIOLATED)
_17067_/RN                              5.200000  258.191528 -252.991531 (VIOLATED)
_17068_/RN                              5.200000  258.191528 -252.991531 (VIOLATED)
_17069_/RN                              5.200000  258.191528 -252.991531 (VIOLATED)
_17070_/RN                              5.200000  258.191528 -252.991531 (VIOLATED)
_17071_/RN                              5.200000  258.191528 -252.991531 (VIOLATED)
_17072_/RN                              5.200000  258.191528 -252.991531 (VIOLATED)
_17073_/RN                              5.200000  258.191528 -252.991531 (VIOLATED)
_17074_/RN                              5.200000  258.191528 -252.991531 (VIOLATED)
_17075_/RN                              5.200000  258.191528 -252.991531 (VIOLATED)
_17076_/RN                              5.200000  258.191528 -252.991531 (VIOLATED)
_17077_/RN                              5.200000  258.191528 -252.991531 (VIOLATED)
_17078_/RN                              5.200000  258.191528 -252.991531 (VIOLATED)
_17079_/RN                              5.200000  258.191528 -252.991531 (VIOLATED)
_17080_/RN                              5.200000  258.191528 -252.991531 (VIOLATED)
_17081_/RN                              5.200000  258.191528 -252.991531 (VIOLATED)
_17082_/RN                              5.200000  258.191528 -252.991531 (VIOLATED)
_17083_/RN                              5.200000  258.191528 -252.991531 (VIOLATED)
_17084_/RN                              5.200000  258.191528 -252.991531 (VIOLATED)
_17085_/RN                              5.200000  258.191528 -252.991531 (VIOLATED)
_17086_/RN                              5.200000  258.191528 -252.991531 (VIOLATED)
_17087_/RN                              5.200000  258.191528 -252.991531 (VIOLATED)
_17088_/RN                              5.200000  258.191528 -252.991531 (VIOLATED)
_17089_/RN                              5.200000  258.191528 -252.991531 (VIOLATED)
_17090_/RN                              5.200000  258.191528 -252.991531 (VIOLATED)
_17091_/RN                              5.200000  258.191528 -252.991531 (VIOLATED)
_17092_/RN                              5.200000  258.191528 -252.991531 (VIOLATED)
_17093_/RN                              5.200000  258.191528 -252.991531 (VIOLATED)
_17094_/RN                              5.200000  258.191528 -252.991531 (VIOLATED)
_17095_/RN                              5.200000  258.191528 -252.991531 (VIOLATED)
_17096_/RN                              5.200000  258.191528 -252.991531 (VIOLATED)
_17097_/RN                              5.200000  258.191528 -252.991531 (VIOLATED)
_17098_/RN                              5.200000  258.191528 -252.991531 (VIOLATED)
_17099_/RN                              5.200000  258.191528 -252.991531 (VIOLATED)
_17100_/RN                              5.200000  258.191528 -252.991531 (VIOLATED)
_17101_/RN                              5.200000  258.191528 -252.991531 (VIOLATED)
_17102_/RN                              5.200000  258.191528 -252.991531 (VIOLATED)
_17103_/RN                              5.200000  258.191528 -252.991531 (VIOLATED)
_17104_/RN                              5.200000  258.191528 -252.991531 (VIOLATED)
_17105_/RN                              5.200000  258.191528 -252.991531 (VIOLATED)
_17106_/RN                              5.200000  258.191528 -252.991531 (VIOLATED)
_17107_/RN                              5.200000  258.191528 -252.991531 (VIOLATED)
_17108_/RN                              5.200000  258.191528 -252.991531 (VIOLATED)
_17109_/RN                              5.200000  258.191528 -252.991531 (VIOLATED)
_17110_/RN                              5.200000  258.191528 -252.991531 (VIOLATED)
_17111_/RN                              5.200000  258.191528 -252.991531 (VIOLATED)
_17112_/RN                              5.200000  258.191528 -252.991531 (VIOLATED)
_17113_/RN                              5.200000  258.191528 -252.991531 (VIOLATED)
_17114_/RN                              5.200000  258.191528 -252.991531 (VIOLATED)
_17115_/RN                              5.200000  258.191528 -252.991531 (VIOLATED)
_17116_/RN                              5.200000  258.191528 -252.991531 (VIOLATED)
_17117_/RN                              5.200000  258.191528 -252.991531 (VIOLATED)
_17118_/RN                              5.200000  258.191528 -252.991531 (VIOLATED)
_17119_/RN                              5.200000  258.191528 -252.991531 (VIOLATED)
_17120_/RN                              5.200000  258.191528 -252.991531 (VIOLATED)
_17121_/RN                              5.200000  258.191528 -252.991531 (VIOLATED)
_17122_/RN                              5.200000  258.191528 -252.991531 (VIOLATED)
_17123_/RN                              5.200000  258.191528 -252.991531 (VIOLATED)
_17124_/RN                              5.200000  258.191528 -252.991531 (VIOLATED)
_17125_/RN                              5.200000  258.191528 -252.991531 (VIOLATED)
_17126_/RN                              5.200000  258.191528 -252.991531 (VIOLATED)
_17127_/RN                              5.200000  258.191528 -252.991531 (VIOLATED)
_17128_/RN                              5.200000  258.191528 -252.991531 (VIOLATED)
_17129_/RN                              5.200000  258.191528 -252.991531 (VIOLATED)
_17130_/RN                              5.200000  258.191528 -252.991531 (VIOLATED)
_17131_/RN                              5.200000  258.191528 -252.991531 (VIOLATED)
_17132_/RN                              5.200000  258.191528 -252.991531 (VIOLATED)
_17133_/RN                              5.200000  258.191528 -252.991531 (VIOLATED)
_17134_/RN                              5.200000  258.191528 -252.991531 (VIOLATED)
_17135_/RN                              5.200000  258.191528 -252.991531 (VIOLATED)
_17136_/RN                              5.200000  258.191528 -252.991531 (VIOLATED)
_17137_/RN                              5.200000  258.191528 -252.991531 (VIOLATED)
_17138_/RN                              5.200000  258.191528 -252.991531 (VIOLATED)
_17139_/RN                              5.200000  258.191528 -252.991531 (VIOLATED)
_17140_/RN                              5.200000  258.191528 -252.991531 (VIOLATED)
_17141_/RN                              5.200000  258.191528 -252.991531 (VIOLATED)
_17142_/RN                              5.200000  258.191528 -252.991531 (VIOLATED)
_17143_/RN                              5.200000  258.191528 -252.991531 (VIOLATED)
_17144_/RN                              5.200000  258.191528 -252.991531 (VIOLATED)
_17145_/RN                              5.200000  258.191528 -252.991531 (VIOLATED)
_17146_/RN                              5.200000  258.191528 -252.991531 (VIOLATED)
_17147_/RN                              5.200000  258.191528 -252.991531 (VIOLATED)
_17148_/RN                              5.200000  258.191528 -252.991531 (VIOLATED)
_17149_/RN                              5.200000  258.191528 -252.991531 (VIOLATED)
_17150_/RN                              5.200000  258.191528 -252.991531 (VIOLATED)
_17151_/RN                              5.200000  258.191528 -252.991531 (VIOLATED)
_17152_/RN                              5.200000  258.191528 -252.991531 (VIOLATED)
_17153_/RN                              5.200000  258.191528 -252.991531 (VIOLATED)
_17154_/RN                              5.200000  258.191528 -252.991531 (VIOLATED)
_17155_/RN                              5.200000  258.191528 -252.991531 (VIOLATED)
_17156_/RN                              5.200000  258.191528 -252.991531 (VIOLATED)
_17157_/RN                              5.200000  258.191528 -252.991531 (VIOLATED)
_17158_/RN                              5.200000  258.191528 -252.991531 (VIOLATED)
_17159_/RN                              5.200000  258.191528 -252.991531 (VIOLATED)
_17160_/RN                              5.200000  258.191528 -252.991531 (VIOLATED)
_17161_/RN                              5.200000  258.191528 -252.991531 (VIOLATED)
_17162_/RN                              5.200000  258.191528 -252.991531 (VIOLATED)
_17163_/RN                              5.200000  258.191528 -252.991531 (VIOLATED)
_17164_/RN                              5.200000  258.191528 -252.991531 (VIOLATED)
_17165_/RN                              5.200000  258.191528 -252.991531 (VIOLATED)
_17166_/RN                              5.200000  258.191528 -252.991531 (VIOLATED)
_17167_/RN                              5.200000  258.191528 -252.991531 (VIOLATED)
_17168_/RN                              5.200000  258.191528 -252.991531 (VIOLATED)
_17169_/RN                              5.200000  258.191528 -252.991531 (VIOLATED)
_17170_/RN                              5.200000  258.191528 -252.991531 (VIOLATED)
_17171_/RN                              5.200000  258.191528 -252.991531 (VIOLATED)
_17172_/RN                              5.200000  258.191528 -252.991531 (VIOLATED)
_17173_/RN                              5.200000  258.191528 -252.991531 (VIOLATED)
_17174_/RN                              5.200000  258.191528 -252.991531 (VIOLATED)
_17175_/RN                              5.200000  258.191528 -252.991531 (VIOLATED)
_17176_/RN                              5.200000  258.191528 -252.991531 (VIOLATED)
_17177_/RN                              5.200000  258.191528 -252.991531 (VIOLATED)
_17178_/RN                              5.200000  258.191528 -252.991531 (VIOLATED)
_17179_/RN                              5.200000  258.191528 -252.991531 (VIOLATED)
_17180_/RN                              5.200000  258.191528 -252.991531 (VIOLATED)
_17181_/RN                              5.200000  258.191528 -252.991531 (VIOLATED)
_17182_/RN                              5.200000  258.191528 -252.991531 (VIOLATED)
_17183_/RN                              5.200000  258.191528 -252.991531 (VIOLATED)
_17184_/RN                              5.200000  258.191528 -252.991531 (VIOLATED)
_17185_/RN                              5.200000  258.191528 -252.991531 (VIOLATED)
_17186_/RN                              5.200000  258.191528 -252.991531 (VIOLATED)
_17187_/RN                              5.200000  258.191528 -252.991531 (VIOLATED)
_17188_/RN                              5.200000  258.191528 -252.991531 (VIOLATED)
_17189_/RN                              5.200000  258.191528 -252.991531 (VIOLATED)
_17190_/RN                              5.200000  258.191528 -252.991531 (VIOLATED)
_17191_/RN                              5.200000  258.191528 -252.991531 (VIOLATED)
_17192_/RN                              5.200000  258.191528 -252.991531 (VIOLATED)
_17193_/RN                              5.200000  258.191528 -252.991531 (VIOLATED)
_17194_/RN                              5.200000  258.191528 -252.991531 (VIOLATED)
_17195_/RN                              5.200000  258.191528 -252.991531 (VIOLATED)
_17196_/RN                              5.200000  258.191528 -252.991531 (VIOLATED)
_17197_/RN                              5.200000  258.191528 -252.991531 (VIOLATED)
_17198_/RN                              5.200000  258.191528 -252.991531 (VIOLATED)
_17199_/RN                              5.200000  258.191528 -252.991531 (VIOLATED)
_17200_/RN                              5.200000  258.191528 -252.991531 (VIOLATED)
_17201_/RN                              5.200000  258.191528 -252.991531 (VIOLATED)
_17202_/RN                              5.200000  258.191528 -252.991531 (VIOLATED)
_17203_/RN                              5.200000  258.191528 -252.991531 (VIOLATED)
_17204_/RN                              5.200000  258.191528 -252.991531 (VIOLATED)
_17205_/RN                              5.200000  258.191528 -252.991531 (VIOLATED)
_17206_/RN                              5.200000  258.191528 -252.991531 (VIOLATED)
_17207_/RN                              5.200000  258.191528 -252.991531 (VIOLATED)
_17208_/RN                              5.200000  258.191528 -252.991531 (VIOLATED)
_17209_/RN                              5.200000  258.191528 -252.991531 (VIOLATED)
_17210_/RN                              5.200000  258.191528 -252.991531 (VIOLATED)
_17211_/RN                              5.200000  258.191528 -252.991531 (VIOLATED)
_17212_/RN                              5.200000  258.191528 -252.991531 (VIOLATED)
_17213_/RN                              5.200000  258.191528 -252.991531 (VIOLATED)
_17214_/RN                              5.200000  258.191528 -252.991531 (VIOLATED)
_17215_/RN                              5.200000  258.191528 -252.991531 (VIOLATED)
_17216_/RN                              5.200000  258.191528 -252.991531 (VIOLATED)
_17217_/RN                              5.200000  258.191528 -252.991531 (VIOLATED)
_17218_/RN                              5.200000  258.191528 -252.991531 (VIOLATED)
_17219_/RN                              5.200000  258.191528 -252.991531 (VIOLATED)
_17220_/RN                              5.200000  258.191528 -252.991531 (VIOLATED)
_17221_/RN                              5.200000  258.191528 -252.991531 (VIOLATED)
_17222_/RN                              5.200000  258.191528 -252.991531 (VIOLATED)
_17223_/RN                              5.200000  258.191528 -252.991531 (VIOLATED)
_17224_/RN                              5.200000  258.191528 -252.991531 (VIOLATED)
_17225_/RN                              5.200000  258.191528 -252.991531 (VIOLATED)
_17226_/RN                              5.200000  258.191528 -252.991531 (VIOLATED)
_17227_/RN                              5.200000  258.191528 -252.991531 (VIOLATED)
_17228_/RN                              5.200000  258.191528 -252.991531 (VIOLATED)
_17229_/RN                              5.200000  258.191528 -252.991531 (VIOLATED)
_17230_/RN                              5.200000  258.191528 -252.991531 (VIOLATED)
_17231_/RN                              5.200000  258.191528 -252.991531 (VIOLATED)
_17232_/RN                              5.200000  258.191528 -252.991531 (VIOLATED)
_17233_/RN                              5.200000  258.191528 -252.991531 (VIOLATED)
_17234_/RN                              5.200000  258.191528 -252.991531 (VIOLATED)
_17235_/RN                              5.200000  258.191528 -252.991531 (VIOLATED)
_17236_/RN                              5.200000  258.191528 -252.991531 (VIOLATED)
_17237_/RN                              5.200000  258.191528 -252.991531 (VIOLATED)
_17238_/RN                              5.200000  258.191528 -252.991531 (VIOLATED)
_17239_/RN                              5.200000  258.191528 -252.991531 (VIOLATED)
_17240_/RN                              5.200000  258.191528 -252.991531 (VIOLATED)
_17241_/RN                              5.200000  258.191528 -252.991531 (VIOLATED)
_17242_/RN                              5.200000  258.191528 -252.991531 (VIOLATED)
_17243_/RN                              5.200000  258.191528 -252.991531 (VIOLATED)
_17244_/RN                              5.200000  258.191528 -252.991531 (VIOLATED)
_17245_/RN                              5.200000  258.191528 -252.991531 (VIOLATED)
_17246_/RN                              5.200000  258.191528 -252.991531 (VIOLATED)
_17247_/RN                              5.200000  258.191528 -252.991531 (VIOLATED)
_17248_/RN                              5.200000  258.191528 -252.991531 (VIOLATED)
_17249_/RN                              5.200000  258.191528 -252.991531 (VIOLATED)
_17250_/RN                              5.200000  258.191528 -252.991531 (VIOLATED)
_17251_/RN                              5.200000  258.191528 -252.991531 (VIOLATED)
_17252_/RN                              5.200000  258.191528 -252.991531 (VIOLATED)
_17253_/RN                              5.200000  258.191528 -252.991531 (VIOLATED)
_17254_/RN                              5.200000  258.191528 -252.991531 (VIOLATED)
_17255_/RN                              5.200000  258.191528 -252.991531 (VIOLATED)
_17256_/RN                              5.200000  258.191528 -252.991531 (VIOLATED)
_17257_/RN                              5.200000  258.191528 -252.991531 (VIOLATED)
_17258_/RN                              5.200000  258.191528 -252.991531 (VIOLATED)
_17259_/RN                              5.200000  258.191528 -252.991531 (VIOLATED)
_17260_/RN                              5.200000  258.191528 -252.991531 (VIOLATED)
_17261_/RN                              5.200000  258.191528 -252.991531 (VIOLATED)
_17262_/RN                              5.200000  258.191528 -252.991531 (VIOLATED)
_17263_/RN                              5.200000  258.191528 -252.991531 (VIOLATED)
_17264_/RN                              5.200000  258.191528 -252.991531 (VIOLATED)
_17265_/RN                              5.200000  258.191528 -252.991531 (VIOLATED)
_17266_/RN                              5.200000  258.191528 -252.991531 (VIOLATED)
_17267_/RN                              5.200000  258.191528 -252.991531 (VIOLATED)
_17268_/RN                              5.200000  258.191528 -252.991531 (VIOLATED)
_17269_/RN                              5.200000  258.191528 -252.991531 (VIOLATED)
_17270_/RN                              5.200000  258.191528 -252.991531 (VIOLATED)
_17271_/RN                              5.200000  258.191528 -252.991531 (VIOLATED)
_17272_/RN                              5.200000  258.191528 -252.991531 (VIOLATED)
_17273_/RN                              5.200000  258.191528 -252.991531 (VIOLATED)
_17274_/RN                              5.200000  258.191528 -252.991531 (VIOLATED)
_17275_/RN                              5.200000  258.191528 -252.991531 (VIOLATED)
_17276_/RN                              5.200000  258.191528 -252.991531 (VIOLATED)
_17277_/RN                              5.200000  258.191528 -252.991531 (VIOLATED)
_17278_/RN                              5.200000  258.191528 -252.991531 (VIOLATED)
_17279_/RN                              5.200000  258.191528 -252.991531 (VIOLATED)
_17280_/RN                              5.200000  258.191528 -252.991531 (VIOLATED)
_17281_/RN                              5.200000  258.191528 -252.991531 (VIOLATED)
_17282_/RN                              5.200000  258.191528 -252.991531 (VIOLATED)
_17283_/RN                              5.200000  258.191528 -252.991531 (VIOLATED)
_17284_/RN                              5.200000  258.191528 -252.991531 (VIOLATED)
_17285_/RN                              5.200000  258.191528 -252.991531 (VIOLATED)
_17286_/RN                              5.200000  258.191528 -252.991531 (VIOLATED)
_17287_/RN                              5.200000  258.191528 -252.991531 (VIOLATED)
_17288_/RN                              5.200000  258.191528 -252.991531 (VIOLATED)
_17289_/RN                              5.200000  258.191528 -252.991531 (VIOLATED)
_17290_/RN                              5.200000  258.191528 -252.991531 (VIOLATED)
_17291_/RN                              5.200000  258.191528 -252.991531 (VIOLATED)
_17292_/RN                              5.200000  258.191528 -252.991531 (VIOLATED)
_17293_/RN                              5.200000  258.191528 -252.991531 (VIOLATED)
_17294_/RN                              5.200000  258.191528 -252.991531 (VIOLATED)
_17295_/RN                              5.200000  258.191528 -252.991531 (VIOLATED)
_17296_/RN                              5.200000  258.191528 -252.991531 (VIOLATED)
_17297_/RN                              5.200000  258.191528 -252.991531 (VIOLATED)
_17298_/RN                              5.200000  258.191528 -252.991531 (VIOLATED)
_17299_/RN                              5.200000  258.191528 -252.991531 (VIOLATED)
_17300_/RN                              5.200000  258.191528 -252.991531 (VIOLATED)
_17301_/RN                              5.200000  258.191528 -252.991531 (VIOLATED)
_17302_/RN                              5.200000  258.191528 -252.991531 (VIOLATED)
_17303_/RN                              5.200000  258.191528 -252.991531 (VIOLATED)
_17304_/RN                              5.200000  258.191528 -252.991531 (VIOLATED)
_17305_/RN                              5.200000  258.191528 -252.991531 (VIOLATED)
_17306_/RN                              5.200000  258.191528 -252.991531 (VIOLATED)
_17307_/RN                              5.200000  258.191528 -252.991531 (VIOLATED)
_17308_/RN                              5.200000  258.191528 -252.991531 (VIOLATED)
_17309_/RN                              5.200000  258.191528 -252.991531 (VIOLATED)
_17310_/RN                              5.200000  258.191528 -252.991531 (VIOLATED)
_17311_/RN                              5.200000  258.191528 -252.991531 (VIOLATED)
_17312_/RN                              5.200000  258.191528 -252.991531 (VIOLATED)
_17313_/RN                              5.200000  258.191528 -252.991531 (VIOLATED)
_17314_/RN                              5.200000  258.191528 -252.991531 (VIOLATED)
_17315_/RN                              5.200000  258.191528 -252.991531 (VIOLATED)
_17316_/RN                              5.200000  258.191528 -252.991531 (VIOLATED)
_17317_/RN                              5.200000  258.191528 -252.991531 (VIOLATED)
_17318_/RN                              5.200000  258.191528 -252.991531 (VIOLATED)
_17319_/RN                              5.200000  258.191528 -252.991531 (VIOLATED)
_17320_/RN                              5.200000  258.191528 -252.991531 (VIOLATED)
_17321_/RN                              5.200000  258.191528 -252.991531 (VIOLATED)
_17322_/RN                              5.200000  258.191528 -252.991531 (VIOLATED)
_17323_/RN                              5.200000  258.191528 -252.991531 (VIOLATED)
_17324_/RN                              5.200000  258.191528 -252.991531 (VIOLATED)
_17325_/RN                              5.200000  258.191528 -252.991531 (VIOLATED)
_17326_/RN                              5.200000  258.191528 -252.991531 (VIOLATED)
_17327_/RN                              5.200000  258.191528 -252.991531 (VIOLATED)
_17328_/RN                              5.200000  258.191528 -252.991531 (VIOLATED)
_17329_/RN                              5.200000  258.191528 -252.991531 (VIOLATED)
_17330_/RN                              5.200000  258.191528 -252.991531 (VIOLATED)
_17331_/RN                              5.200000  258.191528 -252.991531 (VIOLATED)
_17332_/RN                              5.200000  258.191528 -252.991531 (VIOLATED)
_17333_/RN                              5.200000  258.191528 -252.991531 (VIOLATED)
_17334_/RN                              5.200000  258.191528 -252.991531 (VIOLATED)
_17335_/RN                              5.200000  258.191528 -252.991531 (VIOLATED)
_17336_/RN                              5.200000  258.191528 -252.991531 (VIOLATED)
_17337_/RN                              5.200000  258.191528 -252.991531 (VIOLATED)
_17338_/RN                              5.200000  258.191528 -252.991531 (VIOLATED)
_17339_/RN                              5.200000  258.191528 -252.991531 (VIOLATED)
_17340_/RN                              5.200000  258.191528 -252.991531 (VIOLATED)
_17341_/RN                              5.200000  258.191528 -252.991531 (VIOLATED)
_17342_/RN                              5.200000  258.191528 -252.991531 (VIOLATED)
_17343_/RN                              5.200000  258.191528 -252.991531 (VIOLATED)
_17344_/RN                              5.200000  258.191528 -252.991531 (VIOLATED)
_17345_/RN                              5.200000  258.191528 -252.991531 (VIOLATED)
_17346_/RN                              5.200000  258.191528 -252.991531 (VIOLATED)
_17347_/RN                              5.200000  258.191528 -252.991531 (VIOLATED)
_17348_/RN                              5.200000  258.191528 -252.991531 (VIOLATED)
_17349_/RN                              5.200000  258.191528 -252.991531 (VIOLATED)
_17350_/RN                              5.200000  258.191528 -252.991531 (VIOLATED)
_17351_/RN                              5.200000  258.191528 -252.991531 (VIOLATED)
_17352_/RN                              5.200000  258.191528 -252.991531 (VIOLATED)
_17353_/RN                              5.200000  258.191528 -252.991531 (VIOLATED)
_17354_/RN                              5.200000  258.191528 -252.991531 (VIOLATED)
_17355_/RN                              5.200000  258.191528 -252.991531 (VIOLATED)
_17356_/RN                              5.200000  258.191528 -252.991531 (VIOLATED)
_17357_/RN                              5.200000  258.191528 -252.991531 (VIOLATED)
_17358_/RN                              5.200000  258.191528 -252.991531 (VIOLATED)
_17359_/RN                              5.200000  258.191528 -252.991531 (VIOLATED)
_17360_/RN                              5.200000  258.191528 -252.991531 (VIOLATED)
_17361_/RN                              5.200000  258.191528 -252.991531 (VIOLATED)
_17362_/RN                              5.200000  258.191528 -252.991531 (VIOLATED)
_17363_/RN                              5.200000  258.191528 -252.991531 (VIOLATED)
_17364_/RN                              5.200000  258.191528 -252.991531 (VIOLATED)
_17365_/RN                              5.200000  258.191528 -252.991531 (VIOLATED)
_17366_/RN                              5.200000  258.191528 -252.991531 (VIOLATED)
_17367_/RN                              5.200000  258.191528 -252.991531 (VIOLATED)
_17368_/RN                              5.200000  258.191528 -252.991531 (VIOLATED)
_17369_/RN                              5.200000  258.191528 -252.991531 (VIOLATED)
_17370_/RN                              5.200000  258.191528 -252.991531 (VIOLATED)
_17371_/RN                              5.200000  258.191528 -252.991531 (VIOLATED)
_17372_/RN                              5.200000  258.191528 -252.991531 (VIOLATED)
_17373_/RN                              5.200000  258.191528 -252.991531 (VIOLATED)
_17374_/RN                              5.200000  258.191528 -252.991531 (VIOLATED)
_17375_/RN                              5.200000  258.191528 -252.991531 (VIOLATED)
_17376_/RN                              5.200000  258.191528 -252.991531 (VIOLATED)
_17377_/RN                              5.200000  258.191528 -252.991531 (VIOLATED)
_17378_/RN                              5.200000  258.191528 -252.991531 (VIOLATED)
_17379_/RN                              5.200000  258.191528 -252.991531 (VIOLATED)
_17380_/RN                              5.200000  258.191528 -252.991531 (VIOLATED)
_17381_/RN                              5.200000  258.191528 -252.991531 (VIOLATED)
_17382_/RN                              5.200000  258.191528 -252.991531 (VIOLATED)
_17383_/RN                              5.200000  258.191528 -252.991531 (VIOLATED)
_17384_/RN                              5.200000  258.191528 -252.991531 (VIOLATED)
_17385_/RN                              5.200000  258.191528 -252.991531 (VIOLATED)
_17386_/RN                              5.200000  258.191528 -252.991531 (VIOLATED)
_17387_/RN                              5.200000  258.191528 -252.991531 (VIOLATED)
_17388_/RN                              5.200000  258.191528 -252.991531 (VIOLATED)
_17389_/RN                              5.200000  258.191528 -252.991531 (VIOLATED)
_17390_/RN                              5.200000  258.191528 -252.991531 (VIOLATED)
_17391_/RN                              5.200000  258.191528 -252.991531 (VIOLATED)
_17392_/RN                              5.200000  258.191528 -252.991531 (VIOLATED)
_17393_/RN                              5.200000  258.191528 -252.991531 (VIOLATED)
_17394_/RN                              5.200000  258.191528 -252.991531 (VIOLATED)
_17395_/RN                              5.200000  258.191528 -252.991531 (VIOLATED)
_17396_/RN                              5.200000  258.191528 -252.991531 (VIOLATED)
_17397_/RN                              5.200000  258.191528 -252.991531 (VIOLATED)
_17398_/RN                              5.200000  258.191528 -252.991531 (VIOLATED)
_17399_/RN                              5.200000  258.191528 -252.991531 (VIOLATED)
_17400_/RN                              5.200000  258.191528 -252.991531 (VIOLATED)
_17401_/RN                              5.200000  258.191528 -252.991531 (VIOLATED)
_17402_/RN                              5.200000  258.191528 -252.991531 (VIOLATED)
_17403_/RN                              5.200000  258.191528 -252.991531 (VIOLATED)
_17404_/RN                              5.200000  258.191528 -252.991531 (VIOLATED)
_17405_/RN                              5.200000  258.191528 -252.991531 (VIOLATED)
_17406_/RN                              5.200000  258.191528 -252.991531 (VIOLATED)
_17407_/RN                              5.200000  258.191528 -252.991531 (VIOLATED)
_17408_/RN                              5.200000  258.191528 -252.991531 (VIOLATED)
_17409_/RN                              5.200000  258.191528 -252.991531 (VIOLATED)
_17410_/RN                              5.200000  258.191528 -252.991531 (VIOLATED)
_17411_/RN                              5.200000  258.191528 -252.991531 (VIOLATED)
_17412_/RN                              5.200000  258.191528 -252.991531 (VIOLATED)
_17413_/RN                              5.200000  258.191528 -252.991531 (VIOLATED)
_17414_/RN                              5.200000  258.191528 -252.991531 (VIOLATED)
_17415_/RN                              5.200000  258.191528 -252.991531 (VIOLATED)
_17416_/RN                              5.200000  258.191528 -252.991531 (VIOLATED)
_17417_/RN                              5.200000  258.191528 -252.991531 (VIOLATED)
_17418_/RN                              5.200000  258.191528 -252.991531 (VIOLATED)
_17419_/RN                              5.200000  258.191528 -252.991531 (VIOLATED)
_17420_/RN                              5.200000  258.191528 -252.991531 (VIOLATED)
_17421_/RN                              5.200000  258.191528 -252.991531 (VIOLATED)
_17422_/RN                              5.200000  258.191528 -252.991531 (VIOLATED)
_17423_/RN                              5.200000  258.191528 -252.991531 (VIOLATED)
_17424_/RN                              5.200000  258.191528 -252.991531 (VIOLATED)
_17425_/RN                              5.200000  258.191528 -252.991531 (VIOLATED)
_17426_/RN                              5.200000  258.191528 -252.991531 (VIOLATED)
_17427_/RN                              5.200000  258.191528 -252.991531 (VIOLATED)
_17428_/RN                              5.200000  258.191528 -252.991531 (VIOLATED)
_17429_/RN                              5.200000  258.191528 -252.991531 (VIOLATED)
_17430_/RN                              5.200000  258.191528 -252.991531 (VIOLATED)
_17431_/RN                              5.200000  258.191528 -252.991531 (VIOLATED)
_17432_/RN                              5.200000  258.191528 -252.991531 (VIOLATED)
_17433_/RN                              5.200000  258.191528 -252.991531 (VIOLATED)
_17434_/RN                              5.200000  258.191528 -252.991531 (VIOLATED)
_17435_/RN                              5.200000  258.191528 -252.991531 (VIOLATED)
_17436_/RN                              5.200000  258.191528 -252.991531 (VIOLATED)
_17437_/RN                              5.200000  258.191528 -252.991531 (VIOLATED)
_17438_/RN                              5.200000  258.191528 -252.991531 (VIOLATED)
_17439_/RN                              5.200000  258.191528 -252.991531 (VIOLATED)
_17440_/RN                              5.200000  258.191528 -252.991531 (VIOLATED)
_17441_/RN                              5.200000  258.191528 -252.991531 (VIOLATED)
_17442_/RN                              5.200000  258.191528 -252.991531 (VIOLATED)
_17443_/RN                              5.200000  258.191528 -252.991531 (VIOLATED)
_17444_/RN                              5.200000  258.191528 -252.991531 (VIOLATED)
_17445_/RN                              5.200000  258.191528 -252.991531 (VIOLATED)
_17446_/RN                              5.200000  258.191528 -252.991531 (VIOLATED)
_17447_/RN                              5.200000  258.191528 -252.991531 (VIOLATED)
_17448_/RN                              5.200000  258.191528 -252.991531 (VIOLATED)
_17449_/RN                              5.200000  258.191528 -252.991531 (VIOLATED)
_17450_/RN                              5.200000  258.191528 -252.991531 (VIOLATED)
_17451_/RN                              5.200000  258.191528 -252.991531 (VIOLATED)
_17452_/RN                              5.200000  258.191528 -252.991531 (VIOLATED)
_17453_/RN                              5.200000  258.191528 -252.991531 (VIOLATED)
_17454_/RN                              5.200000  258.191528 -252.991531 (VIOLATED)
_17455_/RN                              5.200000  258.191528 -252.991531 (VIOLATED)
_17456_/RN                              5.200000  258.191528 -252.991531 (VIOLATED)
_17457_/RN                              5.200000  258.191528 -252.991531 (VIOLATED)
_17458_/RN                              5.200000  258.191528 -252.991531 (VIOLATED)
_17459_/RN                              5.200000  258.191528 -252.991531 (VIOLATED)
_17460_/RN                              5.200000  258.191528 -252.991531 (VIOLATED)
_17461_/RN                              5.200000  258.191528 -252.991531 (VIOLATED)
_17462_/RN                              5.200000  258.191528 -252.991531 (VIOLATED)
_17463_/RN                              5.200000  258.191528 -252.991531 (VIOLATED)
_17464_/RN                              5.200000  258.191528 -252.991531 (VIOLATED)
_17465_/RN                              5.200000  258.191528 -252.991531 (VIOLATED)
_17466_/RN                              5.200000  258.191528 -252.991531 (VIOLATED)
_17467_/RN                              5.200000  258.191528 -252.991531 (VIOLATED)
_17468_/RN                              5.200000  258.191528 -252.991531 (VIOLATED)
_17469_/RN                              5.200000  258.191528 -252.991531 (VIOLATED)
_17470_/RN                              5.200000  258.191528 -252.991531 (VIOLATED)
_17471_/RN                              5.200000  258.191528 -252.991531 (VIOLATED)
_17472_/RN                              5.200000  258.191528 -252.991531 (VIOLATED)
_17473_/RN                              5.200000  258.191528 -252.991531 (VIOLATED)
_17474_/RN                              5.200000  258.191528 -252.991531 (VIOLATED)
_17475_/RN                              5.200000  258.191528 -252.991531 (VIOLATED)
_17476_/RN                              5.200000  258.191528 -252.991531 (VIOLATED)
_17477_/RN                              5.200000  258.191528 -252.991531 (VIOLATED)
_17478_/RN                              5.200000  258.191528 -252.991531 (VIOLATED)
_17479_/RN                              5.200000  258.191528 -252.991531 (VIOLATED)
_17480_/RN                              5.200000  258.191528 -252.991531 (VIOLATED)
_17481_/RN                              5.200000  258.191528 -252.991531 (VIOLATED)
_17482_/RN                              5.200000  258.191528 -252.991531 (VIOLATED)
_17483_/RN                              5.200000  258.191528 -252.991531 (VIOLATED)
_17484_/RN                              5.200000  258.191528 -252.991531 (VIOLATED)
_17485_/RN                              5.200000  258.191528 -252.991531 (VIOLATED)
_17486_/RN                              5.200000  258.191528 -252.991531 (VIOLATED)
_17487_/RN                              5.200000  258.191528 -252.991531 (VIOLATED)
_17488_/RN                              5.200000  258.191528 -252.991531 (VIOLATED)
_17489_/RN                              5.200000  258.191528 -252.991531 (VIOLATED)
_17490_/RN                              5.200000  258.191528 -252.991531 (VIOLATED)
_17491_/RN                              5.200000  258.191528 -252.991531 (VIOLATED)
_17492_/RN                              5.200000  258.191528 -252.991531 (VIOLATED)
_17493_/RN                              5.200000  258.191528 -252.991531 (VIOLATED)
_17494_/RN                              5.200000  258.191528 -252.991531 (VIOLATED)
_17495_/RN                              5.200000  258.191528 -252.991531 (VIOLATED)
_17496_/RN                              5.200000  258.191528 -252.991531 (VIOLATED)
_17497_/RN                              5.200000  258.191528 -252.991531 (VIOLATED)
_17498_/RN                              5.200000  258.191528 -252.991531 (VIOLATED)
_17499_/RN                              5.200000  258.191528 -252.991531 (VIOLATED)
_17500_/RN                              5.200000  258.191528 -252.991531 (VIOLATED)
_17501_/RN                              5.200000  258.191528 -252.991531 (VIOLATED)
_17502_/RN                              5.200000  258.191528 -252.991531 (VIOLATED)
_17503_/RN                              5.200000  258.191528 -252.991531 (VIOLATED)
_17504_/RN                              5.200000  258.191528 -252.991531 (VIOLATED)
_17505_/RN                              5.200000  258.191528 -252.991531 (VIOLATED)
_17506_/RN                              5.200000  258.191528 -252.991531 (VIOLATED)
_17507_/RN                              5.200000  258.191528 -252.991531 (VIOLATED)
_17508_/RN                              5.200000  258.191528 -252.991531 (VIOLATED)
_17509_/RN                              5.200000  258.191528 -252.991531 (VIOLATED)
_17510_/RN                              5.200000  258.191528 -252.991531 (VIOLATED)
_17511_/RN                              5.200000  258.191528 -252.991531 (VIOLATED)
_17512_/RN                              5.200000  258.191528 -252.991531 (VIOLATED)
_17513_/RN                              5.200000  258.191528 -252.991531 (VIOLATED)
_17514_/RN                              5.200000  258.191528 -252.991531 (VIOLATED)
_17515_/RN                              5.200000  258.191528 -252.991531 (VIOLATED)
_17516_/RN                              5.200000  258.191528 -252.991531 (VIOLATED)
_17517_/RN                              5.200000  258.191528 -252.991531 (VIOLATED)
_17518_/RN                              5.200000  258.191528 -252.991531 (VIOLATED)
_17519_/RN                              5.200000  258.191528 -252.991531 (VIOLATED)
_17520_/RN                              5.200000  258.191528 -252.991531 (VIOLATED)
_17521_/RN                              5.200000  258.191528 -252.991531 (VIOLATED)
_17522_/RN                              5.200000  258.191528 -252.991531 (VIOLATED)
_17523_/RN                              5.200000  258.191528 -252.991531 (VIOLATED)
_17524_/RN                              5.200000  258.191528 -252.991531 (VIOLATED)
_17525_/RN                              5.200000  258.191528 -252.991531 (VIOLATED)
_17526_/RN                              5.200000  258.191528 -252.991531 (VIOLATED)
_17527_/RN                              5.200000  258.191528 -252.991531 (VIOLATED)
_17528_/RN                              5.200000  258.191528 -252.991531 (VIOLATED)
_17529_/RN                              5.200000  258.191528 -252.991531 (VIOLATED)
_17530_/RN                              5.200000  258.191528 -252.991531 (VIOLATED)
_17531_/RN                              5.200000  258.191528 -252.991531 (VIOLATED)
_17532_/RN                              5.200000  258.191528 -252.991531 (VIOLATED)
_17533_/RN                              5.200000  258.191528 -252.991531 (VIOLATED)
_17534_/RN                              5.200000  258.191528 -252.991531 (VIOLATED)
_17535_/RN                              5.200000  258.191528 -252.991531 (VIOLATED)
_17536_/RN                              5.200000  258.191528 -252.991531 (VIOLATED)
_17537_/RN                              5.200000  258.191528 -252.991531 (VIOLATED)
_17538_/RN                              5.200000  258.191528 -252.991531 (VIOLATED)
_17539_/RN                              5.200000  258.191528 -252.991531 (VIOLATED)
_17540_/RN                              5.200000  258.191528 -252.991531 (VIOLATED)
_17541_/RN                              5.200000  258.191528 -252.991531 (VIOLATED)
_17542_/RN                              5.200000  258.191528 -252.991531 (VIOLATED)
_17543_/RN                              5.200000  258.191528 -252.991531 (VIOLATED)
_17544_/RN                              5.200000  258.191528 -252.991531 (VIOLATED)
_17545_/RN                              5.200000  258.191528 -252.991531 (VIOLATED)
_17546_/RN                              5.200000  258.191528 -252.991531 (VIOLATED)
_17547_/RN                              5.200000  258.191528 -252.991531 (VIOLATED)
_17548_/RN                              5.200000  258.191528 -252.991531 (VIOLATED)
_17549_/RN                              5.200000  258.191528 -252.991531 (VIOLATED)
_17550_/RN                              5.200000  258.191528 -252.991531 (VIOLATED)
_17551_/RN                              5.200000  258.191528 -252.991531 (VIOLATED)
_17552_/RN                              5.200000  258.191528 -252.991531 (VIOLATED)
_17553_/RN                              5.200000  258.191528 -252.991531 (VIOLATED)
_17554_/RN                              5.200000  258.191528 -252.991531 (VIOLATED)
_17555_/RN                              5.200000  258.191528 -252.991531 (VIOLATED)
_17556_/RN                              5.200000  258.191528 -252.991531 (VIOLATED)
_17557_/RN                              5.200000  258.191528 -252.991531 (VIOLATED)
_17558_/RN                              5.200000  258.191528 -252.991531 (VIOLATED)
_17559_/RN                              5.200000  258.191528 -252.991531 (VIOLATED)
_17560_/RN                              5.200000  258.191528 -252.991531 (VIOLATED)
_17561_/RN                              5.200000  258.191528 -252.991531 (VIOLATED)
_17562_/RN                              5.200000  258.191528 -252.991531 (VIOLATED)
_17563_/RN                              5.200000  258.191528 -252.991531 (VIOLATED)
_17564_/RN                              5.200000  258.191528 -252.991531 (VIOLATED)
_17565_/RN                              5.200000  258.191528 -252.991531 (VIOLATED)
_17566_/RN                              5.200000  258.191528 -252.991531 (VIOLATED)
_17567_/RN                              5.200000  258.191528 -252.991531 (VIOLATED)
_17568_/RN                              5.200000  258.191528 -252.991531 (VIOLATED)
_17569_/RN                              5.200000  258.191528 -252.991531 (VIOLATED)
_17570_/RN                              5.200000  258.191528 -252.991531 (VIOLATED)
_17571_/RN                              5.200000  258.191528 -252.991531 (VIOLATED)
_17572_/RN                              5.200000  258.191528 -252.991531 (VIOLATED)
_17573_/RN                              5.200000  258.191528 -252.991531 (VIOLATED)
_17574_/RN                              5.200000  258.191528 -252.991531 (VIOLATED)
_17575_/RN                              5.200000  258.191528 -252.991531 (VIOLATED)
_17576_/RN                              5.200000  258.191528 -252.991531 (VIOLATED)
_17577_/RN                              5.200000  258.191528 -252.991531 (VIOLATED)
_17578_/RN                              5.200000  258.191528 -252.991531 (VIOLATED)
_17579_/RN                              5.200000  258.191528 -252.991531 (VIOLATED)
_17580_/RN                              5.200000  258.191528 -252.991531 (VIOLATED)
_17581_/RN                              5.200000  258.191528 -252.991531 (VIOLATED)
_17582_/RN                              5.200000  258.191528 -252.991531 (VIOLATED)
_17583_/RN                              5.200000  258.191528 -252.991531 (VIOLATED)
_17584_/RN                              5.200000  258.191528 -252.991531 (VIOLATED)
_17585_/RN                              5.200000  258.191528 -252.991531 (VIOLATED)
_17586_/RN                              5.200000  258.191528 -252.991531 (VIOLATED)
_17587_/RN                              5.200000  258.191528 -252.991531 (VIOLATED)
_17588_/RN                              5.200000  258.191528 -252.991531 (VIOLATED)
_17589_/RN                              5.200000  258.191528 -252.991531 (VIOLATED)
_17590_/RN                              5.200000  258.191528 -252.991531 (VIOLATED)
_17591_/RN                              5.200000  258.191528 -252.991531 (VIOLATED)
_17592_/RN                              5.200000  258.191528 -252.991531 (VIOLATED)
_17593_/RN                              5.200000  258.191528 -252.991531 (VIOLATED)
_17594_/RN                              5.200000  258.191528 -252.991531 (VIOLATED)
_17595_/RN                              5.200000  258.191528 -252.991531 (VIOLATED)
_17596_/RN                              5.200000  258.191528 -252.991531 (VIOLATED)
_17597_/RN                              5.200000  258.191528 -252.991531 (VIOLATED)
_17598_/RN                              5.200000  258.191528 -252.991531 (VIOLATED)
_17599_/RN                              5.200000  258.191528 -252.991531 (VIOLATED)
_17600_/RN                              5.200000  258.191528 -252.991531 (VIOLATED)
_17601_/RN                              5.200000  258.191528 -252.991531 (VIOLATED)
_17602_/RN                              5.200000  258.191528 -252.991531 (VIOLATED)
_17603_/RN                              5.200000  258.191528 -252.991531 (VIOLATED)
_17604_/RN                              5.200000  258.191528 -252.991531 (VIOLATED)
_17605_/RN                              5.200000  258.191528 -252.991531 (VIOLATED)
_17606_/RN                              5.200000  258.191528 -252.991531 (VIOLATED)
_17607_/RN                              5.200000  258.191528 -252.991531 (VIOLATED)
_17608_/RN                              5.200000  258.191528 -252.991531 (VIOLATED)
_17609_/RN                              5.200000  258.191528 -252.991531 (VIOLATED)
_17610_/RN                              5.200000  258.191528 -252.991531 (VIOLATED)
_17611_/RN                              5.200000  258.191528 -252.991531 (VIOLATED)
_17612_/RN                              5.200000  258.191528 -252.991531 (VIOLATED)
_17613_/RN                              5.200000  258.191528 -252.991531 (VIOLATED)
_17614_/RN                              5.200000  258.191528 -252.991531 (VIOLATED)
_17615_/RN                              5.200000  258.191528 -252.991531 (VIOLATED)
_17616_/RN                              5.200000  258.191528 -252.991531 (VIOLATED)
_17617_/RN                              5.200000  258.191528 -252.991531 (VIOLATED)
_17618_/RN                              5.200000  258.191528 -252.991531 (VIOLATED)
_17619_/RN                              5.200000  258.191528 -252.991531 (VIOLATED)
_17620_/RN                              5.200000  258.191528 -252.991531 (VIOLATED)
_17621_/RN                              5.200000  258.191528 -252.991531 (VIOLATED)
_17622_/RN                              5.200000  258.191528 -252.991531 (VIOLATED)
_17623_/RN                              5.200000  258.191528 -252.991531 (VIOLATED)
_17624_/RN                              5.200000  258.191528 -252.991531 (VIOLATED)
_17625_/RN                              5.200000  258.191528 -252.991531 (VIOLATED)
_17626_/RN                              5.200000  258.191528 -252.991531 (VIOLATED)
_17627_/RN                              5.200000  258.191528 -252.991531 (VIOLATED)
_17628_/RN                              5.200000  258.191528 -252.991531 (VIOLATED)
_17629_/RN                              5.200000  258.191528 -252.991531 (VIOLATED)
_17630_/RN                              5.200000  258.191528 -252.991531 (VIOLATED)
_17631_/RN                              5.200000  258.191528 -252.991531 (VIOLATED)
_17632_/RN                              5.200000  258.191528 -252.991531 (VIOLATED)
_17633_/RN                              5.200000  258.191528 -252.991531 (VIOLATED)
_17634_/RN                              5.200000  258.191528 -252.991531 (VIOLATED)
_17635_/RN                              5.200000  258.191528 -252.991531 (VIOLATED)
_17636_/RN                              5.200000  258.191528 -252.991531 (VIOLATED)
_17637_/RN                              5.200000  258.191528 -252.991531 (VIOLATED)
_17638_/RN                              5.200000  258.191528 -252.991531 (VIOLATED)
_17639_/RN                              5.200000  258.191528 -252.991531 (VIOLATED)
_17640_/RN                              5.200000  258.191528 -252.991531 (VIOLATED)
_17641_/RN                              5.200000  258.191528 -252.991531 (VIOLATED)
_17642_/RN                              5.200000  258.191528 -252.991531 (VIOLATED)
_17643_/RN                              5.200000  258.191528 -252.991531 (VIOLATED)
_17644_/RN                              5.200000  258.191528 -252.991531 (VIOLATED)
_17645_/RN                              5.200000  258.191528 -252.991531 (VIOLATED)
_17646_/RN                              5.200000  258.191528 -252.991531 (VIOLATED)
_17647_/RN                              5.200000  258.191528 -252.991531 (VIOLATED)
_17648_/RN                              5.200000  258.191528 -252.991531 (VIOLATED)
_17649_/RN                              5.200000  258.191528 -252.991531 (VIOLATED)
_17650_/RN                              5.200000  258.191528 -252.991531 (VIOLATED)
_17651_/RN                              5.200000  258.191528 -252.991531 (VIOLATED)
_17652_/RN                              5.200000  258.191528 -252.991531 (VIOLATED)
_17653_/RN                              5.200000  258.191528 -252.991531 (VIOLATED)
_17654_/RN                              5.200000  258.191528 -252.991531 (VIOLATED)
_17655_/RN                              5.200000  258.191528 -252.991531 (VIOLATED)
_17656_/RN                              5.200000  258.191528 -252.991531 (VIOLATED)
_17657_/RN                              5.200000  258.191528 -252.991531 (VIOLATED)
_17658_/RN                              5.200000  258.191528 -252.991531 (VIOLATED)
_17659_/RN                              5.200000  258.191528 -252.991531 (VIOLATED)
_17660_/RN                              5.200000  258.191528 -252.991531 (VIOLATED)
_17661_/RN                              5.200000  258.191528 -252.991531 (VIOLATED)
_17662_/RN                              5.200000  258.191528 -252.991531 (VIOLATED)
_17663_/RN                              5.200000  258.191528 -252.991531 (VIOLATED)
_17664_/RN                              5.200000  258.191528 -252.991531 (VIOLATED)
_17665_/RN                              5.200000  258.191528 -252.991531 (VIOLATED)
_17666_/RN                              5.200000  258.191528 -252.991531 (VIOLATED)
_17667_/RN                              5.200000  258.191528 -252.991531 (VIOLATED)
_17668_/RN                              5.200000  258.191528 -252.991531 (VIOLATED)
_17669_/RN                              5.200000  258.191528 -252.991531 (VIOLATED)
_17670_/RN                              5.200000  258.191528 -252.991531 (VIOLATED)
_17671_/RN                              5.200000  258.191528 -252.991531 (VIOLATED)
_17672_/RN                              5.200000  258.191528 -252.991531 (VIOLATED)
_17673_/RN                              5.200000  258.191528 -252.991531 (VIOLATED)
_17674_/RN                              5.200000  258.191528 -252.991531 (VIOLATED)
_17675_/RN                              5.200000  258.191528 -252.991531 (VIOLATED)
_17676_/RN                              5.200000  258.191528 -252.991531 (VIOLATED)
_17677_/RN                              5.200000  258.191528 -252.991531 (VIOLATED)
_17678_/RN                              5.200000  258.191528 -252.991531 (VIOLATED)
_17679_/RN                              5.200000  258.191528 -252.991531 (VIOLATED)
_17680_/RN                              5.200000  258.191528 -252.991531 (VIOLATED)
_17681_/RN                              5.200000  258.191528 -252.991531 (VIOLATED)
_17682_/RN                              5.200000  258.191528 -252.991531 (VIOLATED)
_17683_/RN                              5.200000  258.191528 -252.991531 (VIOLATED)
_17684_/RN                              5.200000  258.191528 -252.991531 (VIOLATED)
_17685_/RN                              5.200000  258.191528 -252.991531 (VIOLATED)
_17686_/RN                              5.200000  258.191528 -252.991531 (VIOLATED)
_17687_/RN                              5.200000  258.191528 -252.991531 (VIOLATED)
_17688_/RN                              5.200000  258.191528 -252.991531 (VIOLATED)
_17689_/RN                              5.200000  258.191528 -252.991531 (VIOLATED)
_17690_/RN                              5.200000  258.191528 -252.991531 (VIOLATED)
_17691_/RN                              5.200000  258.191528 -252.991531 (VIOLATED)
_17692_/RN                              5.200000  258.191528 -252.991531 (VIOLATED)
_17693_/RN                              5.200000  258.191528 -252.991531 (VIOLATED)
_17694_/RN                              5.200000  258.191528 -252.991531 (VIOLATED)
_17695_/RN                              5.200000  258.191528 -252.991531 (VIOLATED)
_17696_/RN                              5.200000  258.191528 -252.991531 (VIOLATED)
_17697_/RN                              5.200000  258.191528 -252.991531 (VIOLATED)
_17698_/RN                              5.200000  258.191528 -252.991531 (VIOLATED)
_17699_/RN                              5.200000  258.191528 -252.991531 (VIOLATED)
_17700_/RN                              5.200000  258.191528 -252.991531 (VIOLATED)
_17701_/RN                              5.200000  258.191528 -252.991531 (VIOLATED)
_17702_/RN                              5.200000  258.191528 -252.991531 (VIOLATED)
_17703_/RN                              5.200000  258.191528 -252.991531 (VIOLATED)
_17704_/RN                              5.200000  258.191528 -252.991531 (VIOLATED)
_17705_/RN                              5.200000  258.191528 -252.991531 (VIOLATED)
_17706_/RN                              5.200000  258.191528 -252.991531 (VIOLATED)
_17707_/RN                              5.200000  258.191528 -252.991531 (VIOLATED)
_17708_/RN                              5.200000  258.191528 -252.991531 (VIOLATED)
_17709_/RN                              5.200000  258.191528 -252.991531 (VIOLATED)
_17710_/RN                              5.200000  258.191528 -252.991531 (VIOLATED)
_17711_/RN                              5.200000  258.191528 -252.991531 (VIOLATED)
_17712_/RN                              5.200000  258.191528 -252.991531 (VIOLATED)
_17713_/RN                              5.200000  258.191528 -252.991531 (VIOLATED)
_17714_/RN                              5.200000  258.191528 -252.991531 (VIOLATED)
_17715_/RN                              5.200000  258.191528 -252.991531 (VIOLATED)
_17716_/RN                              5.200000  258.191528 -252.991531 (VIOLATED)
_17717_/RN                              5.200000  258.191528 -252.991531 (VIOLATED)
_17718_/RN                              5.200000  258.191528 -252.991531 (VIOLATED)
_17719_/RN                              5.200000  258.191528 -252.991531 (VIOLATED)
_17720_/RN                              5.200000  258.191528 -252.991531 (VIOLATED)
_17721_/RN                              5.200000  258.191528 -252.991531 (VIOLATED)
_17722_/RN                              5.200000  258.191528 -252.991531 (VIOLATED)
_17723_/RN                              5.200000  258.191528 -252.991531 (VIOLATED)
_17724_/RN                              5.200000  258.191528 -252.991531 (VIOLATED)
_17725_/RN                              5.200000  258.191528 -252.991531 (VIOLATED)
_17726_/RN                              5.200000  258.191528 -252.991531 (VIOLATED)
_17727_/RN                              5.200000  258.191528 -252.991531 (VIOLATED)
_17728_/RN                              5.200000  258.191528 -252.991531 (VIOLATED)
_17729_/RN                              5.200000  258.191528 -252.991531 (VIOLATED)
_17730_/RN                              5.200000  258.191528 -252.991531 (VIOLATED)
_17731_/RN                              5.200000  258.191528 -252.991531 (VIOLATED)
_17732_/RN                              5.200000  258.191528 -252.991531 (VIOLATED)
_17733_/RN                              5.200000  258.191528 -252.991531 (VIOLATED)
_17734_/RN                              5.200000  258.191528 -252.991531 (VIOLATED)
_17735_/RN                              5.200000  258.191528 -252.991531 (VIOLATED)
_17736_/RN                              5.200000  258.191528 -252.991531 (VIOLATED)
_17737_/RN                              5.200000  258.191528 -252.991531 (VIOLATED)
_17738_/RN                              5.200000  258.191528 -252.991531 (VIOLATED)
_17739_/RN                              5.200000  258.191528 -252.991531 (VIOLATED)
_17740_/RN                              5.200000  258.191528 -252.991531 (VIOLATED)
_17741_/RN                              5.200000  258.191528 -252.991531 (VIOLATED)
_17742_/RN                              5.200000  258.191528 -252.991531 (VIOLATED)
_17743_/RN                              5.200000  258.191528 -252.991531 (VIOLATED)
_17744_/RN                              5.200000  258.191528 -252.991531 (VIOLATED)
_17745_/RN                              5.200000  258.191528 -252.991531 (VIOLATED)
_17746_/RN                              5.200000  258.191528 -252.991531 (VIOLATED)
_17747_/RN                              5.200000  258.191528 -252.991531 (VIOLATED)
_17748_/RN                              5.200000  258.191528 -252.991531 (VIOLATED)
_17749_/RN                              5.200000  258.191528 -252.991531 (VIOLATED)
_17750_/RN                              5.200000  258.191528 -252.991531 (VIOLATED)
_17751_/RN                              5.200000  258.191528 -252.991531 (VIOLATED)
_17752_/RN                              5.200000  258.191528 -252.991531 (VIOLATED)
_17753_/RN                              5.200000  258.191528 -252.991531 (VIOLATED)
_17754_/RN                              5.200000  258.191528 -252.991531 (VIOLATED)
_17755_/RN                              5.200000  258.191528 -252.991531 (VIOLATED)
_17756_/RN                              5.200000  258.191528 -252.991531 (VIOLATED)
_17757_/RN                              5.200000  258.191528 -252.991531 (VIOLATED)
_17758_/RN                              5.200000  258.191528 -252.991531 (VIOLATED)
_17759_/RN                              5.200000  258.191528 -252.991531 (VIOLATED)
_17760_/RN                              5.200000  258.191528 -252.991531 (VIOLATED)
_17761_/RN                              5.200000  258.191528 -252.991531 (VIOLATED)
_17762_/RN                              5.200000  258.191528 -252.991531 (VIOLATED)
_17763_/RN                              5.200000  258.191528 -252.991531 (VIOLATED)
_17764_/RN                              5.200000  258.191528 -252.991531 (VIOLATED)
_17765_/RN                              5.200000  258.191528 -252.991531 (VIOLATED)
_17766_/RN                              5.200000  258.191528 -252.991531 (VIOLATED)
_17767_/RN                              5.200000  258.191528 -252.991531 (VIOLATED)
_17768_/RN                              5.200000  258.191528 -252.991531 (VIOLATED)
_17769_/RN                              5.200000  258.191528 -252.991531 (VIOLATED)
_17770_/RN                              5.200000  258.191528 -252.991531 (VIOLATED)
_17771_/RN                              5.200000  258.191528 -252.991531 (VIOLATED)
_17772_/RN                              5.200000  258.191528 -252.991531 (VIOLATED)
_17773_/RN                              5.200000  258.191528 -252.991531 (VIOLATED)
_17774_/RN                              5.200000  258.191528 -252.991531 (VIOLATED)
_17775_/RN                              5.200000  258.191528 -252.991531 (VIOLATED)
_17776_/RN                              5.200000  258.191528 -252.991531 (VIOLATED)
_17777_/RN                              5.200000  258.191528 -252.991531 (VIOLATED)
_17778_/RN                              5.200000  258.191528 -252.991531 (VIOLATED)
_17779_/RN                              5.200000  258.191528 -252.991531 (VIOLATED)
_17780_/RN                              5.200000  258.191528 -252.991531 (VIOLATED)
_17781_/RN                              5.200000  258.191528 -252.991531 (VIOLATED)
_17782_/RN                              5.200000  258.191528 -252.991531 (VIOLATED)
_17783_/RN                              5.200000  258.191528 -252.991531 (VIOLATED)
_17784_/RN                              5.200000  258.191528 -252.991531 (VIOLATED)
_17785_/RN                              5.200000  258.191528 -252.991531 (VIOLATED)
_17786_/RN                              5.200000  258.191528 -252.991531 (VIOLATED)
_17787_/RN                              5.200000  258.191528 -252.991531 (VIOLATED)
_17788_/RN                              5.200000  258.191528 -252.991531 (VIOLATED)
_17789_/RN                              5.200000  258.191528 -252.991531 (VIOLATED)
_17790_/RN                              5.200000  258.191528 -252.991531 (VIOLATED)
_17791_/RN                              5.200000  258.191528 -252.991531 (VIOLATED)
_17792_/RN                              5.200000  258.191528 -252.991531 (VIOLATED)
_17793_/RN                              5.200000  258.191528 -252.991531 (VIOLATED)
_17794_/RN                              5.200000  258.191528 -252.991531 (VIOLATED)
_17795_/RN                              5.200000  258.191528 -252.991531 (VIOLATED)
_17796_/RN                              5.200000  258.191528 -252.991531 (VIOLATED)
_17797_/RN                              5.200000  258.191528 -252.991531 (VIOLATED)
_17798_/RN                              5.200000  258.191528 -252.991531 (VIOLATED)
_17799_/RN                              5.200000  258.191528 -252.991531 (VIOLATED)
_17800_/RN                              5.200000  258.191528 -252.991531 (VIOLATED)
_17801_/RN                              5.200000  258.191528 -252.991531 (VIOLATED)
_17802_/RN                              5.200000  258.191528 -252.991531 (VIOLATED)
_17803_/RN                              5.200000  258.191528 -252.991531 (VIOLATED)
_17804_/RN                              5.200000  258.191528 -252.991531 (VIOLATED)
_17805_/RN                              5.200000  258.191528 -252.991531 (VIOLATED)
_17806_/RN                              5.200000  258.191528 -252.991531 (VIOLATED)
_17807_/RN                              5.200000  258.191528 -252.991531 (VIOLATED)
_17808_/RN                              5.200000  258.191528 -252.991531 (VIOLATED)
_17809_/RN                              5.200000  258.191528 -252.991531 (VIOLATED)
_17810_/RN                              5.200000  258.191528 -252.991531 (VIOLATED)
_17811_/RN                              5.200000  258.191528 -252.991531 (VIOLATED)
_17812_/RN                              5.200000  258.191528 -252.991531 (VIOLATED)
_17813_/RN                              5.200000  258.191528 -252.991531 (VIOLATED)
_17814_/RN                              5.200000  258.191528 -252.991531 (VIOLATED)
_17815_/RN                              5.200000  258.191528 -252.991531 (VIOLATED)
_17816_/RN                              5.200000  258.191528 -252.991531 (VIOLATED)
_17817_/RN                              5.200000  258.191528 -252.991531 (VIOLATED)
_17818_/RN                              5.200000  258.191528 -252.991531 (VIOLATED)
_17819_/RN                              5.200000  258.191528 -252.991531 (VIOLATED)
_17820_/RN                              5.200000  258.191528 -252.991531 (VIOLATED)
_17821_/RN                              5.200000  258.191528 -252.991531 (VIOLATED)
_17822_/RN                              5.200000  258.191528 -252.991531 (VIOLATED)
_17823_/RN                              5.200000  258.191528 -252.991531 (VIOLATED)
_17824_/RN                              5.200000  258.191528 -252.991531 (VIOLATED)
_17825_/RN                              5.200000  258.191528 -252.991531 (VIOLATED)
_17826_/RN                              5.200000  258.191528 -252.991531 (VIOLATED)
_17827_/RN                              5.200000  258.191528 -252.991531 (VIOLATED)
_17828_/RN                              5.200000  258.191528 -252.991531 (VIOLATED)
_17829_/RN                              5.200000  258.191528 -252.991531 (VIOLATED)
_17830_/RN                              5.200000  258.191528 -252.991531 (VIOLATED)
_17831_/RN                              5.200000  258.191528 -252.991531 (VIOLATED)
_17832_/RN                              5.200000  258.191528 -252.991531 (VIOLATED)
_17833_/RN                              5.200000  258.191528 -252.991531 (VIOLATED)
_17834_/RN                              5.200000  258.191528 -252.991531 (VIOLATED)
_17835_/RN                              5.200000  258.191528 -252.991531 (VIOLATED)
_17836_/RN                              5.200000  258.191528 -252.991531 (VIOLATED)
_17837_/RN                              5.200000  258.191528 -252.991531 (VIOLATED)
_17838_/RN                              5.200000  258.191528 -252.991531 (VIOLATED)
_17839_/RN                              5.200000  258.191528 -252.991531 (VIOLATED)
_17840_/RN                              5.200000  258.191528 -252.991531 (VIOLATED)
_17841_/RN                              5.200000  258.191528 -252.991531 (VIOLATED)
_17842_/RN                              5.200000  258.191528 -252.991531 (VIOLATED)
_17843_/RN                              5.200000  258.191528 -252.991531 (VIOLATED)
_17844_/RN                              5.200000  258.191528 -252.991531 (VIOLATED)
_17845_/RN                              5.200000  258.191528 -252.991531 (VIOLATED)
_17846_/RN                              5.200000  258.191528 -252.991531 (VIOLATED)
_17847_/RN                              5.200000  258.191528 -252.991531 (VIOLATED)
_17848_/RN                              5.200000  258.191528 -252.991531 (VIOLATED)
_17849_/RN                              5.200000  258.191528 -252.991531 (VIOLATED)
_17850_/RN                              5.200000  258.191528 -252.991531 (VIOLATED)
_17851_/RN                              5.200000  258.191528 -252.991531 (VIOLATED)
_17852_/RN                              5.200000  258.191528 -252.991531 (VIOLATED)
_17853_/RN                              5.200000  258.191528 -252.991531 (VIOLATED)
_17854_/RN                              5.200000  258.191528 -252.991531 (VIOLATED)
_17855_/RN                              5.200000  258.191528 -252.991531 (VIOLATED)
_17856_/RN                              5.200000  258.191528 -252.991531 (VIOLATED)
_17857_/RN                              5.200000  258.191528 -252.991531 (VIOLATED)
_17858_/RN                              5.200000  258.191528 -252.991531 (VIOLATED)
_17859_/RN                              5.200000  258.191528 -252.991531 (VIOLATED)
_17860_/RN                              5.200000  258.191528 -252.991531 (VIOLATED)
_17861_/RN                              5.200000  258.191528 -252.991531 (VIOLATED)
_17862_/RN                              5.200000  258.191528 -252.991531 (VIOLATED)
_17863_/RN                              5.200000  258.191528 -252.991531 (VIOLATED)
_17864_/RN                              5.200000  258.191528 -252.991531 (VIOLATED)
_17865_/RN                              5.200000  258.191528 -252.991531 (VIOLATED)
_17866_/RN                              5.200000  258.191528 -252.991531 (VIOLATED)
_17867_/RN                              5.200000  258.191528 -252.991531 (VIOLATED)
_17868_/RN                              5.200000  258.191528 -252.991531 (VIOLATED)
_17869_/RN                              5.200000  258.191528 -252.991531 (VIOLATED)
_17870_/RN                              5.200000  258.191528 -252.991531 (VIOLATED)
_17871_/RN                              5.200000  258.191528 -252.991531 (VIOLATED)
_17872_/RN                              5.200000  258.191528 -252.991531 (VIOLATED)
_17873_/RN                              5.200000  258.191528 -252.991531 (VIOLATED)
_17874_/RN                              5.200000  258.191528 -252.991531 (VIOLATED)
_17875_/RN                              5.200000  258.191528 -252.991531 (VIOLATED)
_17876_/RN                              5.200000  258.191528 -252.991531 (VIOLATED)
_17877_/RN                              5.200000  258.191528 -252.991531 (VIOLATED)
_17878_/RN                              5.200000  258.191528 -252.991531 (VIOLATED)
_17879_/RN                              5.200000  258.191528 -252.991531 (VIOLATED)
_17880_/RN                              5.200000  258.191528 -252.991531 (VIOLATED)
_17881_/RN                              5.200000  258.191528 -252.991531 (VIOLATED)
_17882_/RN                              5.200000  258.191528 -252.991531 (VIOLATED)
_17883_/RN                              5.200000  258.191528 -252.991531 (VIOLATED)
_17884_/RN                              5.200000  258.191528 -252.991531 (VIOLATED)
_17885_/RN                              5.200000  258.191528 -252.991531 (VIOLATED)
_17886_/RN                              5.200000  258.191528 -252.991531 (VIOLATED)
_17887_/RN                              5.200000  258.191528 -252.991531 (VIOLATED)
_17888_/RN                              5.200000  258.191528 -252.991531 (VIOLATED)
_17889_/RN                              5.200000  258.191528 -252.991531 (VIOLATED)
_17890_/RN                              5.200000  258.191528 -252.991531 (VIOLATED)
_17891_/RN                              5.200000  258.191528 -252.991531 (VIOLATED)
_17892_/RN                              5.200000  258.191528 -252.991531 (VIOLATED)
_17893_/RN                              5.200000  258.191528 -252.991531 (VIOLATED)
_17894_/RN                              5.200000  258.191528 -252.991531 (VIOLATED)
_17895_/RN                              5.200000  258.191528 -252.991531 (VIOLATED)
_17896_/RN                              5.200000  258.191528 -252.991531 (VIOLATED)
_17897_/RN                              5.200000  258.191528 -252.991531 (VIOLATED)
_17898_/RN                              5.200000  258.191528 -252.991531 (VIOLATED)
_17899_/RN                              5.200000  258.191528 -252.991531 (VIOLATED)
_17900_/RN                              5.200000  258.191528 -252.991531 (VIOLATED)
_17901_/RN                              5.200000  258.191528 -252.991531 (VIOLATED)
_17902_/RN                              5.200000  258.191528 -252.991531 (VIOLATED)
_17903_/RN                              5.200000  258.191528 -252.991531 (VIOLATED)
_17904_/RN                              5.200000  258.191528 -252.991531 (VIOLATED)
_17905_/RN                              5.200000  258.191528 -252.991531 (VIOLATED)
_17906_/RN                              5.200000  258.191528 -252.991531 (VIOLATED)
_17907_/RN                              5.200000  258.191528 -252.991531 (VIOLATED)
_17908_/RN                              5.200000  258.191528 -252.991531 (VIOLATED)
_17909_/RN                              5.200000  258.191528 -252.991531 (VIOLATED)
_17910_/RN                              5.200000  258.191528 -252.991531 (VIOLATED)
_17911_/RN                              5.200000  258.191528 -252.991531 (VIOLATED)
_17912_/RN                              5.200000  258.191528 -252.991531 (VIOLATED)
_17913_/RN                              5.200000  258.191528 -252.991531 (VIOLATED)
_17914_/RN                              5.200000  258.191528 -252.991531 (VIOLATED)
_17915_/RN                              5.200000  258.191528 -252.991531 (VIOLATED)
_17916_/RN                              5.200000  258.191528 -252.991531 (VIOLATED)
_17917_/RN                              5.200000  258.191528 -252.991531 (VIOLATED)
_17918_/RN                              5.200000  258.191528 -252.991531 (VIOLATED)
_17919_/RN                              5.200000  258.191528 -252.991531 (VIOLATED)
_17920_/RN                              5.200000  258.191528 -252.991531 (VIOLATED)
_17921_/RN                              5.200000  258.191528 -252.991531 (VIOLATED)
_17922_/RN                              5.200000  258.191528 -252.991531 (VIOLATED)
_17923_/RN                              5.200000  258.191528 -252.991531 (VIOLATED)
_17924_/RN                              5.200000  258.191528 -252.991531 (VIOLATED)
_17925_/RN                              5.200000  258.191528 -252.991531 (VIOLATED)
_17926_/RN                              5.200000  258.191528 -252.991531 (VIOLATED)
_17927_/RN                              5.200000  258.191528 -252.991531 (VIOLATED)
_17928_/RN                              5.200000  258.191528 -252.991531 (VIOLATED)
_17929_/RN                              5.200000  258.191528 -252.991531 (VIOLATED)
_17930_/RN                              5.200000  258.191528 -252.991531 (VIOLATED)
_17931_/RN                              5.200000  258.191528 -252.991531 (VIOLATED)
_17932_/RN                              5.200000  258.191528 -252.991531 (VIOLATED)
_17933_/RN                              5.200000  258.191528 -252.991531 (VIOLATED)
_17934_/RN                              5.200000  258.191528 -252.991531 (VIOLATED)
_17935_/RN                              5.200000  258.191528 -252.991531 (VIOLATED)
_17936_/RN                              5.200000  258.191528 -252.991531 (VIOLATED)
_17937_/RN                              5.200000  258.191528 -252.991531 (VIOLATED)
_17938_/RN                              5.200000  258.191528 -252.991531 (VIOLATED)
_17939_/RN                              5.200000  258.191528 -252.991531 (VIOLATED)
_17940_/RN                              5.200000  258.191528 -252.991531 (VIOLATED)
_17941_/RN                              5.200000  258.191528 -252.991531 (VIOLATED)
_17942_/RN                              5.200000  258.191528 -252.991531 (VIOLATED)
_17943_/RN                              5.200000  258.191528 -252.991531 (VIOLATED)
_17944_/RN                              5.200000  258.191528 -252.991531 (VIOLATED)
_17945_/RN                              5.200000  258.191528 -252.991531 (VIOLATED)
_17946_/RN                              5.200000  258.191528 -252.991531 (VIOLATED)
_17947_/RN                              5.200000  258.191528 -252.991531 (VIOLATED)
_17948_/RN                              5.200000  258.191528 -252.991531 (VIOLATED)
_17949_/RN                              5.200000  258.191528 -252.991531 (VIOLATED)
_17950_/RN                              5.200000  258.191528 -252.991531 (VIOLATED)
_17951_/RN                              5.200000  258.191528 -252.991531 (VIOLATED)
_17952_/RN                              5.200000  258.191528 -252.991531 (VIOLATED)
_17953_/RN                              5.200000  258.191528 -252.991531 (VIOLATED)
_17954_/RN                              5.200000  258.191528 -252.991531 (VIOLATED)
_17955_/RN                              5.200000  258.191528 -252.991531 (VIOLATED)
_17956_/RN                              5.200000  258.191528 -252.991531 (VIOLATED)
_17957_/RN                              5.200000  258.191528 -252.991531 (VIOLATED)
_17958_/RN                              5.200000  258.191528 -252.991531 (VIOLATED)
_17959_/RN                              5.200000  258.191528 -252.991531 (VIOLATED)
_17960_/RN                              5.200000  258.191528 -252.991531 (VIOLATED)
_17961_/RN                              5.200000  258.191528 -252.991531 (VIOLATED)
_17962_/RN                              5.200000  258.191528 -252.991531 (VIOLATED)
_17963_/RN                              5.200000  258.191528 -252.991531 (VIOLATED)
_17964_/RN                              5.200000  258.191528 -252.991531 (VIOLATED)
_17965_/RN                              5.200000  258.191528 -252.991531 (VIOLATED)
_17966_/RN                              5.200000  258.191528 -252.991531 (VIOLATED)
_17967_/RN                              5.200000  258.191528 -252.991531 (VIOLATED)
_17968_/RN                              5.200000  258.191528 -252.991531 (VIOLATED)
_17969_/RN                              5.200000  258.191528 -252.991531 (VIOLATED)
_17970_/RN                              5.200000  258.191528 -252.991531 (VIOLATED)
_17971_/RN                              5.200000  258.191528 -252.991531 (VIOLATED)
_17972_/RN                              5.200000  258.191528 -252.991531 (VIOLATED)
_17973_/RN                              5.200000  258.191528 -252.991531 (VIOLATED)
_17974_/RN                              5.200000  258.191528 -252.991531 (VIOLATED)
_17975_/RN                              5.200000  258.191528 -252.991531 (VIOLATED)
_17976_/RN                              5.200000  258.191528 -252.991531 (VIOLATED)
_17977_/RN                              5.200000  258.191528 -252.991531 (VIOLATED)
_17978_/RN                              5.200000  258.191528 -252.991531 (VIOLATED)
_17979_/RN                              5.200000  258.191528 -252.991531 (VIOLATED)
_17980_/RN                              5.200000  258.191528 -252.991531 (VIOLATED)
_17981_/RN                              5.200000  258.191528 -252.991531 (VIOLATED)
_17982_/RN                              5.200000  258.191528 -252.991531 (VIOLATED)
_17983_/RN                              5.200000  258.191528 -252.991531 (VIOLATED)
_17984_/RN                              5.200000  258.191528 -252.991531 (VIOLATED)
_17985_/RN                              5.200000  258.191528 -252.991531 (VIOLATED)
_17986_/RN                              5.200000  258.191528 -252.991531 (VIOLATED)
_17987_/RN                              5.200000  258.191528 -252.991531 (VIOLATED)
_17988_/RN                              5.200000  258.191528 -252.991531 (VIOLATED)
_17989_/RN                              5.200000  258.191528 -252.991531 (VIOLATED)
_17990_/RN                              5.200000  258.191528 -252.991531 (VIOLATED)
_17991_/RN                              5.200000  258.191528 -252.991531 (VIOLATED)
_17992_/RN                              5.200000  258.191528 -252.991531 (VIOLATED)
_17993_/RN                              5.200000  258.191528 -252.991531 (VIOLATED)
_17994_/RN                              5.200000  258.191528 -252.991531 (VIOLATED)
_17995_/RN                              5.200000  258.191528 -252.991531 (VIOLATED)
_17996_/RN                              5.200000  258.191528 -252.991531 (VIOLATED)
_17997_/RN                              5.200000  258.191528 -252.991531 (VIOLATED)
_17998_/RN                              5.200000  258.191528 -252.991531 (VIOLATED)
_17999_/RN                              5.200000  258.191528 -252.991531 (VIOLATED)
_18000_/RN                              5.200000  258.191528 -252.991531 (VIOLATED)
_18001_/RN                              5.200000  258.191528 -252.991531 (VIOLATED)
_18002_/RN                              5.200000  258.191528 -252.991531 (VIOLATED)
_18003_/RN                              5.200000  258.191528 -252.991531 (VIOLATED)
_18004_/RN                              5.200000  258.191528 -252.991531 (VIOLATED)
_18005_/RN                              5.200000  258.191528 -252.991531 (VIOLATED)
_18006_/RN                              5.200000  258.191528 -252.991531 (VIOLATED)
_18007_/RN                              5.200000  258.191528 -252.991531 (VIOLATED)
_18008_/RN                              5.200000  258.191528 -252.991531 (VIOLATED)
_18009_/RN                              5.200000  258.191528 -252.991531 (VIOLATED)
_18010_/RN                              5.200000  258.191528 -252.991531 (VIOLATED)
_18011_/RN                              5.200000  258.191528 -252.991531 (VIOLATED)
_18012_/RN                              5.200000  258.191528 -252.991531 (VIOLATED)
_18013_/RN                              5.200000  258.191528 -252.991531 (VIOLATED)
_18014_/RN                              5.200000  258.191528 -252.991531 (VIOLATED)
_18015_/RN                              5.200000  258.191528 -252.991531 (VIOLATED)
_18016_/RN                              5.200000  258.191528 -252.991531 (VIOLATED)
_18017_/RN                              5.200000  258.191528 -252.991531 (VIOLATED)
_18018_/RN                              5.200000  258.191528 -252.991531 (VIOLATED)
_18019_/RN                              5.200000  258.191528 -252.991531 (VIOLATED)
_18020_/RN                              5.200000  258.191528 -252.991531 (VIOLATED)
_18021_/RN                              5.200000  258.191528 -252.991531 (VIOLATED)
_18022_/RN                              5.200000  258.191528 -252.991531 (VIOLATED)
_18023_/RN                              5.200000  258.191528 -252.991531 (VIOLATED)
_18024_/RN                              5.200000  258.191528 -252.991531 (VIOLATED)
_18025_/RN                              5.200000  258.191528 -252.991531 (VIOLATED)
_18026_/RN                              5.200000  258.191528 -252.991531 (VIOLATED)
_18027_/RN                              5.200000  258.191528 -252.991531 (VIOLATED)
_18028_/RN                              5.200000  258.191528 -252.991531 (VIOLATED)
_18029_/RN                              5.200000  258.191528 -252.991531 (VIOLATED)
_18030_/RN                              5.200000  258.191528 -252.991531 (VIOLATED)
_18031_/RN                              5.200000  258.191528 -252.991531 (VIOLATED)
_18032_/RN                              5.200000  258.191528 -252.991531 (VIOLATED)
_18033_/RN                              5.200000  258.191528 -252.991531 (VIOLATED)
_18034_/RN                              5.200000  258.191528 -252.991531 (VIOLATED)
_18035_/RN                              5.200000  258.191528 -252.991531 (VIOLATED)
_18036_/RN                              5.200000  258.191528 -252.991531 (VIOLATED)
_18037_/RN                              5.200000  258.191528 -252.991531 (VIOLATED)
_18038_/RN                              5.200000  258.191528 -252.991531 (VIOLATED)
_18039_/RN                              5.200000  258.191528 -252.991531 (VIOLATED)
_18040_/RN                              5.200000  258.191528 -252.991531 (VIOLATED)
_18041_/RN                              5.200000  258.191528 -252.991531 (VIOLATED)
_18042_/RN                              5.200000  258.191528 -252.991531 (VIOLATED)
_18043_/RN                              5.200000  258.191528 -252.991531 (VIOLATED)
_18044_/RN                              5.200000  258.191528 -252.991531 (VIOLATED)
_18045_/RN                              5.200000  258.191528 -252.991531 (VIOLATED)
_18046_/RN                              5.200000  258.191528 -252.991531 (VIOLATED)
_18047_/RN                              5.200000  258.191528 -252.991531 (VIOLATED)
_18048_/RN                              5.200000  258.191528 -252.991531 (VIOLATED)
_18049_/RN                              5.200000  258.191528 -252.991531 (VIOLATED)
_18050_/RN                              5.200000  258.191528 -252.991531 (VIOLATED)
_18051_/RN                              5.200000  258.191528 -252.991531 (VIOLATED)
_18052_/RN                              5.200000  258.191528 -252.991531 (VIOLATED)
_18053_/RN                              5.200000  258.191528 -252.991531 (VIOLATED)
_18054_/RN                              5.200000  258.191528 -252.991531 (VIOLATED)
_18055_/RN                              5.200000  258.191528 -252.991531 (VIOLATED)
_18056_/RN                              5.200000  258.191528 -252.991531 (VIOLATED)
_18057_/RN                              5.200000  258.191528 -252.991531 (VIOLATED)
_18058_/RN                              5.200000  258.191528 -252.991531 (VIOLATED)
_18059_/RN                              5.200000  258.191528 -252.991531 (VIOLATED)
_18060_/RN                              5.200000  258.191528 -252.991531 (VIOLATED)
_18061_/RN                              5.200000  258.191528 -252.991531 (VIOLATED)
_18062_/RN                              5.200000  258.191528 -252.991531 (VIOLATED)
_18063_/RN                              5.200000  258.191528 -252.991531 (VIOLATED)
_18064_/RN                              5.200000  258.191528 -252.991531 (VIOLATED)
_18065_/RN                              5.200000  258.191528 -252.991531 (VIOLATED)
_18066_/RN                              5.200000  258.191528 -252.991531 (VIOLATED)
_18067_/RN                              5.200000  258.191528 -252.991531 (VIOLATED)
_18068_/RN                              5.200000  258.191528 -252.991531 (VIOLATED)
_18069_/RN                              5.200000  258.191528 -252.991531 (VIOLATED)
_18070_/RN                              5.200000  258.191528 -252.991531 (VIOLATED)
_18071_/RN                              5.200000  258.191528 -252.991531 (VIOLATED)
_18072_/RN                              5.200000  258.191528 -252.991531 (VIOLATED)
_18073_/RN                              5.200000  258.191528 -252.991531 (VIOLATED)
_18074_/RN                              5.200000  258.191528 -252.991531 (VIOLATED)
_18075_/RN                              5.200000  258.191528 -252.991531 (VIOLATED)
_18076_/RN                              5.200000  258.191528 -252.991531 (VIOLATED)
_18077_/RN                              5.200000  258.191528 -252.991531 (VIOLATED)
_18078_/RN                              5.200000  258.191528 -252.991531 (VIOLATED)
_18079_/RN                              5.200000  258.191528 -252.991531 (VIOLATED)
_18080_/RN                              5.200000  258.191528 -252.991531 (VIOLATED)
_18081_/RN                              5.200000  258.191528 -252.991531 (VIOLATED)
_18082_/RN                              5.200000  258.191528 -252.991531 (VIOLATED)
_18083_/RN                              5.200000  258.191528 -252.991531 (VIOLATED)
_18084_/RN                              5.200000  258.191528 -252.991531 (VIOLATED)
_18085_/RN                              5.200000  258.191528 -252.991531 (VIOLATED)
_18086_/RN                              5.200000  258.191528 -252.991531 (VIOLATED)
_18087_/RN                              5.200000  258.191528 -252.991531 (VIOLATED)
_18088_/RN                              5.200000  258.191528 -252.991531 (VIOLATED)
_18089_/RN                              5.200000  258.191528 -252.991531 (VIOLATED)
_18090_/RN                              5.200000  258.191528 -252.991531 (VIOLATED)
_18091_/RN                              5.200000  258.191528 -252.991531 (VIOLATED)
_18092_/RN                              5.200000  258.191528 -252.991531 (VIOLATED)
_18093_/RN                              5.200000  258.191528 -252.991531 (VIOLATED)
_18094_/RN                              5.200000  258.191528 -252.991531 (VIOLATED)
_18095_/RN                              5.200000  258.191528 -252.991531 (VIOLATED)
_18096_/RN                              5.200000  258.191528 -252.991531 (VIOLATED)
_18097_/RN                              5.200000  258.191528 -252.991531 (VIOLATED)
_18098_/RN                              5.200000  258.191528 -252.991531 (VIOLATED)
_18099_/RN                              5.200000  258.191528 -252.991531 (VIOLATED)
_18100_/RN                              5.200000  258.191528 -252.991531 (VIOLATED)
_18101_/RN                              5.200000  258.191528 -252.991531 (VIOLATED)
_18102_/RN                              5.200000  258.191528 -252.991531 (VIOLATED)
_18103_/RN                              5.200000  258.191528 -252.991531 (VIOLATED)
_18104_/RN                              5.200000  258.191528 -252.991531 (VIOLATED)
_18105_/RN                              5.200000  258.191528 -252.991531 (VIOLATED)
_18106_/RN                              5.200000  258.191528 -252.991531 (VIOLATED)
_18107_/RN                              5.200000  258.191528 -252.991531 (VIOLATED)
_18108_/RN                              5.200000  258.191528 -252.991531 (VIOLATED)
_18109_/RN                              5.200000  258.191528 -252.991531 (VIOLATED)
_18110_/RN                              5.200000  258.191528 -252.991531 (VIOLATED)
_18111_/RN                              5.200000  258.191528 -252.991531 (VIOLATED)
_18112_/RN                              5.200000  258.191528 -252.991531 (VIOLATED)
_18113_/RN                              5.200000  258.191528 -252.991531 (VIOLATED)
_18114_/RN                              5.200000  258.191528 -252.991531 (VIOLATED)
_18115_/RN                              5.200000  258.191528 -252.991531 (VIOLATED)
_18116_/RN                              5.200000  258.191528 -252.991531 (VIOLATED)
_18117_/RN                              5.200000  258.191528 -252.991531 (VIOLATED)
_18118_/RN                              5.200000  258.191528 -252.991531 (VIOLATED)
_18119_/RN                              5.200000  258.191528 -252.991531 (VIOLATED)
_18120_/RN                              5.200000  258.191528 -252.991531 (VIOLATED)
_18121_/RN                              5.200000  258.191528 -252.991531 (VIOLATED)
_18122_/RN                              5.200000  258.191528 -252.991531 (VIOLATED)
_18123_/RN                              5.200000  258.191528 -252.991531 (VIOLATED)
_18124_/RN                              5.200000  258.191528 -252.991531 (VIOLATED)
_18125_/RN                              5.200000  258.191528 -252.991531 (VIOLATED)
_18126_/RN                              5.200000  258.191528 -252.991531 (VIOLATED)
_18127_/RN                              5.200000  258.191528 -252.991531 (VIOLATED)
_18128_/RN                              5.200000  258.191528 -252.991531 (VIOLATED)
_18129_/RN                              5.200000  258.191528 -252.991531 (VIOLATED)
_18130_/RN                              5.200000  258.191528 -252.991531 (VIOLATED)
_18131_/RN                              5.200000  258.191528 -252.991531 (VIOLATED)
_18132_/RN                              5.200000  258.191528 -252.991531 (VIOLATED)
_18133_/RN                              5.200000  258.191528 -252.991531 (VIOLATED)
_18134_/RN                              5.200000  258.191528 -252.991531 (VIOLATED)
_18135_/RN                              5.200000  258.191528 -252.991531 (VIOLATED)
_18136_/RN                              5.200000  258.191528 -252.991531 (VIOLATED)
_18137_/RN                              5.200000  258.191528 -252.991531 (VIOLATED)
_18138_/RN                              5.200000  258.191528 -252.991531 (VIOLATED)
_18139_/RN                              5.200000  258.191528 -252.991531 (VIOLATED)
_18140_/RN                              5.200000  258.191528 -252.991531 (VIOLATED)
_18141_/RN                              5.200000  258.191528 -252.991531 (VIOLATED)
_18142_/RN                              5.200000  258.191528 -252.991531 (VIOLATED)
_18143_/RN                              5.200000  258.191528 -252.991531 (VIOLATED)
_18144_/RN                              5.200000  258.191528 -252.991531 (VIOLATED)
_18145_/RN                              5.200000  258.191528 -252.991531 (VIOLATED)
_18146_/RN                              5.200000  258.191528 -252.991531 (VIOLATED)
_18147_/RN                              5.200000  258.191528 -252.991531 (VIOLATED)
_18148_/RN                              5.200000  258.191528 -252.991531 (VIOLATED)
_18149_/RN                              5.200000  258.191528 -252.991531 (VIOLATED)
_18150_/RN                              5.200000  258.191528 -252.991531 (VIOLATED)
_18151_/RN                              5.200000  258.191528 -252.991531 (VIOLATED)
_18152_/RN                              5.200000  258.191528 -252.991531 (VIOLATED)
_18153_/RN                              5.200000  258.191528 -252.991531 (VIOLATED)
_18154_/RN                              5.200000  258.191528 -252.991531 (VIOLATED)
_18155_/RN                              5.200000  258.191528 -252.991531 (VIOLATED)
_18156_/RN                              5.200000  258.191528 -252.991531 (VIOLATED)
_18157_/RN                              5.200000  258.191528 -252.991531 (VIOLATED)
_18158_/RN                              5.200000  258.191528 -252.991531 (VIOLATED)
_18159_/RN                              5.200000  258.191528 -252.991531 (VIOLATED)
_18160_/RN                              5.200000  258.191528 -252.991531 (VIOLATED)
_18161_/RN                              5.200000  258.191528 -252.991531 (VIOLATED)
_18162_/RN                              5.200000  258.191528 -252.991531 (VIOLATED)
_18163_/RN                              5.200000  258.191528 -252.991531 (VIOLATED)
_18164_/RN                              5.200000  258.191528 -252.991531 (VIOLATED)
_18165_/RN                              5.200000  258.191528 -252.991531 (VIOLATED)
_18166_/RN                              5.200000  258.191528 -252.991531 (VIOLATED)
_18167_/RN                              5.200000  258.191528 -252.991531 (VIOLATED)
_18168_/RN                              5.200000  258.191528 -252.991531 (VIOLATED)
_18169_/RN                              5.200000  258.191528 -252.991531 (VIOLATED)
_18170_/RN                              5.200000  258.191528 -252.991531 (VIOLATED)
_18171_/RN                              5.200000  258.191528 -252.991531 (VIOLATED)
_18172_/RN                              5.200000  258.191528 -252.991531 (VIOLATED)
_18173_/RN                              5.200000  258.191528 -252.991531 (VIOLATED)
_18174_/RN                              5.200000  258.191528 -252.991531 (VIOLATED)
_18175_/RN                              5.200000  258.191528 -252.991531 (VIOLATED)
_18176_/RN                              5.200000  258.191528 -252.991531 (VIOLATED)
_18177_/RN                              5.200000  258.191528 -252.991531 (VIOLATED)
_18178_/RN                              5.200000  258.191528 -252.991531 (VIOLATED)
_18179_/RN                              5.200000  258.191528 -252.991531 (VIOLATED)
_18180_/RN                              5.200000  258.191528 -252.991531 (VIOLATED)
_18181_/RN                              5.200000  258.191528 -252.991531 (VIOLATED)
_18182_/RN                              5.200000  258.191528 -252.991531 (VIOLATED)
_18183_/RN                              5.200000  258.191528 -252.991531 (VIOLATED)
_18184_/RN                              5.200000  258.191528 -252.991531 (VIOLATED)
_18185_/RN                              5.200000  258.191528 -252.991531 (VIOLATED)
_18186_/RN                              5.200000  258.191528 -252.991531 (VIOLATED)
_18187_/RN                              5.200000  258.191528 -252.991531 (VIOLATED)
_18188_/RN                              5.200000  258.191528 -252.991531 (VIOLATED)
_18189_/RN                              5.200000  258.191528 -252.991531 (VIOLATED)
_18190_/RN                              5.200000  258.191528 -252.991531 (VIOLATED)
_18191_/RN                              5.200000  258.191528 -252.991531 (VIOLATED)
_18192_/RN                              5.200000  258.191528 -252.991531 (VIOLATED)
_18193_/RN                              5.200000  258.191528 -252.991531 (VIOLATED)
_18194_/RN                              5.200000  258.191528 -252.991531 (VIOLATED)
_18195_/RN                              5.200000  258.191528 -252.991531 (VIOLATED)
_18196_/RN                              5.200000  258.191528 -252.991531 (VIOLATED)
_18197_/RN                              5.200000  258.191528 -252.991531 (VIOLATED)
_18198_/RN                              5.200000  258.191528 -252.991531 (VIOLATED)
_18199_/RN                              5.200000  258.191528 -252.991531 (VIOLATED)
_18200_/RN                              5.200000  258.191528 -252.991531 (VIOLATED)
_18201_/RN                              5.200000  258.191528 -252.991531 (VIOLATED)
_18202_/RN                              5.200000  258.191528 -252.991531 (VIOLATED)
_18203_/RN                              5.200000  258.191528 -252.991531 (VIOLATED)
_18204_/RN                              5.200000  258.191528 -252.991531 (VIOLATED)
_18205_/RN                              5.200000  258.191528 -252.991531 (VIOLATED)
_18206_/RN                              5.200000  258.191528 -252.991531 (VIOLATED)
_18207_/RN                              5.200000  258.191528 -252.991531 (VIOLATED)
_18208_/RN                              5.200000  258.191528 -252.991531 (VIOLATED)
_18209_/RN                              5.200000  258.191528 -252.991531 (VIOLATED)
_18210_/RN                              5.200000  258.191528 -252.991531 (VIOLATED)
_18211_/RN                              5.200000  258.191528 -252.991531 (VIOLATED)
_18212_/RN                              5.200000  258.191528 -252.991531 (VIOLATED)
_18213_/RN                              5.200000  258.191528 -252.991531 (VIOLATED)
_18214_/RN                              5.200000  258.191528 -252.991531 (VIOLATED)
_18215_/RN                              5.200000  258.191528 -252.991531 (VIOLATED)
_18216_/RN                              5.200000  258.191528 -252.991531 (VIOLATED)
_18217_/RN                              5.200000  258.191528 -252.991531 (VIOLATED)
_18218_/RN                              5.200000  258.191528 -252.991531 (VIOLATED)
_18219_/RN                              5.200000  258.191528 -252.991531 (VIOLATED)
_18220_/RN                              5.200000  258.191528 -252.991531 (VIOLATED)
_18221_/RN                              5.200000  258.191528 -252.991531 (VIOLATED)
_18222_/RN                              5.200000  258.191528 -252.991531 (VIOLATED)
_18223_/RN                              5.200000  258.191528 -252.991531 (VIOLATED)
_18224_/RN                              5.200000  258.191528 -252.991531 (VIOLATED)
_18225_/RN                              5.200000  258.191528 -252.991531 (VIOLATED)
_18226_/RN                              5.200000  258.191528 -252.991531 (VIOLATED)
_18227_/RN                              5.200000  258.191528 -252.991531 (VIOLATED)
_18228_/RN                              5.200000  258.191528 -252.991531 (VIOLATED)
_18229_/RN                              5.200000  258.191528 -252.991531 (VIOLATED)
_18230_/RN                              5.200000  258.191528 -252.991531 (VIOLATED)
_18231_/RN                              5.200000  258.191528 -252.991531 (VIOLATED)
_18232_/RN                              5.200000  258.191528 -252.991531 (VIOLATED)
_18233_/RN                              5.200000  258.191528 -252.991531 (VIOLATED)
_18234_/RN                              5.200000  258.191528 -252.991531 (VIOLATED)
_18235_/RN                              5.200000  258.191528 -252.991531 (VIOLATED)
_18236_/RN                              5.200000  258.191528 -252.991531 (VIOLATED)
_18237_/RN                              5.200000  258.191528 -252.991531 (VIOLATED)
_18238_/RN                              5.200000  258.191528 -252.991531 (VIOLATED)
_18239_/RN                              5.200000  258.191528 -252.991531 (VIOLATED)
_18240_/RN                              5.200000  258.191528 -252.991531 (VIOLATED)
_18241_/RN                              5.200000  258.191528 -252.991531 (VIOLATED)
_18242_/RN                              5.200000  258.191528 -252.991531 (VIOLATED)
_18243_/RN                              5.200000  258.191528 -252.991531 (VIOLATED)
_18244_/RN                              5.200000  258.191528 -252.991531 (VIOLATED)
_18245_/RN                              5.200000  258.191528 -252.991531 (VIOLATED)
_18246_/RN                              5.200000  258.191528 -252.991531 (VIOLATED)
_18247_/RN                              5.200000  258.191528 -252.991531 (VIOLATED)
_18248_/RN                              5.200000  258.191528 -252.991531 (VIOLATED)
_18249_/RN                              5.200000  258.191528 -252.991531 (VIOLATED)
_18250_/RN                              5.200000  258.191528 -252.991531 (VIOLATED)
_18251_/RN                              5.200000  258.191528 -252.991531 (VIOLATED)
_18252_/RN                              5.200000  258.191528 -252.991531 (VIOLATED)
_18253_/RN                              5.200000  258.191528 -252.991531 (VIOLATED)
_18254_/RN                              5.200000  258.191528 -252.991531 (VIOLATED)
_18255_/RN                              5.200000  258.191528 -252.991531 (VIOLATED)
_18256_/RN                              5.200000  258.191528 -252.991531 (VIOLATED)
_18257_/RN                              5.200000  258.191528 -252.991531 (VIOLATED)
_18258_/RN                              5.200000  258.191528 -252.991531 (VIOLATED)
_18259_/RN                              5.200000  258.191528 -252.991531 (VIOLATED)
_18260_/RN                              5.200000  258.191528 -252.991531 (VIOLATED)
_18261_/RN                              5.200000  258.191528 -252.991531 (VIOLATED)
_18262_/RN                              5.200000  258.191528 -252.991531 (VIOLATED)
_18263_/RN                              5.200000  258.191528 -252.991531 (VIOLATED)
_18264_/RN                              5.200000  258.191528 -252.991531 (VIOLATED)
_18265_/RN                              5.200000  258.191528 -252.991531 (VIOLATED)
_18266_/RN                              5.200000  258.191528 -252.991531 (VIOLATED)
_18267_/RN                              5.200000  258.191528 -252.991531 (VIOLATED)
_18268_/RN                              5.200000  258.191528 -252.991531 (VIOLATED)
_18269_/RN                              5.200000  258.191528 -252.991531 (VIOLATED)
_18270_/RN                              5.200000  258.191528 -252.991531 (VIOLATED)
_18271_/RN                              5.200000  258.191528 -252.991531 (VIOLATED)
_18272_/RN                              5.200000  258.191528 -252.991531 (VIOLATED)
_18273_/RN                              5.200000  258.191528 -252.991531 (VIOLATED)
_18274_/RN                              5.200000  258.191528 -252.991531 (VIOLATED)
_18275_/RN                              5.200000  258.191528 -252.991531 (VIOLATED)
_18276_/RN                              5.200000  258.191528 -252.991531 (VIOLATED)
_18277_/RN                              5.200000  258.191528 -252.991531 (VIOLATED)
_18278_/RN                              5.200000  258.191528 -252.991531 (VIOLATED)
_18279_/RN                              5.200000  258.191528 -252.991531 (VIOLATED)
_18280_/RN                              5.200000  258.191528 -252.991531 (VIOLATED)
_18281_/RN                              5.200000  258.191528 -252.991531 (VIOLATED)
_18282_/RN                              5.200000  258.191528 -252.991531 (VIOLATED)
_18283_/RN                              5.200000  258.191528 -252.991531 (VIOLATED)
_18284_/RN                              5.200000  258.191528 -252.991531 (VIOLATED)
_18285_/RN                              5.200000  258.191528 -252.991531 (VIOLATED)
_18286_/RN                              5.200000  258.191528 -252.991531 (VIOLATED)
_18287_/RN                              5.200000  258.191528 -252.991531 (VIOLATED)
_18288_/RN                              5.200000  258.191528 -252.991531 (VIOLATED)
_18289_/RN                              5.200000  258.191528 -252.991531 (VIOLATED)
_18290_/RN                              5.200000  258.191528 -252.991531 (VIOLATED)
_18291_/RN                              5.200000  258.191528 -252.991531 (VIOLATED)
_18292_/RN                              5.200000  258.191528 -252.991531 (VIOLATED)
_18293_/RN                              5.200000  258.191528 -252.991531 (VIOLATED)
_18294_/RN                              5.200000  258.191528 -252.991531 (VIOLATED)
_18295_/RN                              5.200000  258.191528 -252.991531 (VIOLATED)
_18296_/RN                              5.200000  258.191528 -252.991531 (VIOLATED)
_18297_/RN                              5.200000  258.191528 -252.991531 (VIOLATED)
_18298_/RN                              5.200000  258.191528 -252.991531 (VIOLATED)
_18299_/RN                              5.200000  258.191528 -252.991531 (VIOLATED)
_18300_/RN                              5.200000  258.191528 -252.991531 (VIOLATED)
_18301_/RN                              5.200000  258.191528 -252.991531 (VIOLATED)
_18302_/RN                              5.200000  258.191528 -252.991531 (VIOLATED)
_18303_/RN                              5.200000  258.191528 -252.991531 (VIOLATED)
_18304_/RN                              5.200000  258.191528 -252.991531 (VIOLATED)
_18305_/RN                              5.200000  258.191528 -252.991531 (VIOLATED)
_18306_/RN                              5.200000  258.191528 -252.991531 (VIOLATED)
_18307_/RN                              5.200000  258.191528 -252.991531 (VIOLATED)
_18308_/RN                              5.200000  258.191528 -252.991531 (VIOLATED)
_18309_/RN                              5.200000  258.191528 -252.991531 (VIOLATED)
_18310_/RN                              5.200000  258.191528 -252.991531 (VIOLATED)
_18311_/RN                              5.200000  258.191528 -252.991531 (VIOLATED)
_18312_/RN                              5.200000  258.191528 -252.991531 (VIOLATED)
_18313_/RN                              5.200000  258.191528 -252.991531 (VIOLATED)
_18314_/RN                              5.200000  258.191528 -252.991531 (VIOLATED)
_18315_/RN                              5.200000  258.191528 -252.991531 (VIOLATED)
_18316_/RN                              5.200000  258.191528 -252.991531 (VIOLATED)
_18317_/RN                              5.200000  258.191528 -252.991531 (VIOLATED)
_18318_/RN                              5.200000  258.191528 -252.991531 (VIOLATED)
_18319_/RN                              5.200000  258.191528 -252.991531 (VIOLATED)
_18320_/RN                              5.200000  258.191528 -252.991531 (VIOLATED)
_18321_/RN                              5.200000  258.191528 -252.991531 (VIOLATED)
_18322_/RN                              5.200000  258.191528 -252.991531 (VIOLATED)
_18323_/RN                              5.200000  258.191528 -252.991531 (VIOLATED)
_18324_/RN                              5.200000  258.191528 -252.991531 (VIOLATED)
_18325_/RN                              5.200000  258.191528 -252.991531 (VIOLATED)
_18326_/RN                              5.200000  258.191528 -252.991531 (VIOLATED)
_18327_/RN                              5.200000  258.191528 -252.991531 (VIOLATED)
_18328_/RN                              5.200000  258.191528 -252.991531 (VIOLATED)
_18329_/RN                              5.200000  258.191528 -252.991531 (VIOLATED)
_18330_/RN                              5.200000  258.191528 -252.991531 (VIOLATED)
_18331_/RN                              5.200000  258.191528 -252.991531 (VIOLATED)
_18332_/RN                              5.200000  258.191528 -252.991531 (VIOLATED)
_18333_/RN                              5.200000  258.191528 -252.991531 (VIOLATED)
_18334_/RN                              5.200000  258.191528 -252.991531 (VIOLATED)
_18335_/RN                              5.200000  258.191528 -252.991531 (VIOLATED)
_18336_/RN                              5.200000  258.191528 -252.991531 (VIOLATED)
_18337_/RN                              5.200000  258.191528 -252.991531 (VIOLATED)
_18338_/RN                              5.200000  258.191528 -252.991531 (VIOLATED)
_18339_/RN                              5.200000  258.191528 -252.991531 (VIOLATED)
_18340_/RN                              5.200000  258.191528 -252.991531 (VIOLATED)
_18341_/RN                              5.200000  258.191528 -252.991531 (VIOLATED)
_18342_/RN                              5.200000  258.191528 -252.991531 (VIOLATED)
_18343_/RN                              5.200000  258.191528 -252.991531 (VIOLATED)
_18344_/RN                              5.200000  258.191528 -252.991531 (VIOLATED)
_18345_/RN                              5.200000  258.191528 -252.991531 (VIOLATED)
_18346_/RN                              5.200000  258.191528 -252.991531 (VIOLATED)
_18347_/RN                              5.200000  258.191528 -252.991531 (VIOLATED)
_18348_/RN                              5.200000  258.191528 -252.991531 (VIOLATED)
_18349_/RN                              5.200000  258.191528 -252.991531 (VIOLATED)
_18350_/RN                              5.200000  258.191528 -252.991531 (VIOLATED)
_18351_/RN                              5.200000  258.191528 -252.991531 (VIOLATED)
_18352_/RN                              5.200000  258.191528 -252.991531 (VIOLATED)
_18353_/RN                              5.200000  258.191528 -252.991531 (VIOLATED)
_18354_/RN                              5.200000  258.191528 -252.991531 (VIOLATED)
_18355_/RN                              5.200000  258.191528 -252.991531 (VIOLATED)
_18356_/RN                              5.200000  258.191528 -252.991531 (VIOLATED)
_18357_/RN                              5.200000  258.191528 -252.991531 (VIOLATED)
_18358_/RN                              5.200000  258.191528 -252.991531 (VIOLATED)
_18359_/RN                              5.200000  258.191528 -252.991531 (VIOLATED)
_18360_/RN                              5.200000  258.191528 -252.991531 (VIOLATED)
_18361_/RN                              5.200000  258.191528 -252.991531 (VIOLATED)
_18362_/RN                              5.200000  258.191528 -252.991531 (VIOLATED)
_18363_/RN                              5.200000  258.191528 -252.991531 (VIOLATED)
_18364_/RN                              5.200000  258.191528 -252.991531 (VIOLATED)
_18365_/RN                              5.200000  258.191528 -252.991531 (VIOLATED)
_18366_/RN                              5.200000  258.191528 -252.991531 (VIOLATED)
_18367_/RN                              5.200000  258.191528 -252.991531 (VIOLATED)
_18368_/RN                              5.200000  258.191528 -252.991531 (VIOLATED)
_18369_/RN                              5.200000  258.191528 -252.991531 (VIOLATED)
_18370_/RN                              5.200000  258.191528 -252.991531 (VIOLATED)
_18371_/RN                              5.200000  258.191528 -252.991531 (VIOLATED)
_18372_/RN                              5.200000  258.191528 -252.991531 (VIOLATED)
_18373_/RN                              5.200000  258.191528 -252.991531 (VIOLATED)
_18374_/RN                              5.200000  258.191528 -252.991531 (VIOLATED)
_18375_/RN                              5.200000  258.191528 -252.991531 (VIOLATED)
_18376_/RN                              5.200000  258.191528 -252.991531 (VIOLATED)
_18377_/RN                              5.200000  258.191528 -252.991531 (VIOLATED)
_18378_/RN                              5.200000  258.191528 -252.991531 (VIOLATED)
_18379_/RN                              5.200000  258.191528 -252.991531 (VIOLATED)
_18380_/RN                              5.200000  258.191528 -252.991531 (VIOLATED)
_18381_/RN                              5.200000  258.191528 -252.991531 (VIOLATED)
_18382_/RN                              5.200000  258.191528 -252.991531 (VIOLATED)
_18383_/RN                              5.200000  258.191528 -252.991531 (VIOLATED)
_18384_/RN                              5.200000  258.191528 -252.991531 (VIOLATED)
_18385_/RN                              5.200000  258.191528 -252.991531 (VIOLATED)
_18386_/RN                              5.200000  258.191528 -252.991531 (VIOLATED)
_18387_/RN                              5.200000  258.191528 -252.991531 (VIOLATED)
_18388_/RN                              5.200000  258.191528 -252.991531 (VIOLATED)
_18389_/RN                              5.200000  258.191528 -252.991531 (VIOLATED)
_18390_/RN                              5.200000  258.191528 -252.991531 (VIOLATED)
_18391_/RN                              5.200000  258.191528 -252.991531 (VIOLATED)
_18392_/RN                              5.200000  258.191528 -252.991531 (VIOLATED)
_18393_/RN                              5.200000  258.191528 -252.991531 (VIOLATED)
_18394_/RN                              5.200000  258.191528 -252.991531 (VIOLATED)
_18395_/RN                              5.200000  258.191528 -252.991531 (VIOLATED)
_18396_/RN                              5.200000  258.191528 -252.991531 (VIOLATED)
_18397_/RN                              5.200000  258.191528 -252.991531 (VIOLATED)
_18398_/RN                              5.200000  258.191528 -252.991531 (VIOLATED)
_18399_/RN                              5.200000  258.191528 -252.991531 (VIOLATED)
_18400_/RN                              5.200000  258.191528 -252.991531 (VIOLATED)
_18401_/RN                              5.200000  258.191528 -252.991531 (VIOLATED)
_18402_/RN                              5.200000  258.191528 -252.991531 (VIOLATED)
_18403_/RN                              5.200000  258.191528 -252.991531 (VIOLATED)
_18404_/RN                              5.200000  258.191528 -252.991531 (VIOLATED)
_18405_/RN                              5.200000  258.191528 -252.991531 (VIOLATED)
_18406_/RN                              5.200000  258.191528 -252.991531 (VIOLATED)
_18407_/RN                              5.200000  258.191528 -252.991531 (VIOLATED)
_18408_/RN                              5.200000  258.191528 -252.991531 (VIOLATED)
_18409_/RN                              5.200000  258.191528 -252.991531 (VIOLATED)
_18410_/RN                              5.200000  258.191528 -252.991531 (VIOLATED)
_18411_/RN                              5.200000  258.191528 -252.991531 (VIOLATED)
_18412_/RN                              5.200000  258.191528 -252.991531 (VIOLATED)
_18413_/RN                              5.200000  258.191528 -252.991531 (VIOLATED)
_18414_/RN                              5.200000  258.191528 -252.991531 (VIOLATED)
_18415_/RN                              5.200000  258.191528 -252.991531 (VIOLATED)
_18416_/RN                              5.200000  258.191528 -252.991531 (VIOLATED)
_18417_/RN                              5.200000  258.191528 -252.991531 (VIOLATED)
_18418_/RN                              5.200000  258.191528 -252.991531 (VIOLATED)
_18419_/RN                              5.200000  258.191528 -252.991531 (VIOLATED)
_18420_/RN                              5.200000  258.191528 -252.991531 (VIOLATED)
_18421_/RN                              5.200000  258.191528 -252.991531 (VIOLATED)
_18422_/RN                              5.200000  258.191528 -252.991531 (VIOLATED)
_18423_/RN                              5.200000  258.191528 -252.991531 (VIOLATED)
_18424_/RN                              5.200000  258.191528 -252.991531 (VIOLATED)
_18425_/RN                              5.200000  258.191528 -252.991531 (VIOLATED)
_18426_/RN                              5.200000  258.191528 -252.991531 (VIOLATED)
_18427_/RN                              5.200000  258.191528 -252.991531 (VIOLATED)
_18428_/RN                              5.200000  258.191528 -252.991531 (VIOLATED)
_18429_/RN                              5.200000  258.191528 -252.991531 (VIOLATED)
_18430_/RN                              5.200000  258.191528 -252.991531 (VIOLATED)
_18431_/RN                              5.200000  258.191528 -252.991531 (VIOLATED)
_18432_/RN                              5.200000  258.191528 -252.991531 (VIOLATED)
_18433_/RN                              5.200000  258.191528 -252.991531 (VIOLATED)
_18434_/RN                              5.200000  258.191528 -252.991531 (VIOLATED)
_18435_/RN                              5.200000  258.191528 -252.991531 (VIOLATED)
_18436_/RN                              5.200000  258.191528 -252.991531 (VIOLATED)
_18437_/RN                              5.200000  258.191528 -252.991531 (VIOLATED)
_18438_/RN                              5.200000  258.191528 -252.991531 (VIOLATED)
_18439_/RN                              5.200000  258.191528 -252.991531 (VIOLATED)
_18440_/RN                              5.200000  258.191528 -252.991531 (VIOLATED)
_18441_/RN                              5.200000  258.191528 -252.991531 (VIOLATED)
_18442_/RN                              5.200000  258.191528 -252.991531 (VIOLATED)
_18443_/RN                              5.200000  258.191528 -252.991531 (VIOLATED)
_18444_/RN                              5.200000  258.191528 -252.991531 (VIOLATED)
_18445_/RN                              5.200000  258.191528 -252.991531 (VIOLATED)
_18446_/RN                              5.200000  258.191528 -252.991531 (VIOLATED)
_18447_/RN                              5.200000  258.191528 -252.991531 (VIOLATED)
_18448_/RN                              5.200000  258.191528 -252.991531 (VIOLATED)
_18449_/RN                              5.200000  258.191528 -252.991531 (VIOLATED)
_18450_/RN                              5.200000  258.191528 -252.991531 (VIOLATED)
_18451_/RN                              5.200000  258.191528 -252.991531 (VIOLATED)
_18452_/RN                              5.200000  258.191528 -252.991531 (VIOLATED)
_18453_/RN                              5.200000  258.191528 -252.991531 (VIOLATED)
_18454_/RN                              5.200000  258.191528 -252.991531 (VIOLATED)
_18455_/RN                              5.200000  258.191528 -252.991531 (VIOLATED)
_18456_/RN                              5.200000  258.191528 -252.991531 (VIOLATED)
_18457_/RN                              5.200000  258.191528 -252.991531 (VIOLATED)
_18458_/RN                              5.200000  258.191528 -252.991531 (VIOLATED)
_18459_/RN                              5.200000  258.191528 -252.991531 (VIOLATED)
_18460_/RN                              5.200000  258.191528 -252.991531 (VIOLATED)
_18461_/RN                              5.200000  258.191528 -252.991531 (VIOLATED)
_18462_/RN                              5.200000  258.191528 -252.991531 (VIOLATED)
_18463_/RN                              5.200000  258.191528 -252.991531 (VIOLATED)
_18464_/RN                              5.200000  258.191528 -252.991531 (VIOLATED)
_18465_/RN                              5.200000  258.191528 -252.991531 (VIOLATED)
_18466_/RN                              5.200000  258.191528 -252.991531 (VIOLATED)
_18467_/RN                              5.200000  258.191528 -252.991531 (VIOLATED)
_18468_/RN                              5.200000  258.191528 -252.991531 (VIOLATED)
_18469_/RN                              5.200000  258.191528 -252.991531 (VIOLATED)
_18470_/RN                              5.200000  258.191528 -252.991531 (VIOLATED)
_18471_/RN                              5.200000  258.191528 -252.991531 (VIOLATED)
_18472_/RN                              5.200000  258.191528 -252.991531 (VIOLATED)
_18473_/RN                              5.200000  258.191528 -252.991531 (VIOLATED)
_18474_/RN                              5.200000  258.191528 -252.991531 (VIOLATED)
_18475_/RN                              5.200000  258.191528 -252.991531 (VIOLATED)
_18476_/RN                              5.200000  258.191528 -252.991531 (VIOLATED)
_18477_/RN                              5.200000  258.191528 -252.991531 (VIOLATED)
_18478_/RN                              5.200000  258.191528 -252.991531 (VIOLATED)
_18479_/RN                              5.200000  258.191528 -252.991531 (VIOLATED)
_18480_/RN                              5.200000  258.191528 -252.991531 (VIOLATED)
_18481_/RN                              5.200000  258.191528 -252.991531 (VIOLATED)
_18482_/RN                              5.200000  258.191528 -252.991531 (VIOLATED)
_18483_/RN                              5.200000  258.191528 -252.991531 (VIOLATED)
_18484_/RN                              5.200000  258.191528 -252.991531 (VIOLATED)
_18485_/RN                              5.200000  258.191528 -252.991531 (VIOLATED)
_18486_/RN                              5.200000  258.191528 -252.991531 (VIOLATED)
_18487_/RN                              5.200000  258.191528 -252.991531 (VIOLATED)
_18488_/RN                              5.200000  258.191528 -252.991531 (VIOLATED)
_18489_/RN                              5.200000  258.191528 -252.991531 (VIOLATED)
_18490_/RN                              5.200000  258.191528 -252.991531 (VIOLATED)
_18491_/RN                              5.200000  258.191528 -252.991531 (VIOLATED)
_18492_/RN                              5.200000  258.191528 -252.991531 (VIOLATED)
_18493_/RN                              5.200000  258.191528 -252.991531 (VIOLATED)
_18494_/RN                              5.200000  258.191528 -252.991531 (VIOLATED)
_18495_/RN                              5.200000  258.191528 -252.991531 (VIOLATED)
_18496_/RN                              5.200000  258.191528 -252.991531 (VIOLATED)
_18497_/RN                              5.200000  258.191528 -252.991531 (VIOLATED)
_18498_/RN                              5.200000  258.191528 -252.991531 (VIOLATED)
_18499_/RN                              5.200000  258.191528 -252.991531 (VIOLATED)
_18500_/RN                              5.200000  258.191528 -252.991531 (VIOLATED)
_18501_/RN                              5.200000  258.191528 -252.991531 (VIOLATED)
_18502_/RN                              5.200000  258.191528 -252.991531 (VIOLATED)
_18503_/RN                              5.200000  258.191528 -252.991531 (VIOLATED)
_18504_/RN                              5.200000  258.191528 -252.991531 (VIOLATED)
_18505_/RN                              5.200000  258.191528 -252.991531 (VIOLATED)
_18506_/RN                              5.200000  258.191528 -252.991531 (VIOLATED)
_18507_/RN                              5.200000  258.191528 -252.991531 (VIOLATED)
_18508_/RN                              5.200000  258.191528 -252.991531 (VIOLATED)
_18509_/RN                              5.200000  258.191528 -252.991531 (VIOLATED)
_18510_/RN                              5.200000  258.191528 -252.991531 (VIOLATED)
_18511_/RN                              5.200000  258.191528 -252.991531 (VIOLATED)
_18512_/RN                              5.200000  258.191528 -252.991531 (VIOLATED)
_18513_/RN                              5.200000  258.191528 -252.991531 (VIOLATED)
_18514_/RN                              5.200000  258.191528 -252.991531 (VIOLATED)
_18515_/RN                              5.200000  258.191528 -252.991531 (VIOLATED)
_18516_/RN                              5.200000  258.191528 -252.991531 (VIOLATED)
_18517_/RN                              5.200000  258.191528 -252.991531 (VIOLATED)
_18518_/RN                              5.200000  258.191528 -252.991531 (VIOLATED)
_18519_/RN                              5.200000  258.191528 -252.991531 (VIOLATED)
_18520_/RN                              5.200000  258.191528 -252.991531 (VIOLATED)
_18521_/RN                              5.200000  258.191528 -252.991531 (VIOLATED)
_18522_/RN                              5.200000  258.191528 -252.991531 (VIOLATED)
_18523_/RN                              5.200000  258.191528 -252.991531 (VIOLATED)
_18524_/RN                              5.200000  258.191528 -252.991531 (VIOLATED)
_18525_/RN                              5.200000  258.191528 -252.991531 (VIOLATED)
_18526_/RN                              5.200000  258.191528 -252.991531 (VIOLATED)
_18527_/RN                              5.200000  258.191528 -252.991531 (VIOLATED)
_18528_/RN                              5.200000  258.191528 -252.991531 (VIOLATED)
_18529_/RN                              5.200000  258.191528 -252.991531 (VIOLATED)
_18530_/RN                              5.200000  258.191528 -252.991531 (VIOLATED)
_18531_/RN                              5.200000  258.191528 -252.991531 (VIOLATED)
_18532_/RN                              5.200000  258.191528 -252.991531 (VIOLATED)
_18533_/RN                              5.200000  258.191528 -252.991531 (VIOLATED)
_18534_/RN                              5.200000  258.191528 -252.991531 (VIOLATED)
_18535_/RN                              5.200000  258.191528 -252.991531 (VIOLATED)
_18536_/RN                              5.200000  258.191528 -252.991531 (VIOLATED)
_18537_/RN                              5.200000  258.191528 -252.991531 (VIOLATED)
_18538_/RN                              5.200000  258.191528 -252.991531 (VIOLATED)
_18539_/RN                              5.200000  258.191528 -252.991531 (VIOLATED)
_18540_/RN                              5.200000  258.191528 -252.991531 (VIOLATED)
_18541_/RN                              5.200000  258.191528 -252.991531 (VIOLATED)
_18542_/RN                              5.200000  258.191528 -252.991531 (VIOLATED)
_18543_/RN                              5.200000  258.191528 -252.991531 (VIOLATED)
_18544_/RN                              5.200000  258.191528 -252.991531 (VIOLATED)
_18545_/RN                              5.200000  258.191528 -252.991531 (VIOLATED)
_18546_/RN                              5.200000  258.191528 -252.991531 (VIOLATED)
_18547_/RN                              5.200000  258.191528 -252.991531 (VIOLATED)
_18548_/RN                              5.200000  258.191528 -252.991531 (VIOLATED)
_18549_/RN                              5.200000  258.191528 -252.991531 (VIOLATED)
_18550_/RN                              5.200000  258.191528 -252.991531 (VIOLATED)
_18551_/RN                              5.200000  258.191528 -252.991531 (VIOLATED)
_18552_/RN                              5.200000  258.191528 -252.991531 (VIOLATED)
_18553_/RN                              5.200000  258.191528 -252.991531 (VIOLATED)
_18554_/RN                              5.200000  258.191528 -252.991531 (VIOLATED)
_18555_/RN                              5.200000  258.191528 -252.991531 (VIOLATED)
_18556_/RN                              5.200000  258.191528 -252.991531 (VIOLATED)
_18557_/RN                              5.200000  258.191528 -252.991531 (VIOLATED)
_18558_/RN                              5.200000  258.191528 -252.991531 (VIOLATED)
_18559_/RN                              5.200000  258.191528 -252.991531 (VIOLATED)
_18560_/RN                              5.200000  258.191528 -252.991531 (VIOLATED)
_18561_/RN                              5.200000  258.191528 -252.991531 (VIOLATED)
_18562_/RN                              5.200000  258.191528 -252.991531 (VIOLATED)
_18563_/RN                              5.200000  258.191528 -252.991531 (VIOLATED)
_18564_/RN                              5.200000  258.191528 -252.991531 (VIOLATED)
_18565_/RN                              5.200000  258.191528 -252.991531 (VIOLATED)
_18566_/RN                              5.200000  258.191528 -252.991531 (VIOLATED)
_18567_/RN                              5.200000  258.191528 -252.991531 (VIOLATED)
_18568_/RN                              5.200000  258.191528 -252.991531 (VIOLATED)
_18569_/RN                              5.200000  258.191528 -252.991531 (VIOLATED)
_18570_/RN                              5.200000  258.191528 -252.991531 (VIOLATED)
_18571_/RN                              5.200000  258.191528 -252.991531 (VIOLATED)
_18572_/RN                              5.200000  258.191528 -252.991531 (VIOLATED)
_18573_/RN                              5.200000  258.191528 -252.991531 (VIOLATED)
_18574_/RN                              5.200000  258.191528 -252.991531 (VIOLATED)
_18575_/RN                              5.200000  258.191528 -252.991531 (VIOLATED)
_18576_/RN                              5.200000  258.191528 -252.991531 (VIOLATED)
_18577_/RN                              5.200000  258.191528 -252.991531 (VIOLATED)
_18578_/RN                              5.200000  258.191528 -252.991531 (VIOLATED)
_18579_/RN                              5.200000  258.191528 -252.991531 (VIOLATED)
_18580_/RN                              5.200000  258.191528 -252.991531 (VIOLATED)
_18581_/RN                              5.200000  258.191528 -252.991531 (VIOLATED)
_18582_/RN                              5.200000  258.191528 -252.991531 (VIOLATED)
_18583_/RN                              5.200000  258.191528 -252.991531 (VIOLATED)
_18584_/RN                              5.200000  258.191528 -252.991531 (VIOLATED)
_18585_/RN                              5.200000  258.191528 -252.991531 (VIOLATED)
_18586_/RN                              5.200000  258.191528 -252.991531 (VIOLATED)
_18587_/RN                              5.200000  258.191528 -252.991531 (VIOLATED)
_18588_/RN                              5.200000  258.191528 -252.991531 (VIOLATED)
_18589_/RN                              5.200000  258.191528 -252.991531 (VIOLATED)
_18590_/RN                              5.200000  258.191528 -252.991531 (VIOLATED)
_18591_/RN                              5.200000  258.191528 -252.991531 (VIOLATED)
_18592_/RN                              5.200000  258.191528 -252.991531 (VIOLATED)
_18593_/RN                              5.200000  258.191528 -252.991531 (VIOLATED)
_18594_/RN                              5.200000  258.191528 -252.991531 (VIOLATED)
_18595_/RN                              5.200000  258.191528 -252.991531 (VIOLATED)
_18596_/RN                              5.200000  258.191528 -252.991531 (VIOLATED)
_18597_/RN                              5.200000  258.191528 -252.991531 (VIOLATED)
_18598_/RN                              5.200000  258.191528 -252.991531 (VIOLATED)
_18599_/RN                              5.200000  258.191528 -252.991531 (VIOLATED)
_18600_/RN                              5.200000  258.191528 -252.991531 (VIOLATED)
_18601_/RN                              5.200000  258.191528 -252.991531 (VIOLATED)
_18602_/RN                              5.200000  258.191528 -252.991531 (VIOLATED)
_18603_/RN                              5.200000  258.191528 -252.991531 (VIOLATED)
_18604_/RN                              5.200000  258.191528 -252.991531 (VIOLATED)
_18605_/RN                              5.200000  258.191528 -252.991531 (VIOLATED)
_18606_/RN                              5.200000  258.191528 -252.991531 (VIOLATED)
_18607_/RN                              5.200000  258.191528 -252.991531 (VIOLATED)
_18608_/RN                              5.200000  258.191528 -252.991531 (VIOLATED)
_18609_/RN                              5.200000  258.191528 -252.991531 (VIOLATED)
_18610_/RN                              5.200000  258.191528 -252.991531 (VIOLATED)
_18611_/RN                              5.200000  258.191528 -252.991531 (VIOLATED)
_18612_/RN                              5.200000  258.191528 -252.991531 (VIOLATED)
_18613_/RN                              5.200000  258.191528 -252.991531 (VIOLATED)
_18614_/RN                              5.200000  258.191528 -252.991531 (VIOLATED)
_18615_/RN                              5.200000  258.191528 -252.991531 (VIOLATED)
_18616_/RN                              5.200000  258.191528 -252.991531 (VIOLATED)
_18617_/RN                              5.200000  258.191528 -252.991531 (VIOLATED)
_18618_/RN                              5.200000  258.191528 -252.991531 (VIOLATED)
_18619_/RN                              5.200000  258.191528 -252.991531 (VIOLATED)
_18620_/RN                              5.200000  258.191528 -252.991531 (VIOLATED)
_18621_/RN                              5.200000  258.191528 -252.991531 (VIOLATED)
_18622_/RN                              5.200000  258.191528 -252.991531 (VIOLATED)
_18623_/RN                              5.200000  258.191528 -252.991531 (VIOLATED)
_18624_/RN                              5.200000  258.191528 -252.991531 (VIOLATED)
_18625_/RN                              5.200000  258.191528 -252.991531 (VIOLATED)
_18626_/RN                              5.200000  258.191528 -252.991531 (VIOLATED)
_18627_/RN                              5.200000  258.191528 -252.991531 (VIOLATED)
_18628_/RN                              5.200000  258.191528 -252.991531 (VIOLATED)
_18629_/RN                              5.200000  258.191528 -252.991531 (VIOLATED)
_18630_/RN                              5.200000  258.191528 -252.991531 (VIOLATED)
_18631_/RN                              5.200000  258.191528 -252.991531 (VIOLATED)
_18632_/RN                              5.200000  258.191528 -252.991531 (VIOLATED)
_18633_/RN                              5.200000  258.191528 -252.991531 (VIOLATED)
_18634_/RN                              5.200000  258.191528 -252.991531 (VIOLATED)
_18635_/RN                              5.200000  258.191528 -252.991531 (VIOLATED)
_18636_/RN                              5.200000  258.191528 -252.991531 (VIOLATED)
_18637_/RN                              5.200000  258.191528 -252.991531 (VIOLATED)
_18638_/RN                              5.200000  258.191528 -252.991531 (VIOLATED)
_18639_/RN                              5.200000  258.191528 -252.991531 (VIOLATED)
_18640_/RN                              5.200000  258.191528 -252.991531 (VIOLATED)
_18641_/RN                              5.200000  258.191528 -252.991531 (VIOLATED)
_18642_/RN                              5.200000  258.191528 -252.991531 (VIOLATED)
_18643_/RN                              5.200000  258.191528 -252.991531 (VIOLATED)
_18644_/RN                              5.200000  258.191528 -252.991531 (VIOLATED)
_18645_/RN                              5.200000  258.191528 -252.991531 (VIOLATED)
_18646_/RN                              5.200000  258.191528 -252.991531 (VIOLATED)
_18647_/RN                              5.200000  258.191528 -252.991531 (VIOLATED)
_18648_/RN                              5.200000  258.191528 -252.991531 (VIOLATED)
_18649_/RN                              5.200000  258.191528 -252.991531 (VIOLATED)
_18650_/RN                              5.200000  258.191528 -252.991531 (VIOLATED)
_18651_/RN                              5.200000  258.191528 -252.991531 (VIOLATED)
_18652_/RN                              5.200000  258.191528 -252.991531 (VIOLATED)
_18653_/RN                              5.200000  258.191528 -252.991531 (VIOLATED)
_18654_/RN                              5.200000  258.191528 -252.991531 (VIOLATED)
_18655_/RN                              5.200000  258.191528 -252.991531 (VIOLATED)
_18656_/RN                              5.200000  258.191528 -252.991531 (VIOLATED)
_18657_/RN                              5.200000  258.191528 -252.991531 (VIOLATED)
_18658_/RN                              5.200000  258.191528 -252.991531 (VIOLATED)
_18659_/RN                              5.200000  258.191528 -252.991531 (VIOLATED)
_18660_/RN                              5.200000  258.191528 -252.991531 (VIOLATED)
_18661_/RN                              5.200000  258.191528 -252.991531 (VIOLATED)
_18662_/RN                              5.200000  258.191528 -252.991531 (VIOLATED)
_18663_/RN                              5.200000  258.191528 -252.991531 (VIOLATED)
_18664_/RN                              5.200000  258.191528 -252.991531 (VIOLATED)
_18665_/RN                              5.200000  258.191528 -252.991531 (VIOLATED)
_18666_/RN                              5.200000  258.191528 -252.991531 (VIOLATED)
_18667_/RN                              5.200000  258.191528 -252.991531 (VIOLATED)
_18668_/RN                              5.200000  258.191528 -252.991531 (VIOLATED)
_18669_/RN                              5.200000  258.191528 -252.991531 (VIOLATED)
_18670_/RN                              5.200000  258.191528 -252.991531 (VIOLATED)
_18671_/RN                              5.200000  258.191528 -252.991531 (VIOLATED)
_18672_/RN                              5.200000  258.191528 -252.991531 (VIOLATED)
_18673_/RN                              5.200000  258.191528 -252.991531 (VIOLATED)
_18674_/RN                              5.200000  258.191528 -252.991531 (VIOLATED)
_18675_/RN                              5.200000  258.191528 -252.991531 (VIOLATED)
_18676_/RN                              5.200000  258.191528 -252.991531 (VIOLATED)
_18677_/RN                              5.200000  258.191528 -252.991531 (VIOLATED)
_18678_/RN                              5.200000  258.191528 -252.991531 (VIOLATED)
_18679_/RN                              5.200000  258.191528 -252.991531 (VIOLATED)
_18680_/RN                              5.200000  258.191528 -252.991531 (VIOLATED)
_18681_/RN                              5.200000  258.191528 -252.991531 (VIOLATED)
_18682_/RN                              5.200000  258.191528 -252.991531 (VIOLATED)
_18683_/RN                              5.200000  258.191528 -252.991531 (VIOLATED)
_18684_/RN                              5.200000  258.191528 -252.991531 (VIOLATED)
_18685_/RN                              5.200000  258.191528 -252.991531 (VIOLATED)
_18686_/RN                              5.200000  258.191528 -252.991531 (VIOLATED)
_18687_/RN                              5.200000  258.191528 -252.991531 (VIOLATED)
_18688_/RN                              5.200000  258.191528 -252.991531 (VIOLATED)
_18689_/RN                              5.200000  258.191528 -252.991531 (VIOLATED)
_18690_/RN                              5.200000  258.191528 -252.991531 (VIOLATED)
_18691_/RN                              5.200000  258.191528 -252.991531 (VIOLATED)
_18692_/RN                              5.200000  258.191528 -252.991531 (VIOLATED)
_18693_/RN                              5.200000  258.191528 -252.991531 (VIOLATED)
_18694_/RN                              5.200000  258.191528 -252.991531 (VIOLATED)
_18695_/RN                              5.200000  258.191528 -252.991531 (VIOLATED)
_18696_/RN                              5.200000  258.191528 -252.991531 (VIOLATED)
_18697_/RN                              5.200000  258.191528 -252.991531 (VIOLATED)
_18698_/RN                              5.200000  258.191528 -252.991531 (VIOLATED)
_18699_/RN                              5.200000  258.191528 -252.991531 (VIOLATED)
_18700_/RN                              5.200000  258.191528 -252.991531 (VIOLATED)
_18701_/RN                              5.200000  258.191528 -252.991531 (VIOLATED)
_18702_/RN                              5.200000  258.191528 -252.991531 (VIOLATED)
_18703_/RN                              5.200000  258.191528 -252.991531 (VIOLATED)
_18704_/RN                              5.200000  258.191528 -252.991531 (VIOLATED)
_18705_/RN                              5.200000  258.191528 -252.991531 (VIOLATED)
_18706_/RN                              5.200000  258.191528 -252.991531 (VIOLATED)
_18707_/RN                              5.200000  258.191528 -252.991531 (VIOLATED)
_18708_/RN                              5.200000  258.191528 -252.991531 (VIOLATED)
_18709_/RN                              5.200000  258.191528 -252.991531 (VIOLATED)
_18710_/RN                              5.200000  258.191528 -252.991531 (VIOLATED)
_18711_/RN                              5.200000  258.191528 -252.991531 (VIOLATED)
_18712_/RN                              5.200000  258.191528 -252.991531 (VIOLATED)
_18713_/RN                              5.200000  258.191528 -252.991531 (VIOLATED)
_18714_/RN                              5.200000  258.191528 -252.991531 (VIOLATED)
_18715_/RN                              5.200000  258.191528 -252.991531 (VIOLATED)
_18716_/RN                              5.200000  258.191528 -252.991531 (VIOLATED)
_18717_/RN                              5.200000  258.191528 -252.991531 (VIOLATED)
_18718_/RN                              5.200000  258.191528 -252.991531 (VIOLATED)
_18719_/RN                              5.200000  258.191528 -252.991531 (VIOLATED)
_18720_/RN                              5.200000  258.191528 -252.991531 (VIOLATED)
_18721_/RN                              5.200000  258.191528 -252.991531 (VIOLATED)
_18722_/RN                              5.200000  258.191528 -252.991531 (VIOLATED)
_18723_/RN                              5.200000  258.191528 -252.991531 (VIOLATED)
_18724_/RN                              5.200000  258.191528 -252.991531 (VIOLATED)
_18725_/RN                              5.200000  258.191528 -252.991531 (VIOLATED)
_18726_/RN                              5.200000  258.191528 -252.991531 (VIOLATED)
_18727_/RN                              5.200000  258.191528 -252.991531 (VIOLATED)
_18728_/RN                              5.200000  258.191528 -252.991531 (VIOLATED)
_18729_/RN                              5.200000  258.191528 -252.991531 (VIOLATED)
_18730_/RN                              5.200000  258.191528 -252.991531 (VIOLATED)
_18731_/RN                              5.200000  258.191528 -252.991531 (VIOLATED)
_18732_/RN                              5.200000  258.191528 -252.991531 (VIOLATED)
_18733_/RN                              5.200000  258.191528 -252.991531 (VIOLATED)
_18734_/RN                              5.200000  258.191528 -252.991531 (VIOLATED)
_18735_/RN                              5.200000  258.191528 -252.991531 (VIOLATED)
_18736_/RN                              5.200000  258.191528 -252.991531 (VIOLATED)
_18737_/RN                              5.200000  258.191528 -252.991531 (VIOLATED)
_18738_/RN                              5.200000  258.191528 -252.991531 (VIOLATED)
_18739_/RN                              5.200000  258.191528 -252.991531 (VIOLATED)
_18740_/RN                              5.200000  258.191528 -252.991531 (VIOLATED)
_18741_/RN                              5.200000  258.191528 -252.991531 (VIOLATED)
_18742_/RN                              5.200000  258.191528 -252.991531 (VIOLATED)
_18743_/RN                              5.200000  258.191528 -252.991531 (VIOLATED)
_18744_/RN                              5.200000  258.191528 -252.991531 (VIOLATED)
_18745_/RN                              5.200000  258.191528 -252.991531 (VIOLATED)
_18746_/RN                              5.200000  258.191528 -252.991531 (VIOLATED)
_18747_/RN                              5.200000  258.191528 -252.991531 (VIOLATED)
_18748_/RN                              5.200000  258.191528 -252.991531 (VIOLATED)
_18749_/RN                              5.200000  258.191528 -252.991531 (VIOLATED)
_18750_/RN                              5.200000  258.191528 -252.991531 (VIOLATED)
_18751_/RN                              5.200000  258.191528 -252.991531 (VIOLATED)
_18752_/RN                              5.200000  258.191528 -252.991531 (VIOLATED)
_18753_/RN                              5.200000  258.191528 -252.991531 (VIOLATED)
_18754_/RN                              5.200000  258.191528 -252.991531 (VIOLATED)
_18755_/RN                              5.200000  258.191528 -252.991531 (VIOLATED)
_18756_/RN                              5.200000  258.191528 -252.991531 (VIOLATED)
_18757_/RN                              5.200000  258.191528 -252.991531 (VIOLATED)
_18758_/RN                              5.200000  258.191528 -252.991531 (VIOLATED)
_18759_/RN                              5.200000  258.191528 -252.991531 (VIOLATED)
_18760_/RN                              5.200000  258.191528 -252.991531 (VIOLATED)
_18761_/RN                              5.200000  258.191528 -252.991531 (VIOLATED)
_18762_/RN                              5.200000  258.191528 -252.991531 (VIOLATED)
_18763_/RN                              5.200000  258.191528 -252.991531 (VIOLATED)
_18764_/RN                              5.200000  258.191528 -252.991531 (VIOLATED)
_18765_/RN                              5.200000  258.191528 -252.991531 (VIOLATED)
_18766_/RN                              5.200000  258.191528 -252.991531 (VIOLATED)
_18767_/RN                              5.200000  258.191528 -252.991531 (VIOLATED)
_18768_/RN                              5.200000  258.191528 -252.991531 (VIOLATED)
_18769_/RN                              5.200000  258.191528 -252.991531 (VIOLATED)
_18770_/RN                              5.200000  258.191528 -252.991531 (VIOLATED)
_18771_/RN                              5.200000  258.191528 -252.991531 (VIOLATED)
_18772_/RN                              5.200000  258.191528 -252.991531 (VIOLATED)
_18773_/RN                              5.200000  258.191528 -252.991531 (VIOLATED)
_18774_/RN                              5.200000  258.191528 -252.991531 (VIOLATED)
_18775_/RN                              5.200000  258.191528 -252.991531 (VIOLATED)
_18776_/RN                              5.200000  258.191528 -252.991531 (VIOLATED)
_18777_/RN                              5.200000  258.191528 -252.991531 (VIOLATED)
_18778_/RN                              5.200000  258.191528 -252.991531 (VIOLATED)
_18779_/RN                              5.200000  258.191528 -252.991531 (VIOLATED)
_18780_/RN                              5.200000  258.191528 -252.991531 (VIOLATED)
_18781_/RN                              5.200000  258.191528 -252.991531 (VIOLATED)
_18782_/RN                              5.200000  258.191528 -252.991531 (VIOLATED)
_18783_/RN                              5.200000  258.191528 -252.991531 (VIOLATED)
_18784_/RN                              5.200000  258.191528 -252.991531 (VIOLATED)
_18785_/RN                              5.200000  258.191528 -252.991531 (VIOLATED)
_18786_/RN                              5.200000  258.191528 -252.991531 (VIOLATED)
_18787_/RN                              5.200000  258.191528 -252.991531 (VIOLATED)
_18788_/RN                              5.200000  258.191528 -252.991531 (VIOLATED)
_18789_/RN                              5.200000  258.191528 -252.991531 (VIOLATED)
_18790_/RN                              5.200000  258.191528 -252.991531 (VIOLATED)
_18791_/RN                              5.200000  258.191528 -252.991531 (VIOLATED)
_18792_/RN                              5.200000  258.191528 -252.991531 (VIOLATED)
_18793_/RN                              5.200000  258.191528 -252.991531 (VIOLATED)
_18794_/RN                              5.200000  258.191528 -252.991531 (VIOLATED)
_18795_/RN                              5.200000  258.191528 -252.991531 (VIOLATED)
_18796_/RN                              5.200000  258.191528 -252.991531 (VIOLATED)
_18797_/RN                              5.200000  258.191528 -252.991531 (VIOLATED)
_18798_/RN                              5.200000  258.191528 -252.991531 (VIOLATED)
_18799_/RN                              5.200000  258.191528 -252.991531 (VIOLATED)
_18800_/RN                              5.200000  258.191528 -252.991531 (VIOLATED)
_18801_/RN                              5.200000  258.191528 -252.991531 (VIOLATED)
_18802_/RN                              5.200000  258.191528 -252.991531 (VIOLATED)
_18803_/RN                              5.200000  258.191528 -252.991531 (VIOLATED)
_18804_/RN                              5.200000  258.191528 -252.991531 (VIOLATED)
_18805_/RN                              5.200000  258.191528 -252.991531 (VIOLATED)
_18806_/RN                              5.200000  258.191528 -252.991531 (VIOLATED)
_18807_/RN                              5.200000  258.191528 -252.991531 (VIOLATED)
_18808_/RN                              5.200000  258.191528 -252.991531 (VIOLATED)
_18809_/RN                              5.200000  258.191528 -252.991531 (VIOLATED)
_18810_/RN                              5.200000  258.191528 -252.991531 (VIOLATED)
_18811_/RN                              5.200000  258.191528 -252.991531 (VIOLATED)
_18812_/RN                              5.200000  258.191528 -252.991531 (VIOLATED)
_18813_/RN                              5.200000  258.191528 -252.991531 (VIOLATED)
_18814_/RN                              5.200000  258.191528 -252.991531 (VIOLATED)
_18815_/RN                              5.200000  258.191528 -252.991531 (VIOLATED)
_18816_/RN                              5.200000  258.191528 -252.991531 (VIOLATED)
_18817_/RN                              5.200000  258.191528 -252.991531 (VIOLATED)
_18818_/RN                              5.200000  258.191528 -252.991531 (VIOLATED)
_18819_/RN                              5.200000  258.191528 -252.991531 (VIOLATED)
_18820_/RN                              5.200000  258.191528 -252.991531 (VIOLATED)
_18821_/RN                              5.200000  258.191528 -252.991531 (VIOLATED)
_18822_/RN                              5.200000  258.191528 -252.991531 (VIOLATED)
_18823_/RN                              5.200000  258.191528 -252.991531 (VIOLATED)
_18824_/RN                              5.200000  258.191528 -252.991531 (VIOLATED)
_18825_/RN                              5.200000  258.191528 -252.991531 (VIOLATED)
_18826_/RN                              5.200000  258.191528 -252.991531 (VIOLATED)
_18827_/RN                              5.200000  258.191528 -252.991531 (VIOLATED)
_18828_/RN                              5.200000  258.191528 -252.991531 (VIOLATED)
_18829_/RN                              5.200000  258.191528 -252.991531 (VIOLATED)
_18830_/RN                              5.200000  258.191528 -252.991531 (VIOLATED)
_18831_/RN                              5.200000  258.191528 -252.991531 (VIOLATED)
_18832_/RN                              5.200000  258.191528 -252.991531 (VIOLATED)
_18833_/RN                              5.200000  258.191528 -252.991531 (VIOLATED)
_18834_/RN                              5.200000  258.191528 -252.991531 (VIOLATED)
_18835_/RN                              5.200000  258.191528 -252.991531 (VIOLATED)
_18836_/RN                              5.200000  258.191528 -252.991531 (VIOLATED)
_18837_/RN                              5.200000  258.191528 -252.991531 (VIOLATED)
_18838_/RN                              5.200000  258.191528 -252.991531 (VIOLATED)
_18839_/RN                              5.200000  258.191528 -252.991531 (VIOLATED)
_18840_/RN                              5.200000  258.191528 -252.991531 (VIOLATED)
_18841_/RN                              5.200000  258.191528 -252.991531 (VIOLATED)
_18842_/RN                              5.200000  258.191528 -252.991531 (VIOLATED)
_18843_/RN                              5.200000  258.191528 -252.991531 (VIOLATED)
_18844_/RN                              5.200000  258.191528 -252.991531 (VIOLATED)
_18845_/RN                              5.200000  258.191528 -252.991531 (VIOLATED)
_18846_/RN                              5.200000  258.191528 -252.991531 (VIOLATED)
_18847_/RN                              5.200000  258.191528 -252.991531 (VIOLATED)
_18848_/RN                              5.200000  258.191528 -252.991531 (VIOLATED)
_18849_/RN                              5.200000  258.191528 -252.991531 (VIOLATED)
_18850_/RN                              5.200000  258.191528 -252.991531 (VIOLATED)
_18851_/RN                              5.200000  258.191528 -252.991531 (VIOLATED)
_18852_/RN                              5.200000  258.191528 -252.991531 (VIOLATED)
_18853_/RN                              5.200000  258.191528 -252.991531 (VIOLATED)
_18854_/RN                              5.200000  258.191528 -252.991531 (VIOLATED)
_18855_/RN                              5.200000  258.191528 -252.991531 (VIOLATED)
_18856_/RN                              5.200000  258.191528 -252.991531 (VIOLATED)
_18857_/RN                              5.200000  258.191528 -252.991531 (VIOLATED)
_18858_/RN                              5.200000  258.191528 -252.991531 (VIOLATED)
_18859_/RN                              5.200000  258.191528 -252.991531 (VIOLATED)
_18860_/RN                              5.200000  258.191528 -252.991531 (VIOLATED)
_18861_/RN                              5.200000  258.191528 -252.991531 (VIOLATED)
_18862_/RN                              5.200000  258.191528 -252.991531 (VIOLATED)
_18863_/RN                              5.200000  258.191528 -252.991531 (VIOLATED)
_18864_/RN                              5.200000  258.191528 -252.991531 (VIOLATED)
_18865_/RN                              5.200000  258.191528 -252.991531 (VIOLATED)
_18866_/RN                              5.200000  258.191528 -252.991531 (VIOLATED)
_18867_/RN                              5.200000  258.191528 -252.991531 (VIOLATED)
_18868_/RN                              5.200000  258.191528 -252.991531 (VIOLATED)
_18869_/RN                              5.200000  258.191528 -252.991531 (VIOLATED)
_18870_/RN                              5.200000  258.191528 -252.991531 (VIOLATED)
_18871_/RN                              5.200000  258.191528 -252.991531 (VIOLATED)
_18872_/RN                              5.200000  258.191528 -252.991531 (VIOLATED)
_18873_/RN                              5.200000  258.191528 -252.991531 (VIOLATED)
_18874_/RN                              5.200000  258.191528 -252.991531 (VIOLATED)
_18875_/RN                              5.200000  258.191528 -252.991531 (VIOLATED)
_18876_/RN                              5.200000  258.191528 -252.991531 (VIOLATED)
_18877_/RN                              5.200000  258.191528 -252.991531 (VIOLATED)
_18878_/RN                              5.200000  258.191528 -252.991531 (VIOLATED)
_18879_/RN                              5.200000  258.191528 -252.991531 (VIOLATED)
_18880_/RN                              5.200000  258.191528 -252.991531 (VIOLATED)
_18881_/RN                              5.200000  258.191528 -252.991531 (VIOLATED)
_18882_/RN                              5.200000  258.191528 -252.991531 (VIOLATED)
_18883_/RN                              5.200000  258.191528 -252.991531 (VIOLATED)
_18884_/RN                              5.200000  258.191528 -252.991531 (VIOLATED)
_18885_/RN                              5.200000  258.191528 -252.991531 (VIOLATED)
_18886_/RN                              5.200000  258.191528 -252.991531 (VIOLATED)
_18887_/RN                              5.200000  258.191528 -252.991531 (VIOLATED)
_18888_/RN                              5.200000  258.191528 -252.991531 (VIOLATED)
_18889_/RN                              5.200000  258.191528 -252.991531 (VIOLATED)
_18890_/RN                              5.200000  258.191528 -252.991531 (VIOLATED)
_18891_/RN                              5.200000  258.191528 -252.991531 (VIOLATED)
_18892_/RN                              5.200000  258.191528 -252.991531 (VIOLATED)
_18893_/RN                              5.200000  258.191528 -252.991531 (VIOLATED)
_18894_/RN                              5.200000  258.191528 -252.991531 (VIOLATED)
_18895_/RN                              5.200000  258.191528 -252.991531 (VIOLATED)
_18896_/RN                              5.200000  258.191528 -252.991531 (VIOLATED)
_18897_/RN                              5.200000  258.191528 -252.991531 (VIOLATED)
_18898_/RN                              5.200000  258.191528 -252.991531 (VIOLATED)
_18899_/RN                              5.200000  258.191528 -252.991531 (VIOLATED)
_18900_/RN                              5.200000  258.191528 -252.991531 (VIOLATED)
_18901_/RN                              5.200000  258.191528 -252.991531 (VIOLATED)
_18902_/RN                              5.200000  258.191528 -252.991531 (VIOLATED)
_18903_/RN                              5.200000  258.191528 -252.991531 (VIOLATED)
_18904_/RN                              5.200000  258.191528 -252.991531 (VIOLATED)
_18905_/RN                              5.200000  258.191528 -252.991531 (VIOLATED)
_18906_/RN                              5.200000  258.191528 -252.991531 (VIOLATED)
_18907_/RN                              5.200000  258.191528 -252.991531 (VIOLATED)
_18908_/RN                              5.200000  258.191528 -252.991531 (VIOLATED)
_18909_/RN                              5.200000  258.191528 -252.991531 (VIOLATED)
_18910_/RN                              5.200000  258.191528 -252.991531 (VIOLATED)
_18911_/RN                              5.200000  258.191528 -252.991531 (VIOLATED)
_18912_/RN                              5.200000  258.191528 -252.991531 (VIOLATED)
_18913_/RN                              5.200000  258.191528 -252.991531 (VIOLATED)
_18914_/RN                              5.200000  258.191528 -252.991531 (VIOLATED)
_18915_/RN                              5.200000  258.191528 -252.991531 (VIOLATED)
_18916_/RN                              5.200000  258.191528 -252.991531 (VIOLATED)
_18917_/RN                              5.200000  258.191528 -252.991531 (VIOLATED)
_18918_/RN                              5.200000  258.191528 -252.991531 (VIOLATED)
_18919_/RN                              5.200000  258.191528 -252.991531 (VIOLATED)
_18920_/RN                              5.200000  258.191528 -252.991531 (VIOLATED)
_18921_/RN                              5.200000  258.191528 -252.991531 (VIOLATED)
_18922_/RN                              5.200000  258.191528 -252.991531 (VIOLATED)
_18923_/RN                              5.200000  258.191528 -252.991531 (VIOLATED)
_18924_/RN                              5.200000  258.191528 -252.991531 (VIOLATED)
_18925_/RN                              5.200000  258.191528 -252.991531 (VIOLATED)
_18926_/RN                              5.200000  258.191528 -252.991531 (VIOLATED)
_18927_/RN                              5.200000  258.191528 -252.991531 (VIOLATED)
_18928_/RN                              5.200000  258.191528 -252.991531 (VIOLATED)
_18929_/RN                              5.200000  258.191528 -252.991531 (VIOLATED)
_18930_/RN                              5.200000  258.191528 -252.991531 (VIOLATED)
_18931_/RN                              5.200000  258.191528 -252.991531 (VIOLATED)
_18932_/RN                              5.200000  258.191528 -252.991531 (VIOLATED)
_18933_/RN                              5.200000  258.191528 -252.991531 (VIOLATED)
_18934_/RN                              5.200000  258.191528 -252.991531 (VIOLATED)
_18935_/RN                              5.200000  258.191528 -252.991531 (VIOLATED)
_18936_/RN                              5.200000  258.191528 -252.991531 (VIOLATED)
_18937_/RN                              5.200000  258.191528 -252.991531 (VIOLATED)
_18938_/RN                              5.200000  258.191528 -252.991531 (VIOLATED)
_18939_/RN                              5.200000  258.191528 -252.991531 (VIOLATED)
_18940_/RN                              5.200000  258.191528 -252.991531 (VIOLATED)
_18941_/RN                              5.200000  258.191528 -252.991531 (VIOLATED)
_18942_/RN                              5.200000  258.191528 -252.991531 (VIOLATED)
_18943_/RN                              5.200000  258.191528 -252.991531 (VIOLATED)
_18944_/RN                              5.200000  258.191528 -252.991531 (VIOLATED)
_18945_/RN                              5.200000  258.191528 -252.991531 (VIOLATED)
_18946_/RN                              5.200000  258.191528 -252.991531 (VIOLATED)
_18947_/RN                              5.200000  258.191528 -252.991531 (VIOLATED)
_18948_/RN                              5.200000  258.191528 -252.991531 (VIOLATED)
_18949_/RN                              5.200000  258.191528 -252.991531 (VIOLATED)
_18950_/RN                              5.200000  258.191528 -252.991531 (VIOLATED)
_18951_/RN                              5.200000  258.191528 -252.991531 (VIOLATED)
_18952_/RN                              5.200000  258.191528 -252.991531 (VIOLATED)
_18953_/RN                              5.200000  258.191528 -252.991531 (VIOLATED)
_18954_/RN                              5.200000  258.191528 -252.991531 (VIOLATED)
_18955_/RN                              5.200000  258.191528 -252.991531 (VIOLATED)
_18956_/RN                              5.200000  258.191528 -252.991531 (VIOLATED)
_18957_/RN                              5.200000  258.191528 -252.991531 (VIOLATED)
_18958_/RN                              5.200000  258.191528 -252.991531 (VIOLATED)
_18959_/RN                              5.200000  258.191528 -252.991531 (VIOLATED)
_18960_/RN                              5.200000  258.191528 -252.991531 (VIOLATED)
_18961_/RN                              5.200000  258.191528 -252.991531 (VIOLATED)
_18962_/RN                              5.200000  258.191528 -252.991531 (VIOLATED)
_18963_/RN                              5.200000  258.191528 -252.991531 (VIOLATED)
_18964_/RN                              5.200000  258.191528 -252.991531 (VIOLATED)
_18965_/RN                              5.200000  258.191528 -252.991531 (VIOLATED)
_18966_/RN                              5.200000  258.191528 -252.991531 (VIOLATED)
_18967_/RN                              5.200000  258.191528 -252.991531 (VIOLATED)
_18968_/RN                              5.200000  258.191528 -252.991531 (VIOLATED)
_18969_/RN                              5.200000  258.191528 -252.991531 (VIOLATED)
_18970_/RN                              5.200000  258.191528 -252.991531 (VIOLATED)
_18971_/RN                              5.200000  258.191528 -252.991531 (VIOLATED)
_18972_/RN                              5.200000  258.191528 -252.991531 (VIOLATED)
_18973_/RN                              5.200000  258.191528 -252.991531 (VIOLATED)
_18974_/RN                              5.200000  258.191528 -252.991531 (VIOLATED)
_18975_/RN                              5.200000  258.191528 -252.991531 (VIOLATED)
_18976_/RN                              5.200000  258.191528 -252.991531 (VIOLATED)
_18977_/RN                              5.200000  258.191528 -252.991531 (VIOLATED)
_18978_/RN                              5.200000  258.191528 -252.991531 (VIOLATED)
_18979_/RN                              5.200000  258.191528 -252.991531 (VIOLATED)
_18980_/RN                              5.200000  258.191528 -252.991531 (VIOLATED)
_18981_/RN                              5.200000  258.191528 -252.991531 (VIOLATED)
_18982_/RN                              5.200000  258.191528 -252.991531 (VIOLATED)
_18983_/RN                              5.200000  258.191528 -252.991531 (VIOLATED)
_18984_/RN                              5.200000  258.191528 -252.991531 (VIOLATED)
_18985_/RN                              5.200000  258.191528 -252.991531 (VIOLATED)
_18986_/RN                              5.200000  258.191528 -252.991531 (VIOLATED)
_18987_/RN                              5.200000  258.191528 -252.991531 (VIOLATED)
_18988_/RN                              5.200000  258.191528 -252.991531 (VIOLATED)
_18989_/RN                              5.200000  258.191528 -252.991531 (VIOLATED)
_18990_/RN                              5.200000  258.191528 -252.991531 (VIOLATED)
_18991_/RN                              5.200000  258.191528 -252.991531 (VIOLATED)
_18992_/RN                              5.200000  258.191528 -252.991531 (VIOLATED)
_18993_/RN                              5.200000  258.191528 -252.991531 (VIOLATED)
_18994_/RN                              5.200000  258.191528 -252.991531 (VIOLATED)
_18995_/RN                              5.200000  258.191528 -252.991531 (VIOLATED)
_18996_/RN                              5.200000  258.191528 -252.991531 (VIOLATED)
_18997_/RN                              5.200000  258.191528 -252.991531 (VIOLATED)
_18998_/RN                              5.200000  258.191528 -252.991531 (VIOLATED)
_18999_/RN                              5.200000  258.191528 -252.991531 (VIOLATED)
_19000_/RN                              5.200000  258.191528 -252.991531 (VIOLATED)
_19001_/RN                              5.200000  258.191528 -252.991531 (VIOLATED)
_19002_/RN                              5.200000  258.191528 -252.991531 (VIOLATED)
_19003_/RN                              5.200000  258.191528 -252.991531 (VIOLATED)
_19004_/RN                              5.200000  258.191528 -252.991531 (VIOLATED)
_19005_/RN                              5.200000  258.191528 -252.991531 (VIOLATED)
_19006_/RN                              5.200000  258.191528 -252.991531 (VIOLATED)
_19007_/RN                              5.200000  258.191528 -252.991531 (VIOLATED)
_19008_/RN                              5.200000  258.191528 -252.991531 (VIOLATED)
_19009_/RN                              5.200000  258.191528 -252.991531 (VIOLATED)
_19010_/RN                              5.200000  258.191528 -252.991531 (VIOLATED)
_19011_/RN                              5.200000  258.191528 -252.991531 (VIOLATED)
_19012_/RN                              5.200000  258.191528 -252.991531 (VIOLATED)
_19013_/RN                              5.200000  258.191528 -252.991531 (VIOLATED)
_19014_/RN                              5.200000  258.191528 -252.991531 (VIOLATED)
_19015_/RN                              5.200000  258.191528 -252.991531 (VIOLATED)
_19016_/RN                              5.200000  258.191528 -252.991531 (VIOLATED)
_19017_/RN                              5.200000  258.191528 -252.991531 (VIOLATED)
_19018_/RN                              5.200000  258.191528 -252.991531 (VIOLATED)
_19019_/RN                              5.200000  258.191528 -252.991531 (VIOLATED)
_19020_/RN                              5.200000  258.191528 -252.991531 (VIOLATED)
_19021_/RN                              5.200000  258.191528 -252.991531 (VIOLATED)
_19022_/RN                              5.200000  258.191528 -252.991531 (VIOLATED)
_19023_/RN                              5.200000  258.191528 -252.991531 (VIOLATED)
_19024_/RN                              5.200000  258.191528 -252.991531 (VIOLATED)
_19025_/RN                              5.200000  258.191528 -252.991531 (VIOLATED)
_19026_/RN                              5.200000  258.191528 -252.991531 (VIOLATED)
_19027_/RN                              5.200000  258.191528 -252.991531 (VIOLATED)
_19028_/RN                              5.200000  258.191528 -252.991531 (VIOLATED)
_19029_/RN                              5.200000  258.191528 -252.991531 (VIOLATED)
_19030_/RN                              5.200000  258.191528 -252.991531 (VIOLATED)
_19031_/RN                              5.200000  258.191528 -252.991531 (VIOLATED)
_19032_/RN                              5.200000  258.191528 -252.991531 (VIOLATED)
_19033_/RN                              5.200000  258.191528 -252.991531 (VIOLATED)
_19034_/RN                              5.200000  258.191528 -252.991531 (VIOLATED)
_19035_/RN                              5.200000  258.191528 -252.991531 (VIOLATED)
_19036_/RN                              5.200000  258.191528 -252.991531 (VIOLATED)
_19037_/RN                              5.200000  258.191528 -252.991531 (VIOLATED)
_19038_/RN                              5.200000  258.191528 -252.991531 (VIOLATED)
_19039_/RN                              5.200000  258.191528 -252.991531 (VIOLATED)
_19040_/RN                              5.200000  258.191528 -252.991531 (VIOLATED)
_19041_/RN                              5.200000  258.191528 -252.991531 (VIOLATED)
_19042_/RN                              5.200000  258.191528 -252.991531 (VIOLATED)
_19043_/RN                              5.200000  258.191528 -252.991531 (VIOLATED)
_19044_/RN                              5.200000  258.191528 -252.991531 (VIOLATED)
_19045_/RN                              5.200000  258.191528 -252.991531 (VIOLATED)
_19046_/RN                              5.200000  258.191528 -252.991531 (VIOLATED)
_19047_/RN                              5.200000  258.191528 -252.991531 (VIOLATED)
_19048_/RN                              5.200000  258.191528 -252.991531 (VIOLATED)
_19049_/RN                              5.200000  258.191528 -252.991531 (VIOLATED)
_19050_/RN                              5.200000  258.191528 -252.991531 (VIOLATED)
_19051_/RN                              5.200000  258.191528 -252.991531 (VIOLATED)
_19052_/RN                              5.200000  258.191528 -252.991531 (VIOLATED)
_19053_/RN                              5.200000  258.191528 -252.991531 (VIOLATED)
_19054_/RN                              5.200000  258.191528 -252.991531 (VIOLATED)
_19055_/RN                              5.200000  258.191528 -252.991531 (VIOLATED)
_19056_/RN                              5.200000  258.191528 -252.991531 (VIOLATED)
_19057_/RN                              5.200000  258.191528 -252.991531 (VIOLATED)
_19058_/RN                              5.200000  258.191528 -252.991531 (VIOLATED)
_19059_/RN                              5.200000  258.191528 -252.991531 (VIOLATED)
_19060_/RN                              5.200000  258.191528 -252.991531 (VIOLATED)
_19061_/RN                              5.200000  258.191528 -252.991531 (VIOLATED)
_19062_/RN                              5.200000  258.191528 -252.991531 (VIOLATED)
_19063_/RN                              5.200000  258.191528 -252.991531 (VIOLATED)
_19064_/RN                              5.200000  258.191528 -252.991531 (VIOLATED)
_19065_/RN                              5.200000  258.191528 -252.991531 (VIOLATED)
_19066_/RN                              5.200000  258.191528 -252.991531 (VIOLATED)
_19067_/RN                              5.200000  258.191528 -252.991531 (VIOLATED)
_19068_/RN                              5.200000  258.191528 -252.991531 (VIOLATED)
_19069_/RN                              5.200000  258.191528 -252.991531 (VIOLATED)
_19070_/RN                              5.200000  258.191528 -252.991531 (VIOLATED)
_19071_/RN                              5.200000  258.191528 -252.991531 (VIOLATED)
_19072_/RN                              5.200000  258.191528 -252.991531 (VIOLATED)
_19073_/RN                              5.200000  258.191528 -252.991531 (VIOLATED)
_19074_/RN                              5.200000  258.191528 -252.991531 (VIOLATED)
_19075_/RN                              5.200000  258.191528 -252.991531 (VIOLATED)
_19076_/RN                              5.200000  258.191528 -252.991531 (VIOLATED)
_19077_/RN                              5.200000  258.191528 -252.991531 (VIOLATED)
_19078_/RN                              5.200000  258.191528 -252.991531 (VIOLATED)
_19079_/RN                              5.200000  258.191528 -252.991531 (VIOLATED)
_19080_/RN                              5.200000  258.191528 -252.991531 (VIOLATED)
_19081_/RN                              5.200000  258.191528 -252.991531 (VIOLATED)
_19082_/RN                              5.200000  258.191528 -252.991531 (VIOLATED)
_19083_/RN                              5.200000  258.191528 -252.991531 (VIOLATED)
_19084_/RN                              5.200000  258.191528 -252.991531 (VIOLATED)
_19085_/RN                              5.200000  258.191528 -252.991531 (VIOLATED)
_19086_/RN                              5.200000  258.191528 -252.991531 (VIOLATED)
_19087_/RN                              5.200000  258.191528 -252.991531 (VIOLATED)
_19088_/RN                              5.200000  258.191528 -252.991531 (VIOLATED)
_19089_/RN                              5.200000  258.191528 -252.991531 (VIOLATED)
_19090_/RN                              5.200000  258.191528 -252.991531 (VIOLATED)
_19091_/RN                              5.200000  258.191528 -252.991531 (VIOLATED)
_19092_/RN                              5.200000  258.191528 -252.991531 (VIOLATED)
_19093_/RN                              5.200000  258.191528 -252.991531 (VIOLATED)
_19094_/RN                              5.200000  258.191528 -252.991531 (VIOLATED)
_19095_/RN                              5.200000  258.191528 -252.991531 (VIOLATED)
_19096_/RN                              5.200000  258.191528 -252.991531 (VIOLATED)
_19097_/RN                              5.200000  258.191528 -252.991531 (VIOLATED)
_19098_/RN                              5.200000  258.191528 -252.991531 (VIOLATED)
_19099_/RN                              5.200000  258.191528 -252.991531 (VIOLATED)
_19100_/RN                              5.200000  258.191528 -252.991531 (VIOLATED)
_19101_/RN                              5.200000  258.191528 -252.991531 (VIOLATED)
_19102_/RN                              5.200000  258.191528 -252.991531 (VIOLATED)
_19103_/RN                              5.200000  258.191528 -252.991531 (VIOLATED)
_19104_/RN                              5.200000  258.191528 -252.991531 (VIOLATED)
_19105_/RN                              5.200000  258.191528 -252.991531 (VIOLATED)
_19106_/RN                              5.200000  258.191528 -252.991531 (VIOLATED)
_19107_/RN                              5.200000  258.191528 -252.991531 (VIOLATED)
_19108_/RN                              5.200000  258.191528 -252.991531 (VIOLATED)
_19109_/RN                              5.200000  258.191528 -252.991531 (VIOLATED)
_19110_/RN                              5.200000  258.191528 -252.991531 (VIOLATED)
_19111_/RN                              5.200000  258.191528 -252.991531 (VIOLATED)
_19112_/RN                              5.200000  258.191528 -252.991531 (VIOLATED)
_19113_/RN                              5.200000  258.191528 -252.991531 (VIOLATED)
_19114_/RN                              5.200000  258.191528 -252.991531 (VIOLATED)
_19115_/RN                              5.200000  258.191528 -252.991531 (VIOLATED)
_19116_/RN                              5.200000  258.191528 -252.991531 (VIOLATED)
_19117_/RN                              5.200000  258.191528 -252.991531 (VIOLATED)
_19118_/RN                              5.200000  258.191528 -252.991531 (VIOLATED)
_19119_/RN                              5.200000  258.191528 -252.991531 (VIOLATED)
_19120_/RN                              5.200000  258.191528 -252.991531 (VIOLATED)
_19121_/RN                              5.200000  258.191528 -252.991531 (VIOLATED)
_19122_/RN                              5.200000  258.191528 -252.991531 (VIOLATED)
_19123_/RN                              5.200000  258.191528 -252.991531 (VIOLATED)
_19124_/RN                              5.200000  258.191528 -252.991531 (VIOLATED)
_19125_/RN                              5.200000  258.191528 -252.991531 (VIOLATED)
_19126_/RN                              5.200000  258.191528 -252.991531 (VIOLATED)
_19127_/RN                              5.200000  258.191528 -252.991531 (VIOLATED)
_19128_/RN                              5.200000  258.191528 -252.991531 (VIOLATED)
_19129_/RN                              5.200000  258.191528 -252.991531 (VIOLATED)
_19130_/RN                              5.200000  258.191528 -252.991531 (VIOLATED)
_19131_/RN                              5.200000  258.191528 -252.991531 (VIOLATED)
_19132_/RN                              5.200000  258.191528 -252.991531 (VIOLATED)
_19133_/RN                              5.200000  258.191528 -252.991531 (VIOLATED)
_19134_/RN                              5.200000  258.191528 -252.991531 (VIOLATED)
_19135_/RN                              5.200000  258.191528 -252.991531 (VIOLATED)
_19136_/RN                              5.200000  258.191528 -252.991531 (VIOLATED)
_19137_/RN                              5.200000  258.191528 -252.991531 (VIOLATED)
_19138_/RN                              5.200000  258.191528 -252.991531 (VIOLATED)
_19139_/RN                              5.200000  258.191528 -252.991531 (VIOLATED)
_19140_/RN                              5.200000  258.191528 -252.991531 (VIOLATED)
_19141_/RN                              5.200000  258.191528 -252.991531 (VIOLATED)
_19142_/RN                              5.200000  258.191528 -252.991531 (VIOLATED)
_19143_/RN                              5.200000  258.191528 -252.991531 (VIOLATED)
_19144_/RN                              5.200000  258.191528 -252.991531 (VIOLATED)
_19145_/RN                              5.200000  258.191528 -252.991531 (VIOLATED)
_19146_/RN                              5.200000  258.191528 -252.991531 (VIOLATED)
_19147_/RN                              5.200000  258.191528 -252.991531 (VIOLATED)
_19148_/RN                              5.200000  258.191528 -252.991531 (VIOLATED)
_19149_/RN                              5.200000  258.191528 -252.991531 (VIOLATED)
_19150_/RN                              5.200000  258.191528 -252.991531 (VIOLATED)
_19151_/RN                              5.200000  258.191528 -252.991531 (VIOLATED)
_19152_/RN                              5.200000  258.191528 -252.991531 (VIOLATED)
_19153_/RN                              5.200000  258.191528 -252.991531 (VIOLATED)
_19154_/RN                              5.200000  258.191528 -252.991531 (VIOLATED)
_19155_/RN                              5.200000  258.191528 -252.991531 (VIOLATED)
_19156_/RN                              5.200000  258.191528 -252.991531 (VIOLATED)
_19157_/RN                              5.200000  258.191528 -252.991531 (VIOLATED)
_19158_/RN                              5.200000  258.191528 -252.991531 (VIOLATED)
_19159_/RN                              5.200000  258.191528 -252.991531 (VIOLATED)
_19160_/RN                              5.200000  258.191528 -252.991531 (VIOLATED)
_19161_/RN                              5.200000  258.191528 -252.991531 (VIOLATED)
_19162_/RN                              5.200000  258.191528 -252.991531 (VIOLATED)
_19163_/RN                              5.200000  258.191528 -252.991531 (VIOLATED)
_19164_/RN                              5.200000  258.191528 -252.991531 (VIOLATED)
_19165_/RN                              5.200000  258.191528 -252.991531 (VIOLATED)
_19166_/RN                              5.200000  258.191528 -252.991531 (VIOLATED)
_19167_/RN                              5.200000  258.191528 -252.991531 (VIOLATED)
_19168_/RN                              5.200000  258.191528 -252.991531 (VIOLATED)
_19169_/RN                              5.200000  258.191528 -252.991531 (VIOLATED)
_19170_/RN                              5.200000  258.191528 -252.991531 (VIOLATED)
_19171_/RN                              5.200000  258.191528 -252.991531 (VIOLATED)
_19172_/RN                              5.200000  258.191528 -252.991531 (VIOLATED)
_19173_/RN                              5.200000  258.191528 -252.991531 (VIOLATED)
_19174_/RN                              5.200000  258.191528 -252.991531 (VIOLATED)
_19175_/RN                              5.200000  258.191528 -252.991531 (VIOLATED)
_19176_/RN                              5.200000  258.191528 -252.991531 (VIOLATED)
_19177_/RN                              5.200000  258.191528 -252.991531 (VIOLATED)
_19178_/RN                              5.200000  258.191528 -252.991531 (VIOLATED)
_19179_/RN                              5.200000  258.191528 -252.991531 (VIOLATED)
_19180_/RN                              5.200000  258.191528 -252.991531 (VIOLATED)
_19181_/RN                              5.200000  258.191528 -252.991531 (VIOLATED)
_19182_/RN                              5.200000  258.191528 -252.991531 (VIOLATED)
_19183_/RN                              5.200000  258.191528 -252.991531 (VIOLATED)
_19184_/RN                              5.200000  258.191528 -252.991531 (VIOLATED)
_19185_/RN                              5.200000  258.191528 -252.991531 (VIOLATED)
_19186_/RN                              5.200000  258.191528 -252.991531 (VIOLATED)
_19187_/RN                              5.200000  258.191528 -252.991531 (VIOLATED)
_19188_/RN                              5.200000  258.191528 -252.991531 (VIOLATED)
_19189_/RN                              5.200000  258.191528 -252.991531 (VIOLATED)
_19190_/RN                              5.200000  258.191528 -252.991531 (VIOLATED)
_19191_/RN                              5.200000  258.191528 -252.991531 (VIOLATED)
_19192_/RN                              5.200000  258.191528 -252.991531 (VIOLATED)
_19193_/RN                              5.200000  258.191528 -252.991531 (VIOLATED)
_19194_/RN                              5.200000  258.191528 -252.991531 (VIOLATED)
_19195_/RN                              5.200000  258.191528 -252.991531 (VIOLATED)
_19196_/RN                              5.200000  258.191528 -252.991531 (VIOLATED)
_19197_/RN                              5.200000  258.191528 -252.991531 (VIOLATED)
_19198_/RN                              5.200000  258.191528 -252.991531 (VIOLATED)
_19199_/RN                              5.200000  258.191528 -252.991531 (VIOLATED)
_19200_/RN                              5.200000  258.191528 -252.991531 (VIOLATED)
_19201_/RN                              5.200000  258.191528 -252.991531 (VIOLATED)
_19202_/RN                              5.200000  258.191528 -252.991531 (VIOLATED)
_19203_/RN                              5.200000  258.191528 -252.991531 (VIOLATED)
_19204_/RN                              5.200000  258.191528 -252.991531 (VIOLATED)
_19205_/RN                              5.200000  258.191528 -252.991531 (VIOLATED)
_19206_/RN                              5.200000  258.191528 -252.991531 (VIOLATED)
_19207_/RN                              5.200000  258.191528 -252.991531 (VIOLATED)
_19208_/RN                              5.200000  258.191528 -252.991531 (VIOLATED)
_19209_/RN                              5.200000  258.191528 -252.991531 (VIOLATED)
_19210_/RN                              5.200000  258.191528 -252.991531 (VIOLATED)
_19211_/RN                              5.200000  258.191528 -252.991531 (VIOLATED)
_19212_/RN                              5.200000  258.191528 -252.991531 (VIOLATED)
_19213_/RN                              5.200000  258.191528 -252.991531 (VIOLATED)
_19214_/RN                              5.200000  258.191528 -252.991531 (VIOLATED)
_19215_/RN                              5.200000  258.191528 -252.991531 (VIOLATED)
_19216_/RN                              5.200000  258.191528 -252.991531 (VIOLATED)
_19217_/RN                              5.200000  258.191528 -252.991531 (VIOLATED)
_19218_/RN                              5.200000  258.191528 -252.991531 (VIOLATED)
_19219_/RN                              5.200000  258.191528 -252.991531 (VIOLATED)
_19220_/RN                              5.200000  258.191528 -252.991531 (VIOLATED)
_19221_/RN                              5.200000  258.191528 -252.991531 (VIOLATED)
_19222_/RN                              5.200000  258.191528 -252.991531 (VIOLATED)
_19223_/RN                              5.200000  258.191528 -252.991531 (VIOLATED)
_19224_/RN                              5.200000  258.191528 -252.991531 (VIOLATED)
_19225_/RN                              5.200000  258.191528 -252.991531 (VIOLATED)
_19226_/RN                              5.200000  258.191528 -252.991531 (VIOLATED)
_19227_/RN                              5.200000  258.191528 -252.991531 (VIOLATED)
_19228_/RN                              5.200000  258.191528 -252.991531 (VIOLATED)
_19229_/RN                              5.200000  258.191528 -252.991531 (VIOLATED)
_19230_/RN                              5.200000  258.191528 -252.991531 (VIOLATED)
_19231_/RN                              5.200000  258.191528 -252.991531 (VIOLATED)
_19232_/RN                              5.200000  258.191528 -252.991531 (VIOLATED)
_19233_/RN                              5.200000  258.191528 -252.991531 (VIOLATED)
_19234_/RN                              5.200000  258.191528 -252.991531 (VIOLATED)
_19235_/RN                              5.200000  258.191528 -252.991531 (VIOLATED)
_19236_/RN                              5.200000  258.191528 -252.991531 (VIOLATED)
_19237_/RN                              5.200000  258.191528 -252.991531 (VIOLATED)
_19238_/RN                              5.200000  258.191528 -252.991531 (VIOLATED)
_19239_/RN                              5.200000  258.191528 -252.991531 (VIOLATED)
_19240_/RN                              5.200000  258.191528 -252.991531 (VIOLATED)
_19241_/RN                              5.200000  258.191528 -252.991531 (VIOLATED)
_19242_/RN                              5.200000  258.191528 -252.991531 (VIOLATED)
_19243_/RN                              5.200000  258.191528 -252.991531 (VIOLATED)
_19244_/RN                              5.200000  258.191528 -252.991531 (VIOLATED)
_19245_/RN                              5.200000  258.191528 -252.991531 (VIOLATED)
_19246_/RN                              5.200000  258.191528 -252.991531 (VIOLATED)
_19247_/RN                              5.200000  258.191528 -252.991531 (VIOLATED)
_19248_/RN                              5.200000  258.191528 -252.991531 (VIOLATED)
_19249_/RN                              5.200000  258.191528 -252.991531 (VIOLATED)
_19250_/RN                              5.200000  258.191528 -252.991531 (VIOLATED)
_19251_/RN                              5.200000  258.191528 -252.991531 (VIOLATED)
_19252_/RN                              5.200000  258.191528 -252.991531 (VIOLATED)
_19253_/RN                              5.200000  258.191528 -252.991531 (VIOLATED)
_19254_/RN                              5.200000  258.191528 -252.991531 (VIOLATED)
_19255_/RN                              5.200000  258.191528 -252.991531 (VIOLATED)
_19256_/RN                              5.200000  258.191528 -252.991531 (VIOLATED)
_19257_/RN                              5.200000  258.191528 -252.991531 (VIOLATED)
_19258_/RN                              5.200000  258.191528 -252.991531 (VIOLATED)
_19259_/RN                              5.200000  258.191528 -252.991531 (VIOLATED)
_19260_/RN                              5.200000  258.191528 -252.991531 (VIOLATED)
_19261_/RN                              5.200000  258.191528 -252.991531 (VIOLATED)
_19262_/RN                              5.200000  258.191528 -252.991531 (VIOLATED)
_19263_/RN                              5.200000  258.191528 -252.991531 (VIOLATED)
_19264_/RN                              5.200000  258.191528 -252.991531 (VIOLATED)
_19265_/RN                              5.200000  258.191528 -252.991531 (VIOLATED)
_19266_/RN                              5.200000  258.191528 -252.991531 (VIOLATED)
_19267_/RN                              5.200000  258.191528 -252.991531 (VIOLATED)
_19268_/RN                              5.200000  258.191528 -252.991531 (VIOLATED)
_19269_/RN                              5.200000  258.191528 -252.991531 (VIOLATED)
_19270_/RN                              5.200000  258.191528 -252.991531 (VIOLATED)
_19271_/RN                              5.200000  258.191528 -252.991531 (VIOLATED)
_19272_/RN                              5.200000  258.191528 -252.991531 (VIOLATED)
_19273_/RN                              5.200000  258.191528 -252.991531 (VIOLATED)
_19274_/RN                              5.200000  258.191528 -252.991531 (VIOLATED)
_19275_/RN                              5.200000  258.191528 -252.991531 (VIOLATED)
_19276_/RN                              5.200000  258.191528 -252.991531 (VIOLATED)
_19277_/RN                              5.200000  258.191528 -252.991531 (VIOLATED)
_19278_/RN                              5.200000  258.191528 -252.991531 (VIOLATED)
_19279_/RN                              5.200000  258.191528 -252.991531 (VIOLATED)
_19280_/RN                              5.200000  258.191528 -252.991531 (VIOLATED)
_19281_/RN                              5.200000  258.191528 -252.991531 (VIOLATED)
_19282_/RN                              5.200000  258.191528 -252.991531 (VIOLATED)
_19283_/RN                              5.200000  258.191528 -252.991531 (VIOLATED)
_19284_/RN                              5.200000  258.191528 -252.991531 (VIOLATED)
_19285_/RN                              5.200000  258.191528 -252.991531 (VIOLATED)
_19286_/RN                              5.200000  258.191528 -252.991531 (VIOLATED)
_19287_/RN                              5.200000  258.191528 -252.991531 (VIOLATED)
_19288_/RN                              5.200000  258.191528 -252.991531 (VIOLATED)
_19289_/RN                              5.200000  258.191528 -252.991531 (VIOLATED)
_19290_/RN                              5.200000  258.191528 -252.991531 (VIOLATED)
_19291_/RN                              5.200000  258.191528 -252.991531 (VIOLATED)
_19292_/RN                              5.200000  258.191528 -252.991531 (VIOLATED)
_19293_/RN                              5.200000  258.191528 -252.991531 (VIOLATED)
_19294_/RN                              5.200000  258.191528 -252.991531 (VIOLATED)
_19295_/RN                              5.200000  258.191528 -252.991531 (VIOLATED)
_19296_/RN                              5.200000  258.191528 -252.991531 (VIOLATED)
_19297_/RN                              5.200000  258.191528 -252.991531 (VIOLATED)
_19298_/RN                              5.200000  258.191528 -252.991531 (VIOLATED)
_19299_/RN                              5.200000  258.191528 -252.991531 (VIOLATED)
_19300_/RN                              5.200000  258.191528 -252.991531 (VIOLATED)
_19301_/RN                              5.200000  258.191528 -252.991531 (VIOLATED)
_19302_/RN                              5.200000  258.191528 -252.991531 (VIOLATED)
_19303_/RN                              5.200000  258.191528 -252.991531 (VIOLATED)
_19304_/RN                              5.200000  258.191528 -252.991531 (VIOLATED)
_19305_/RN                              5.200000  258.191528 -252.991531 (VIOLATED)
_19306_/RN                              5.200000  258.191528 -252.991531 (VIOLATED)
_19307_/RN                              5.200000  258.191528 -252.991531 (VIOLATED)
_19308_/RN                              5.200000  258.191528 -252.991531 (VIOLATED)
_19309_/RN                              5.200000  258.191528 -252.991531 (VIOLATED)
_19310_/RN                              5.200000  258.191528 -252.991531 (VIOLATED)
_19311_/RN                              5.200000  258.191528 -252.991531 (VIOLATED)
_19312_/RN                              5.200000  258.191528 -252.991531 (VIOLATED)
_19313_/RN                              5.200000  258.191528 -252.991531 (VIOLATED)
_19314_/RN                              5.200000  258.191528 -252.991531 (VIOLATED)
_19315_/RN                              5.200000  258.191528 -252.991531 (VIOLATED)
_19316_/RN                              5.200000  258.191528 -252.991531 (VIOLATED)
_19317_/RN                              5.200000  258.191528 -252.991531 (VIOLATED)
_19318_/RN                              5.200000  258.191528 -252.991531 (VIOLATED)
_19319_/RN                              5.200000  258.191528 -252.991531 (VIOLATED)
_19320_/RN                              5.200000  258.191528 -252.991531 (VIOLATED)
_19321_/RN                              5.200000  258.191528 -252.991531 (VIOLATED)
_19322_/RN                              5.200000  258.191528 -252.991531 (VIOLATED)
_19323_/RN                              5.200000  258.191528 -252.991531 (VIOLATED)
_19324_/RN                              5.200000  258.191528 -252.991531 (VIOLATED)
_19325_/RN                              5.200000  258.191528 -252.991531 (VIOLATED)
_19326_/RN                              5.200000  258.191528 -252.991531 (VIOLATED)
_19327_/RN                              5.200000  258.191528 -252.991531 (VIOLATED)
_19328_/RN                              5.200000  258.191528 -252.991531 (VIOLATED)
_19329_/RN                              5.200000  258.191528 -252.991531 (VIOLATED)
_19330_/RN                              5.200000  258.191528 -252.991531 (VIOLATED)
_19331_/RN                              5.200000  258.191528 -252.991531 (VIOLATED)
_19332_/RN                              5.200000  258.191528 -252.991531 (VIOLATED)
_19333_/RN                              5.200000  258.191528 -252.991531 (VIOLATED)
_19334_/RN                              5.200000  258.191528 -252.991531 (VIOLATED)
_19335_/RN                              5.200000  258.191528 -252.991531 (VIOLATED)
_19336_/RN                              5.200000  258.191528 -252.991531 (VIOLATED)
_19337_/RN                              5.200000  258.191528 -252.991531 (VIOLATED)
_19338_/RN                              5.200000  258.191528 -252.991531 (VIOLATED)
_19339_/RN                              5.200000  258.191528 -252.991531 (VIOLATED)
_19340_/RN                              5.200000  258.191528 -252.991531 (VIOLATED)
_19341_/RN                              5.200000  258.191528 -252.991531 (VIOLATED)
_19342_/RN                              5.200000  258.191528 -252.991531 (VIOLATED)
_19343_/RN                              5.200000  258.191528 -252.991531 (VIOLATED)
_19344_/RN                              5.200000  258.191528 -252.991531 (VIOLATED)
_19345_/RN                              5.200000  258.191528 -252.991531 (VIOLATED)
_19346_/RN                              5.200000  258.191528 -252.991531 (VIOLATED)
_19347_/RN                              5.200000  258.191528 -252.991531 (VIOLATED)
_19348_/RN                              5.200000  258.191528 -252.991531 (VIOLATED)
_19349_/RN                              5.200000  258.191528 -252.991531 (VIOLATED)
_19350_/RN                              5.200000  258.191528 -252.991531 (VIOLATED)
_19351_/RN                              5.200000  258.191528 -252.991531 (VIOLATED)
_19352_/RN                              5.200000  258.191528 -252.991531 (VIOLATED)
_19353_/RN                              5.200000  258.191528 -252.991531 (VIOLATED)
_19354_/RN                              5.200000  258.191528 -252.991531 (VIOLATED)
_19355_/RN                              5.200000  258.191528 -252.991531 (VIOLATED)
_19356_/RN                              5.200000  258.191528 -252.991531 (VIOLATED)
_19357_/RN                              5.200000  258.191528 -252.991531 (VIOLATED)
_19358_/RN                              5.200000  258.191528 -252.991531 (VIOLATED)
_19359_/RN                              5.200000  258.191528 -252.991531 (VIOLATED)
_19360_/RN                              5.200000  258.191528 -252.991531 (VIOLATED)
_19361_/RN                              5.200000  258.191528 -252.991531 (VIOLATED)
_19362_/RN                              5.200000  258.191528 -252.991531 (VIOLATED)
_19363_/RN                              5.200000  258.191528 -252.991531 (VIOLATED)
_19364_/RN                              5.200000  258.191528 -252.991531 (VIOLATED)
_19365_/RN                              5.200000  258.191528 -252.991531 (VIOLATED)
_19366_/RN                              5.200000  258.191528 -252.991531 (VIOLATED)
_19367_/RN                              5.200000  258.191528 -252.991531 (VIOLATED)
_19368_/RN                              5.200000  258.191528 -252.991531 (VIOLATED)
_19369_/RN                              5.200000  258.191528 -252.991531 (VIOLATED)
_19370_/RN                              5.200000  258.191528 -252.991531 (VIOLATED)
_19371_/RN                              5.200000  258.191528 -252.991531 (VIOLATED)
_19372_/RN                              5.200000  258.191528 -252.991531 (VIOLATED)
_19373_/RN                              5.200000  258.191528 -252.991531 (VIOLATED)
_19374_/RN                              5.200000  258.191528 -252.991531 (VIOLATED)
_19375_/RN                              5.200000  258.191528 -252.991531 (VIOLATED)
_19376_/RN                              5.200000  258.191528 -252.991531 (VIOLATED)
_19377_/RN                              5.200000  258.191528 -252.991531 (VIOLATED)
_19378_/RN                              5.200000  258.191528 -252.991531 (VIOLATED)
_19379_/RN                              5.200000  258.191528 -252.991531 (VIOLATED)
_19380_/RN                              5.200000  258.191528 -252.991531 (VIOLATED)
_19381_/RN                              5.200000  258.191528 -252.991531 (VIOLATED)
_19382_/RN                              5.200000  258.191528 -252.991531 (VIOLATED)
_19383_/RN                              5.200000  258.191528 -252.991531 (VIOLATED)
_19384_/RN                              5.200000  258.191528 -252.991531 (VIOLATED)
_19385_/RN                              5.200000  258.191528 -252.991531 (VIOLATED)
_19386_/RN                              5.200000  258.191528 -252.991531 (VIOLATED)
_19387_/RN                              5.200000  258.191528 -252.991531 (VIOLATED)
_19388_/RN                              5.200000  258.191528 -252.991531 (VIOLATED)
_19389_/RN                              5.200000  258.191528 -252.991531 (VIOLATED)
_19390_/RN                              5.200000  258.191528 -252.991531 (VIOLATED)
_19391_/RN                              5.200000  258.191528 -252.991531 (VIOLATED)
_19392_/RN                              5.200000  258.191528 -252.991531 (VIOLATED)
_19393_/RN                              5.200000  258.191528 -252.991531 (VIOLATED)
_19394_/RN                              5.200000  258.191528 -252.991531 (VIOLATED)
_19395_/RN                              5.200000  258.191528 -252.991531 (VIOLATED)
_19396_/RN                              5.200000  258.191528 -252.991531 (VIOLATED)
_19397_/RN                              5.200000  258.191528 -252.991531 (VIOLATED)
_19398_/RN                              5.200000  258.191528 -252.991531 (VIOLATED)
_19399_/RN                              5.200000  258.191528 -252.991531 (VIOLATED)
_19400_/RN                              5.200000  258.191528 -252.991531 (VIOLATED)
_19401_/RN                              5.200000  258.191528 -252.991531 (VIOLATED)
_19402_/RN                              5.200000  258.191528 -252.991531 (VIOLATED)
_19403_/RN                              5.200000  258.191528 -252.991531 (VIOLATED)
_19404_/RN                              5.200000  258.191528 -252.991531 (VIOLATED)
_19405_/RN                              5.200000  258.191528 -252.991531 (VIOLATED)
_19406_/RN                              5.200000  258.191528 -252.991531 (VIOLATED)
_19407_/RN                              5.200000  258.191528 -252.991531 (VIOLATED)
_19408_/RN                              5.200000  258.191528 -252.991531 (VIOLATED)
_19409_/RN                              5.200000  258.191528 -252.991531 (VIOLATED)
_19410_/RN                              5.200000  258.191528 -252.991531 (VIOLATED)
_19411_/RN                              5.200000  258.191528 -252.991531 (VIOLATED)
_19412_/RN                              5.200000  258.191528 -252.991531 (VIOLATED)
_19413_/RN                              5.200000  258.191528 -252.991531 (VIOLATED)
_19414_/RN                              5.200000  258.191528 -252.991531 (VIOLATED)
_19415_/RN                              5.200000  258.191528 -252.991531 (VIOLATED)
_19416_/RN                              5.200000  258.191528 -252.991531 (VIOLATED)
_19417_/RN                              5.200000  258.191528 -252.991531 (VIOLATED)
_19418_/RN                              5.200000  258.191528 -252.991531 (VIOLATED)
_19419_/RN                              5.200000  258.191528 -252.991531 (VIOLATED)
_19420_/RN                              5.200000  258.191528 -252.991531 (VIOLATED)
_19421_/RN                              5.200000  258.191528 -252.991531 (VIOLATED)
_19422_/SETN                            5.200000  258.191528 -252.991531 (VIOLATED)
_19423_/RN                              5.200000  258.191528 -252.991531 (VIOLATED)
_19424_/RN                              5.200000  258.191528 -252.991531 (VIOLATED)
_19425_/SETN                            5.200000  258.191528 -252.991531 (VIOLATED)
_19426_/RN                              5.200000  258.191528 -252.991531 (VIOLATED)
_19427_/RN                              5.200000  258.191528 -252.991531 (VIOLATED)
_19428_/RN                              5.200000  258.191528 -252.991531 (VIOLATED)
_19429_/RN                              5.200000  258.191528 -252.991531 (VIOLATED)
_19430_/RN                              5.200000  258.191528 -252.991531 (VIOLATED)
_19431_/RN                              5.200000  258.191528 -252.991531 (VIOLATED)
_19432_/RN                              5.200000  258.191528 -252.991531 (VIOLATED)
_08889_/ZN                              5.200000   56.621220  -51.421219 (VIOLATED)
_08891_/A2                              5.200000   56.621220  -51.421219 (VIOLATED)
_09296_/B                               5.200000   56.621220  -51.421219 (VIOLATED)
_09758_/A4                              5.200000   56.621220  -51.421219 (VIOLATED)
_12083_/A2                              5.200000   56.621220  -51.421219 (VIOLATED)
_12090_/A1                              5.200000   56.621220  -51.421219 (VIOLATED)
_12091_/A2                              5.200000   56.621220  -51.421219 (VIOLATED)
_12098_/A1                              5.200000   56.621220  -51.421219 (VIOLATED)
_12099_/A2                              5.200000   56.621220  -51.421219 (VIOLATED)
_12105_/A1                              5.200000   56.621220  -51.421219 (VIOLATED)
_12106_/A2                              5.200000   56.621220  -51.421219 (VIOLATED)
_12111_/A1                              5.200000   56.621220  -51.421219 (VIOLATED)
_12112_/A2                              5.200000   56.621220  -51.421219 (VIOLATED)
_12118_/A1                              5.200000   56.621220  -51.421219 (VIOLATED)
_12119_/A2                              5.200000   56.621220  -51.421219 (VIOLATED)
_12125_/A1                              5.200000   56.621220  -51.421219 (VIOLATED)
_12130_/S                               5.200000   56.621220  -51.421219 (VIOLATED)
_12131_/A2                              5.200000   56.621220  -51.421219 (VIOLATED)
_12136_/A1                              5.200000   56.621220  -51.421219 (VIOLATED)
_12137_/A2                              5.200000   56.621220  -51.421219 (VIOLATED)
_12141_/A1                              5.200000   56.621220  -51.421219 (VIOLATED)
_12142_/A2                              5.200000   56.621220  -51.421219 (VIOLATED)
_12146_/A1                              5.200000   56.621220  -51.421219 (VIOLATED)
_12147_/A2                              5.200000   56.621220  -51.421219 (VIOLATED)
_12151_/A1                              5.200000   56.621220  -51.421219 (VIOLATED)
_12152_/A2                              5.200000   56.621220  -51.421219 (VIOLATED)
_12156_/A1                              5.200000   56.621220  -51.421219 (VIOLATED)
_12157_/A2                              5.200000   56.621220  -51.421219 (VIOLATED)
_12161_/A1                              5.200000   56.621220  -51.421219 (VIOLATED)
_12162_/A2                              5.200000   56.621220  -51.421219 (VIOLATED)
_12166_/A1                              5.200000   56.621220  -51.421219 (VIOLATED)
_12167_/A2                              5.200000   56.621220  -51.421219 (VIOLATED)
_12171_/A1                              5.200000   56.621220  -51.421219 (VIOLATED)
_12172_/A2                              5.200000   56.621220  -51.421219 (VIOLATED)
_12176_/A1                              5.200000   56.621220  -51.421219 (VIOLATED)
_12177_/A2                              5.200000   56.621220  -51.421219 (VIOLATED)
_12181_/A1                              5.200000   56.621220  -51.421219 (VIOLATED)
_12182_/A2                              5.200000   56.621220  -51.421219 (VIOLATED)
_12186_/A1                              5.200000   56.621220  -51.421219 (VIOLATED)
_12187_/A2                              5.200000   56.621220  -51.421219 (VIOLATED)
_12191_/A1                              5.200000   56.621220  -51.421219 (VIOLATED)
_12192_/A2                              5.200000   56.621220  -51.421219 (VIOLATED)
_12196_/A1                              5.200000   56.621220  -51.421219 (VIOLATED)
_12197_/A2                              5.200000   56.621220  -51.421219 (VIOLATED)
_12201_/A1                              5.200000   56.621220  -51.421219 (VIOLATED)
_12202_/A2                              5.200000   56.621220  -51.421219 (VIOLATED)
_12206_/A1                              5.200000   56.621220  -51.421219 (VIOLATED)
_12207_/A2                              5.200000   56.621220  -51.421219 (VIOLATED)
_12211_/A1                              5.200000   56.621220  -51.421219 (VIOLATED)
_12212_/A2                              5.200000   56.621220  -51.421219 (VIOLATED)
_12216_/A1                              5.200000   56.621220  -51.421219 (VIOLATED)
_12217_/A2                              5.200000   56.621220  -51.421219 (VIOLATED)
_12221_/A1                              5.200000   56.621220  -51.421219 (VIOLATED)
_12222_/A2                              5.200000   56.621220  -51.421219 (VIOLATED)
_12226_/A1                              5.200000   56.621220  -51.421219 (VIOLATED)
_12227_/A2                              5.200000   56.621220  -51.421219 (VIOLATED)
_12231_/A1                              5.200000   56.621220  -51.421219 (VIOLATED)
_12232_/A2                              5.200000   56.621220  -51.421219 (VIOLATED)
_12236_/A1                              5.200000   56.621220  -51.421219 (VIOLATED)
_12237_/A2                              5.200000   56.621220  -51.421219 (VIOLATED)
_12241_/A1                              5.200000   56.621220  -51.421219 (VIOLATED)
_12242_/A2                              5.200000   56.621220  -51.421219 (VIOLATED)
_12246_/A1                              5.200000   56.621220  -51.421219 (VIOLATED)
_12247_/A2                              5.200000   56.621220  -51.421219 (VIOLATED)
_12251_/A1                              5.200000   56.621220  -51.421219 (VIOLATED)
_12252_/A2                              5.200000   56.621220  -51.421219 (VIOLATED)
_12256_/A1                              5.200000   56.621220  -51.421219 (VIOLATED)
_12257_/A2                              5.200000   56.621220  -51.421219 (VIOLATED)
_12261_/A1                              5.200000   56.621220  -51.421219 (VIOLATED)
_12262_/A2                              5.200000   56.621220  -51.421219 (VIOLATED)
_12266_/A1                              5.200000   56.621220  -51.421219 (VIOLATED)
_12267_/A2                              5.200000   56.621220  -51.421219 (VIOLATED)
_12271_/A1                              5.200000   56.621220  -51.421219 (VIOLATED)
_12272_/A2                              5.200000   56.621220  -51.421219 (VIOLATED)
_12276_/A1                              5.200000   56.621220  -51.421219 (VIOLATED)
_12277_/A2                              5.200000   56.621220  -51.421219 (VIOLATED)
_12281_/A1                              5.200000   56.621220  -51.421219 (VIOLATED)
_12282_/A2                              5.200000   56.621220  -51.421219 (VIOLATED)
_12286_/A1                              5.200000   56.621220  -51.421219 (VIOLATED)
_12287_/A2                              5.200000   56.621220  -51.421219 (VIOLATED)
_12291_/A1                              5.200000   56.621220  -51.421219 (VIOLATED)
_12292_/A2                              5.200000   56.621220  -51.421219 (VIOLATED)
_12296_/A1                              5.200000   56.621220  -51.421219 (VIOLATED)
_12297_/A2                              5.200000   56.621220  -51.421219 (VIOLATED)
_12301_/A1                              5.200000   56.621220  -51.421219 (VIOLATED)
_12302_/A2                              5.200000   56.621220  -51.421219 (VIOLATED)
_12306_/A1                              5.200000   56.621220  -51.421219 (VIOLATED)
_12307_/A2                              5.200000   56.621220  -51.421219 (VIOLATED)
_12311_/A1                              5.200000   56.621220  -51.421219 (VIOLATED)
_12312_/A2                              5.200000   56.621220  -51.421219 (VIOLATED)
_12316_/A1                              5.200000   56.621220  -51.421219 (VIOLATED)
_12317_/A2                              5.200000   56.621220  -51.421219 (VIOLATED)
_12321_/A1                              5.200000   56.621220  -51.421219 (VIOLATED)
_12322_/A2                              5.200000   56.621220  -51.421219 (VIOLATED)
_12326_/A1                              5.200000   56.621220  -51.421219 (VIOLATED)
_12327_/A2                              5.200000   56.621220  -51.421219 (VIOLATED)
_12331_/A1                              5.200000   56.621220  -51.421219 (VIOLATED)
_12332_/A2                              5.200000   56.621220  -51.421219 (VIOLATED)
_12336_/A1                              5.200000   56.621220  -51.421219 (VIOLATED)
_12337_/A2                              5.200000   56.621220  -51.421219 (VIOLATED)
_12341_/A1                              5.200000   56.621220  -51.421219 (VIOLATED)
_12342_/A2                              5.200000   56.621220  -51.421219 (VIOLATED)
_12346_/A1                              5.200000   56.621220  -51.421219 (VIOLATED)
_12347_/A2                              5.200000   56.621220  -51.421219 (VIOLATED)
_12351_/A1                              5.200000   56.621220  -51.421219 (VIOLATED)
_12352_/A2                              5.200000   56.621220  -51.421219 (VIOLATED)
_12356_/A1                              5.200000   56.621220  -51.421219 (VIOLATED)
_12357_/A2                              5.200000   56.621220  -51.421219 (VIOLATED)
_12361_/A1                              5.200000   56.621220  -51.421219 (VIOLATED)
_12362_/A2                              5.200000   56.621220  -51.421219 (VIOLATED)
_12366_/A1                              5.200000   56.621220  -51.421219 (VIOLATED)
_12367_/A2                              5.200000   56.621220  -51.421219 (VIOLATED)
_12371_/A1                              5.200000   56.621220  -51.421219 (VIOLATED)
_12372_/A2                              5.200000   56.621220  -51.421219 (VIOLATED)
_12376_/A1                              5.200000   56.621220  -51.421219 (VIOLATED)
_12377_/A2                              5.200000   56.621220  -51.421219 (VIOLATED)
_12381_/A1                              5.200000   56.621220  -51.421219 (VIOLATED)
_12382_/A2                              5.200000   56.621220  -51.421219 (VIOLATED)
_12386_/A1                              5.200000   56.621220  -51.421219 (VIOLATED)
_12387_/A2                              5.200000   56.621220  -51.421219 (VIOLATED)
_12391_/A1                              5.200000   56.621220  -51.421219 (VIOLATED)
_12392_/A2                              5.200000   56.621220  -51.421219 (VIOLATED)
_12396_/A1                              5.200000   56.621220  -51.421219 (VIOLATED)
_12397_/A2                              5.200000   56.621220  -51.421219 (VIOLATED)
_12401_/A1                              5.200000   56.621220  -51.421219 (VIOLATED)
_12402_/A2                              5.200000   56.621220  -51.421219 (VIOLATED)
_12406_/A1                              5.200000   56.621220  -51.421219 (VIOLATED)
_12407_/A2                              5.200000   56.621220  -51.421219 (VIOLATED)
_12411_/A1                              5.200000   56.621220  -51.421219 (VIOLATED)
_12412_/A2                              5.200000   56.621220  -51.421219 (VIOLATED)
_12416_/A1                              5.200000   56.621220  -51.421219 (VIOLATED)
_15499_/B                               5.200000   56.621220  -51.421219 (VIOLATED)
_15509_/B                               5.200000   56.621220  -51.421219 (VIOLATED)
_15513_/B                               5.200000   56.621220  -51.421219 (VIOLATED)
_15516_/B                               5.200000   56.621220  -51.421219 (VIOLATED)
_15521_/B                               5.200000   56.621220  -51.421219 (VIOLATED)
_15747_/A2                              5.200000   56.621220  -51.421219 (VIOLATED)
_15750_/A1                              5.200000   56.621220  -51.421219 (VIOLATED)
_15751_/A2                              5.200000   56.621220  -51.421219 (VIOLATED)
_15754_/A1                              5.200000   56.621220  -51.421219 (VIOLATED)
_15755_/A2                              5.200000   56.621220  -51.421219 (VIOLATED)
_15758_/A1                              5.200000   56.621220  -51.421219 (VIOLATED)
_15759_/A2                              5.200000   56.621220  -51.421219 (VIOLATED)
_15762_/A1                              5.200000   56.621220  -51.421219 (VIOLATED)
_15763_/A2                              5.200000   56.621220  -51.421219 (VIOLATED)
_15766_/A1                              5.200000   56.621220  -51.421219 (VIOLATED)
_15767_/A2                              5.200000   56.621220  -51.421219 (VIOLATED)
_15770_/A1                              5.200000   56.621220  -51.421219 (VIOLATED)
_15771_/A2                              5.200000   56.621220  -51.421219 (VIOLATED)
_15774_/A1                              5.200000   56.621220  -51.421219 (VIOLATED)
_15775_/A2                              5.200000   56.621220  -51.421219 (VIOLATED)
_15778_/A1                              5.200000   56.621220  -51.421219 (VIOLATED)
_16016_/A1                              5.200000   56.621220  -51.421219 (VIOLATED)
_16020_/A1                              5.200000   56.621220  -51.421219 (VIOLATED)
_16024_/A1                              5.200000   56.621220  -51.421219 (VIOLATED)
_16028_/A1                              5.200000   56.621220  -51.421219 (VIOLATED)
_16032_/A1                              5.200000   56.621220  -51.421219 (VIOLATED)
_16036_/A1                              5.200000   56.621220  -51.421219 (VIOLATED)
_16040_/A1                              5.200000   56.621220  -51.421219 (VIOLATED)
_16044_/C                               5.200000   56.621220  -51.421219 (VIOLATED)
_16048_/A1                              5.200000   56.621220  -51.421219 (VIOLATED)
_16052_/C                               5.200000   56.621220  -51.421219 (VIOLATED)
_16056_/A1                              5.200000   56.621220  -51.421219 (VIOLATED)
_16060_/C                               5.200000   56.621220  -51.421219 (VIOLATED)
_16064_/A1                              5.200000   56.621220  -51.421219 (VIOLATED)
_16068_/A1                              5.200000   56.621220  -51.421219 (VIOLATED)
_16072_/A1                              5.200000   56.621220  -51.421219 (VIOLATED)
_16076_/A1                              5.200000   56.621220  -51.421219 (VIOLATED)
_16080_/A1                              5.200000   56.621220  -51.421219 (VIOLATED)
_16084_/A1                              5.200000   56.621220  -51.421219 (VIOLATED)
_16088_/C                               5.200000   56.621220  -51.421219 (VIOLATED)
_16092_/A1                              5.200000   56.621220  -51.421219 (VIOLATED)
_16096_/A1                              5.200000   56.621220  -51.421219 (VIOLATED)
_16100_/C                               5.200000   56.621220  -51.421219 (VIOLATED)
_16104_/C                               5.200000   56.621220  -51.421219 (VIOLATED)
_16108_/C                               5.200000   56.621220  -51.421219 (VIOLATED)
_16112_/C                               5.200000   56.621220  -51.421219 (VIOLATED)
_16116_/C                               5.200000   56.621220  -51.421219 (VIOLATED)
_16120_/C                               5.200000   56.621220  -51.421219 (VIOLATED)
_16124_/A1                              5.200000   56.621220  -51.421219 (VIOLATED)
_16128_/C                               5.200000   56.621220  -51.421219 (VIOLATED)
_16132_/A1                              5.200000   56.621220  -51.421219 (VIOLATED)
_16136_/C                               5.200000   56.621220  -51.421219 (VIOLATED)
_16140_/C                               5.200000   56.621220  -51.421219 (VIOLATED)
_16144_/A1                              5.200000   56.621220  -51.421219 (VIOLATED)
_16148_/A1                              5.200000   56.621220  -51.421219 (VIOLATED)
_16152_/A1                              5.200000   56.621220  -51.421219 (VIOLATED)
_16156_/A1                              5.200000   56.621220  -51.421219 (VIOLATED)
_16160_/A1                              5.200000   56.621220  -51.421219 (VIOLATED)
_16164_/C                               5.200000   56.621220  -51.421219 (VIOLATED)
_16168_/C                               5.200000   56.621220  -51.421219 (VIOLATED)
_16172_/C                               5.200000   56.621220  -51.421219 (VIOLATED)
_16176_/A1                              5.200000   56.621220  -51.421219 (VIOLATED)
_16180_/C                               5.200000   56.621220  -51.421219 (VIOLATED)
_16184_/C                               5.200000   56.621220  -51.421219 (VIOLATED)
_16188_/C                               5.200000   56.621220  -51.421219 (VIOLATED)
_16192_/A1                              5.200000   56.621220  -51.421219 (VIOLATED)
_16196_/A1                              5.200000   56.621220  -51.421219 (VIOLATED)
_16200_/A1                              5.200000   56.621220  -51.421219 (VIOLATED)
_16204_/A1                              5.200000   56.621220  -51.421219 (VIOLATED)
_16208_/A1                              5.200000   56.621220  -51.421219 (VIOLATED)
_16212_/A1                              5.200000   56.621220  -51.421219 (VIOLATED)
_16216_/A1                              5.200000   56.621220  -51.421219 (VIOLATED)
_16220_/A1                              5.200000   56.621220  -51.421219 (VIOLATED)
_16224_/A1                              5.200000   56.621220  -51.421219 (VIOLATED)
_16228_/C                               5.200000   56.621220  -51.421219 (VIOLATED)
_16232_/C                               5.200000   56.621220  -51.421219 (VIOLATED)
_16236_/C                               5.200000   56.621220  -51.421219 (VIOLATED)
_16240_/C                               5.200000   56.621220  -51.421219 (VIOLATED)
_16244_/C                               5.200000   56.621220  -51.421219 (VIOLATED)
_16248_/C                               5.200000   56.621220  -51.421219 (VIOLATED)
_16252_/C                               5.200000   56.621220  -51.421219 (VIOLATED)
_16255_/A2                              5.200000   56.621220  -51.421219 (VIOLATED)
_16258_/A1                              5.200000   56.621220  -51.421219 (VIOLATED)
_16259_/A2                              5.200000   56.621220  -51.421219 (VIOLATED)
_16262_/A1                              5.200000   56.621220  -51.421219 (VIOLATED)
_16263_/A2                              5.200000   56.621220  -51.421219 (VIOLATED)
_16266_/A1                              5.200000   56.621220  -51.421219 (VIOLATED)
_16267_/A2                              5.200000   56.621220  -51.421219 (VIOLATED)
_16270_/A1                              5.200000   56.621220  -51.421219 (VIOLATED)
_16271_/A2                              5.200000   56.621220  -51.421219 (VIOLATED)
_16274_/A1                              5.200000   56.621220  -51.421219 (VIOLATED)
_16275_/A2                              5.200000   56.621220  -51.421219 (VIOLATED)
_16278_/A1                              5.200000   56.621220  -51.421219 (VIOLATED)
_16279_/A2                              5.200000   56.621220  -51.421219 (VIOLATED)
_16282_/A1                              5.200000   56.621220  -51.421219 (VIOLATED)
_16283_/A2                              5.200000   56.621220  -51.421219 (VIOLATED)
_16286_/A1                              5.200000   56.621220  -51.421219 (VIOLATED)
_16287_/A2                              5.200000   56.621220  -51.421219 (VIOLATED)
_16290_/A1                              5.200000   56.621220  -51.421219 (VIOLATED)
_16291_/A2                              5.200000   56.621220  -51.421219 (VIOLATED)
_16294_/A1                              5.200000   56.621220  -51.421219 (VIOLATED)
_16295_/A2                              5.200000   56.621220  -51.421219 (VIOLATED)
_16298_/A1                              5.200000   56.621220  -51.421219 (VIOLATED)
_16299_/A2                              5.200000   56.621220  -51.421219 (VIOLATED)
_16302_/A1                              5.200000   56.621220  -51.421219 (VIOLATED)
_16303_/A2                              5.200000   56.621220  -51.421219 (VIOLATED)
_16306_/A1                              5.200000   56.621220  -51.421219 (VIOLATED)
_16307_/A2                              5.200000   56.621220  -51.421219 (VIOLATED)
_16310_/A1                              5.200000   56.621220  -51.421219 (VIOLATED)
_16311_/A2                              5.200000   56.621220  -51.421219 (VIOLATED)
_16314_/A1                              5.200000   56.621220  -51.421219 (VIOLATED)
_16315_/A2                              5.200000   56.621220  -51.421219 (VIOLATED)
_16318_/A1                              5.200000   56.621220  -51.421219 (VIOLATED)
_16319_/A2                              5.200000   56.621220  -51.421219 (VIOLATED)
_16322_/A1                              5.200000   56.621220  -51.421219 (VIOLATED)
_16323_/A2                              5.200000   56.621220  -51.421219 (VIOLATED)
_16326_/A1                              5.200000   56.621220  -51.421219 (VIOLATED)
_16327_/A2                              5.200000   56.621220  -51.421219 (VIOLATED)
_16330_/A1                              5.200000   56.621220  -51.421219 (VIOLATED)
_16331_/A2                              5.200000   56.621220  -51.421219 (VIOLATED)
_16334_/A1                              5.200000   56.621220  -51.421219 (VIOLATED)
_16335_/A2                              5.200000   56.621220  -51.421219 (VIOLATED)
_16338_/A1                              5.200000   56.621220  -51.421219 (VIOLATED)
_16339_/A2                              5.200000   56.621220  -51.421219 (VIOLATED)
_16342_/A1                              5.200000   56.621220  -51.421219 (VIOLATED)
_16343_/A2                              5.200000   56.621220  -51.421219 (VIOLATED)
_16346_/A1                              5.200000   56.621220  -51.421219 (VIOLATED)
_16347_/A2                              5.200000   56.621220  -51.421219 (VIOLATED)
_16350_/A1                              5.200000   56.621220  -51.421219 (VIOLATED)
_16351_/A2                              5.200000   56.621220  -51.421219 (VIOLATED)
_16354_/A1                              5.200000   56.621220  -51.421219 (VIOLATED)
_16355_/A2                              5.200000   56.621220  -51.421219 (VIOLATED)
_16358_/A1                              5.200000   56.621220  -51.421219 (VIOLATED)
_16359_/A2                              5.200000   56.621220  -51.421219 (VIOLATED)
_16362_/A1                              5.200000   56.621220  -51.421219 (VIOLATED)
_16363_/A2                              5.200000   56.621220  -51.421219 (VIOLATED)
_16366_/A1                              5.200000   56.621220  -51.421219 (VIOLATED)
_16367_/A2                              5.200000   56.621220  -51.421219 (VIOLATED)
_16370_/A1                              5.200000   56.621220  -51.421219 (VIOLATED)
_16371_/A2                              5.200000   56.621220  -51.421219 (VIOLATED)
_16374_/A1                              5.200000   56.621220  -51.421219 (VIOLATED)
_16375_/A2                              5.200000   56.621220  -51.421219 (VIOLATED)
_16378_/A1                              5.200000   56.621220  -51.421219 (VIOLATED)
_16379_/A2                              5.200000   56.621220  -51.421219 (VIOLATED)
_16382_/A1                              5.200000   56.621220  -51.421219 (VIOLATED)
_16383_/A2                              5.200000   56.621220  -51.421219 (VIOLATED)
_16386_/A1                              5.200000   56.621220  -51.421219 (VIOLATED)
_16387_/A2                              5.200000   56.621220  -51.421219 (VIOLATED)
_16390_/A1                              5.200000   56.621220  -51.421219 (VIOLATED)
_16391_/A2                              5.200000   56.621220  -51.421219 (VIOLATED)
_16394_/A1                              5.200000   56.621220  -51.421219 (VIOLATED)
_16395_/A2                              5.200000   56.621220  -51.421219 (VIOLATED)
_16398_/A1                              5.200000   56.621220  -51.421219 (VIOLATED)
_16399_/A2                              5.200000   56.621220  -51.421219 (VIOLATED)
_16402_/A1                              5.200000   56.621220  -51.421219 (VIOLATED)
_16403_/A2                              5.200000   56.621220  -51.421219 (VIOLATED)
_16406_/A1                              5.200000   56.621220  -51.421219 (VIOLATED)
_16407_/A2                              5.200000   56.621220  -51.421219 (VIOLATED)
_16410_/A1                              5.200000   56.621220  -51.421219 (VIOLATED)
_16411_/A2                              5.200000   56.621220  -51.421219 (VIOLATED)
_16414_/A1                              5.200000   56.621220  -51.421219 (VIOLATED)
_16415_/A2                              5.200000   56.621220  -51.421219 (VIOLATED)
_16418_/A1                              5.200000   56.621220  -51.421219 (VIOLATED)
_16419_/A2                              5.200000   56.621220  -51.421219 (VIOLATED)
_16422_/A1                              5.200000   56.621220  -51.421219 (VIOLATED)
_16423_/A2                              5.200000   56.621220  -51.421219 (VIOLATED)
_16426_/A1                              5.200000   56.621220  -51.421219 (VIOLATED)
_16427_/A2                              5.200000   56.621220  -51.421219 (VIOLATED)
_16430_/A1                              5.200000   56.621220  -51.421219 (VIOLATED)
_16431_/A2                              5.200000   56.621220  -51.421219 (VIOLATED)
_16434_/A1                              5.200000   56.621220  -51.421219 (VIOLATED)
_16435_/A2                              5.200000   56.621220  -51.421219 (VIOLATED)
_16438_/A1                              5.200000   56.621220  -51.421219 (VIOLATED)
_16439_/A2                              5.200000   56.621220  -51.421219 (VIOLATED)
_16442_/A1                              5.200000   56.621220  -51.421219 (VIOLATED)
_16443_/A2                              5.200000   56.621220  -51.421219 (VIOLATED)
_16446_/A1                              5.200000   56.621220  -51.421219 (VIOLATED)
_16447_/A2                              5.200000   56.621220  -51.421219 (VIOLATED)
_16450_/A1                              5.200000   56.621220  -51.421219 (VIOLATED)
_16451_/A2                              5.200000   56.621220  -51.421219 (VIOLATED)
_16454_/A1                              5.200000   56.621220  -51.421219 (VIOLATED)
_16455_/A2                              5.200000   56.621220  -51.421219 (VIOLATED)
_16458_/A1                              5.200000   56.621220  -51.421219 (VIOLATED)
_16459_/A2                              5.200000   56.621220  -51.421219 (VIOLATED)
_16462_/A1                              5.200000   56.621220  -51.421219 (VIOLATED)
_16463_/A2                              5.200000   56.621220  -51.421219 (VIOLATED)
_16466_/A1                              5.200000   56.621220  -51.421219 (VIOLATED)
_16467_/A2                              5.200000   56.621220  -51.421219 (VIOLATED)
_16470_/A1                              5.200000   56.621220  -51.421219 (VIOLATED)
_16471_/A2                              5.200000   56.621220  -51.421219 (VIOLATED)
_16474_/A1                              5.200000   56.621220  -51.421219 (VIOLATED)
_16475_/A2                              5.200000   56.621220  -51.421219 (VIOLATED)
_16478_/A1                              5.200000   56.621220  -51.421219 (VIOLATED)
_16479_/A2                              5.200000   56.621220  -51.421219 (VIOLATED)
_16482_/A1                              5.200000   56.621220  -51.421219 (VIOLATED)
_16483_/A2                              5.200000   56.621220  -51.421219 (VIOLATED)
_16486_/A1                              5.200000   56.621220  -51.421219 (VIOLATED)
_16487_/A2                              5.200000   56.621220  -51.421219 (VIOLATED)
_16490_/A1                              5.200000   56.621220  -51.421219 (VIOLATED)
_16491_/A2                              5.200000   56.621220  -51.421219 (VIOLATED)
_16494_/A1                              5.200000   56.621220  -51.421219 (VIOLATED)
_16495_/A2                              5.200000   56.621220  -51.421219 (VIOLATED)
_16498_/A1                              5.200000   56.621220  -51.421219 (VIOLATED)
_16499_/A2                              5.200000   56.621220  -51.421219 (VIOLATED)
_16502_/A1                              5.200000   56.621220  -51.421219 (VIOLATED)
_16503_/A2                              5.200000   56.621220  -51.421219 (VIOLATED)
_16506_/A1                              5.200000   56.621220  -51.421219 (VIOLATED)
_16507_/A2                              5.200000   56.621220  -51.421219 (VIOLATED)
_16510_/A1                              5.200000   56.621220  -51.421219 (VIOLATED)
_08765_/Z                               5.200000   37.153027  -31.953026 (VIOLATED)
_08766_/I                               5.200000   37.153027  -31.953026 (VIOLATED)
_12422_/B                               5.200000   37.153027  -31.953026 (VIOLATED)
_12423_/A2                              5.200000   37.153027  -31.953026 (VIOLATED)
_12429_/B                               5.200000   37.153027  -31.953026 (VIOLATED)
_12430_/A2                              5.200000   37.153027  -31.953026 (VIOLATED)
_12435_/B                               5.200000   37.153027  -31.953026 (VIOLATED)
_12436_/A2                              5.200000   37.153027  -31.953026 (VIOLATED)
_12441_/B                               5.200000   37.153027  -31.953026 (VIOLATED)
_12442_/A2                              5.200000   37.153027  -31.953026 (VIOLATED)
_12447_/B                               5.200000   37.153027  -31.953026 (VIOLATED)
_12448_/A2                              5.200000   37.153027  -31.953026 (VIOLATED)
_12453_/B                               5.200000   37.153027  -31.953026 (VIOLATED)
_12454_/A2                              5.200000   37.153027  -31.953026 (VIOLATED)
_12459_/B                               5.200000   37.153027  -31.953026 (VIOLATED)
_12460_/A2                              5.200000   37.153027  -31.953026 (VIOLATED)
_12465_/B                               5.200000   37.153027  -31.953026 (VIOLATED)
_12466_/A2                              5.200000   37.153027  -31.953026 (VIOLATED)
_12469_/A2                              5.200000   37.153027  -31.953026 (VIOLATED)
_12471_/A1                              5.200000   37.153027  -31.953026 (VIOLATED)
_12475_/A2                              5.200000   37.153027  -31.953026 (VIOLATED)
_12476_/A1                              5.200000   37.153027  -31.953026 (VIOLATED)
_12480_/A2                              5.200000   37.153027  -31.953026 (VIOLATED)
_12481_/A1                              5.200000   37.153027  -31.953026 (VIOLATED)
_12489_/A2                              5.200000   37.153027  -31.953026 (VIOLATED)
_12490_/A1                              5.200000   37.153027  -31.953026 (VIOLATED)
_12498_/A2                              5.200000   37.153027  -31.953026 (VIOLATED)
_12499_/A1                              5.200000   37.153027  -31.953026 (VIOLATED)
_12506_/A2                              5.200000   37.153027  -31.953026 (VIOLATED)
_12511_/A2                              5.200000   37.153027  -31.953026 (VIOLATED)
_12521_/A1                              5.200000   37.153027  -31.953026 (VIOLATED)
_12523_/A2                              5.200000   37.153027  -31.953026 (VIOLATED)
_12527_/A2                              5.200000   37.153027  -31.953026 (VIOLATED)
_12531_/A2                              5.200000   37.153027  -31.953026 (VIOLATED)
_12537_/A1                              5.200000   37.153027  -31.953026 (VIOLATED)
_12539_/A2                              5.200000   37.153027  -31.953026 (VIOLATED)
_12549_/A2                              5.200000   37.153027  -31.953026 (VIOLATED)
_12554_/A2                              5.200000   37.153027  -31.953026 (VIOLATED)
_12561_/A2                              5.200000   37.153027  -31.953026 (VIOLATED)
_12568_/A2                              5.200000   37.153027  -31.953026 (VIOLATED)
_12575_/A2                              5.200000   37.153027  -31.953026 (VIOLATED)
_12582_/A2                              5.200000   37.153027  -31.953026 (VIOLATED)
_12589_/A2                              5.200000   37.153027  -31.953026 (VIOLATED)
_12596_/A2                              5.200000   37.153027  -31.953026 (VIOLATED)
_12603_/A2                              5.200000   37.153027  -31.953026 (VIOLATED)
_12611_/A2                              5.200000   37.153027  -31.953026 (VIOLATED)
_12618_/A2                              5.200000   37.153027  -31.953026 (VIOLATED)
_12625_/A2                              5.200000   37.153027  -31.953026 (VIOLATED)
_12632_/A2                              5.200000   37.153027  -31.953026 (VIOLATED)
_12639_/A2                              5.200000   37.153027  -31.953026 (VIOLATED)
_12646_/A2                              5.200000   37.153027  -31.953026 (VIOLATED)
_12653_/A2                              5.200000   37.153027  -31.953026 (VIOLATED)
_12661_/A2                              5.200000   37.153027  -31.953026 (VIOLATED)
_12666_/A2                              5.200000   37.153027  -31.953026 (VIOLATED)
_12673_/A2                              5.200000   37.153027  -31.953026 (VIOLATED)
_12680_/A2                              5.200000   37.153027  -31.953026 (VIOLATED)
_12687_/A2                              5.200000   37.153027  -31.953026 (VIOLATED)
_12694_/A2                              5.200000   37.153027  -31.953026 (VIOLATED)
_12701_/A2                              5.200000   37.153027  -31.953026 (VIOLATED)
_12708_/A2                              5.200000   37.153027  -31.953026 (VIOLATED)
_12715_/A2                              5.200000   37.153027  -31.953026 (VIOLATED)
_12730_/A1                              5.200000   37.153027  -31.953026 (VIOLATED)
_12731_/A2                              5.200000   37.153027  -31.953026 (VIOLATED)
_12741_/A1                              5.200000   37.153027  -31.953026 (VIOLATED)
_12742_/A2                              5.200000   37.153027  -31.953026 (VIOLATED)
_12761_/A1                              5.200000   37.153027  -31.953026 (VIOLATED)
_12762_/A2                              5.200000   37.153027  -31.953026 (VIOLATED)
_12770_/A2                              5.200000   37.153027  -31.953026 (VIOLATED)
_12776_/A2                              5.200000   37.153027  -31.953026 (VIOLATED)
_12782_/A2                              5.200000   37.153027  -31.953026 (VIOLATED)
_12788_/A2                              5.200000   37.153027  -31.953026 (VIOLATED)
_12794_/A2                              5.200000   37.153027  -31.953026 (VIOLATED)
_12796_/A2                              5.200000   37.153027  -31.953026 (VIOLATED)
_12806_/A2                              5.200000   37.153027  -31.953026 (VIOLATED)
_12814_/A2                              5.200000   37.153027  -31.953026 (VIOLATED)
_12825_/A1                              5.200000   37.153027  -31.953026 (VIOLATED)
_12826_/A2                              5.200000   37.153027  -31.953026 (VIOLATED)
_12846_/A1                              5.200000   37.153027  -31.953026 (VIOLATED)
_12847_/A2                              5.200000   37.153027  -31.953026 (VIOLATED)
_12853_/A1                              5.200000   37.153027  -31.953026 (VIOLATED)
_12854_/A2                              5.200000   37.153027  -31.953026 (VIOLATED)
_12878_/A2                              5.200000   37.153027  -31.953026 (VIOLATED)
_12885_/A1                              5.200000   37.153027  -31.953026 (VIOLATED)
_12886_/A2                              5.200000   37.153027  -31.953026 (VIOLATED)
_12891_/A1                              5.200000   37.153027  -31.953026 (VIOLATED)
_12892_/A2                              5.200000   37.153027  -31.953026 (VIOLATED)
_12905_/A1                              5.200000   37.153027  -31.953026 (VIOLATED)
_12906_/A2                              5.200000   37.153027  -31.953026 (VIOLATED)
_12918_/A1                              5.200000   37.153027  -31.953026 (VIOLATED)
_12919_/A2                              5.200000   37.153027  -31.953026 (VIOLATED)
_12938_/A2                              5.200000   37.153027  -31.953026 (VIOLATED)
_12945_/A2                              5.200000   37.153027  -31.953026 (VIOLATED)
_12952_/A2                              5.200000   37.153027  -31.953026 (VIOLATED)
_12954_/A2                              5.200000   37.153027  -31.953026 (VIOLATED)
_12966_/A2                              5.200000   37.153027  -31.953026 (VIOLATED)
_12973_/A2                              5.200000   37.153027  -31.953026 (VIOLATED)
_12980_/A2                              5.200000   37.153027  -31.953026 (VIOLATED)
_12987_/A2                              5.200000   37.153027  -31.953026 (VIOLATED)
_12995_/A2                              5.200000   37.153027  -31.953026 (VIOLATED)
_13000_/B                               5.200000   37.153027  -31.953026 (VIOLATED)
_13001_/A2                              5.200000   37.153027  -31.953026 (VIOLATED)
_13005_/B                               5.200000   37.153027  -31.953026 (VIOLATED)
_13006_/A2                              5.200000   37.153027  -31.953026 (VIOLATED)
_13016_/B                               5.200000   37.153027  -31.953026 (VIOLATED)
_13017_/A2                              5.200000   37.153027  -31.953026 (VIOLATED)
_13027_/B                               5.200000   37.153027  -31.953026 (VIOLATED)
_13028_/A2                              5.200000   37.153027  -31.953026 (VIOLATED)
_13032_/B                               5.200000   37.153027  -31.953026 (VIOLATED)
_13033_/A2                              5.200000   37.153027  -31.953026 (VIOLATED)
_13036_/A2                              5.200000   37.153027  -31.953026 (VIOLATED)
_13044_/B                               5.200000   37.153027  -31.953026 (VIOLATED)
_13045_/A2                              5.200000   37.153027  -31.953026 (VIOLATED)
_13050_/B                               5.200000   37.153027  -31.953026 (VIOLATED)
_13051_/A2                              5.200000   37.153027  -31.953026 (VIOLATED)
_13056_/B                               5.200000   37.153027  -31.953026 (VIOLATED)
_13057_/A2                              5.200000   37.153027  -31.953026 (VIOLATED)
_13062_/B                               5.200000   37.153027  -31.953026 (VIOLATED)
_13063_/A2                              5.200000   37.153027  -31.953026 (VIOLATED)
_13068_/B                               5.200000   37.153027  -31.953026 (VIOLATED)
_13069_/A2                              5.200000   37.153027  -31.953026 (VIOLATED)
_13074_/B                               5.200000   37.153027  -31.953026 (VIOLATED)
_13075_/A2                              5.200000   37.153027  -31.953026 (VIOLATED)
_13080_/B                               5.200000   37.153027  -31.953026 (VIOLATED)
_13081_/A2                              5.200000   37.153027  -31.953026 (VIOLATED)
_13085_/B                               5.200000   37.153027  -31.953026 (VIOLATED)
_13086_/A2                              5.200000   37.153027  -31.953026 (VIOLATED)
_13090_/A2                              5.200000   37.153027  -31.953026 (VIOLATED)
_13097_/A2                              5.200000   37.153027  -31.953026 (VIOLATED)
_13104_/A2                              5.200000   37.153027  -31.953026 (VIOLATED)
_13111_/A2                              5.200000   37.153027  -31.953026 (VIOLATED)
_13118_/A2                              5.200000   37.153027  -31.953026 (VIOLATED)
_13125_/A2                              5.200000   37.153027  -31.953026 (VIOLATED)
_13132_/A2                              5.200000   37.153027  -31.953026 (VIOLATED)
_13136_/A1                              5.200000   37.153027  -31.953026 (VIOLATED)
_13137_/A2                              5.200000   37.153027  -31.953026 (VIOLATED)
_13144_/A2                              5.200000   37.153027  -31.953026 (VIOLATED)
_13149_/A2                              5.200000   37.153027  -31.953026 (VIOLATED)
_13154_/A2                              5.200000   37.153027  -31.953026 (VIOLATED)
_13159_/A2                              5.200000   37.153027  -31.953026 (VIOLATED)
_13164_/A2                              5.200000   37.153027  -31.953026 (VIOLATED)
_13169_/A2                              5.200000   37.153027  -31.953026 (VIOLATED)
_13174_/A2                              5.200000   37.153027  -31.953026 (VIOLATED)
_13182_/A2                              5.200000   37.153027  -31.953026 (VIOLATED)
_13189_/A2                              5.200000   37.153027  -31.953026 (VIOLATED)
_13200_/B                               5.200000   37.153027  -31.953026 (VIOLATED)
_13201_/A2                              5.200000   37.153027  -31.953026 (VIOLATED)
_13206_/B                               5.200000   37.153027  -31.953026 (VIOLATED)
_13207_/A2                              5.200000   37.153027  -31.953026 (VIOLATED)
_13208_/A2                              5.200000   37.153027  -31.953026 (VIOLATED)
_13215_/A2                              5.200000   37.153027  -31.953026 (VIOLATED)
_13222_/A2                              5.200000   37.153027  -31.953026 (VIOLATED)
_13229_/A2                              5.200000   37.153027  -31.953026 (VIOLATED)
_13230_/A1                              5.200000   37.153027  -31.953026 (VIOLATED)
_13232_/A2                              5.200000   37.153027  -31.953026 (VIOLATED)
_13233_/A1                              5.200000   37.153027  -31.953026 (VIOLATED)
_13235_/A2                              5.200000   37.153027  -31.953026 (VIOLATED)
_13236_/A1                              5.200000   37.153027  -31.953026 (VIOLATED)
_13238_/A2                              5.200000   37.153027  -31.953026 (VIOLATED)
_13239_/A1                              5.200000   37.153027  -31.953026 (VIOLATED)
_13241_/A2                              5.200000   37.153027  -31.953026 (VIOLATED)
_13242_/A1                              5.200000   37.153027  -31.953026 (VIOLATED)
_13244_/A2                              5.200000   37.153027  -31.953026 (VIOLATED)
_13245_/A1                              5.200000   37.153027  -31.953026 (VIOLATED)
_13247_/A2                              5.200000   37.153027  -31.953026 (VIOLATED)
_13248_/A1                              5.200000   37.153027  -31.953026 (VIOLATED)
_13250_/A2                              5.200000   37.153027  -31.953026 (VIOLATED)
_13251_/A1                              5.200000   37.153027  -31.953026 (VIOLATED)
_13253_/A2                              5.200000   37.153027  -31.953026 (VIOLATED)
_13254_/A1                              5.200000   37.153027  -31.953026 (VIOLATED)
_13255_/A1                              5.200000   37.153027  -31.953026 (VIOLATED)
_13256_/A2                              5.200000   37.153027  -31.953026 (VIOLATED)
_13258_/A1                              5.200000   37.153027  -31.953026 (VIOLATED)
_13259_/A2                              5.200000   37.153027  -31.953026 (VIOLATED)
_13261_/A1                              5.200000   37.153027  -31.953026 (VIOLATED)
_13262_/A2                              5.200000   37.153027  -31.953026 (VIOLATED)
_13264_/A1                              5.200000   37.153027  -31.953026 (VIOLATED)
_13265_/A2                              5.200000   37.153027  -31.953026 (VIOLATED)
_13267_/A1                              5.200000   37.153027  -31.953026 (VIOLATED)
_13268_/A2                              5.200000   37.153027  -31.953026 (VIOLATED)
_13270_/A1                              5.200000   37.153027  -31.953026 (VIOLATED)
_13271_/A2                              5.200000   37.153027  -31.953026 (VIOLATED)
_13273_/A1                              5.200000   37.153027  -31.953026 (VIOLATED)
_13274_/A2                              5.200000   37.153027  -31.953026 (VIOLATED)
_13276_/A2                              5.200000   37.153027  -31.953026 (VIOLATED)
_13277_/A1                              5.200000   37.153027  -31.953026 (VIOLATED)
_13279_/A2                              5.200000   37.153027  -31.953026 (VIOLATED)
_13280_/A1                              5.200000   37.153027  -31.953026 (VIOLATED)
_13282_/A1                              5.200000   37.153027  -31.953026 (VIOLATED)
_13283_/A2                              5.200000   37.153027  -31.953026 (VIOLATED)
_13285_/A1                              5.200000   37.153027  -31.953026 (VIOLATED)
_13286_/A2                              5.200000   37.153027  -31.953026 (VIOLATED)
_13288_/A2                              5.200000   37.153027  -31.953026 (VIOLATED)
_13289_/A1                              5.200000   37.153027  -31.953026 (VIOLATED)
_13290_/A2                              5.200000   37.153027  -31.953026 (VIOLATED)
_13291_/A1                              5.200000   37.153027  -31.953026 (VIOLATED)
_13292_/A1                              5.200000   37.153027  -31.953026 (VIOLATED)
_13293_/A2                              5.200000   37.153027  -31.953026 (VIOLATED)
_13295_/A1                              5.200000   37.153027  -31.953026 (VIOLATED)
_13296_/A2                              5.200000   37.153027  -31.953026 (VIOLATED)
_13298_/A2                              5.200000   37.153027  -31.953026 (VIOLATED)
_13299_/A1                              5.200000   37.153027  -31.953026 (VIOLATED)
_13301_/A1                              5.200000   37.153027  -31.953026 (VIOLATED)
_13302_/A2                              5.200000   37.153027  -31.953026 (VIOLATED)
_13304_/A1                              5.200000   37.153027  -31.953026 (VIOLATED)
_13305_/A2                              5.200000   37.153027  -31.953026 (VIOLATED)
_13307_/A1                              5.200000   37.153027  -31.953026 (VIOLATED)
_13308_/A2                              5.200000   37.153027  -31.953026 (VIOLATED)
_13310_/A1                              5.200000   37.153027  -31.953026 (VIOLATED)
_13311_/A2                              5.200000   37.153027  -31.953026 (VIOLATED)
_13313_/A1                              5.200000   37.153027  -31.953026 (VIOLATED)
_13314_/A2                              5.200000   37.153027  -31.953026 (VIOLATED)
_13316_/A1                              5.200000   37.153027  -31.953026 (VIOLATED)
_13317_/A2                              5.200000   37.153027  -31.953026 (VIOLATED)
_13319_/A1                              5.200000   37.153027  -31.953026 (VIOLATED)
_13320_/A2                              5.200000   37.153027  -31.953026 (VIOLATED)
_13322_/A2                              5.200000   37.153027  -31.953026 (VIOLATED)
_13323_/A1                              5.200000   37.153027  -31.953026 (VIOLATED)
_13324_/A1                              5.200000   37.153027  -31.953026 (VIOLATED)
_13325_/A2                              5.200000   37.153027  -31.953026 (VIOLATED)
_13327_/A1                              5.200000   37.153027  -31.953026 (VIOLATED)
_13328_/A2                              5.200000   37.153027  -31.953026 (VIOLATED)
_13330_/A1                              5.200000   37.153027  -31.953026 (VIOLATED)
_13331_/A2                              5.200000   37.153027  -31.953026 (VIOLATED)
_13333_/A1                              5.200000   37.153027  -31.953026 (VIOLATED)
_13334_/A2                              5.200000   37.153027  -31.953026 (VIOLATED)
_13336_/A1                              5.200000   37.153027  -31.953026 (VIOLATED)
_13337_/A2                              5.200000   37.153027  -31.953026 (VIOLATED)
_13339_/A1                              5.200000   37.153027  -31.953026 (VIOLATED)
_13340_/A2                              5.200000   37.153027  -31.953026 (VIOLATED)
_13342_/A1                              5.200000   37.153027  -31.953026 (VIOLATED)
_13343_/A2                              5.200000   37.153027  -31.953026 (VIOLATED)
_13345_/A2                              5.200000   37.153027  -31.953026 (VIOLATED)
_13346_/A1                              5.200000   37.153027  -31.953026 (VIOLATED)
_13348_/A1                              5.200000   37.153027  -31.953026 (VIOLATED)
_13349_/A2                              5.200000   37.153027  -31.953026 (VIOLATED)
_13351_/A1                              5.200000   37.153027  -31.953026 (VIOLATED)
_13352_/A2                              5.200000   37.153027  -31.953026 (VIOLATED)
_13354_/A1                              5.200000   37.153027  -31.953026 (VIOLATED)
_13355_/A2                              5.200000   37.153027  -31.953026 (VIOLATED)
_13357_/A1                              5.200000   37.153027  -31.953026 (VIOLATED)
_13358_/A2                              5.200000   37.153027  -31.953026 (VIOLATED)
_13360_/A1                              5.200000   37.153027  -31.953026 (VIOLATED)
_13361_/A2                              5.200000   37.153027  -31.953026 (VIOLATED)
_13363_/A1                              5.200000   37.153027  -31.953026 (VIOLATED)
_13364_/A2                              5.200000   37.153027  -31.953026 (VIOLATED)
_13366_/A1                              5.200000   37.153027  -31.953026 (VIOLATED)
_13367_/A2                              5.200000   37.153027  -31.953026 (VIOLATED)
_13370_/A2                              5.200000   37.153027  -31.953026 (VIOLATED)
_13372_/A2                              5.200000   37.153027  -31.953026 (VIOLATED)
_13373_/A1                              5.200000   37.153027  -31.953026 (VIOLATED)
_13376_/A2                              5.200000   37.153027  -31.953026 (VIOLATED)
_13378_/A1                              5.200000   37.153027  -31.953026 (VIOLATED)
_13379_/A2                              5.200000   37.153027  -31.953026 (VIOLATED)
_13382_/A2                              5.200000   37.153027  -31.953026 (VIOLATED)
_13384_/A1                              5.200000   37.153027  -31.953026 (VIOLATED)
_13385_/A2                              5.200000   37.153027  -31.953026 (VIOLATED)
_13387_/A1                              5.200000   37.153027  -31.953026 (VIOLATED)
_13388_/A2                              5.200000   37.153027  -31.953026 (VIOLATED)
_13390_/A1                              5.200000   37.153027  -31.953026 (VIOLATED)
_13391_/A2                              5.200000   37.153027  -31.953026 (VIOLATED)
_13394_/A2                              5.200000   37.153027  -31.953026 (VIOLATED)
_13396_/A1                              5.200000   37.153027  -31.953026 (VIOLATED)
_13397_/A2                              5.200000   37.153027  -31.953026 (VIOLATED)
_13399_/A1                              5.200000   37.153027  -31.953026 (VIOLATED)
_13400_/A2                              5.200000   37.153027  -31.953026 (VIOLATED)
_13402_/A1                              5.200000   37.153027  -31.953026 (VIOLATED)
_13403_/A2                              5.200000   37.153027  -31.953026 (VIOLATED)
_13405_/A1                              5.200000   37.153027  -31.953026 (VIOLATED)
_13406_/A2                              5.200000   37.153027  -31.953026 (VIOLATED)
_13408_/A1                              5.200000   37.153027  -31.953026 (VIOLATED)
_13409_/A2                              5.200000   37.153027  -31.953026 (VIOLATED)
_13411_/A1                              5.200000   37.153027  -31.953026 (VIOLATED)
_13412_/A2                              5.200000   37.153027  -31.953026 (VIOLATED)
_13414_/A1                              5.200000   37.153027  -31.953026 (VIOLATED)
_13415_/A2                              5.200000   37.153027  -31.953026 (VIOLATED)
_13417_/A2                              5.200000   37.153027  -31.953026 (VIOLATED)
_13421_/A2                              5.200000   37.153027  -31.953026 (VIOLATED)
_13423_/A1                              5.200000   37.153027  -31.953026 (VIOLATED)
_13424_/A2                              5.200000   37.153027  -31.953026 (VIOLATED)
_13426_/A1                              5.200000   37.153027  -31.953026 (VIOLATED)
_13427_/A2                              5.200000   37.153027  -31.953026 (VIOLATED)
_13430_/A2                              5.200000   37.153027  -31.953026 (VIOLATED)
_13433_/A2                              5.200000   37.153027  -31.953026 (VIOLATED)
_13435_/A1                              5.200000   37.153027  -31.953026 (VIOLATED)
_13436_/A2                              5.200000   37.153027  -31.953026 (VIOLATED)
_13438_/A1                              5.200000   37.153027  -31.953026 (VIOLATED)
_13439_/A2                              5.200000   37.153027  -31.953026 (VIOLATED)
_13441_/A2                              5.200000   37.153027  -31.953026 (VIOLATED)
_13445_/A2                              5.200000   37.153027  -31.953026 (VIOLATED)
_13448_/A2                              5.200000   37.153027  -31.953026 (VIOLATED)
_13450_/A1                              5.200000   37.153027  -31.953026 (VIOLATED)
_13451_/A2                              5.200000   37.153027  -31.953026 (VIOLATED)
_13454_/A2                              5.200000   37.153027  -31.953026 (VIOLATED)
_13456_/A1                              5.200000   37.153027  -31.953026 (VIOLATED)
_13457_/A2                              5.200000   37.153027  -31.953026 (VIOLATED)
_13460_/A2                              5.200000   37.153027  -31.953026 (VIOLATED)
_13462_/A1                              5.200000   37.153027  -31.953026 (VIOLATED)
_13463_/A2                              5.200000   37.153027  -31.953026 (VIOLATED)
_13465_/A2                              5.200000   37.153027  -31.953026 (VIOLATED)
_13466_/A1                              5.200000   37.153027  -31.953026 (VIOLATED)
_13468_/A1                              5.200000   37.153027  -31.953026 (VIOLATED)
_13469_/A2                              5.200000   37.153027  -31.953026 (VIOLATED)
_13471_/A1                              5.200000   37.153027  -31.953026 (VIOLATED)
_13472_/A2                              5.200000   37.153027  -31.953026 (VIOLATED)
_13474_/A1                              5.200000   37.153027  -31.953026 (VIOLATED)
_13475_/A2                              5.200000   37.153027  -31.953026 (VIOLATED)
_13477_/A1                              5.200000   37.153027  -31.953026 (VIOLATED)
_13478_/A2                              5.200000   37.153027  -31.953026 (VIOLATED)
_13480_/A1                              5.200000   37.153027  -31.953026 (VIOLATED)
_13481_/A2                              5.200000   37.153027  -31.953026 (VIOLATED)
_13483_/A1                              5.200000   37.153027  -31.953026 (VIOLATED)
_13484_/A2                              5.200000   37.153027  -31.953026 (VIOLATED)
_13486_/A1                              5.200000   37.153027  -31.953026 (VIOLATED)
_13487_/A2                              5.200000   37.153027  -31.953026 (VIOLATED)
_13489_/A2                              5.200000   37.153027  -31.953026 (VIOLATED)
_13493_/A2                              5.200000   37.153027  -31.953026 (VIOLATED)
_13496_/A2                              5.200000   37.153027  -31.953026 (VIOLATED)
_13498_/A1                              5.200000   37.153027  -31.953026 (VIOLATED)
_13499_/A2                              5.200000   37.153027  -31.953026 (VIOLATED)
_13502_/A2                              5.200000   37.153027  -31.953026 (VIOLATED)
_13504_/A1                              5.200000   37.153027  -31.953026 (VIOLATED)
_13505_/A2                              5.200000   37.153027  -31.953026 (VIOLATED)
_13508_/A2                              5.200000   37.153027  -31.953026 (VIOLATED)
_13511_/A2                              5.200000   37.153027  -31.953026 (VIOLATED)
_13513_/A2                              5.200000   37.153027  -31.953026 (VIOLATED)
_13514_/A1                              5.200000   37.153027  -31.953026 (VIOLATED)
_13516_/A1                              5.200000   37.153027  -31.953026 (VIOLATED)
_13517_/A2                              5.200000   37.153027  -31.953026 (VIOLATED)
_13519_/A1                              5.200000   37.153027  -31.953026 (VIOLATED)
_13520_/A2                              5.200000   37.153027  -31.953026 (VIOLATED)
_13522_/A1                              5.200000   37.153027  -31.953026 (VIOLATED)
_13523_/A2                              5.200000   37.153027  -31.953026 (VIOLATED)
_13525_/A1                              5.200000   37.153027  -31.953026 (VIOLATED)
_13526_/A2                              5.200000   37.153027  -31.953026 (VIOLATED)
_13528_/A1                              5.200000   37.153027  -31.953026 (VIOLATED)
_13529_/A2                              5.200000   37.153027  -31.953026 (VIOLATED)
_13531_/A1                              5.200000   37.153027  -31.953026 (VIOLATED)
_13532_/A2                              5.200000   37.153027  -31.953026 (VIOLATED)
_13534_/A1                              5.200000   37.153027  -31.953026 (VIOLATED)
_13535_/A2                              5.200000   37.153027  -31.953026 (VIOLATED)
_13537_/A2                              5.200000   37.153027  -31.953026 (VIOLATED)
_13538_/A1                              5.200000   37.153027  -31.953026 (VIOLATED)
_13540_/A2                              5.200000   37.153027  -31.953026 (VIOLATED)
_13541_/A1                              5.200000   37.153027  -31.953026 (VIOLATED)
_13543_/A2                              5.200000   37.153027  -31.953026 (VIOLATED)
_13544_/A1                              5.200000   37.153027  -31.953026 (VIOLATED)
_13546_/A2                              5.200000   37.153027  -31.953026 (VIOLATED)
_13547_/A1                              5.200000   37.153027  -31.953026 (VIOLATED)
_13549_/A2                              5.200000   37.153027  -31.953026 (VIOLATED)
_13550_/A1                              5.200000   37.153027  -31.953026 (VIOLATED)
_13552_/A2                              5.200000   37.153027  -31.953026 (VIOLATED)
_13553_/A1                              5.200000   37.153027  -31.953026 (VIOLATED)
_13555_/A2                              5.200000   37.153027  -31.953026 (VIOLATED)
_13556_/A1                              5.200000   37.153027  -31.953026 (VIOLATED)
_13558_/A2                              5.200000   37.153027  -31.953026 (VIOLATED)
_13559_/A1                              5.200000   37.153027  -31.953026 (VIOLATED)
_13561_/A2                              5.200000   37.153027  -31.953026 (VIOLATED)
_13564_/A2                              5.200000   37.153027  -31.953026 (VIOLATED)
_13565_/A1                              5.200000   37.153027  -31.953026 (VIOLATED)
_13567_/A2                              5.200000   37.153027  -31.953026 (VIOLATED)
_13568_/A1                              5.200000   37.153027  -31.953026 (VIOLATED)
_13570_/A2                              5.200000   37.153027  -31.953026 (VIOLATED)
_13573_/A2                              5.200000   37.153027  -31.953026 (VIOLATED)
_13574_/A1                              5.200000   37.153027  -31.953026 (VIOLATED)
_13576_/A2                              5.200000   37.153027  -31.953026 (VIOLATED)
_13577_/A1                              5.200000   37.153027  -31.953026 (VIOLATED)
_13579_/A2                              5.200000   37.153027  -31.953026 (VIOLATED)
_13580_/A1                              5.200000   37.153027  -31.953026 (VIOLATED)
_13582_/A2                              5.200000   37.153027  -31.953026 (VIOLATED)
_13583_/A1                              5.200000   37.153027  -31.953026 (VIOLATED)
_13585_/A2                              5.200000   37.153027  -31.953026 (VIOLATED)
_13588_/A1                              5.200000   37.153027  -31.953026 (VIOLATED)
_13589_/A2                              5.200000   37.153027  -31.953026 (VIOLATED)
_13591_/A1                              5.200000   37.153027  -31.953026 (VIOLATED)
_13592_/A2                              5.200000   37.153027  -31.953026 (VIOLATED)
_13594_/A1                              5.200000   37.153027  -31.953026 (VIOLATED)
_13595_/A2                              5.200000   37.153027  -31.953026 (VIOLATED)
_13597_/A1                              5.200000   37.153027  -31.953026 (VIOLATED)
_13598_/A2                              5.200000   37.153027  -31.953026 (VIOLATED)
_13600_/A1                              5.200000   37.153027  -31.953026 (VIOLATED)
_13601_/A2                              5.200000   37.153027  -31.953026 (VIOLATED)
_13603_/A1                              5.200000   37.153027  -31.953026 (VIOLATED)
_13604_/A2                              5.200000   37.153027  -31.953026 (VIOLATED)
_13606_/A1                              5.200000   37.153027  -31.953026 (VIOLATED)
_13607_/A2                              5.200000   37.153027  -31.953026 (VIOLATED)
_13609_/A2                              5.200000   37.153027  -31.953026 (VIOLATED)
_13611_/A2                              5.200000   37.153027  -31.953026 (VIOLATED)
_13613_/A2                              5.200000   37.153027  -31.953026 (VIOLATED)
_13615_/A2                              5.200000   37.153027  -31.953026 (VIOLATED)
_13617_/A2                              5.200000   37.153027  -31.953026 (VIOLATED)
_13619_/A2                              5.200000   37.153027  -31.953026 (VIOLATED)
_13621_/A2                              5.200000   37.153027  -31.953026 (VIOLATED)
_13623_/A2                              5.200000   37.153027  -31.953026 (VIOLATED)
_13625_/A2                              5.200000   37.153027  -31.953026 (VIOLATED)
_13626_/A1                              5.200000   37.153027  -31.953026 (VIOLATED)
_13627_/A2                              5.200000   37.153027  -31.953026 (VIOLATED)
_13629_/A2                              5.200000   37.153027  -31.953026 (VIOLATED)
_13631_/A2                              5.200000   37.153027  -31.953026 (VIOLATED)
_13633_/A2                              5.200000   37.153027  -31.953026 (VIOLATED)
_13635_/A2                              5.200000   37.153027  -31.953026 (VIOLATED)
_13637_/A2                              5.200000   37.153027  -31.953026 (VIOLATED)
_13639_/A2                              5.200000   37.153027  -31.953026 (VIOLATED)
_13641_/A2                              5.200000   37.153027  -31.953026 (VIOLATED)
_13643_/A2                              5.200000   37.153027  -31.953026 (VIOLATED)
_13645_/A2                              5.200000   37.153027  -31.953026 (VIOLATED)
_13647_/A2                              5.200000   37.153027  -31.953026 (VIOLATED)
_13649_/A2                              5.200000   37.153027  -31.953026 (VIOLATED)
_13650_/A1                              5.200000   37.153027  -31.953026 (VIOLATED)
_13651_/A2                              5.200000   37.153027  -31.953026 (VIOLATED)
_13652_/A1                              5.200000   37.153027  -31.953026 (VIOLATED)
_13653_/A2                              5.200000   37.153027  -31.953026 (VIOLATED)
_13655_/A2                              5.200000   37.153027  -31.953026 (VIOLATED)
_13657_/A2                              5.200000   37.153027  -31.953026 (VIOLATED)
_13659_/A2                              5.200000   37.153027  -31.953026 (VIOLATED)
_13661_/A2                              5.200000   37.153027  -31.953026 (VIOLATED)
_13663_/A2                              5.200000   37.153027  -31.953026 (VIOLATED)
_13665_/A2                              5.200000   37.153027  -31.953026 (VIOLATED)
_13667_/A2                              5.200000   37.153027  -31.953026 (VIOLATED)
_13669_/A2                              5.200000   37.153027  -31.953026 (VIOLATED)
_13671_/A2                              5.200000   37.153027  -31.953026 (VIOLATED)
_13673_/A2                              5.200000   37.153027  -31.953026 (VIOLATED)
_13674_/A1                              5.200000   37.153027  -31.953026 (VIOLATED)
_13675_/A2                              5.200000   37.153027  -31.953026 (VIOLATED)
_13677_/A2                              5.200000   37.153027  -31.953026 (VIOLATED)
_13679_/A2                              5.200000   37.153027  -31.953026 (VIOLATED)
_13681_/A2                              5.200000   37.153027  -31.953026 (VIOLATED)
_13683_/A2                              5.200000   37.153027  -31.953026 (VIOLATED)
_13685_/A2                              5.200000   37.153027  -31.953026 (VIOLATED)
_13687_/A2                              5.200000   37.153027  -31.953026 (VIOLATED)
_13689_/A2                              5.200000   37.153027  -31.953026 (VIOLATED)
_13691_/A2                              5.200000   37.153027  -31.953026 (VIOLATED)
_13693_/A2                              5.200000   37.153027  -31.953026 (VIOLATED)
_13695_/A2                              5.200000   37.153027  -31.953026 (VIOLATED)
_13697_/A2                              5.200000   37.153027  -31.953026 (VIOLATED)
_13699_/A2                              5.200000   37.153027  -31.953026 (VIOLATED)
_13701_/A2                              5.200000   37.153027  -31.953026 (VIOLATED)
_13703_/A2                              5.200000   37.153027  -31.953026 (VIOLATED)
_13705_/A2                              5.200000   37.153027  -31.953026 (VIOLATED)
_13707_/A2                              5.200000   37.153027  -31.953026 (VIOLATED)
_13709_/A2                              5.200000   37.153027  -31.953026 (VIOLATED)
_13711_/A2                              5.200000   37.153027  -31.953026 (VIOLATED)
_13713_/A2                              5.200000   37.153027  -31.953026 (VIOLATED)
_13715_/A2                              5.200000   37.153027  -31.953026 (VIOLATED)
_13717_/A2                              5.200000   37.153027  -31.953026 (VIOLATED)
_13719_/A2                              5.200000   37.153027  -31.953026 (VIOLATED)
_13721_/A2                              5.200000   37.153027  -31.953026 (VIOLATED)
_13723_/A2                              5.200000   37.153027  -31.953026 (VIOLATED)
_13725_/A2                              5.200000   37.153027  -31.953026 (VIOLATED)
_13727_/A2                              5.200000   37.153027  -31.953026 (VIOLATED)
_13729_/A2                              5.200000   37.153027  -31.953026 (VIOLATED)
_13731_/A2                              5.200000   37.153027  -31.953026 (VIOLATED)
_13733_/A2                              5.200000   37.153027  -31.953026 (VIOLATED)
_13735_/A2                              5.200000   37.153027  -31.953026 (VIOLATED)
_13737_/A2                              5.200000   37.153027  -31.953026 (VIOLATED)
_13739_/A2                              5.200000   37.153027  -31.953026 (VIOLATED)
_13741_/A2                              5.200000   37.153027  -31.953026 (VIOLATED)
_13743_/A2                              5.200000   37.153027  -31.953026 (VIOLATED)
_13745_/A2                              5.200000   37.153027  -31.953026 (VIOLATED)
_13747_/A2                              5.200000   37.153027  -31.953026 (VIOLATED)
_13749_/A2                              5.200000   37.153027  -31.953026 (VIOLATED)
_13751_/A2                              5.200000   37.153027  -31.953026 (VIOLATED)
_13753_/A2                              5.200000   37.153027  -31.953026 (VIOLATED)
_13755_/A2                              5.200000   37.153027  -31.953026 (VIOLATED)
_13757_/A2                              5.200000   37.153027  -31.953026 (VIOLATED)
_13759_/A2                              5.200000   37.153027  -31.953026 (VIOLATED)
_13761_/A2                              5.200000   37.153027  -31.953026 (VIOLATED)
_13763_/A2                              5.200000   37.153027  -31.953026 (VIOLATED)
_13765_/A2                              5.200000   37.153027  -31.953026 (VIOLATED)
_13767_/A2                              5.200000   37.153027  -31.953026 (VIOLATED)
_13769_/A2                              5.200000   37.153027  -31.953026 (VIOLATED)
_13771_/A2                              5.200000   37.153027  -31.953026 (VIOLATED)
_13773_/A2                              5.200000   37.153027  -31.953026 (VIOLATED)
_13775_/A2                              5.200000   37.153027  -31.953026 (VIOLATED)
_13777_/A2                              5.200000   37.153027  -31.953026 (VIOLATED)
_13779_/A2                              5.200000   37.153027  -31.953026 (VIOLATED)
_13781_/A2                              5.200000   37.153027  -31.953026 (VIOLATED)
_13783_/A2                              5.200000   37.153027  -31.953026 (VIOLATED)
_13785_/A2                              5.200000   37.153027  -31.953026 (VIOLATED)
_13787_/A2                              5.200000   37.153027  -31.953026 (VIOLATED)
_13789_/A2                              5.200000   37.153027  -31.953026 (VIOLATED)
_13791_/A2                              5.200000   37.153027  -31.953026 (VIOLATED)
_13793_/A2                              5.200000   37.153027  -31.953026 (VIOLATED)
_13795_/A2                              5.200000   37.153027  -31.953026 (VIOLATED)
_13797_/A2                              5.200000   37.153027  -31.953026 (VIOLATED)
_13799_/A2                              5.200000   37.153027  -31.953026 (VIOLATED)
_13801_/A2                              5.200000   37.153027  -31.953026 (VIOLATED)
_13803_/A2                              5.200000   37.153027  -31.953026 (VIOLATED)
_13805_/A2                              5.200000   37.153027  -31.953026 (VIOLATED)
_13807_/A2                              5.200000   37.153027  -31.953026 (VIOLATED)
_13809_/A2                              5.200000   37.153027  -31.953026 (VIOLATED)
_13811_/A2                              5.200000   37.153027  -31.953026 (VIOLATED)
_13813_/A2                              5.200000   37.153027  -31.953026 (VIOLATED)
_13815_/A2                              5.200000   37.153027  -31.953026 (VIOLATED)
_13817_/A2                              5.200000   37.153027  -31.953026 (VIOLATED)
_13819_/A2                              5.200000   37.153027  -31.953026 (VIOLATED)
_13821_/A2                              5.200000   37.153027  -31.953026 (VIOLATED)
_13823_/A2                              5.200000   37.153027  -31.953026 (VIOLATED)
_13825_/A2                              5.200000   37.153027  -31.953026 (VIOLATED)
_13827_/A2                              5.200000   37.153027  -31.953026 (VIOLATED)
_13829_/A2                              5.200000   37.153027  -31.953026 (VIOLATED)
_13831_/A2                              5.200000   37.153027  -31.953026 (VIOLATED)
_13833_/A2                              5.200000   37.153027  -31.953026 (VIOLATED)
_13835_/A2                              5.200000   37.153027  -31.953026 (VIOLATED)
_13837_/A2                              5.200000   37.153027  -31.953026 (VIOLATED)
_13839_/A2                              5.200000   37.153027  -31.953026 (VIOLATED)
_13841_/A2                              5.200000   37.153027  -31.953026 (VIOLATED)
_13843_/A2                              5.200000   37.153027  -31.953026 (VIOLATED)
_13845_/A2                              5.200000   37.153027  -31.953026 (VIOLATED)
_13847_/A2                              5.200000   37.153027  -31.953026 (VIOLATED)
_13850_/A2                              5.200000   37.153027  -31.953026 (VIOLATED)
_13851_/A1                              5.200000   37.153027  -31.953026 (VIOLATED)
_13852_/A2                              5.200000   37.153027  -31.953026 (VIOLATED)
_13853_/A1                              5.200000   37.153027  -31.953026 (VIOLATED)
_13854_/A2                              5.200000   37.153027  -31.953026 (VIOLATED)
_13855_/A1                              5.200000   37.153027  -31.953026 (VIOLATED)
_13856_/A2                              5.200000   37.153027  -31.953026 (VIOLATED)
_13857_/A1                              5.200000   37.153027  -31.953026 (VIOLATED)
_13858_/A2                              5.200000   37.153027  -31.953026 (VIOLATED)
_13859_/A1                              5.200000   37.153027  -31.953026 (VIOLATED)
_13860_/A2                              5.200000   37.153027  -31.953026 (VIOLATED)
_13861_/A1                              5.200000   37.153027  -31.953026 (VIOLATED)
_13862_/A2                              5.200000   37.153027  -31.953026 (VIOLATED)
_13863_/A1                              5.200000   37.153027  -31.953026 (VIOLATED)
_13872_/A2                              5.200000   37.153027  -31.953026 (VIOLATED)
_13873_/A1                              5.200000   37.153027  -31.953026 (VIOLATED)
_13881_/A2                              5.200000   37.153027  -31.953026 (VIOLATED)
_13882_/A1                              5.200000   37.153027  -31.953026 (VIOLATED)
_13891_/A2                              5.200000   37.153027  -31.953026 (VIOLATED)
_13892_/A1                              5.200000   37.153027  -31.953026 (VIOLATED)
_13893_/A2                              5.200000   37.153027  -31.953026 (VIOLATED)
_13894_/A1                              5.200000   37.153027  -31.953026 (VIOLATED)
_13895_/A2                              5.200000   37.153027  -31.953026 (VIOLATED)
_13896_/A1                              5.200000   37.153027  -31.953026 (VIOLATED)
_13897_/A2                              5.200000   37.153027  -31.953026 (VIOLATED)
_13898_/A1                              5.200000   37.153027  -31.953026 (VIOLATED)
_13899_/A2                              5.200000   37.153027  -31.953026 (VIOLATED)
_13900_/A1                              5.200000   37.153027  -31.953026 (VIOLATED)
_13901_/A2                              5.200000   37.153027  -31.953026 (VIOLATED)
_13902_/A1                              5.200000   37.153027  -31.953026 (VIOLATED)
_13903_/A2                              5.200000   37.153027  -31.953026 (VIOLATED)
_13904_/A1                              5.200000   37.153027  -31.953026 (VIOLATED)
_13905_/A2                              5.200000   37.153027  -31.953026 (VIOLATED)
_13906_/A1                              5.200000   37.153027  -31.953026 (VIOLATED)
_13907_/A2                              5.200000   37.153027  -31.953026 (VIOLATED)
_13908_/A1                              5.200000   37.153027  -31.953026 (VIOLATED)
_13909_/A2                              5.200000   37.153027  -31.953026 (VIOLATED)
_13910_/A1                              5.200000   37.153027  -31.953026 (VIOLATED)
_13911_/A2                              5.200000   37.153027  -31.953026 (VIOLATED)
_13912_/A1                              5.200000   37.153027  -31.953026 (VIOLATED)
_13913_/A2                              5.200000   37.153027  -31.953026 (VIOLATED)
_13914_/A1                              5.200000   37.153027  -31.953026 (VIOLATED)
_13915_/A2                              5.200000   37.153027  -31.953026 (VIOLATED)
_13916_/A1                              5.200000   37.153027  -31.953026 (VIOLATED)
_13917_/A2                              5.200000   37.153027  -31.953026 (VIOLATED)
_13918_/A1                              5.200000   37.153027  -31.953026 (VIOLATED)
_13919_/A2                              5.200000   37.153027  -31.953026 (VIOLATED)
_13920_/A1                              5.200000   37.153027  -31.953026 (VIOLATED)
_13922_/A2                              5.200000   37.153027  -31.953026 (VIOLATED)
_13923_/A1                              5.200000   37.153027  -31.953026 (VIOLATED)
_13924_/A2                              5.200000   37.153027  -31.953026 (VIOLATED)
_13925_/A1                              5.200000   37.153027  -31.953026 (VIOLATED)
_13926_/A2                              5.200000   37.153027  -31.953026 (VIOLATED)
_13927_/A1                              5.200000   37.153027  -31.953026 (VIOLATED)
_13928_/A2                              5.200000   37.153027  -31.953026 (VIOLATED)
_13929_/A1                              5.200000   37.153027  -31.953026 (VIOLATED)
_13930_/A2                              5.200000   37.153027  -31.953026 (VIOLATED)
_13931_/A1                              5.200000   37.153027  -31.953026 (VIOLATED)
_13932_/A2                              5.200000   37.153027  -31.953026 (VIOLATED)
_13933_/A1                              5.200000   37.153027  -31.953026 (VIOLATED)
_13934_/A2                              5.200000   37.153027  -31.953026 (VIOLATED)
_13935_/A1                              5.200000   37.153027  -31.953026 (VIOLATED)
_13936_/A2                              5.200000   37.153027  -31.953026 (VIOLATED)
_13950_/A2                              5.200000   37.153027  -31.953026 (VIOLATED)
_13959_/A2                              5.200000   37.153027  -31.953026 (VIOLATED)
_13972_/A2                              5.200000   37.153027  -31.953026 (VIOLATED)
_13992_/A2                              5.200000   37.153027  -31.953026 (VIOLATED)
_14003_/A2                              5.200000   37.153027  -31.953026 (VIOLATED)
_14004_/A1                              5.200000   37.153027  -31.953026 (VIOLATED)
_14013_/A2                              5.200000   37.153027  -31.953026 (VIOLATED)
_14014_/A1                              5.200000   37.153027  -31.953026 (VIOLATED)
_14015_/A2                              5.200000   37.153027  -31.953026 (VIOLATED)
_14016_/A1                              5.200000   37.153027  -31.953026 (VIOLATED)
_14017_/A2                              5.200000   37.153027  -31.953026 (VIOLATED)
_14018_/A1                              5.200000   37.153027  -31.953026 (VIOLATED)
_14019_/A2                              5.200000   37.153027  -31.953026 (VIOLATED)
_14020_/A1                              5.200000   37.153027  -31.953026 (VIOLATED)
_14021_/A2                              5.200000   37.153027  -31.953026 (VIOLATED)
_14022_/A1                              5.200000   37.153027  -31.953026 (VIOLATED)
_14023_/A2                              5.200000   37.153027  -31.953026 (VIOLATED)
_14024_/A1                              5.200000   37.153027  -31.953026 (VIOLATED)
_14025_/A2                              5.200000   37.153027  -31.953026 (VIOLATED)
_14026_/A1                              5.200000   37.153027  -31.953026 (VIOLATED)
_14027_/A2                              5.200000   37.153027  -31.953026 (VIOLATED)
_14037_/A2                              5.200000   37.153027  -31.953026 (VIOLATED)
_14038_/A1                              5.200000   37.153027  -31.953026 (VIOLATED)
_14039_/A2                              5.200000   37.153027  -31.953026 (VIOLATED)
_14040_/A1                              5.200000   37.153027  -31.953026 (VIOLATED)
_14043_/A2                              5.200000   37.153027  -31.953026 (VIOLATED)
_14044_/A1                              5.200000   37.153027  -31.953026 (VIOLATED)
_14045_/A2                              5.200000   37.153027  -31.953026 (VIOLATED)
_14046_/A1                              5.200000   37.153027  -31.953026 (VIOLATED)
_14047_/A2                              5.200000   37.153027  -31.953026 (VIOLATED)
_14048_/A1                              5.200000   37.153027  -31.953026 (VIOLATED)
_14049_/A2                              5.200000   37.153027  -31.953026 (VIOLATED)
_14050_/A2                              5.200000   37.153027  -31.953026 (VIOLATED)
_09296_/ZN                              5.200000   22.361887  -17.161888 (VIOLATED)
_09304_/C                               5.200000   22.361887  -17.161888 (VIOLATED)
_09311_/C                               5.200000   22.361887  -17.161888 (VIOLATED)
_09318_/C                               5.200000   22.361887  -17.161888 (VIOLATED)
_09325_/C                               5.200000   22.361887  -17.161888 (VIOLATED)
_09332_/C                               5.200000   22.361887  -17.161888 (VIOLATED)
_09339_/C                               5.200000   22.361887  -17.161888 (VIOLATED)
_09346_/C                               5.200000   22.361887  -17.161888 (VIOLATED)
_09353_/C                               5.200000   22.361887  -17.161888 (VIOLATED)
_09360_/C                               5.200000   22.361887  -17.161888 (VIOLATED)
_09367_/C                               5.200000   22.361887  -17.161888 (VIOLATED)
_09374_/C                               5.200000   22.361887  -17.161888 (VIOLATED)
_09381_/C                               5.200000   22.361887  -17.161888 (VIOLATED)
_09388_/C                               5.200000   22.361887  -17.161888 (VIOLATED)
_09395_/C                               5.200000   22.361887  -17.161888 (VIOLATED)
_09402_/C                               5.200000   22.361887  -17.161888 (VIOLATED)
_09409_/C                               5.200000   22.361887  -17.161888 (VIOLATED)
_09416_/C                               5.200000   22.361887  -17.161888 (VIOLATED)
_09423_/C                               5.200000   22.361887  -17.161888 (VIOLATED)
_09430_/C                               5.200000   22.361887  -17.161888 (VIOLATED)
_09437_/C                               5.200000   22.361887  -17.161888 (VIOLATED)
_09444_/C                               5.200000   22.361887  -17.161888 (VIOLATED)
_09451_/C                               5.200000   22.361887  -17.161888 (VIOLATED)
_09458_/C                               5.200000   22.361887  -17.161888 (VIOLATED)
_09465_/C                               5.200000   22.361887  -17.161888 (VIOLATED)
_09472_/C                               5.200000   22.361887  -17.161888 (VIOLATED)
_09479_/C                               5.200000   22.361887  -17.161888 (VIOLATED)
_09486_/C                               5.200000   22.361887  -17.161888 (VIOLATED)
_09493_/C                               5.200000   22.361887  -17.161888 (VIOLATED)
_09500_/C                               5.200000   22.361887  -17.161888 (VIOLATED)
_09507_/C                               5.200000   22.361887  -17.161888 (VIOLATED)
_09514_/C                               5.200000   22.361887  -17.161888 (VIOLATED)
_09521_/C                               5.200000   22.361887  -17.161888 (VIOLATED)
_09528_/C                               5.200000   22.361887  -17.161888 (VIOLATED)
_09535_/C                               5.200000   22.361887  -17.161888 (VIOLATED)
_09542_/C                               5.200000   22.361887  -17.161888 (VIOLATED)
_09549_/C                               5.200000   22.361887  -17.161888 (VIOLATED)
_09556_/C                               5.200000   22.361887  -17.161888 (VIOLATED)
_09563_/C                               5.200000   22.361887  -17.161888 (VIOLATED)
_09570_/C                               5.200000   22.361887  -17.161888 (VIOLATED)
_09577_/C                               5.200000   22.361887  -17.161888 (VIOLATED)
_09584_/C                               5.200000   22.361887  -17.161888 (VIOLATED)
_09591_/C                               5.200000   22.361887  -17.161888 (VIOLATED)
_09598_/C                               5.200000   22.361887  -17.161888 (VIOLATED)
_09605_/C                               5.200000   22.361887  -17.161888 (VIOLATED)
_09612_/C                               5.200000   22.361887  -17.161888 (VIOLATED)
_09619_/C                               5.200000   22.361887  -17.161888 (VIOLATED)
_09626_/C                               5.200000   22.361887  -17.161888 (VIOLATED)
_09633_/C                               5.200000   22.361887  -17.161888 (VIOLATED)
_09640_/C                               5.200000   22.361887  -17.161888 (VIOLATED)
_09647_/C                               5.200000   22.361887  -17.161888 (VIOLATED)
_09654_/C                               5.200000   22.361887  -17.161888 (VIOLATED)
_09661_/C                               5.200000   22.361887  -17.161888 (VIOLATED)
_09668_/C                               5.200000   22.361887  -17.161888 (VIOLATED)
_09675_/C                               5.200000   22.361887  -17.161888 (VIOLATED)
_09682_/C                               5.200000   22.361887  -17.161888 (VIOLATED)
_09689_/C                               5.200000   22.361887  -17.161888 (VIOLATED)
_09696_/C                               5.200000   22.361887  -17.161888 (VIOLATED)
_09703_/C                               5.200000   22.361887  -17.161888 (VIOLATED)
_09710_/C                               5.200000   22.361887  -17.161888 (VIOLATED)
_09717_/C                               5.200000   22.361887  -17.161888 (VIOLATED)
_09724_/C                               5.200000   22.361887  -17.161888 (VIOLATED)
_09731_/C                               5.200000   22.361887  -17.161888 (VIOLATED)
_09738_/C                               5.200000   22.361887  -17.161888 (VIOLATED)
_09745_/C                               5.200000   22.361887  -17.161888 (VIOLATED)
_08882_/ZN                              5.200000   21.459204  -16.259205 (VIOLATED)
_08884_/B                               5.200000   21.459204  -16.259205 (VIOLATED)
_08894_/A3                              5.200000   21.459204  -16.259205 (VIOLATED)
_08907_/B                               5.200000   21.459204  -16.259205 (VIOLATED)
_08921_/B                               5.200000   21.459204  -16.259205 (VIOLATED)
_08935_/B                               5.200000   21.459204  -16.259205 (VIOLATED)
_08949_/B                               5.200000   21.459204  -16.259205 (VIOLATED)
_08962_/B                               5.200000   21.459204  -16.259205 (VIOLATED)
_08975_/B                               5.200000   21.459204  -16.259205 (VIOLATED)
_09001_/B                               5.200000   21.459204  -16.259205 (VIOLATED)
_09057_/B                               5.200000   21.459204  -16.259205 (VIOLATED)
_09081_/B                               5.200000   21.459204  -16.259205 (VIOLATED)
_09094_/B                               5.200000   21.459204  -16.259205 (VIOLATED)
_09109_/A1                              5.200000   21.459204  -16.259205 (VIOLATED)
_09130_/B                               5.200000   21.459204  -16.259205 (VIOLATED)
_09146_/B                               5.200000   21.459204  -16.259205 (VIOLATED)
_09179_/B                               5.200000   21.459204  -16.259205 (VIOLATED)
_09194_/B                               5.200000   21.459204  -16.259205 (VIOLATED)
_09209_/B                               5.200000   21.459204  -16.259205 (VIOLATED)
_09224_/B                               5.200000   21.459204  -16.259205 (VIOLATED)
_09236_/B                               5.200000   21.459204  -16.259205 (VIOLATED)
_09246_/B2                              5.200000   21.459204  -16.259205 (VIOLATED)
_09261_/B2                              5.200000   21.459204  -16.259205 (VIOLATED)
_09270_/B2                              5.200000   21.459204  -16.259205 (VIOLATED)
_09277_/B2                              5.200000   21.459204  -16.259205 (VIOLATED)
_09285_/B2                              5.200000   21.459204  -16.259205 (VIOLATED)
_09751_/B                               5.200000   21.459204  -16.259205 (VIOLATED)
_09783_/A1                              5.200000   21.459204  -16.259205 (VIOLATED)
_09793_/A1                              5.200000   21.459204  -16.259205 (VIOLATED)
_09800_/B                               5.200000   21.459204  -16.259205 (VIOLATED)
_09814_/A1                              5.200000   21.459204  -16.259205 (VIOLATED)
_09824_/A1                              5.200000   21.459204  -16.259205 (VIOLATED)
_09833_/A1                              5.200000   21.459204  -16.259205 (VIOLATED)
_09842_/A1                              5.200000   21.459204  -16.259205 (VIOLATED)
_09848_/B                               5.200000   21.459204  -16.259205 (VIOLATED)
_09860_/A1                              5.200000   21.459204  -16.259205 (VIOLATED)
_09868_/A1                              5.200000   21.459204  -16.259205 (VIOLATED)
_09876_/A1                              5.200000   21.459204  -16.259205 (VIOLATED)
_09884_/A1                              5.200000   21.459204  -16.259205 (VIOLATED)
_09892_/A1                              5.200000   21.459204  -16.259205 (VIOLATED)
_09900_/A1                              5.200000   21.459204  -16.259205 (VIOLATED)
_09908_/A1                              5.200000   21.459204  -16.259205 (VIOLATED)
_09916_/A1                              5.200000   21.459204  -16.259205 (VIOLATED)
_09924_/A1                              5.200000   21.459204  -16.259205 (VIOLATED)
_09932_/A1                              5.200000   21.459204  -16.259205 (VIOLATED)
_09940_/A1                              5.200000   21.459204  -16.259205 (VIOLATED)
_09948_/A1                              5.200000   21.459204  -16.259205 (VIOLATED)
_09956_/A1                              5.200000   21.459204  -16.259205 (VIOLATED)
_09964_/A1                              5.200000   21.459204  -16.259205 (VIOLATED)
_09969_/B                               5.200000   21.459204  -16.259205 (VIOLATED)
_09981_/A1                              5.200000   21.459204  -16.259205 (VIOLATED)
_09989_/A1                              5.200000   21.459204  -16.259205 (VIOLATED)
_09997_/A1                              5.200000   21.459204  -16.259205 (VIOLATED)
_10005_/A1                              5.200000   21.459204  -16.259205 (VIOLATED)
_10013_/A1                              5.200000   21.459204  -16.259205 (VIOLATED)
_10021_/A1                              5.200000   21.459204  -16.259205 (VIOLATED)
_10029_/A1                              5.200000   21.459204  -16.259205 (VIOLATED)
_10037_/A1                              5.200000   21.459204  -16.259205 (VIOLATED)
_10045_/A1                              5.200000   21.459204  -16.259205 (VIOLATED)
_10053_/A1                              5.200000   21.459204  -16.259205 (VIOLATED)
_10061_/A1                              5.200000   21.459204  -16.259205 (VIOLATED)
_10066_/A1                              5.200000   21.459204  -16.259205 (VIOLATED)
_10077_/A1                              5.200000   21.459204  -16.259205 (VIOLATED)
_10085_/A1                              5.200000   21.459204  -16.259205 (VIOLATED)
_10090_/A1                              5.200000   21.459204  -16.259205 (VIOLATED)
_10098_/A1                              5.200000   21.459204  -16.259205 (VIOLATED)
_10109_/A1                              5.200000   21.459204  -16.259205 (VIOLATED)
_10117_/A1                              5.200000   21.459204  -16.259205 (VIOLATED)
_10125_/A1                              5.200000   21.459204  -16.259205 (VIOLATED)
_10133_/A1                              5.200000   21.459204  -16.259205 (VIOLATED)
_10141_/A1                              5.200000   21.459204  -16.259205 (VIOLATED)
_10146_/A1                              5.200000   21.459204  -16.259205 (VIOLATED)
_10156_/A1                              5.200000   21.459204  -16.259205 (VIOLATED)
_10163_/A1                              5.200000   21.459204  -16.259205 (VIOLATED)
_10170_/A1                              5.200000   21.459204  -16.259205 (VIOLATED)
_10177_/A1                              5.200000   21.459204  -16.259205 (VIOLATED)
_10184_/A1                              5.200000   21.459204  -16.259205 (VIOLATED)
_10191_/A1                              5.200000   21.459204  -16.259205 (VIOLATED)
_10198_/A1                              5.200000   21.459204  -16.259205 (VIOLATED)
_10205_/A1                              5.200000   21.459204  -16.259205 (VIOLATED)
_10212_/A1                              5.200000   21.459204  -16.259205 (VIOLATED)
_10216_/A1                              5.200000   21.459204  -16.259205 (VIOLATED)
_10223_/A1                              5.200000   21.459204  -16.259205 (VIOLATED)
_10233_/A1                              5.200000   21.459204  -16.259205 (VIOLATED)
_10240_/A1                              5.200000   21.459204  -16.259205 (VIOLATED)
_10247_/A1                              5.200000   21.459204  -16.259205 (VIOLATED)
_10254_/A1                              5.200000   21.459204  -16.259205 (VIOLATED)
_10261_/A1                              5.200000   21.459204  -16.259205 (VIOLATED)
_10268_/A1                              5.200000   21.459204  -16.259205 (VIOLATED)
_10272_/B                               5.200000   21.459204  -16.259205 (VIOLATED)
_10275_/B                               5.200000   21.459204  -16.259205 (VIOLATED)
_10282_/B                               5.200000   21.459204  -16.259205 (VIOLATED)
_10288_/B                               5.200000   21.459204  -16.259205 (VIOLATED)
_10351_/B                               5.200000   21.459204  -16.259205 (VIOLATED)
_10366_/B                               5.200000   21.459204  -16.259205 (VIOLATED)
_10373_/B                               5.200000   21.459204  -16.259205 (VIOLATED)
_10379_/B                               5.200000   21.459204  -16.259205 (VIOLATED)
_10414_/B                               5.200000   21.459204  -16.259205 (VIOLATED)
_10428_/B                               5.200000   21.459204  -16.259205 (VIOLATED)
_10443_/B                               5.200000   21.459204  -16.259205 (VIOLATED)
_10449_/B                               5.200000   21.459204  -16.259205 (VIOLATED)
_10463_/B                               5.200000   21.459204  -16.259205 (VIOLATED)
_10485_/B                               5.200000   21.459204  -16.259205 (VIOLATED)
_10512_/B                               5.200000   21.459204  -16.259205 (VIOLATED)
_10540_/B                               5.200000   21.459204  -16.259205 (VIOLATED)
_10555_/B                               5.200000   21.459204  -16.259205 (VIOLATED)
_10561_/B                               5.200000   21.459204  -16.259205 (VIOLATED)
_10590_/B                               5.200000   21.459204  -16.259205 (VIOLATED)
_10709_/B                               5.200000   21.459204  -16.259205 (VIOLATED)
_10745_/B2                              5.200000   21.459204  -16.259205 (VIOLATED)
_10751_/C2                              5.200000   21.459204  -16.259205 (VIOLATED)
_10761_/C2                              5.200000   21.459204  -16.259205 (VIOLATED)
_10771_/C2                              5.200000   21.459204  -16.259205 (VIOLATED)
_10781_/C2                              5.200000   21.459204  -16.259205 (VIOLATED)
_10791_/C2                              5.200000   21.459204  -16.259205 (VIOLATED)
_10801_/C2                              5.200000   21.459204  -16.259205 (VIOLATED)
_10811_/C2                              5.200000   21.459204  -16.259205 (VIOLATED)
_10840_/C2                              5.200000   21.459204  -16.259205 (VIOLATED)
_10851_/C2                              5.200000   21.459204  -16.259205 (VIOLATED)
_10872_/C2                              5.200000   21.459204  -16.259205 (VIOLATED)
_10895_/C2                              5.200000   21.459204  -16.259205 (VIOLATED)
_10901_/B                               5.200000   21.459204  -16.259205 (VIOLATED)
_10922_/C2                              5.200000   21.459204  -16.259205 (VIOLATED)
_10929_/C                               5.200000   21.459204  -16.259205 (VIOLATED)
_10947_/A1                              5.200000   21.459204  -16.259205 (VIOLATED)
_10957_/A1                              5.200000   21.459204  -16.259205 (VIOLATED)
_10967_/C                               5.200000   21.459204  -16.259205 (VIOLATED)
_10989_/B                               5.200000   21.459204  -16.259205 (VIOLATED)
_11002_/A1                              5.200000   21.459204  -16.259205 (VIOLATED)
_11006_/A1                              5.200000   21.459204  -16.259205 (VIOLATED)
_11102_/C2                              5.200000   21.459204  -16.259205 (VIOLATED)
_11124_/C2                              5.200000   21.459204  -16.259205 (VIOLATED)
_11130_/C2                              5.200000   21.459204  -16.259205 (VIOLATED)
_11138_/C2                              5.200000   21.459204  -16.259205 (VIOLATED)
_11143_/C2                              5.200000   21.459204  -16.259205 (VIOLATED)
_11147_/A1                              5.200000   21.459204  -16.259205 (VIOLATED)
_11186_/A1                              5.200000   21.459204  -16.259205 (VIOLATED)
_11223_/A1                              5.200000   21.459204  -16.259205 (VIOLATED)
_11231_/C2                              5.200000   21.459204  -16.259205 (VIOLATED)
_11237_/C2                              5.200000   21.459204  -16.259205 (VIOLATED)
_11243_/C2                              5.200000   21.459204  -16.259205 (VIOLATED)
_11249_/C2                              5.200000   21.459204  -16.259205 (VIOLATED)
_11255_/C2                              5.200000   21.459204  -16.259205 (VIOLATED)
_11261_/C2                              5.200000   21.459204  -16.259205 (VIOLATED)
_11267_/C2                              5.200000   21.459204  -16.259205 (VIOLATED)
_11277_/A1                              5.200000   21.459204  -16.259205 (VIOLATED)
_11354_/A1                              5.200000   21.459204  -16.259205 (VIOLATED)
_11356_/A2                              5.200000   21.459204  -16.259205 (VIOLATED)
_11359_/A2                              5.200000   21.459204  -16.259205 (VIOLATED)
_11361_/A2                              5.200000   21.459204  -16.259205 (VIOLATED)
_12074_/B                               5.200000   21.459204  -16.259205 (VIOLATED)
_16518_/A1                              5.200000   21.459204  -16.259205 (VIOLATED)
_16529_/B                               5.200000   21.459204  -16.259205 (VIOLATED)
_16542_/B                               5.200000   21.459204  -16.259205 (VIOLATED)
_16555_/B                               5.200000   21.459204  -16.259205 (VIOLATED)
_16567_/B                               5.200000   21.459204  -16.259205 (VIOLATED)
_16579_/B                               5.200000   21.459204  -16.259205 (VIOLATED)
_16591_/B                               5.200000   21.459204  -16.259205 (VIOLATED)
_16603_/B                               5.200000   21.459204  -16.259205 (VIOLATED)
_16629_/B                               5.200000   21.459204  -16.259205 (VIOLATED)
_16651_/B                               5.200000   21.459204  -16.259205 (VIOLATED)
_16662_/B                               5.200000   21.459204  -16.259205 (VIOLATED)
_16673_/B                               5.200000   21.459204  -16.259205 (VIOLATED)
_16684_/B                               5.200000   21.459204  -16.259205 (VIOLATED)
_16698_/C                               5.200000   21.459204  -16.259205 (VIOLATED)
_16709_/B                               5.200000   21.459204  -16.259205 (VIOLATED)
_16720_/B                               5.200000   21.459204  -16.259205 (VIOLATED)
_16731_/B                               5.200000   21.459204  -16.259205 (VIOLATED)
_16742_/B                               5.200000   21.459204  -16.259205 (VIOLATED)
_16754_/B                               5.200000   21.459204  -16.259205 (VIOLATED)
_16765_/B                               5.200000   21.459204  -16.259205 (VIOLATED)
_16776_/B                               5.200000   21.459204  -16.259205 (VIOLATED)
_16786_/B                               5.200000   21.459204  -16.259205 (VIOLATED)
_16801_/B                               5.200000   21.459204  -16.259205 (VIOLATED)
_16814_/B2                              5.200000   21.459204  -16.259205 (VIOLATED)
_16821_/B2                              5.200000   21.459204  -16.259205 (VIOLATED)
_16828_/B2                              5.200000   21.459204  -16.259205 (VIOLATED)
_16831_/B                               5.200000   21.459204  -16.259205 (VIOLATED)
_16840_/B                               5.200000   21.459204  -16.259205 (VIOLATED)
_08890_/Z                               5.200000   20.418036  -15.218036 (VIOLATED)
_12071_/C                               5.200000   20.418036  -15.218036 (VIOLATED)
_12418_/A1                              5.200000   20.418036  -15.218036 (VIOLATED)
_15495_/B                               5.200000   20.418036  -15.218036 (VIOLATED)
_15496_/A2                              5.200000   20.418036  -15.218036 (VIOLATED)
_15497_/A2                              5.200000   20.418036  -15.218036 (VIOLATED)
_15502_/B                               5.200000   20.418036  -15.218036 (VIOLATED)
_15503_/A2                              5.200000   20.418036  -15.218036 (VIOLATED)
_15505_/B                               5.200000   20.418036  -15.218036 (VIOLATED)
_15506_/A2                              5.200000   20.418036  -15.218036 (VIOLATED)
_15507_/A2                              5.200000   20.418036  -15.218036 (VIOLATED)
_15511_/A2                              5.200000   20.418036  -15.218036 (VIOLATED)
_15517_/A2                              5.200000   20.418036  -15.218036 (VIOLATED)
_15519_/A2                              5.200000   20.418036  -15.218036 (VIOLATED)
_15525_/A2                              5.200000   20.418036  -15.218036 (VIOLATED)
_15526_/A1                              5.200000   20.418036  -15.218036 (VIOLATED)
_15529_/A2                              5.200000   20.418036  -15.218036 (VIOLATED)
_15530_/A1                              5.200000   20.418036  -15.218036 (VIOLATED)
_15533_/A2                              5.200000   20.418036  -15.218036 (VIOLATED)
_15534_/A1                              5.200000   20.418036  -15.218036 (VIOLATED)
_15537_/A2                              5.200000   20.418036  -15.218036 (VIOLATED)
_15538_/A1                              5.200000   20.418036  -15.218036 (VIOLATED)
_15541_/A2                              5.200000   20.418036  -15.218036 (VIOLATED)
_15542_/A1                              5.200000   20.418036  -15.218036 (VIOLATED)
_15545_/A2                              5.200000   20.418036  -15.218036 (VIOLATED)
_15546_/A1                              5.200000   20.418036  -15.218036 (VIOLATED)
_15549_/A2                              5.200000   20.418036  -15.218036 (VIOLATED)
_15550_/A1                              5.200000   20.418036  -15.218036 (VIOLATED)
_15553_/A2                              5.200000   20.418036  -15.218036 (VIOLATED)
_15554_/A1                              5.200000   20.418036  -15.218036 (VIOLATED)
_15557_/A2                              5.200000   20.418036  -15.218036 (VIOLATED)
_15558_/A1                              5.200000   20.418036  -15.218036 (VIOLATED)
_15561_/A2                              5.200000   20.418036  -15.218036 (VIOLATED)
_15562_/A1                              5.200000   20.418036  -15.218036 (VIOLATED)
_15565_/A2                              5.200000   20.418036  -15.218036 (VIOLATED)
_15566_/A1                              5.200000   20.418036  -15.218036 (VIOLATED)
_15569_/A2                              5.200000   20.418036  -15.218036 (VIOLATED)
_15570_/A1                              5.200000   20.418036  -15.218036 (VIOLATED)
_15573_/A2                              5.200000   20.418036  -15.218036 (VIOLATED)
_15574_/A1                              5.200000   20.418036  -15.218036 (VIOLATED)
_15577_/A2                              5.200000   20.418036  -15.218036 (VIOLATED)
_15578_/A1                              5.200000   20.418036  -15.218036 (VIOLATED)
_15581_/A2                              5.200000   20.418036  -15.218036 (VIOLATED)
_15582_/A1                              5.200000   20.418036  -15.218036 (VIOLATED)
_15585_/A2                              5.200000   20.418036  -15.218036 (VIOLATED)
_15586_/A1                              5.200000   20.418036  -15.218036 (VIOLATED)
_15589_/A2                              5.200000   20.418036  -15.218036 (VIOLATED)
_15590_/A1                              5.200000   20.418036  -15.218036 (VIOLATED)
_15593_/A2                              5.200000   20.418036  -15.218036 (VIOLATED)
_15594_/A1                              5.200000   20.418036  -15.218036 (VIOLATED)
_15597_/A2                              5.200000   20.418036  -15.218036 (VIOLATED)
_15598_/A1                              5.200000   20.418036  -15.218036 (VIOLATED)
_15601_/A2                              5.200000   20.418036  -15.218036 (VIOLATED)
_15602_/A1                              5.200000   20.418036  -15.218036 (VIOLATED)
_15605_/A2                              5.200000   20.418036  -15.218036 (VIOLATED)
_15606_/A1                              5.200000   20.418036  -15.218036 (VIOLATED)
_15609_/A2                              5.200000   20.418036  -15.218036 (VIOLATED)
_15610_/A1                              5.200000   20.418036  -15.218036 (VIOLATED)
_15613_/A2                              5.200000   20.418036  -15.218036 (VIOLATED)
_15614_/A1                              5.200000   20.418036  -15.218036 (VIOLATED)
_15617_/A2                              5.200000   20.418036  -15.218036 (VIOLATED)
_15618_/A1                              5.200000   20.418036  -15.218036 (VIOLATED)
_15621_/A2                              5.200000   20.418036  -15.218036 (VIOLATED)
_15622_/A1                              5.200000   20.418036  -15.218036 (VIOLATED)
_15625_/A2                              5.200000   20.418036  -15.218036 (VIOLATED)
_15626_/A1                              5.200000   20.418036  -15.218036 (VIOLATED)
_15629_/A2                              5.200000   20.418036  -15.218036 (VIOLATED)
_15630_/A1                              5.200000   20.418036  -15.218036 (VIOLATED)
_15633_/A2                              5.200000   20.418036  -15.218036 (VIOLATED)
_15634_/A1                              5.200000   20.418036  -15.218036 (VIOLATED)
_15637_/A2                              5.200000   20.418036  -15.218036 (VIOLATED)
_15638_/A1                              5.200000   20.418036  -15.218036 (VIOLATED)
_15641_/A2                              5.200000   20.418036  -15.218036 (VIOLATED)
_15642_/A1                              5.200000   20.418036  -15.218036 (VIOLATED)
_15645_/A2                              5.200000   20.418036  -15.218036 (VIOLATED)
_15646_/A1                              5.200000   20.418036  -15.218036 (VIOLATED)
_15649_/A2                              5.200000   20.418036  -15.218036 (VIOLATED)
_15650_/A1                              5.200000   20.418036  -15.218036 (VIOLATED)
_15653_/A2                              5.200000   20.418036  -15.218036 (VIOLATED)
_15654_/A1                              5.200000   20.418036  -15.218036 (VIOLATED)
_15657_/A2                              5.200000   20.418036  -15.218036 (VIOLATED)
_15658_/A1                              5.200000   20.418036  -15.218036 (VIOLATED)
_15661_/A2                              5.200000   20.418036  -15.218036 (VIOLATED)
_15662_/A1                              5.200000   20.418036  -15.218036 (VIOLATED)
_15665_/A2                              5.200000   20.418036  -15.218036 (VIOLATED)
_15666_/A1                              5.200000   20.418036  -15.218036 (VIOLATED)
_15669_/A2                              5.200000   20.418036  -15.218036 (VIOLATED)
_15670_/A1                              5.200000   20.418036  -15.218036 (VIOLATED)
_15673_/A2                              5.200000   20.418036  -15.218036 (VIOLATED)
_15674_/A1                              5.200000   20.418036  -15.218036 (VIOLATED)
_15677_/A2                              5.200000   20.418036  -15.218036 (VIOLATED)
_15678_/A1                              5.200000   20.418036  -15.218036 (VIOLATED)
_15681_/A2                              5.200000   20.418036  -15.218036 (VIOLATED)
_15682_/A1                              5.200000   20.418036  -15.218036 (VIOLATED)
_15685_/A2                              5.200000   20.418036  -15.218036 (VIOLATED)
_15686_/A1                              5.200000   20.418036  -15.218036 (VIOLATED)
_15689_/A2                              5.200000   20.418036  -15.218036 (VIOLATED)
_15690_/A1                              5.200000   20.418036  -15.218036 (VIOLATED)
_15693_/A2                              5.200000   20.418036  -15.218036 (VIOLATED)
_15694_/A1                              5.200000   20.418036  -15.218036 (VIOLATED)
_15697_/A2                              5.200000   20.418036  -15.218036 (VIOLATED)
_15698_/A1                              5.200000   20.418036  -15.218036 (VIOLATED)
_15701_/A2                              5.200000   20.418036  -15.218036 (VIOLATED)
_15702_/A1                              5.200000   20.418036  -15.218036 (VIOLATED)
_15705_/A2                              5.200000   20.418036  -15.218036 (VIOLATED)
_15706_/A1                              5.200000   20.418036  -15.218036 (VIOLATED)
_15709_/A2                              5.200000   20.418036  -15.218036 (VIOLATED)
_15710_/A1                              5.200000   20.418036  -15.218036 (VIOLATED)
_15713_/A2                              5.200000   20.418036  -15.218036 (VIOLATED)
_15714_/A1                              5.200000   20.418036  -15.218036 (VIOLATED)
_15717_/A2                              5.200000   20.418036  -15.218036 (VIOLATED)
_15718_/A1                              5.200000   20.418036  -15.218036 (VIOLATED)
_15721_/A2                              5.200000   20.418036  -15.218036 (VIOLATED)
_15722_/A1                              5.200000   20.418036  -15.218036 (VIOLATED)
_15725_/A2                              5.200000   20.418036  -15.218036 (VIOLATED)
_15726_/A1                              5.200000   20.418036  -15.218036 (VIOLATED)
_15729_/A2                              5.200000   20.418036  -15.218036 (VIOLATED)
_15730_/A1                              5.200000   20.418036  -15.218036 (VIOLATED)
_15733_/A2                              5.200000   20.418036  -15.218036 (VIOLATED)
_15734_/A1                              5.200000   20.418036  -15.218036 (VIOLATED)
_15737_/A2                              5.200000   20.418036  -15.218036 (VIOLATED)
_15738_/A1                              5.200000   20.418036  -15.218036 (VIOLATED)
_15741_/A2                              5.200000   20.418036  -15.218036 (VIOLATED)
_15742_/A1                              5.200000   20.418036  -15.218036 (VIOLATED)
_15745_/A2                              5.200000   20.418036  -15.218036 (VIOLATED)
_15746_/A1                              5.200000   20.418036  -15.218036 (VIOLATED)
_15781_/A2                              5.200000   20.418036  -15.218036 (VIOLATED)
_15782_/A1                              5.200000   20.418036  -15.218036 (VIOLATED)
_15785_/A2                              5.200000   20.418036  -15.218036 (VIOLATED)
_15786_/A1                              5.200000   20.418036  -15.218036 (VIOLATED)
_15789_/A2                              5.200000   20.418036  -15.218036 (VIOLATED)
_15790_/A1                              5.200000   20.418036  -15.218036 (VIOLATED)
_15793_/A2                              5.200000   20.418036  -15.218036 (VIOLATED)
_15794_/A1                              5.200000   20.418036  -15.218036 (VIOLATED)
_15797_/A2                              5.200000   20.418036  -15.218036 (VIOLATED)
_15798_/A1                              5.200000   20.418036  -15.218036 (VIOLATED)
_15801_/A2                              5.200000   20.418036  -15.218036 (VIOLATED)
_15802_/A1                              5.200000   20.418036  -15.218036 (VIOLATED)
_15805_/A2                              5.200000   20.418036  -15.218036 (VIOLATED)
_15806_/A1                              5.200000   20.418036  -15.218036 (VIOLATED)
_15809_/A2                              5.200000   20.418036  -15.218036 (VIOLATED)
_15810_/A1                              5.200000   20.418036  -15.218036 (VIOLATED)
_15813_/A2                              5.200000   20.418036  -15.218036 (VIOLATED)
_15814_/A1                              5.200000   20.418036  -15.218036 (VIOLATED)
_15817_/A2                              5.200000   20.418036  -15.218036 (VIOLATED)
_15818_/A1                              5.200000   20.418036  -15.218036 (VIOLATED)
_15821_/A2                              5.200000   20.418036  -15.218036 (VIOLATED)
_15822_/A1                              5.200000   20.418036  -15.218036 (VIOLATED)
_15825_/A2                              5.200000   20.418036  -15.218036 (VIOLATED)
_15826_/A1                              5.200000   20.418036  -15.218036 (VIOLATED)
_15829_/A2                              5.200000   20.418036  -15.218036 (VIOLATED)
_15830_/A1                              5.200000   20.418036  -15.218036 (VIOLATED)
_15833_/A2                              5.200000   20.418036  -15.218036 (VIOLATED)
_15834_/A1                              5.200000   20.418036  -15.218036 (VIOLATED)
_15837_/A2                              5.200000   20.418036  -15.218036 (VIOLATED)
_15838_/A1                              5.200000   20.418036  -15.218036 (VIOLATED)
_15841_/A2                              5.200000   20.418036  -15.218036 (VIOLATED)
_15842_/A1                              5.200000   20.418036  -15.218036 (VIOLATED)
_15845_/A2                              5.200000   20.418036  -15.218036 (VIOLATED)
_15846_/A1                              5.200000   20.418036  -15.218036 (VIOLATED)
_15849_/A2                              5.200000   20.418036  -15.218036 (VIOLATED)
_15850_/A1                              5.200000   20.418036  -15.218036 (VIOLATED)
_15853_/A2                              5.200000   20.418036  -15.218036 (VIOLATED)
_15854_/A1                              5.200000   20.418036  -15.218036 (VIOLATED)
_15857_/A2                              5.200000   20.418036  -15.218036 (VIOLATED)
_15858_/A1                              5.200000   20.418036  -15.218036 (VIOLATED)
_15861_/A2                              5.200000   20.418036  -15.218036 (VIOLATED)
_15862_/A1                              5.200000   20.418036  -15.218036 (VIOLATED)
_15865_/A2                              5.200000   20.418036  -15.218036 (VIOLATED)
_15866_/A1                              5.200000   20.418036  -15.218036 (VIOLATED)
_15869_/A2                              5.200000   20.418036  -15.218036 (VIOLATED)
_15870_/A1                              5.200000   20.418036  -15.218036 (VIOLATED)
_15873_/A2                              5.200000   20.418036  -15.218036 (VIOLATED)
_15874_/A1                              5.200000   20.418036  -15.218036 (VIOLATED)
_15877_/A2                              5.200000   20.418036  -15.218036 (VIOLATED)
_15878_/A1                              5.200000   20.418036  -15.218036 (VIOLATED)
_15881_/A2                              5.200000   20.418036  -15.218036 (VIOLATED)
_15882_/A1                              5.200000   20.418036  -15.218036 (VIOLATED)
_15885_/A2                              5.200000   20.418036  -15.218036 (VIOLATED)
_15886_/A1                              5.200000   20.418036  -15.218036 (VIOLATED)
_15889_/A2                              5.200000   20.418036  -15.218036 (VIOLATED)
_15890_/A1                              5.200000   20.418036  -15.218036 (VIOLATED)
_15893_/A2                              5.200000   20.418036  -15.218036 (VIOLATED)
_15894_/A1                              5.200000   20.418036  -15.218036 (VIOLATED)
_15897_/A2                              5.200000   20.418036  -15.218036 (VIOLATED)
_15898_/A1                              5.200000   20.418036  -15.218036 (VIOLATED)
_15901_/A2                              5.200000   20.418036  -15.218036 (VIOLATED)
_15902_/A1                              5.200000   20.418036  -15.218036 (VIOLATED)
_15905_/A2                              5.200000   20.418036  -15.218036 (VIOLATED)
_15906_/A1                              5.200000   20.418036  -15.218036 (VIOLATED)
_15909_/A2                              5.200000   20.418036  -15.218036 (VIOLATED)
_15910_/A1                              5.200000   20.418036  -15.218036 (VIOLATED)
_15913_/A2                              5.200000   20.418036  -15.218036 (VIOLATED)
_15914_/A1                              5.200000   20.418036  -15.218036 (VIOLATED)
_15917_/A2                              5.200000   20.418036  -15.218036 (VIOLATED)
_15918_/A1                              5.200000   20.418036  -15.218036 (VIOLATED)
_15921_/A2                              5.200000   20.418036  -15.218036 (VIOLATED)
_15922_/A1                              5.200000   20.418036  -15.218036 (VIOLATED)
_15925_/A2                              5.200000   20.418036  -15.218036 (VIOLATED)
_15926_/A1                              5.200000   20.418036  -15.218036 (VIOLATED)
_15929_/A2                              5.200000   20.418036  -15.218036 (VIOLATED)
_15930_/A1                              5.200000   20.418036  -15.218036 (VIOLATED)
_15933_/A2                              5.200000   20.418036  -15.218036 (VIOLATED)
_15934_/A1                              5.200000   20.418036  -15.218036 (VIOLATED)
_15937_/A2                              5.200000   20.418036  -15.218036 (VIOLATED)
_15938_/A1                              5.200000   20.418036  -15.218036 (VIOLATED)
_15941_/A2                              5.200000   20.418036  -15.218036 (VIOLATED)
_15942_/A1                              5.200000   20.418036  -15.218036 (VIOLATED)
_15945_/A2                              5.200000   20.418036  -15.218036 (VIOLATED)
_15946_/A1                              5.200000   20.418036  -15.218036 (VIOLATED)
_15949_/A2                              5.200000   20.418036  -15.218036 (VIOLATED)
_15950_/A1                              5.200000   20.418036  -15.218036 (VIOLATED)
_15953_/A2                              5.200000   20.418036  -15.218036 (VIOLATED)
_15954_/A1                              5.200000   20.418036  -15.218036 (VIOLATED)
_15957_/A2                              5.200000   20.418036  -15.218036 (VIOLATED)
_15958_/A1                              5.200000   20.418036  -15.218036 (VIOLATED)
_15961_/A2                              5.200000   20.418036  -15.218036 (VIOLATED)
_15962_/A1                              5.200000   20.418036  -15.218036 (VIOLATED)
_15965_/A2                              5.200000   20.418036  -15.218036 (VIOLATED)
_15966_/A1                              5.200000   20.418036  -15.218036 (VIOLATED)
_15969_/A2                              5.200000   20.418036  -15.218036 (VIOLATED)
_15970_/A1                              5.200000   20.418036  -15.218036 (VIOLATED)
_15973_/A2                              5.200000   20.418036  -15.218036 (VIOLATED)
_15974_/A1                              5.200000   20.418036  -15.218036 (VIOLATED)
_15977_/A2                              5.200000   20.418036  -15.218036 (VIOLATED)
_15978_/A1                              5.200000   20.418036  -15.218036 (VIOLATED)
_15981_/A2                              5.200000   20.418036  -15.218036 (VIOLATED)
_15982_/A1                              5.200000   20.418036  -15.218036 (VIOLATED)
_15985_/A2                              5.200000   20.418036  -15.218036 (VIOLATED)
_15986_/A1                              5.200000   20.418036  -15.218036 (VIOLATED)
_15989_/A2                              5.200000   20.418036  -15.218036 (VIOLATED)
_15990_/A1                              5.200000   20.418036  -15.218036 (VIOLATED)
_15993_/A2                              5.200000   20.418036  -15.218036 (VIOLATED)
_15994_/A1                              5.200000   20.418036  -15.218036 (VIOLATED)
_15997_/A2                              5.200000   20.418036  -15.218036 (VIOLATED)
_15998_/A1                              5.200000   20.418036  -15.218036 (VIOLATED)
_16001_/A2                              5.200000   20.418036  -15.218036 (VIOLATED)
_16002_/A1                              5.200000   20.418036  -15.218036 (VIOLATED)
_16004_/A2                              5.200000   20.418036  -15.218036 (VIOLATED)
_16005_/A1                              5.200000   20.418036  -15.218036 (VIOLATED)
_16007_/A2                              5.200000   20.418036  -15.218036 (VIOLATED)
_16008_/A1                              5.200000   20.418036  -15.218036 (VIOLATED)
_16010_/A2                              5.200000   20.418036  -15.218036 (VIOLATED)
_16011_/A1                              5.200000   20.418036  -15.218036 (VIOLATED)
_16013_/A2                              5.200000   20.418036  -15.218036 (VIOLATED)
_16014_/A1                              5.200000   20.418036  -15.218036 (VIOLATED)
_16017_/A2                              5.200000   20.418036  -15.218036 (VIOLATED)
_16021_/A2                              5.200000   20.418036  -15.218036 (VIOLATED)
_16025_/A2                              5.200000   20.418036  -15.218036 (VIOLATED)
_16029_/A2                              5.200000   20.418036  -15.218036 (VIOLATED)
_16033_/A2                              5.200000   20.418036  -15.218036 (VIOLATED)
_16037_/A2                              5.200000   20.418036  -15.218036 (VIOLATED)
_16041_/A2                              5.200000   20.418036  -15.218036 (VIOLATED)
_16045_/A2                              5.200000   20.418036  -15.218036 (VIOLATED)
_16049_/A2                              5.200000   20.418036  -15.218036 (VIOLATED)
_16053_/A2                              5.200000   20.418036  -15.218036 (VIOLATED)
_16057_/A2                              5.200000   20.418036  -15.218036 (VIOLATED)
_16061_/A2                              5.200000   20.418036  -15.218036 (VIOLATED)
_16065_/A2                              5.200000   20.418036  -15.218036 (VIOLATED)
_16069_/A2                              5.200000   20.418036  -15.218036 (VIOLATED)
_16073_/A2                              5.200000   20.418036  -15.218036 (VIOLATED)
_16077_/A2                              5.200000   20.418036  -15.218036 (VIOLATED)
_16081_/A2                              5.200000   20.418036  -15.218036 (VIOLATED)
_16085_/A2                              5.200000   20.418036  -15.218036 (VIOLATED)
_16089_/A2                              5.200000   20.418036  -15.218036 (VIOLATED)
_16093_/A2                              5.200000   20.418036  -15.218036 (VIOLATED)
_16097_/A2                              5.200000   20.418036  -15.218036 (VIOLATED)
_16101_/A2                              5.200000   20.418036  -15.218036 (VIOLATED)
_16105_/A2                              5.200000   20.418036  -15.218036 (VIOLATED)
_16109_/A2                              5.200000   20.418036  -15.218036 (VIOLATED)
_16113_/A2                              5.200000   20.418036  -15.218036 (VIOLATED)
_16117_/A2                              5.200000   20.418036  -15.218036 (VIOLATED)
_16121_/A2                              5.200000   20.418036  -15.218036 (VIOLATED)
_16125_/A2                              5.200000   20.418036  -15.218036 (VIOLATED)
_16129_/A2                              5.200000   20.418036  -15.218036 (VIOLATED)
_16133_/A2                              5.200000   20.418036  -15.218036 (VIOLATED)
_16137_/A2                              5.200000   20.418036  -15.218036 (VIOLATED)
_16141_/A2                              5.200000   20.418036  -15.218036 (VIOLATED)
_16145_/A2                              5.200000   20.418036  -15.218036 (VIOLATED)
_16149_/A2                              5.200000   20.418036  -15.218036 (VIOLATED)
_16153_/A2                              5.200000   20.418036  -15.218036 (VIOLATED)
_16157_/A2                              5.200000   20.418036  -15.218036 (VIOLATED)
_16161_/A2                              5.200000   20.418036  -15.218036 (VIOLATED)
_16165_/A2                              5.200000   20.418036  -15.218036 (VIOLATED)
_16169_/A2                              5.200000   20.418036  -15.218036 (VIOLATED)
_16173_/A2                              5.200000   20.418036  -15.218036 (VIOLATED)
_16177_/A2                              5.200000   20.418036  -15.218036 (VIOLATED)
_16181_/A2                              5.200000   20.418036  -15.218036 (VIOLATED)
_16185_/A2                              5.200000   20.418036  -15.218036 (VIOLATED)
_16189_/A2                              5.200000   20.418036  -15.218036 (VIOLATED)
_16193_/A2                              5.200000   20.418036  -15.218036 (VIOLATED)
_16197_/A2                              5.200000   20.418036  -15.218036 (VIOLATED)
_16201_/A2                              5.200000   20.418036  -15.218036 (VIOLATED)
_16205_/A2                              5.200000   20.418036  -15.218036 (VIOLATED)
_16209_/A2                              5.200000   20.418036  -15.218036 (VIOLATED)
_16213_/A2                              5.200000   20.418036  -15.218036 (VIOLATED)
_16217_/A2                              5.200000   20.418036  -15.218036 (VIOLATED)
_16221_/A2                              5.200000   20.418036  -15.218036 (VIOLATED)
_16225_/A2                              5.200000   20.418036  -15.218036 (VIOLATED)
_16229_/A2                              5.200000   20.418036  -15.218036 (VIOLATED)
_16233_/A2                              5.200000   20.418036  -15.218036 (VIOLATED)
_16237_/A2                              5.200000   20.418036  -15.218036 (VIOLATED)
_16241_/A2                              5.200000   20.418036  -15.218036 (VIOLATED)
_16245_/A2                              5.200000   20.418036  -15.218036 (VIOLATED)
_16249_/A2                              5.200000   20.418036  -15.218036 (VIOLATED)
_16253_/A2                              5.200000   20.418036  -15.218036 (VIOLATED)
_08632_/I                               5.200000   18.579165  -13.379164 (VIOLATED)
_08781_/A1                              5.200000   18.579165  -13.379164 (VIOLATED)
_08784_/A1                              5.200000   18.579165  -13.379164 (VIOLATED)
_15310_/S                               5.200000   18.579165  -13.379164 (VIOLATED)
_15311_/S                               5.200000   18.579165  -13.379164 (VIOLATED)
_15312_/S                               5.200000   18.579165  -13.379164 (VIOLATED)
_15313_/S                               5.200000   18.579165  -13.379164 (VIOLATED)
_15314_/S                               5.200000   18.579165  -13.379164 (VIOLATED)
_15315_/S                               5.200000   18.579165  -13.379164 (VIOLATED)
_15316_/S                               5.200000   18.579165  -13.379164 (VIOLATED)
_15317_/S                               5.200000   18.579165  -13.379164 (VIOLATED)
_15318_/S                               5.200000   18.579165  -13.379164 (VIOLATED)
_15319_/S                               5.200000   18.579165  -13.379164 (VIOLATED)
_15320_/S                               5.200000   18.579165  -13.379164 (VIOLATED)
_15321_/S                               5.200000   18.579165  -13.379164 (VIOLATED)
_15322_/S                               5.200000   18.579165  -13.379164 (VIOLATED)
_15323_/S                               5.200000   18.579165  -13.379164 (VIOLATED)
_15324_/S                               5.200000   18.579165  -13.379164 (VIOLATED)
_15325_/S                               5.200000   18.579165  -13.379164 (VIOLATED)
_15326_/S                               5.200000   18.579165  -13.379164 (VIOLATED)
_15327_/S                               5.200000   18.579165  -13.379164 (VIOLATED)
_15328_/S                               5.200000   18.579165  -13.379164 (VIOLATED)
_15329_/S                               5.200000   18.579165  -13.379164 (VIOLATED)
_15330_/S                               5.200000   18.579165  -13.379164 (VIOLATED)
_15331_/S                               5.200000   18.579165  -13.379164 (VIOLATED)
_15332_/S                               5.200000   18.579165  -13.379164 (VIOLATED)
_15333_/S                               5.200000   18.579165  -13.379164 (VIOLATED)
_15334_/S                               5.200000   18.579165  -13.379164 (VIOLATED)
_15335_/S                               5.200000   18.579165  -13.379164 (VIOLATED)
_15336_/S                               5.200000   18.579165  -13.379164 (VIOLATED)
_15337_/S                               5.200000   18.579165  -13.379164 (VIOLATED)
_15338_/S                               5.200000   18.579165  -13.379164 (VIOLATED)
_15339_/S                               5.200000   18.579165  -13.379164 (VIOLATED)
_15340_/S                               5.200000   18.579165  -13.379164 (VIOLATED)
_15341_/S                               5.200000   18.579165  -13.379164 (VIOLATED)
_15342_/S                               5.200000   18.579165  -13.379164 (VIOLATED)
_15343_/S                               5.200000   18.579165  -13.379164 (VIOLATED)
_15344_/S                               5.200000   18.579165  -13.379164 (VIOLATED)
_15345_/S                               5.200000   18.579165  -13.379164 (VIOLATED)
_15346_/S                               5.200000   18.579165  -13.379164 (VIOLATED)
_15347_/S                               5.200000   18.579165  -13.379164 (VIOLATED)
_15348_/S                               5.200000   18.579165  -13.379164 (VIOLATED)
_15349_/S                               5.200000   18.579165  -13.379164 (VIOLATED)
_15350_/S                               5.200000   18.579165  -13.379164 (VIOLATED)
_15351_/S                               5.200000   18.579165  -13.379164 (VIOLATED)
_15352_/S                               5.200000   18.579165  -13.379164 (VIOLATED)
_15353_/S                               5.200000   18.579165  -13.379164 (VIOLATED)
_15354_/S                               5.200000   18.579165  -13.379164 (VIOLATED)
_15355_/S                               5.200000   18.579165  -13.379164 (VIOLATED)
_15356_/S                               5.200000   18.579165  -13.379164 (VIOLATED)
_15357_/S                               5.200000   18.579165  -13.379164 (VIOLATED)
_15358_/S                               5.200000   18.579165  -13.379164 (VIOLATED)
_15359_/S                               5.200000   18.579165  -13.379164 (VIOLATED)
_15360_/S                               5.200000   18.579165  -13.379164 (VIOLATED)
_15361_/S                               5.200000   18.579165  -13.379164 (VIOLATED)
_15362_/S                               5.200000   18.579165  -13.379164 (VIOLATED)
_15363_/S                               5.200000   18.579165  -13.379164 (VIOLATED)
_15364_/S                               5.200000   18.579165  -13.379164 (VIOLATED)
_15365_/S                               5.200000   18.579165  -13.379164 (VIOLATED)
_15366_/S                               5.200000   18.579165  -13.379164 (VIOLATED)
_15367_/S                               5.200000   18.579165  -13.379164 (VIOLATED)
_15368_/S                               5.200000   18.579165  -13.379164 (VIOLATED)
_15369_/S                               5.200000   18.579165  -13.379164 (VIOLATED)
_15370_/S                               5.200000   18.579165  -13.379164 (VIOLATED)
_15371_/S                               5.200000   18.579165  -13.379164 (VIOLATED)
_15372_/S                               5.200000   18.579165  -13.379164 (VIOLATED)
_15373_/S                               5.200000   18.579165  -13.379164 (VIOLATED)
_15374_/S                               5.200000   18.579165  -13.379164 (VIOLATED)
_15375_/S                               5.200000   18.579165  -13.379164 (VIOLATED)
_15376_/S                               5.200000   18.579165  -13.379164 (VIOLATED)
_15377_/S                               5.200000   18.579165  -13.379164 (VIOLATED)
_15378_/S                               5.200000   18.579165  -13.379164 (VIOLATED)
_15379_/S                               5.200000   18.579165  -13.379164 (VIOLATED)
_15380_/S                               5.200000   18.579165  -13.379164 (VIOLATED)
_15381_/S                               5.200000   18.579165  -13.379164 (VIOLATED)
_15382_/S                               5.200000   18.579165  -13.379164 (VIOLATED)
_15383_/S                               5.200000   18.579165  -13.379164 (VIOLATED)
_15384_/S                               5.200000   18.579165  -13.379164 (VIOLATED)
_15385_/S                               5.200000   18.579165  -13.379164 (VIOLATED)
_15386_/S                               5.200000   18.579165  -13.379164 (VIOLATED)
_15387_/S                               5.200000   18.579165  -13.379164 (VIOLATED)
_15388_/S                               5.200000   18.579165  -13.379164 (VIOLATED)
_15389_/S                               5.200000   18.579165  -13.379164 (VIOLATED)
_15390_/S                               5.200000   18.579165  -13.379164 (VIOLATED)
_15391_/S                               5.200000   18.579165  -13.379164 (VIOLATED)
_15392_/S                               5.200000   18.579165  -13.379164 (VIOLATED)
_15393_/S                               5.200000   18.579165  -13.379164 (VIOLATED)
_15394_/S                               5.200000   18.579165  -13.379164 (VIOLATED)
_15395_/S                               5.200000   18.579165  -13.379164 (VIOLATED)
_15396_/S                               5.200000   18.579165  -13.379164 (VIOLATED)
_15397_/S                               5.200000   18.579165  -13.379164 (VIOLATED)
_15398_/S                               5.200000   18.579165  -13.379164 (VIOLATED)
_15399_/S                               5.200000   18.579165  -13.379164 (VIOLATED)
_15400_/S                               5.200000   18.579165  -13.379164 (VIOLATED)
_15401_/S                               5.200000   18.579165  -13.379164 (VIOLATED)
_15402_/S                               5.200000   18.579165  -13.379164 (VIOLATED)
_15403_/S                               5.200000   18.579165  -13.379164 (VIOLATED)
_15404_/S                               5.200000   18.579165  -13.379164 (VIOLATED)
_15405_/S                               5.200000   18.579165  -13.379164 (VIOLATED)
_15406_/S                               5.200000   18.579165  -13.379164 (VIOLATED)
_15407_/S                               5.200000   18.579165  -13.379164 (VIOLATED)
_15408_/S                               5.200000   18.579165  -13.379164 (VIOLATED)
_15409_/S                               5.200000   18.579165  -13.379164 (VIOLATED)
_15410_/S                               5.200000   18.579165  -13.379164 (VIOLATED)
_15411_/S                               5.200000   18.579165  -13.379164 (VIOLATED)
_15412_/S                               5.200000   18.579165  -13.379164 (VIOLATED)
_15413_/S                               5.200000   18.579165  -13.379164 (VIOLATED)
_15414_/S                               5.200000   18.579165  -13.379164 (VIOLATED)
_15415_/S                               5.200000   18.579165  -13.379164 (VIOLATED)
_15416_/S                               5.200000   18.579165  -13.379164 (VIOLATED)
_15417_/S                               5.200000   18.579165  -13.379164 (VIOLATED)
_15418_/S                               5.200000   18.579165  -13.379164 (VIOLATED)
_15419_/S                               5.200000   18.579165  -13.379164 (VIOLATED)
_15420_/S                               5.200000   18.579165  -13.379164 (VIOLATED)
_15421_/S                               5.200000   18.579165  -13.379164 (VIOLATED)
_15422_/S                               5.200000   18.579165  -13.379164 (VIOLATED)
_15423_/S                               5.200000   18.579165  -13.379164 (VIOLATED)
_15424_/S                               5.200000   18.579165  -13.379164 (VIOLATED)
_15425_/S                               5.200000   18.579165  -13.379164 (VIOLATED)
_15426_/S                               5.200000   18.579165  -13.379164 (VIOLATED)
_15427_/S                               5.200000   18.579165  -13.379164 (VIOLATED)
_15428_/S                               5.200000   18.579165  -13.379164 (VIOLATED)
_15429_/S                               5.200000   18.579165  -13.379164 (VIOLATED)
_15430_/S                               5.200000   18.579165  -13.379164 (VIOLATED)
_15431_/S                               5.200000   18.579165  -13.379164 (VIOLATED)
_15432_/S                               5.200000   18.579165  -13.379164 (VIOLATED)
_15433_/S                               5.200000   18.579165  -13.379164 (VIOLATED)
_15434_/S                               5.200000   18.579165  -13.379164 (VIOLATED)
_15435_/S                               5.200000   18.579165  -13.379164 (VIOLATED)
_15436_/S                               5.200000   18.579165  -13.379164 (VIOLATED)
_15437_/S                               5.200000   18.579165  -13.379164 (VIOLATED)
_19432_/Q                               5.200000   18.579165  -13.379164 (VIOLATED)
_08627_/I                               5.200000   18.447041  -13.247041 (VIOLATED)
_15182_/S                               5.200000   18.447041  -13.247041 (VIOLATED)
_15183_/S                               5.200000   18.447041  -13.247041 (VIOLATED)
_15184_/S                               5.200000   18.447041  -13.247041 (VIOLATED)
_15185_/S                               5.200000   18.447041  -13.247041 (VIOLATED)
_15186_/S                               5.200000   18.447041  -13.247041 (VIOLATED)
_15187_/S                               5.200000   18.447041  -13.247041 (VIOLATED)
_15188_/S                               5.200000   18.447041  -13.247041 (VIOLATED)
_15189_/S                               5.200000   18.447041  -13.247041 (VIOLATED)
_15190_/S                               5.200000   18.447041  -13.247041 (VIOLATED)
_15191_/S                               5.200000   18.447041  -13.247041 (VIOLATED)
_15192_/S                               5.200000   18.447041  -13.247041 (VIOLATED)
_15193_/S                               5.200000   18.447041  -13.247041 (VIOLATED)
_15194_/S                               5.200000   18.447041  -13.247041 (VIOLATED)
_15195_/S                               5.200000   18.447041  -13.247041 (VIOLATED)
_15196_/S                               5.200000   18.447041  -13.247041 (VIOLATED)
_15197_/S                               5.200000   18.447041  -13.247041 (VIOLATED)
_15198_/S                               5.200000   18.447041  -13.247041 (VIOLATED)
_15199_/S                               5.200000   18.447041  -13.247041 (VIOLATED)
_15200_/S                               5.200000   18.447041  -13.247041 (VIOLATED)
_15201_/S                               5.200000   18.447041  -13.247041 (VIOLATED)
_15202_/S                               5.200000   18.447041  -13.247041 (VIOLATED)
_15203_/S                               5.200000   18.447041  -13.247041 (VIOLATED)
_15204_/S                               5.200000   18.447041  -13.247041 (VIOLATED)
_15205_/S                               5.200000   18.447041  -13.247041 (VIOLATED)
_15206_/S                               5.200000   18.447041  -13.247041 (VIOLATED)
_15207_/S                               5.200000   18.447041  -13.247041 (VIOLATED)
_15208_/S                               5.200000   18.447041  -13.247041 (VIOLATED)
_15209_/S                               5.200000   18.447041  -13.247041 (VIOLATED)
_15210_/S                               5.200000   18.447041  -13.247041 (VIOLATED)
_15211_/S                               5.200000   18.447041  -13.247041 (VIOLATED)
_15212_/S                               5.200000   18.447041  -13.247041 (VIOLATED)
_15213_/S                               5.200000   18.447041  -13.247041 (VIOLATED)
_15214_/S                               5.200000   18.447041  -13.247041 (VIOLATED)
_15215_/S                               5.200000   18.447041  -13.247041 (VIOLATED)
_15216_/S                               5.200000   18.447041  -13.247041 (VIOLATED)
_15217_/S                               5.200000   18.447041  -13.247041 (VIOLATED)
_15218_/S                               5.200000   18.447041  -13.247041 (VIOLATED)
_15219_/S                               5.200000   18.447041  -13.247041 (VIOLATED)
_15220_/S                               5.200000   18.447041  -13.247041 (VIOLATED)
_15221_/S                               5.200000   18.447041  -13.247041 (VIOLATED)
_15222_/S                               5.200000   18.447041  -13.247041 (VIOLATED)
_15223_/S                               5.200000   18.447041  -13.247041 (VIOLATED)
_15224_/S                               5.200000   18.447041  -13.247041 (VIOLATED)
_15225_/S                               5.200000   18.447041  -13.247041 (VIOLATED)
_15226_/S                               5.200000   18.447041  -13.247041 (VIOLATED)
_15227_/S                               5.200000   18.447041  -13.247041 (VIOLATED)
_15228_/S                               5.200000   18.447041  -13.247041 (VIOLATED)
_15229_/S                               5.200000   18.447041  -13.247041 (VIOLATED)
_15230_/S                               5.200000   18.447041  -13.247041 (VIOLATED)
_15231_/S                               5.200000   18.447041  -13.247041 (VIOLATED)
_15232_/S                               5.200000   18.447041  -13.247041 (VIOLATED)
_15233_/S                               5.200000   18.447041  -13.247041 (VIOLATED)
_15234_/S                               5.200000   18.447041  -13.247041 (VIOLATED)
_15235_/S                               5.200000   18.447041  -13.247041 (VIOLATED)
_15236_/S                               5.200000   18.447041  -13.247041 (VIOLATED)
_15237_/S                               5.200000   18.447041  -13.247041 (VIOLATED)
_15238_/S                               5.200000   18.447041  -13.247041 (VIOLATED)
_15239_/S                               5.200000   18.447041  -13.247041 (VIOLATED)
_15240_/S                               5.200000   18.447041  -13.247041 (VIOLATED)
_15241_/S                               5.200000   18.447041  -13.247041 (VIOLATED)
_15242_/S                               5.200000   18.447041  -13.247041 (VIOLATED)
_15243_/S                               5.200000   18.447041  -13.247041 (VIOLATED)
_15244_/S                               5.200000   18.447041  -13.247041 (VIOLATED)
_15245_/S                               5.200000   18.447041  -13.247041 (VIOLATED)
_15246_/S                               5.200000   18.447041  -13.247041 (VIOLATED)
_15247_/S                               5.200000   18.447041  -13.247041 (VIOLATED)
_15248_/S                               5.200000   18.447041  -13.247041 (VIOLATED)
_15249_/S                               5.200000   18.447041  -13.247041 (VIOLATED)
_15250_/S                               5.200000   18.447041  -13.247041 (VIOLATED)
_15251_/S                               5.200000   18.447041  -13.247041 (VIOLATED)
_15252_/S                               5.200000   18.447041  -13.247041 (VIOLATED)
_15253_/S                               5.200000   18.447041  -13.247041 (VIOLATED)
_15254_/S                               5.200000   18.447041  -13.247041 (VIOLATED)
_15255_/S                               5.200000   18.447041  -13.247041 (VIOLATED)
_15256_/S                               5.200000   18.447041  -13.247041 (VIOLATED)
_15257_/S                               5.200000   18.447041  -13.247041 (VIOLATED)
_15258_/S                               5.200000   18.447041  -13.247041 (VIOLATED)
_15259_/S                               5.200000   18.447041  -13.247041 (VIOLATED)
_15260_/S                               5.200000   18.447041  -13.247041 (VIOLATED)
_15261_/S                               5.200000   18.447041  -13.247041 (VIOLATED)
_15262_/S                               5.200000   18.447041  -13.247041 (VIOLATED)
_15263_/S                               5.200000   18.447041  -13.247041 (VIOLATED)
_15264_/S                               5.200000   18.447041  -13.247041 (VIOLATED)
_15265_/S                               5.200000   18.447041  -13.247041 (VIOLATED)
_15266_/S                               5.200000   18.447041  -13.247041 (VIOLATED)
_15267_/S                               5.200000   18.447041  -13.247041 (VIOLATED)
_15268_/S                               5.200000   18.447041  -13.247041 (VIOLATED)
_15269_/S                               5.200000   18.447041  -13.247041 (VIOLATED)
_15270_/S                               5.200000   18.447041  -13.247041 (VIOLATED)
_15271_/S                               5.200000   18.447041  -13.247041 (VIOLATED)
_15272_/S                               5.200000   18.447041  -13.247041 (VIOLATED)
_15273_/S                               5.200000   18.447041  -13.247041 (VIOLATED)
_15274_/S                               5.200000   18.447041  -13.247041 (VIOLATED)
_15275_/S                               5.200000   18.447041  -13.247041 (VIOLATED)
_15276_/S                               5.200000   18.447041  -13.247041 (VIOLATED)
_15277_/S                               5.200000   18.447041  -13.247041 (VIOLATED)
_15278_/S                               5.200000   18.447041  -13.247041 (VIOLATED)
_15279_/S                               5.200000   18.447041  -13.247041 (VIOLATED)
_15280_/S                               5.200000   18.447041  -13.247041 (VIOLATED)
_15281_/S                               5.200000   18.447041  -13.247041 (VIOLATED)
_15282_/S                               5.200000   18.447041  -13.247041 (VIOLATED)
_15283_/S                               5.200000   18.447041  -13.247041 (VIOLATED)
_15284_/S                               5.200000   18.447041  -13.247041 (VIOLATED)
_15285_/S                               5.200000   18.447041  -13.247041 (VIOLATED)
_15286_/S                               5.200000   18.447041  -13.247041 (VIOLATED)
_15287_/S                               5.200000   18.447041  -13.247041 (VIOLATED)
_15288_/S                               5.200000   18.447041  -13.247041 (VIOLATED)
_15289_/S                               5.200000   18.447041  -13.247041 (VIOLATED)
_15290_/S                               5.200000   18.447041  -13.247041 (VIOLATED)
_15291_/S                               5.200000   18.447041  -13.247041 (VIOLATED)
_15292_/S                               5.200000   18.447041  -13.247041 (VIOLATED)
_15293_/S                               5.200000   18.447041  -13.247041 (VIOLATED)
_15294_/S                               5.200000   18.447041  -13.247041 (VIOLATED)
_15295_/S                               5.200000   18.447041  -13.247041 (VIOLATED)
_15296_/S                               5.200000   18.447041  -13.247041 (VIOLATED)
_15297_/S                               5.200000   18.447041  -13.247041 (VIOLATED)
_15298_/S                               5.200000   18.447041  -13.247041 (VIOLATED)
_15299_/S                               5.200000   18.447041  -13.247041 (VIOLATED)
_15300_/S                               5.200000   18.447041  -13.247041 (VIOLATED)
_15301_/S                               5.200000   18.447041  -13.247041 (VIOLATED)
_15302_/S                               5.200000   18.447041  -13.247041 (VIOLATED)
_15303_/S                               5.200000   18.447041  -13.247041 (VIOLATED)
_15304_/S                               5.200000   18.447041  -13.247041 (VIOLATED)
_15305_/S                               5.200000   18.447041  -13.247041 (VIOLATED)
_15306_/S                               5.200000   18.447041  -13.247041 (VIOLATED)
_15307_/S                               5.200000   18.447041  -13.247041 (VIOLATED)
_15308_/S                               5.200000   18.447041  -13.247041 (VIOLATED)
_15309_/S                               5.200000   18.447041  -13.247041 (VIOLATED)
_19431_/Q                               5.200000   18.447041  -13.247041 (VIOLATED)
_08893_/ZN                              5.200000   17.806574  -12.606575 (VIOLATED)
_08902_/A2                              5.200000   17.806574  -12.606575 (VIOLATED)
_08915_/A1                              5.200000   17.806574  -12.606575 (VIOLATED)
_08916_/A2                              5.200000   17.806574  -12.606575 (VIOLATED)
_08930_/A1                              5.200000   17.806574  -12.606575 (VIOLATED)
_08931_/A2                              5.200000   17.806574  -12.606575 (VIOLATED)
_08944_/A1                              5.200000   17.806574  -12.606575 (VIOLATED)
_08945_/A2                              5.200000   17.806574  -12.606575 (VIOLATED)
_08957_/A1                              5.200000   17.806574  -12.606575 (VIOLATED)
_08958_/A2                              5.200000   17.806574  -12.606575 (VIOLATED)
_08970_/A1                              5.200000   17.806574  -12.606575 (VIOLATED)
_08971_/A2                              5.200000   17.806574  -12.606575 (VIOLATED)
_08984_/A1                              5.200000   17.806574  -12.606575 (VIOLATED)
_08985_/A2                              5.200000   17.806574  -12.606575 (VIOLATED)
_08997_/A1                              5.200000   17.806574  -12.606575 (VIOLATED)
_09014_/C                               5.200000   17.806574  -12.606575 (VIOLATED)
_09015_/A2                              5.200000   17.806574  -12.606575 (VIOLATED)
_09026_/A2                              5.200000   17.806574  -12.606575 (VIOLATED)
_09037_/A2                              5.200000   17.806574  -12.606575 (VIOLATED)
_09048_/A2                              5.200000   17.806574  -12.606575 (VIOLATED)
_09049_/A2                              5.200000   17.806574  -12.606575 (VIOLATED)
_09061_/A1                              5.200000   17.806574  -12.606575 (VIOLATED)
_09071_/C                               5.200000   17.806574  -12.606575 (VIOLATED)
_09072_/A2                              5.200000   17.806574  -12.606575 (VIOLATED)
_09073_/A2                              5.200000   17.806574  -12.606575 (VIOLATED)
_09085_/A1                              5.200000   17.806574  -12.606575 (VIOLATED)
_09086_/A2                              5.200000   17.806574  -12.606575 (VIOLATED)
_09098_/A1                              5.200000   17.806574  -12.606575 (VIOLATED)
_09116_/C                               5.200000   17.806574  -12.606575 (VIOLATED)
_09117_/A2                              5.200000   17.806574  -12.606575 (VIOLATED)
_09118_/A2                              5.200000   17.806574  -12.606575 (VIOLATED)
_09134_/A1                              5.200000   17.806574  -12.606575 (VIOLATED)
_09135_/A2                              5.200000   17.806574  -12.606575 (VIOLATED)
_09150_/A1                              5.200000   17.806574  -12.606575 (VIOLATED)
_09151_/A2                              5.200000   17.806574  -12.606575 (VIOLATED)
_09167_/A1                              5.200000   17.806574  -12.606575 (VIOLATED)
_09168_/A2                              5.200000   17.806574  -12.606575 (VIOLATED)
_09183_/A1                              5.200000   17.806574  -12.606575 (VIOLATED)
_09199_/A2                              5.200000   17.806574  -12.606575 (VIOLATED)
_09213_/A1                              5.200000   17.806574  -12.606575 (VIOLATED)
_09214_/A2                              5.200000   17.806574  -12.606575 (VIOLATED)
_09228_/A1                              5.200000   17.806574  -12.606575 (VIOLATED)
_09229_/A2                              5.200000   17.806574  -12.606575 (VIOLATED)
_09240_/A1                              5.200000   17.806574  -12.606575 (VIOLATED)
_09246_/C                               5.200000   17.806574  -12.606575 (VIOLATED)
_09247_/A2                              5.200000   17.806574  -12.606575 (VIOLATED)
_09254_/C                               5.200000   17.806574  -12.606575 (VIOLATED)
_09255_/A2                              5.200000   17.806574  -12.606575 (VIOLATED)
_09270_/C                               5.200000   17.806574  -12.606575 (VIOLATED)
_09271_/A2                              5.200000   17.806574  -12.606575 (VIOLATED)
_09277_/C                               5.200000   17.806574  -12.606575 (VIOLATED)
_09278_/A2                              5.200000   17.806574  -12.606575 (VIOLATED)
_09285_/C                               5.200000   17.806574  -12.606575 (VIOLATED)
_09286_/A2                              5.200000   17.806574  -12.606575 (VIOLATED)
_10746_/A2                              5.200000   17.806574  -12.606575 (VIOLATED)
_10755_/B                               5.200000   17.806574  -12.606575 (VIOLATED)
_10756_/A2                              5.200000   17.806574  -12.606575 (VIOLATED)
_10765_/B                               5.200000   17.806574  -12.606575 (VIOLATED)
_10766_/A2                              5.200000   17.806574  -12.606575 (VIOLATED)
_10775_/B                               5.200000   17.806574  -12.606575 (VIOLATED)
_10776_/A2                              5.200000   17.806574  -12.606575 (VIOLATED)
_10785_/B                               5.200000   17.806574  -12.606575 (VIOLATED)
_10786_/A2                              5.200000   17.806574  -12.606575 (VIOLATED)
_10795_/B                               5.200000   17.806574  -12.606575 (VIOLATED)
_10796_/A2                              5.200000   17.806574  -12.606575 (VIOLATED)
_10805_/B                               5.200000   17.806574  -12.606575 (VIOLATED)
_10806_/A2                              5.200000   17.806574  -12.606575 (VIOLATED)
_10815_/B                               5.200000   17.806574  -12.606575 (VIOLATED)
_10816_/A2                              5.200000   17.806574  -12.606575 (VIOLATED)
_10831_/A2                              5.200000   17.806574  -12.606575 (VIOLATED)
_10841_/B                               5.200000   17.806574  -12.606575 (VIOLATED)
_10842_/A2                              5.200000   17.806574  -12.606575 (VIOLATED)
_10852_/B                               5.200000   17.806574  -12.606575 (VIOLATED)
_10853_/A2                              5.200000   17.806574  -12.606575 (VIOLATED)
_10862_/A2                              5.200000   17.806574  -12.606575 (VIOLATED)
_10863_/A1                              5.200000   17.806574  -12.606575 (VIOLATED)
_10873_/B                               5.200000   17.806574  -12.606575 (VIOLATED)
_10874_/A2                              5.200000   17.806574  -12.606575 (VIOLATED)
_10896_/B                               5.200000   17.806574  -12.606575 (VIOLATED)
_10897_/A2                              5.200000   17.806574  -12.606575 (VIOLATED)
_10908_/A1                              5.200000   17.806574  -12.606575 (VIOLATED)
_10909_/A2                              5.200000   17.806574  -12.606575 (VIOLATED)
_10924_/A2                              5.200000   17.806574  -12.606575 (VIOLATED)
_10937_/A2                              5.200000   17.806574  -12.606575 (VIOLATED)
_10948_/A2                              5.200000   17.806574  -12.606575 (VIOLATED)
_10958_/A2                              5.200000   17.806574  -12.606575 (VIOLATED)
_10970_/A2                              5.200000   17.806574  -12.606575 (VIOLATED)
_10982_/A2                              5.200000   17.806574  -12.606575 (VIOLATED)
_10992_/A1                              5.200000   17.806574  -12.606575 (VIOLATED)
_10993_/A2                              5.200000   17.806574  -12.606575 (VIOLATED)
_11003_/A2                              5.200000   17.806574  -12.606575 (VIOLATED)
_11013_/A2                              5.200000   17.806574  -12.606575 (VIOLATED)
_11079_/A1                              5.200000   17.806574  -12.606575 (VIOLATED)
_11080_/A2                              5.200000   17.806574  -12.606575 (VIOLATED)
_11103_/B                               5.200000   17.806574  -12.606575 (VIOLATED)
_11104_/A2                              5.200000   17.806574  -12.606575 (VIOLATED)
_11111_/A2                              5.200000   17.806574  -12.606575 (VIOLATED)
_11112_/A1                              5.200000   17.806574  -12.606575 (VIOLATED)
_11119_/A2                              5.200000   17.806574  -12.606575 (VIOLATED)
_11120_/A1                              5.200000   17.806574  -12.606575 (VIOLATED)
_11125_/B                               5.200000   17.806574  -12.606575 (VIOLATED)
_11126_/A2                              5.200000   17.806574  -12.606575 (VIOLATED)
_11131_/B                               5.200000   17.806574  -12.606575 (VIOLATED)
_11132_/A2                              5.200000   17.806574  -12.606575 (VIOLATED)
_11136_/B1                              5.200000   17.806574  -12.606575 (VIOLATED)
_11139_/A2                              5.200000   17.806574  -12.606575 (VIOLATED)
_11144_/B                               5.200000   17.806574  -12.606575 (VIOLATED)
_11145_/A2                              5.200000   17.806574  -12.606575 (VIOLATED)
_11154_/A2                              5.200000   17.806574  -12.606575 (VIOLATED)
_11170_/A2                              5.200000   17.806574  -12.606575 (VIOLATED)
_11171_/A1                              5.200000   17.806574  -12.606575 (VIOLATED)
_11188_/A2                              5.200000   17.806574  -12.606575 (VIOLATED)
_11226_/A2                              5.200000   17.806574  -12.606575 (VIOLATED)
_11229_/B2                              5.200000   17.806574  -12.606575 (VIOLATED)
_11232_/A2                              5.200000   17.806574  -12.606575 (VIOLATED)
_11235_/B2                              5.200000   17.806574  -12.606575 (VIOLATED)
_11238_/A2                              5.200000   17.806574  -12.606575 (VIOLATED)
_11241_/B2                              5.200000   17.806574  -12.606575 (VIOLATED)
_11244_/A2                              5.200000   17.806574  -12.606575 (VIOLATED)
_11247_/B2                              5.200000   17.806574  -12.606575 (VIOLATED)
_11250_/A2                              5.200000   17.806574  -12.606575 (VIOLATED)
_11253_/B2                              5.200000   17.806574  -12.606575 (VIOLATED)
_11256_/A2                              5.200000   17.806574  -12.606575 (VIOLATED)
_11259_/B2                              5.200000   17.806574  -12.606575 (VIOLATED)
_11262_/A2                              5.200000   17.806574  -12.606575 (VIOLATED)
_11265_/B2                              5.200000   17.806574  -12.606575 (VIOLATED)
_11268_/A2                              5.200000   17.806574  -12.606575 (VIOLATED)
_11278_/A2                              5.200000   17.806574  -12.606575 (VIOLATED)
_16521_/A2                              5.200000   17.806574  -12.606575 (VIOLATED)
_16522_/A2                              5.200000   17.806574  -12.606575 (VIOLATED)
_16533_/A1                              5.200000   17.806574  -12.606575 (VIOLATED)
_16534_/A2                              5.200000   17.806574  -12.606575 (VIOLATED)
_16546_/A1                              5.200000   17.806574  -12.606575 (VIOLATED)
_16547_/A2                              5.200000   17.806574  -12.606575 (VIOLATED)
_16559_/A1                              5.200000   17.806574  -12.606575 (VIOLATED)
_16560_/A2                              5.200000   17.806574  -12.606575 (VIOLATED)
_16571_/A1                              5.200000   17.806574  -12.606575 (VIOLATED)
_16572_/A2                              5.200000   17.806574  -12.606575 (VIOLATED)
_16583_/A1                              5.200000   17.806574  -12.606575 (VIOLATED)
_16584_/A2                              5.200000   17.806574  -12.606575 (VIOLATED)
_16595_/A1                              5.200000   17.806574  -12.606575 (VIOLATED)
_16596_/A2                              5.200000   17.806574  -12.606575 (VIOLATED)
_16607_/A1                              5.200000   17.806574  -12.606575 (VIOLATED)
_16608_/A2                              5.200000   17.806574  -12.606575 (VIOLATED)
_16616_/A1                              5.200000   17.806574  -12.606575 (VIOLATED)
_16627_/A2                              5.200000   17.806574  -12.606575 (VIOLATED)
_16637_/A1                              5.200000   17.806574  -12.606575 (VIOLATED)
_16638_/A2                              5.200000   17.806574  -12.606575 (VIOLATED)
_16648_/A1                              5.200000   17.806574  -12.606575 (VIOLATED)
_16649_/A2                              5.200000   17.806574  -12.606575 (VIOLATED)
_16659_/A1                              5.200000   17.806574  -12.606575 (VIOLATED)
_16660_/A2                              5.200000   17.806574  -12.606575 (VIOLATED)
_16670_/A1                              5.200000   17.806574  -12.606575 (VIOLATED)
_16671_/A2                              5.200000   17.806574  -12.606575 (VIOLATED)
_16681_/A1                              5.200000   17.806574  -12.606575 (VIOLATED)
_16682_/A2                              5.200000   17.806574  -12.606575 (VIOLATED)
_16692_/A1                              5.200000   17.806574  -12.606575 (VIOLATED)
_16701_/A2                              5.200000   17.806574  -12.606575 (VIOLATED)
_16702_/A2                              5.200000   17.806574  -12.606575 (VIOLATED)
_16712_/A1                              5.200000   17.806574  -12.606575 (VIOLATED)
_16713_/A2                              5.200000   17.806574  -12.606575 (VIOLATED)
_16723_/A1                              5.200000   17.806574  -12.606575 (VIOLATED)
_16724_/A2                              5.200000   17.806574  -12.606575 (VIOLATED)
_16734_/A1                              5.200000   17.806574  -12.606575 (VIOLATED)
_16735_/A2                              5.200000   17.806574  -12.606575 (VIOLATED)
_16746_/A1                              5.200000   17.806574  -12.606575 (VIOLATED)
_16747_/A2                              5.200000   17.806574  -12.606575 (VIOLATED)
_16757_/A1                              5.200000   17.806574  -12.606575 (VIOLATED)
_16758_/A2                              5.200000   17.806574  -12.606575 (VIOLATED)
_16768_/A1                              5.200000   17.806574  -12.606575 (VIOLATED)
_16769_/A2                              5.200000   17.806574  -12.606575 (VIOLATED)
_16779_/A1                              5.200000   17.806574  -12.606575 (VIOLATED)
_16780_/A2                              5.200000   17.806574  -12.606575 (VIOLATED)
_16790_/A1                              5.200000   17.806574  -12.606575 (VIOLATED)
_16798_/C                               5.200000   17.806574  -12.606575 (VIOLATED)
_16799_/A2                              5.200000   17.806574  -12.606575 (VIOLATED)
_16807_/C                               5.200000   17.806574  -12.606575 (VIOLATED)
_16808_/A2                              5.200000   17.806574  -12.606575 (VIOLATED)
_16814_/C                               5.200000   17.806574  -12.606575 (VIOLATED)
_16815_/A2                              5.200000   17.806574  -12.606575 (VIOLATED)
_16821_/C                               5.200000   17.806574  -12.606575 (VIOLATED)
_16822_/A2                              5.200000   17.806574  -12.606575 (VIOLATED)
_16828_/C                               5.200000   17.806574  -12.606575 (VIOLATED)
_16829_/A2                              5.200000   17.806574  -12.606575 (VIOLATED)
_16837_/C                               5.200000   17.806574  -12.606575 (VIOLATED)
_16838_/A2                              5.200000   17.806574  -12.606575 (VIOLATED)
_16846_/C                               5.200000   17.806574  -12.606575 (VIOLATED)
_16847_/A2                              5.200000   17.806574  -12.606575 (VIOLATED)
_11878_/A1                              5.200000   17.429003  -12.229003 (VIOLATED)
_12419_/A2                              5.200000   17.429003  -12.229003 (VIOLATED)
_12420_/A1                              5.200000   17.429003  -12.229003 (VIOLATED)
_12425_/A2                              5.200000   17.429003  -12.229003 (VIOLATED)
_12427_/A1                              5.200000   17.429003  -12.229003 (VIOLATED)
_12431_/A2                              5.200000   17.429003  -12.229003 (VIOLATED)
_12433_/A1                              5.200000   17.429003  -12.229003 (VIOLATED)
_12437_/A2                              5.200000   17.429003  -12.229003 (VIOLATED)
_12439_/A1                              5.200000   17.429003  -12.229003 (VIOLATED)
_12443_/A2                              5.200000   17.429003  -12.229003 (VIOLATED)
_12445_/A1                              5.200000   17.429003  -12.229003 (VIOLATED)
_12449_/A2                              5.200000   17.429003  -12.229003 (VIOLATED)
_12451_/A1                              5.200000   17.429003  -12.229003 (VIOLATED)
_12455_/A2                              5.200000   17.429003  -12.229003 (VIOLATED)
_12457_/A1                              5.200000   17.429003  -12.229003 (VIOLATED)
_12461_/A2                              5.200000   17.429003  -12.229003 (VIOLATED)
_12463_/A1                              5.200000   17.429003  -12.229003 (VIOLATED)
_12467_/A1                              5.200000   17.429003  -12.229003 (VIOLATED)
_12468_/A2                              5.200000   17.429003  -12.229003 (VIOLATED)
_12472_/A2                              5.200000   17.429003  -12.229003 (VIOLATED)
_12473_/A1                              5.200000   17.429003  -12.229003 (VIOLATED)
_12477_/A2                              5.200000   17.429003  -12.229003 (VIOLATED)
_12478_/A1                              5.200000   17.429003  -12.229003 (VIOLATED)
_12482_/A2                              5.200000   17.429003  -12.229003 (VIOLATED)
_12483_/A1                              5.200000   17.429003  -12.229003 (VIOLATED)
_12486_/A2                              5.200000   17.429003  -12.229003 (VIOLATED)
_12487_/A1                              5.200000   17.429003  -12.229003 (VIOLATED)
_12491_/A2                              5.200000   17.429003  -12.229003 (VIOLATED)
_12492_/A1                              5.200000   17.429003  -12.229003 (VIOLATED)
_12495_/A2                              5.200000   17.429003  -12.229003 (VIOLATED)
_12496_/A1                              5.200000   17.429003  -12.229003 (VIOLATED)
_12500_/A2                              5.200000   17.429003  -12.229003 (VIOLATED)
_12501_/A1                              5.200000   17.429003  -12.229003 (VIOLATED)
_12504_/A1                              5.200000   17.429003  -12.229003 (VIOLATED)
_12505_/A2                              5.200000   17.429003  -12.229003 (VIOLATED)
_12510_/A2                              5.200000   17.429003  -12.229003 (VIOLATED)
_12512_/A1                              5.200000   17.429003  -12.229003 (VIOLATED)
_12515_/A2                              5.200000   17.429003  -12.229003 (VIOLATED)
_12516_/A1                              5.200000   17.429003  -12.229003 (VIOLATED)
_12519_/A2                              5.200000   17.429003  -12.229003 (VIOLATED)
_12520_/A1                              5.200000   17.429003  -12.229003 (VIOLATED)
_12525_/A2                              5.200000   17.429003  -12.229003 (VIOLATED)
_12526_/A1                              5.200000   17.429003  -12.229003 (VIOLATED)
_12530_/A2                              5.200000   17.429003  -12.229003 (VIOLATED)
_12532_/A1                              5.200000   17.429003  -12.229003 (VIOLATED)
_12535_/A2                              5.200000   17.429003  -12.229003 (VIOLATED)
_12536_/A1                              5.200000   17.429003  -12.229003 (VIOLATED)
_12541_/A2                              5.200000   17.429003  -12.229003 (VIOLATED)
_12542_/A1                              5.200000   17.429003  -12.229003 (VIOLATED)
_12545_/A2                              5.200000   17.429003  -12.229003 (VIOLATED)
_12546_/A1                              5.200000   17.429003  -12.229003 (VIOLATED)
_12552_/A1                              5.200000   17.429003  -12.229003 (VIOLATED)
_12553_/A2                              5.200000   17.429003  -12.229003 (VIOLATED)
_12559_/A1                              5.200000   17.429003  -12.229003 (VIOLATED)
_12560_/A2                              5.200000   17.429003  -12.229003 (VIOLATED)
_12566_/A1                              5.200000   17.429003  -12.229003 (VIOLATED)
_12567_/A2                              5.200000   17.429003  -12.229003 (VIOLATED)
_12573_/A1                              5.200000   17.429003  -12.229003 (VIOLATED)
_12574_/A2                              5.200000   17.429003  -12.229003 (VIOLATED)
_12580_/A1                              5.200000   17.429003  -12.229003 (VIOLATED)
_12581_/A2                              5.200000   17.429003  -12.229003 (VIOLATED)
_12587_/A1                              5.200000   17.429003  -12.229003 (VIOLATED)
_12588_/A2                              5.200000   17.429003  -12.229003 (VIOLATED)
_12594_/A1                              5.200000   17.429003  -12.229003 (VIOLATED)
_12595_/A2                              5.200000   17.429003  -12.229003 (VIOLATED)
_12601_/A1                              5.200000   17.429003  -12.229003 (VIOLATED)
_12602_/A2                              5.200000   17.429003  -12.229003 (VIOLATED)
_12609_/A1                              5.200000   17.429003  -12.229003 (VIOLATED)
_12610_/A2                              5.200000   17.429003  -12.229003 (VIOLATED)
_12616_/A1                              5.200000   17.429003  -12.229003 (VIOLATED)
_12617_/A2                              5.200000   17.429003  -12.229003 (VIOLATED)
_12623_/A1                              5.200000   17.429003  -12.229003 (VIOLATED)
_12624_/A2                              5.200000   17.429003  -12.229003 (VIOLATED)
_12630_/A1                              5.200000   17.429003  -12.229003 (VIOLATED)
_12631_/A2                              5.200000   17.429003  -12.229003 (VIOLATED)
_12637_/A1                              5.200000   17.429003  -12.229003 (VIOLATED)
_12638_/A2                              5.200000   17.429003  -12.229003 (VIOLATED)
_12644_/A1                              5.200000   17.429003  -12.229003 (VIOLATED)
_12645_/A2                              5.200000   17.429003  -12.229003 (VIOLATED)
_12651_/A1                              5.200000   17.429003  -12.229003 (VIOLATED)
_12652_/A2                              5.200000   17.429003  -12.229003 (VIOLATED)
_12657_/A2                              5.200000   17.429003  -12.229003 (VIOLATED)
_12658_/A1                              5.200000   17.429003  -12.229003 (VIOLATED)
_12664_/A1                              5.200000   17.429003  -12.229003 (VIOLATED)
_12665_/A2                              5.200000   17.429003  -12.229003 (VIOLATED)
_12671_/A1                              5.200000   17.429003  -12.229003 (VIOLATED)
_12672_/A2                              5.200000   17.429003  -12.229003 (VIOLATED)
_12678_/A1                              5.200000   17.429003  -12.229003 (VIOLATED)
_12679_/A2                              5.200000   17.429003  -12.229003 (VIOLATED)
_12685_/A1                              5.200000   17.429003  -12.229003 (VIOLATED)
_12686_/A2                              5.200000   17.429003  -12.229003 (VIOLATED)
_12692_/A1                              5.200000   17.429003  -12.229003 (VIOLATED)
_12693_/A2                              5.200000   17.429003  -12.229003 (VIOLATED)
_12699_/A1                              5.200000   17.429003  -12.229003 (VIOLATED)
_12700_/A2                              5.200000   17.429003  -12.229003 (VIOLATED)
_12706_/A1                              5.200000   17.429003  -12.229003 (VIOLATED)
_12707_/A2                              5.200000   17.429003  -12.229003 (VIOLATED)
_12713_/A2                              5.200000   17.429003  -12.229003 (VIOLATED)
_12714_/A1                              5.200000   17.429003  -12.229003 (VIOLATED)
_12723_/A2                              5.200000   17.429003  -12.229003 (VIOLATED)
_12724_/A1                              5.200000   17.429003  -12.229003 (VIOLATED)
_12729_/S                               5.200000   17.429003  -12.229003 (VIOLATED)
_12734_/A2                              5.200000   17.429003  -12.229003 (VIOLATED)
_12735_/A1                              5.200000   17.429003  -12.229003 (VIOLATED)
_12740_/S                               5.200000   17.429003  -12.229003 (VIOLATED)
_12745_/A2                              5.200000   17.429003  -12.229003 (VIOLATED)
_12746_/A1                              5.200000   17.429003  -12.229003 (VIOLATED)
_12751_/A2                              5.200000   17.429003  -12.229003 (VIOLATED)
_12752_/A1                              5.200000   17.429003  -12.229003 (VIOLATED)
_12757_/A2                              5.200000   17.429003  -12.229003 (VIOLATED)
_12758_/A1                              5.200000   17.429003  -12.229003 (VIOLATED)
_12763_/A2                              5.200000   17.429003  -12.229003 (VIOLATED)
_12764_/A1                              5.200000   17.429003  -12.229003 (VIOLATED)
_12766_/A2                              5.200000   17.429003  -12.229003 (VIOLATED)
_12767_/A1                              5.200000   17.429003  -12.229003 (VIOLATED)
_12772_/A2                              5.200000   17.429003  -12.229003 (VIOLATED)
_12773_/A1                              5.200000   17.429003  -12.229003 (VIOLATED)
_12778_/A2                              5.200000   17.429003  -12.229003 (VIOLATED)
_12779_/A1                              5.200000   17.429003  -12.229003 (VIOLATED)
_12784_/A2                              5.200000   17.429003  -12.229003 (VIOLATED)
_12785_/A1                              5.200000   17.429003  -12.229003 (VIOLATED)
_12790_/A2                              5.200000   17.429003  -12.229003 (VIOLATED)
_12791_/A1                              5.200000   17.429003  -12.229003 (VIOLATED)
_12797_/A2                              5.200000   17.429003  -12.229003 (VIOLATED)
_12798_/A1                              5.200000   17.429003  -12.229003 (VIOLATED)
_12802_/A2                              5.200000   17.429003  -12.229003 (VIOLATED)
_12803_/A1                              5.200000   17.429003  -12.229003 (VIOLATED)
_12817_/A2                              5.200000   17.429003  -12.229003 (VIOLATED)
_12818_/A1                              5.200000   17.429003  -12.229003 (VIOLATED)
_12824_/S                               5.200000   17.429003  -12.229003 (VIOLATED)
_12830_/A2                              5.200000   17.429003  -12.229003 (VIOLATED)
_12831_/A1                              5.200000   17.429003  -12.229003 (VIOLATED)
_12837_/A2                              5.200000   17.429003  -12.229003 (VIOLATED)
_12838_/A1                              5.200000   17.429003  -12.229003 (VIOLATED)
_12845_/S                               5.200000   17.429003  -12.229003 (VIOLATED)
_12852_/S                               5.200000   17.429003  -12.229003 (VIOLATED)
_12859_/A2                              5.200000   17.429003  -12.229003 (VIOLATED)
_12860_/A1                              5.200000   17.429003  -12.229003 (VIOLATED)
_12866_/A2                              5.200000   17.429003  -12.229003 (VIOLATED)
_12867_/A1                              5.200000   17.429003  -12.229003 (VIOLATED)
_12872_/A2                              5.200000   17.429003  -12.229003 (VIOLATED)
_12873_/A1                              5.200000   17.429003  -12.229003 (VIOLATED)
_12884_/S                               5.200000   17.429003  -12.229003 (VIOLATED)
_12890_/S                               5.200000   17.429003  -12.229003 (VIOLATED)
_12897_/A2                              5.200000   17.429003  -12.229003 (VIOLATED)
_12898_/A1                              5.200000   17.429003  -12.229003 (VIOLATED)
_12904_/S                               5.200000   17.429003  -12.229003 (VIOLATED)
_12910_/A2                              5.200000   17.429003  -12.229003 (VIOLATED)
_12911_/A1                              5.200000   17.429003  -12.229003 (VIOLATED)
_12917_/S                               5.200000   17.429003  -12.229003 (VIOLATED)
_12923_/A2                              5.200000   17.429003  -12.229003 (VIOLATED)
_12924_/A1                              5.200000   17.429003  -12.229003 (VIOLATED)
_12934_/A2                              5.200000   17.429003  -12.229003 (VIOLATED)
_12936_/A1                              5.200000   17.429003  -12.229003 (VIOLATED)
_12940_/A2                              5.200000   17.429003  -12.229003 (VIOLATED)
_12942_/A1                              5.200000   17.429003  -12.229003 (VIOLATED)
_12947_/A2                              5.200000   17.429003  -12.229003 (VIOLATED)
_12949_/A1                              5.200000   17.429003  -12.229003 (VIOLATED)
_12955_/A2                              5.200000   17.429003  -12.229003 (VIOLATED)
_12957_/A1                              5.200000   17.429003  -12.229003 (VIOLATED)
_12961_/A2                              5.200000   17.429003  -12.229003 (VIOLATED)
_12963_/A1                              5.200000   17.429003  -12.229003 (VIOLATED)
_12968_/A2                              5.200000   17.429003  -12.229003 (VIOLATED)
_12970_/A1                              5.200000   17.429003  -12.229003 (VIOLATED)
_12975_/A2                              5.200000   17.429003  -12.229003 (VIOLATED)
_12977_/A1                              5.200000   17.429003  -12.229003 (VIOLATED)
_12982_/A2                              5.200000   17.429003  -12.229003 (VIOLATED)
_12984_/A1                              5.200000   17.429003  -12.229003 (VIOLATED)
_12990_/A2                              5.200000   17.429003  -12.229003 (VIOLATED)
_12991_/A1                              5.200000   17.429003  -12.229003 (VIOLATED)
_12999_/S                               5.200000   17.429003  -12.229003 (VIOLATED)
_13004_/S                               5.200000   17.429003  -12.229003 (VIOLATED)
_13009_/A2                              5.200000   17.429003  -12.229003 (VIOLATED)
_13010_/A1                              5.200000   17.429003  -12.229003 (VIOLATED)
_13015_/S                               5.200000   17.429003  -12.229003 (VIOLATED)
_13020_/A2                              5.200000   17.429003  -12.229003 (VIOLATED)
_13021_/A1                              5.200000   17.429003  -12.229003 (VIOLATED)
_13026_/S                               5.200000   17.429003  -12.229003 (VIOLATED)
_13031_/S                               5.200000   17.429003  -12.229003 (VIOLATED)
_13034_/A1                              5.200000   17.429003  -12.229003 (VIOLATED)
_13035_/A2                              5.200000   17.429003  -12.229003 (VIOLATED)
_13040_/A2                              5.200000   17.429003  -12.229003 (VIOLATED)
_13042_/A1                              5.200000   17.429003  -12.229003 (VIOLATED)
_13046_/A2                              5.200000   17.429003  -12.229003 (VIOLATED)
_13048_/A1                              5.200000   17.429003  -12.229003 (VIOLATED)
_13052_/A2                              5.200000   17.429003  -12.229003 (VIOLATED)
_13054_/A1                              5.200000   17.429003  -12.229003 (VIOLATED)
_13058_/A2                              5.200000   17.429003  -12.229003 (VIOLATED)
_13060_/A1                              5.200000   17.429003  -12.229003 (VIOLATED)
_13064_/A2                              5.200000   17.429003  -12.229003 (VIOLATED)
_13066_/A1                              5.200000   17.429003  -12.229003 (VIOLATED)
_13070_/A2                              5.200000   17.429003  -12.229003 (VIOLATED)
_13072_/A1                              5.200000   17.429003  -12.229003 (VIOLATED)
_13076_/A2                              5.200000   17.429003  -12.229003 (VIOLATED)
_13078_/A1                              5.200000   17.429003  -12.229003 (VIOLATED)
_13083_/A2                              5.200000   17.429003  -12.229003 (VIOLATED)
_13084_/A1                              5.200000   17.429003  -12.229003 (VIOLATED)
_13088_/A1                              5.200000   17.429003  -12.229003 (VIOLATED)
_13089_/A2                              5.200000   17.429003  -12.229003 (VIOLATED)
_13095_/A1                              5.200000   17.429003  -12.229003 (VIOLATED)
_13096_/A2                              5.200000   17.429003  -12.229003 (VIOLATED)
_13102_/A1                              5.200000   17.429003  -12.229003 (VIOLATED)
_13103_/A2                              5.200000   17.429003  -12.229003 (VIOLATED)
_13109_/A1                              5.200000   17.429003  -12.229003 (VIOLATED)
_13110_/A2                              5.200000   17.429003  -12.229003 (VIOLATED)
_13116_/A1                              5.200000   17.429003  -12.229003 (VIOLATED)
_13117_/A2                              5.200000   17.429003  -12.229003 (VIOLATED)
_13123_/A1                              5.200000   17.429003  -12.229003 (VIOLATED)
_13124_/A2                              5.200000   17.429003  -12.229003 (VIOLATED)
_13130_/A1                              5.200000   17.429003  -12.229003 (VIOLATED)
_13131_/A2                              5.200000   17.429003  -12.229003 (VIOLATED)
_13138_/A2                              5.200000   17.429003  -12.229003 (VIOLATED)
_13139_/A1                              5.200000   17.429003  -12.229003 (VIOLATED)
_13141_/A2                              5.200000   17.429003  -12.229003 (VIOLATED)
_13142_/A1                              5.200000   17.429003  -12.229003 (VIOLATED)
_13146_/A2                              5.200000   17.429003  -12.229003 (VIOLATED)
_13147_/A1                              5.200000   17.429003  -12.229003 (VIOLATED)
_13151_/A2                              5.200000   17.429003  -12.229003 (VIOLATED)
_13152_/A1                              5.200000   17.429003  -12.229003 (VIOLATED)
_13156_/A2                              5.200000   17.429003  -12.229003 (VIOLATED)
_13157_/A1                              5.200000   17.429003  -12.229003 (VIOLATED)
_13161_/A2                              5.200000   17.429003  -12.229003 (VIOLATED)
_13162_/A1                              5.200000   17.429003  -12.229003 (VIOLATED)
_13166_/A2                              5.200000   17.429003  -12.229003 (VIOLATED)
_13167_/A1                              5.200000   17.429003  -12.229003 (VIOLATED)
_13171_/A2                              5.200000   17.429003  -12.229003 (VIOLATED)
_13172_/A1                              5.200000   17.429003  -12.229003 (VIOLATED)
_13177_/S                               5.200000   17.429003  -12.229003 (VIOLATED)
_13184_/A1                              5.200000   17.429003  -12.229003 (VIOLATED)
_13185_/A2                              5.200000   17.429003  -12.229003 (VIOLATED)
_13191_/A1                              5.200000   17.429003  -12.229003 (VIOLATED)
_13192_/A2                              5.200000   17.429003  -12.229003 (VIOLATED)
_13197_/A2                              5.200000   17.429003  -12.229003 (VIOLATED)
_13198_/A1                              5.200000   17.429003  -12.229003 (VIOLATED)
_13203_/A2                              5.200000   17.429003  -12.229003 (VIOLATED)
_13204_/A1                              5.200000   17.429003  -12.229003 (VIOLATED)
_13210_/A1                              5.200000   17.429003  -12.229003 (VIOLATED)
_13211_/A2                              5.200000   17.429003  -12.229003 (VIOLATED)
_13217_/A1                              5.200000   17.429003  -12.229003 (VIOLATED)
_13218_/A2                              5.200000   17.429003  -12.229003 (VIOLATED)
_13224_/A1                              5.200000   17.429003  -12.229003 (VIOLATED)
_13225_/A2                              5.200000   17.429003  -12.229003 (VIOLATED)
_15172_/I1                              5.200000   17.429003  -12.229003 (VIOLATED)
_17692_/Q                               5.200000   17.429003  -12.229003 (VIOLATED)
_08896_/Z                               5.200000   17.263321  -12.063320 (VIOLATED)
_08899_/B1                              5.200000   17.263321  -12.063320 (VIOLATED)
_08909_/A2                              5.200000   17.263321  -12.063320 (VIOLATED)
_08923_/A2                              5.200000   17.263321  -12.063320 (VIOLATED)
_08937_/A2                              5.200000   17.263321  -12.063320 (VIOLATED)
_08951_/A2                              5.200000   17.263321  -12.063320 (VIOLATED)
_08964_/A2                              5.200000   17.263321  -12.063320 (VIOLATED)
_08977_/A2                              5.200000   17.263321  -12.063320 (VIOLATED)
_08991_/A2                              5.200000   17.263321  -12.063320 (VIOLATED)
_09013_/A2                              5.200000   17.263321  -12.063320 (VIOLATED)
_09024_/B1                              5.200000   17.263321  -12.063320 (VIOLATED)
_09035_/B1                              5.200000   17.263321  -12.063320 (VIOLATED)
_09046_/B1                              5.200000   17.263321  -12.063320 (VIOLATED)
_09052_/A2                              5.200000   17.263321  -12.063320 (VIOLATED)
_09070_/A2                              5.200000   17.263321  -12.063320 (VIOLATED)
_09076_/A2                              5.200000   17.263321  -12.063320 (VIOLATED)
_09089_/A2                              5.200000   17.263321  -12.063320 (VIOLATED)
_09110_/A2                              5.200000   17.263321  -12.063320 (VIOLATED)
_09124_/A2                              5.200000   17.263321  -12.063320 (VIOLATED)
_09141_/A2                              5.200000   17.263321  -12.063320 (VIOLATED)
_09159_/A2                              5.200000   17.263321  -12.063320 (VIOLATED)
_09174_/A2                              5.200000   17.263321  -12.063320 (VIOLATED)
_09189_/A2                              5.200000   17.263321  -12.063320 (VIOLATED)
_09205_/A2                              5.200000   17.263321  -12.063320 (VIOLATED)
_09220_/A2                              5.200000   17.263321  -12.063320 (VIOLATED)
_09232_/A2                              5.200000   17.263321  -12.063320 (VIOLATED)
_09245_/A2                              5.200000   17.263321  -12.063320 (VIOLATED)
_09253_/A2                              5.200000   17.263321  -12.063320 (VIOLATED)
_09260_/A2                              5.200000   17.263321  -12.063320 (VIOLATED)
_09269_/A2                              5.200000   17.263321  -12.063320 (VIOLATED)
_09276_/A2                              5.200000   17.263321  -12.063320 (VIOLATED)
_09284_/A2                              5.200000   17.263321  -12.063320 (VIOLATED)
_09291_/B1                              5.200000   17.263321  -12.063320 (VIOLATED)
_10724_/A2                              5.200000   17.263321  -12.063320 (VIOLATED)
_10751_/A2                              5.200000   17.263321  -12.063320 (VIOLATED)
_10761_/A2                              5.200000   17.263321  -12.063320 (VIOLATED)
_10771_/A2                              5.200000   17.263321  -12.063320 (VIOLATED)
_10781_/A2                              5.200000   17.263321  -12.063320 (VIOLATED)
_10791_/A2                              5.200000   17.263321  -12.063320 (VIOLATED)
_10801_/A2                              5.200000   17.263321  -12.063320 (VIOLATED)
_10811_/A2                              5.200000   17.263321  -12.063320 (VIOLATED)
_10829_/A2                              5.200000   17.263321  -12.063320 (VIOLATED)
_10840_/A2                              5.200000   17.263321  -12.063320 (VIOLATED)
_10851_/A2                              5.200000   17.263321  -12.063320 (VIOLATED)
_10861_/A2                              5.200000   17.263321  -12.063320 (VIOLATED)
_10872_/A2                              5.200000   17.263321  -12.063320 (VIOLATED)
_10884_/A2                              5.200000   17.263321  -12.063320 (VIOLATED)
_10895_/A2                              5.200000   17.263321  -12.063320 (VIOLATED)
_10907_/A2                              5.200000   17.263321  -12.063320 (VIOLATED)
_10922_/A2                              5.200000   17.263321  -12.063320 (VIOLATED)
_10935_/A2                              5.200000   17.263321  -12.063320 (VIOLATED)
_10938_/A2                              5.200000   17.263321  -12.063320 (VIOLATED)
_10949_/A2                              5.200000   17.263321  -12.063320 (VIOLATED)
_10968_/A2                              5.200000   17.263321  -12.063320 (VIOLATED)
_10980_/A2                              5.200000   17.263321  -12.063320 (VIOLATED)
_10991_/A2                              5.200000   17.263321  -12.063320 (VIOLATED)
_10994_/A2                              5.200000   17.263321  -12.063320 (VIOLATED)
_11011_/A2                              5.200000   17.263321  -12.063320 (VIOLATED)
_11016_/A2                              5.200000   17.263321  -12.063320 (VIOLATED)
_11026_/A2                              5.200000   17.263321  -12.063320 (VIOLATED)
_11036_/A2                              5.200000   17.263321  -12.063320 (VIOLATED)
_11046_/A2                              5.200000   17.263321  -12.063320 (VIOLATED)
_11054_/A2                              5.200000   17.263321  -12.063320 (VIOLATED)
_11064_/A2                              5.200000   17.263321  -12.063320 (VIOLATED)
_11075_/A2                              5.200000   17.263321  -12.063320 (VIOLATED)
_11095_/A2                              5.200000   17.263321  -12.063320 (VIOLATED)
_11102_/A2                              5.200000   17.263321  -12.063320 (VIOLATED)
_11110_/A2                              5.200000   17.263321  -12.063320 (VIOLATED)
_11118_/A2                              5.200000   17.263321  -12.063320 (VIOLATED)
_11124_/A2                              5.200000   17.263321  -12.063320 (VIOLATED)
_11130_/A2                              5.200000   17.263321  -12.063320 (VIOLATED)
_11138_/A2                              5.200000   17.263321  -12.063320 (VIOLATED)
_11143_/A2                              5.200000   17.263321  -12.063320 (VIOLATED)
_11152_/A2                              5.200000   17.263321  -12.063320 (VIOLATED)
_11157_/A2                              5.200000   17.263321  -12.063320 (VIOLATED)
_11169_/A2                              5.200000   17.263321  -12.063320 (VIOLATED)
_11174_/A2                              5.200000   17.263321  -12.063320 (VIOLATED)
_11185_/A2                              5.200000   17.263321  -12.063320 (VIOLATED)
_11191_/A2                              5.200000   17.263321  -12.063320 (VIOLATED)
_11200_/A2                              5.200000   17.263321  -12.063320 (VIOLATED)
_11209_/A2                              5.200000   17.263321  -12.063320 (VIOLATED)
_11224_/A2                              5.200000   17.263321  -12.063320 (VIOLATED)
_11231_/A2                              5.200000   17.263321  -12.063320 (VIOLATED)
_11237_/A2                              5.200000   17.263321  -12.063320 (VIOLATED)
_11243_/A2                              5.200000   17.263321  -12.063320 (VIOLATED)
_11249_/A2                              5.200000   17.263321  -12.063320 (VIOLATED)
_11255_/A2                              5.200000   17.263321  -12.063320 (VIOLATED)
_11261_/A2                              5.200000   17.263321  -12.063320 (VIOLATED)
_11267_/A2                              5.200000   17.263321  -12.063320 (VIOLATED)
_11272_/A2                              5.200000   17.263321  -12.063320 (VIOLATED)
_11286_/A2                              5.200000   17.263321  -12.063320 (VIOLATED)
_11296_/A2                              5.200000   17.263321  -12.063320 (VIOLATED)
_11306_/A2                              5.200000   17.263321  -12.063320 (VIOLATED)
_11316_/A2                              5.200000   17.263321  -12.063320 (VIOLATED)
_11326_/A2                              5.200000   17.263321  -12.063320 (VIOLATED)
_11336_/A2                              5.200000   17.263321  -12.063320 (VIOLATED)
_11346_/A2                              5.200000   17.263321  -12.063320 (VIOLATED)
_11356_/B                               5.200000   17.263321  -12.063320 (VIOLATED)
_11364_/A2                              5.200000   17.263321  -12.063320 (VIOLATED)
_11366_/A2                              5.200000   17.263321  -12.063320 (VIOLATED)
_11369_/A2                              5.200000   17.263321  -12.063320 (VIOLATED)
_11372_/A2                              5.200000   17.263321  -12.063320 (VIOLATED)
_11375_/A2                              5.200000   17.263321  -12.063320 (VIOLATED)
_11377_/A2                              5.200000   17.263321  -12.063320 (VIOLATED)
_11380_/A2                              5.200000   17.263321  -12.063320 (VIOLATED)
_11382_/A2                              5.200000   17.263321  -12.063320 (VIOLATED)
_11385_/A2                              5.200000   17.263321  -12.063320 (VIOLATED)
_11387_/A2                              5.200000   17.263321  -12.063320 (VIOLATED)
_11390_/A2                              5.200000   17.263321  -12.063320 (VIOLATED)
_11392_/A2                              5.200000   17.263321  -12.063320 (VIOLATED)
_11395_/A2                              5.200000   17.263321  -12.063320 (VIOLATED)
_11398_/A2                              5.200000   17.263321  -12.063320 (VIOLATED)
_11400_/A2                              5.200000   17.263321  -12.063320 (VIOLATED)
_11402_/A2                              5.200000   17.263321  -12.063320 (VIOLATED)
_11405_/A2                              5.200000   17.263321  -12.063320 (VIOLATED)
_11407_/A2                              5.200000   17.263321  -12.063320 (VIOLATED)
_11409_/A2                              5.200000   17.263321  -12.063320 (VIOLATED)
_11411_/A2                              5.200000   17.263321  -12.063320 (VIOLATED)
_11414_/A2                              5.200000   17.263321  -12.063320 (VIOLATED)
_11416_/A2                              5.200000   17.263321  -12.063320 (VIOLATED)
_11419_/A2                              5.200000   17.263321  -12.063320 (VIOLATED)
_11421_/A2                              5.200000   17.263321  -12.063320 (VIOLATED)
_11423_/A2                              5.200000   17.263321  -12.063320 (VIOLATED)
_11426_/A2                              5.200000   17.263321  -12.063320 (VIOLATED)
_11429_/A2                              5.200000   17.263321  -12.063320 (VIOLATED)
_11432_/A2                              5.200000   17.263321  -12.063320 (VIOLATED)
_11435_/A2                              5.200000   17.263321  -12.063320 (VIOLATED)
_11437_/A2                              5.200000   17.263321  -12.063320 (VIOLATED)
_11440_/A2                              5.200000   17.263321  -12.063320 (VIOLATED)
_11443_/A2                              5.200000   17.263321  -12.063320 (VIOLATED)
_11446_/A2                              5.200000   17.263321  -12.063320 (VIOLATED)
_11448_/A2                              5.200000   17.263321  -12.063320 (VIOLATED)
_11451_/A2                              5.200000   17.263321  -12.063320 (VIOLATED)
_11454_/A2                              5.200000   17.263321  -12.063320 (VIOLATED)
_11457_/A2                              5.200000   17.263321  -12.063320 (VIOLATED)
_11459_/A2                              5.200000   17.263321  -12.063320 (VIOLATED)
_11462_/A2                              5.200000   17.263321  -12.063320 (VIOLATED)
_11464_/A2                              5.200000   17.263321  -12.063320 (VIOLATED)
_11467_/A2                              5.200000   17.263321  -12.063320 (VIOLATED)
_11469_/A2                              5.200000   17.263321  -12.063320 (VIOLATED)
_11472_/A2                              5.200000   17.263321  -12.063320 (VIOLATED)
_11474_/A2                              5.200000   17.263321  -12.063320 (VIOLATED)
_11477_/A2                              5.200000   17.263321  -12.063320 (VIOLATED)
_11480_/A2                              5.200000   17.263321  -12.063320 (VIOLATED)
_11482_/A2                              5.200000   17.263321  -12.063320 (VIOLATED)
_11484_/A2                              5.200000   17.263321  -12.063320 (VIOLATED)
_11487_/A2                              5.200000   17.263321  -12.063320 (VIOLATED)
_11489_/A2                              5.200000   17.263321  -12.063320 (VIOLATED)
_11491_/A2                              5.200000   17.263321  -12.063320 (VIOLATED)
_11493_/A2                              5.200000   17.263321  -12.063320 (VIOLATED)
_11496_/A2                              5.200000   17.263321  -12.063320 (VIOLATED)
_11498_/A2                              5.200000   17.263321  -12.063320 (VIOLATED)
_11501_/A2                              5.200000   17.263321  -12.063320 (VIOLATED)
_11503_/A2                              5.200000   17.263321  -12.063320 (VIOLATED)
_11505_/A2                              5.200000   17.263321  -12.063320 (VIOLATED)
_11508_/A2                              5.200000   17.263321  -12.063320 (VIOLATED)
_11511_/A2                              5.200000   17.263321  -12.063320 (VIOLATED)
_11514_/A2                              5.200000   17.263321  -12.063320 (VIOLATED)
_11517_/A2                              5.200000   17.263321  -12.063320 (VIOLATED)
_11519_/A2                              5.200000   17.263321  -12.063320 (VIOLATED)
_11522_/A2                              5.200000   17.263321  -12.063320 (VIOLATED)
_11525_/A2                              5.200000   17.263321  -12.063320 (VIOLATED)
_11528_/A2                              5.200000   17.263321  -12.063320 (VIOLATED)
_11530_/A2                              5.200000   17.263321  -12.063320 (VIOLATED)
_11533_/A2                              5.200000   17.263321  -12.063320 (VIOLATED)
_11536_/A2                              5.200000   17.263321  -12.063320 (VIOLATED)
_11539_/A2                              5.200000   17.263321  -12.063320 (VIOLATED)
_11541_/A2                              5.200000   17.263321  -12.063320 (VIOLATED)
_11544_/A2                              5.200000   17.263321  -12.063320 (VIOLATED)
_11546_/A2                              5.200000   17.263321  -12.063320 (VIOLATED)
_11549_/A2                              5.200000   17.263321  -12.063320 (VIOLATED)
_11551_/A2                              5.200000   17.263321  -12.063320 (VIOLATED)
_11554_/A2                              5.200000   17.263321  -12.063320 (VIOLATED)
_11556_/A2                              5.200000   17.263321  -12.063320 (VIOLATED)
_11559_/A2                              5.200000   17.263321  -12.063320 (VIOLATED)
_11562_/A2                              5.200000   17.263321  -12.063320 (VIOLATED)
_11564_/A2                              5.200000   17.263321  -12.063320 (VIOLATED)
_11566_/A2                              5.200000   17.263321  -12.063320 (VIOLATED)
_11569_/A2                              5.200000   17.263321  -12.063320 (VIOLATED)
_11571_/A2                              5.200000   17.263321  -12.063320 (VIOLATED)
_11573_/A2                              5.200000   17.263321  -12.063320 (VIOLATED)
_11575_/A2                              5.200000   17.263321  -12.063320 (VIOLATED)
_11578_/A2                              5.200000   17.263321  -12.063320 (VIOLATED)
_11580_/A2                              5.200000   17.263321  -12.063320 (VIOLATED)
_11583_/A2                              5.200000   17.263321  -12.063320 (VIOLATED)
_11585_/A2                              5.200000   17.263321  -12.063320 (VIOLATED)
_11587_/A2                              5.200000   17.263321  -12.063320 (VIOLATED)
_11590_/A2                              5.200000   17.263321  -12.063320 (VIOLATED)
_11593_/A2                              5.200000   17.263321  -12.063320 (VIOLATED)
_11596_/A2                              5.200000   17.263321  -12.063320 (VIOLATED)
_11599_/A2                              5.200000   17.263321  -12.063320 (VIOLATED)
_11601_/A2                              5.200000   17.263321  -12.063320 (VIOLATED)
_11604_/A2                              5.200000   17.263321  -12.063320 (VIOLATED)
_11607_/A2                              5.200000   17.263321  -12.063320 (VIOLATED)
_11610_/A2                              5.200000   17.263321  -12.063320 (VIOLATED)
_11612_/A2                              5.200000   17.263321  -12.063320 (VIOLATED)
_11615_/A2                              5.200000   17.263321  -12.063320 (VIOLATED)
_11618_/A2                              5.200000   17.263321  -12.063320 (VIOLATED)
_11621_/A2                              5.200000   17.263321  -12.063320 (VIOLATED)
_11623_/A2                              5.200000   17.263321  -12.063320 (VIOLATED)
_11626_/A2                              5.200000   17.263321  -12.063320 (VIOLATED)
_11628_/A2                              5.200000   17.263321  -12.063320 (VIOLATED)
_11631_/A2                              5.200000   17.263321  -12.063320 (VIOLATED)
_11633_/A2                              5.200000   17.263321  -12.063320 (VIOLATED)
_11636_/A2                              5.200000   17.263321  -12.063320 (VIOLATED)
_11638_/A2                              5.200000   17.263321  -12.063320 (VIOLATED)
_11641_/A2                              5.200000   17.263321  -12.063320 (VIOLATED)
_11644_/A2                              5.200000   17.263321  -12.063320 (VIOLATED)
_11646_/A2                              5.200000   17.263321  -12.063320 (VIOLATED)
_11648_/A2                              5.200000   17.263321  -12.063320 (VIOLATED)
_11651_/A2                              5.200000   17.263321  -12.063320 (VIOLATED)
_11653_/A2                              5.200000   17.263321  -12.063320 (VIOLATED)
_11655_/A2                              5.200000   17.263321  -12.063320 (VIOLATED)
_11657_/A2                              5.200000   17.263321  -12.063320 (VIOLATED)
_11660_/A2                              5.200000   17.263321  -12.063320 (VIOLATED)
_11662_/A2                              5.200000   17.263321  -12.063320 (VIOLATED)
_11665_/A2                              5.200000   17.263321  -12.063320 (VIOLATED)
_11667_/A2                              5.200000   17.263321  -12.063320 (VIOLATED)
_11669_/A2                              5.200000   17.263321  -12.063320 (VIOLATED)
_11672_/A2                              5.200000   17.263321  -12.063320 (VIOLATED)
_11675_/A2                              5.200000   17.263321  -12.063320 (VIOLATED)
_11678_/A2                              5.200000   17.263321  -12.063320 (VIOLATED)
_11681_/A2                              5.200000   17.263321  -12.063320 (VIOLATED)
_11683_/A2                              5.200000   17.263321  -12.063320 (VIOLATED)
_11686_/A2                              5.200000   17.263321  -12.063320 (VIOLATED)
_11689_/A2                              5.200000   17.263321  -12.063320 (VIOLATED)
_16519_/B1                              5.200000   17.263321  -12.063320 (VIOLATED)
_16525_/A2                              5.200000   17.263321  -12.063320 (VIOLATED)
_16538_/A2                              5.200000   17.263321  -12.063320 (VIOLATED)
_16551_/A2                              5.200000   17.263321  -12.063320 (VIOLATED)
_16563_/A2                              5.200000   17.263321  -12.063320 (VIOLATED)
_16575_/A2                              5.200000   17.263321  -12.063320 (VIOLATED)
_16587_/A2                              5.200000   17.263321  -12.063320 (VIOLATED)
_16600_/A2                              5.200000   17.263321  -12.063320 (VIOLATED)
_16613_/A2                              5.200000   17.263321  -12.063320 (VIOLATED)
_16620_/A2                              5.200000   17.263321  -12.063320 (VIOLATED)
_16631_/A2                              5.200000   17.263321  -12.063320 (VIOLATED)
_16642_/A2                              5.200000   17.263321  -12.063320 (VIOLATED)
_16653_/A2                              5.200000   17.263321  -12.063320 (VIOLATED)
_16664_/A2                              5.200000   17.263321  -12.063320 (VIOLATED)
_16675_/A2                              5.200000   17.263321  -12.063320 (VIOLATED)
_16686_/A2                              5.200000   17.263321  -12.063320 (VIOLATED)
_16699_/B1                              5.200000   17.263321  -12.063320 (VIOLATED)
_16706_/A2                              5.200000   17.263321  -12.063320 (VIOLATED)
_16717_/A2                              5.200000   17.263321  -12.063320 (VIOLATED)
_16728_/A2                              5.200000   17.263321  -12.063320 (VIOLATED)
_16739_/A2                              5.200000   17.263321  -12.063320 (VIOLATED)
_16751_/A2                              5.200000   17.263321  -12.063320 (VIOLATED)
_16762_/A2                              5.200000   17.263321  -12.063320 (VIOLATED)
_16773_/A2                              5.200000   17.263321  -12.063320 (VIOLATED)
_16783_/A2                              5.200000   17.263321  -12.063320 (VIOLATED)
_16796_/A2                              5.200000   17.263321  -12.063320 (VIOLATED)
_16806_/A2                              5.200000   17.263321  -12.063320 (VIOLATED)
_16813_/A2                              5.200000   17.263321  -12.063320 (VIOLATED)
_16820_/A2                              5.200000   17.263321  -12.063320 (VIOLATED)
_16827_/A2                              5.200000   17.263321  -12.063320 (VIOLATED)
_16836_/A2                              5.200000   17.263321  -12.063320 (VIOLATED)
_16845_/A2                              5.200000   17.263321  -12.063320 (VIOLATED)
_08897_/Z                               5.200000   17.137499  -11.937499 (VIOLATED)
_08899_/C1                              5.200000   17.137499  -11.937499 (VIOLATED)
_08909_/B1                              5.200000   17.137499  -11.937499 (VIOLATED)
_08923_/B1                              5.200000   17.137499  -11.937499 (VIOLATED)
_08937_/B1                              5.200000   17.137499  -11.937499 (VIOLATED)
_08951_/B1                              5.200000   17.137499  -11.937499 (VIOLATED)
_08964_/B1                              5.200000   17.137499  -11.937499 (VIOLATED)
_08977_/B1                              5.200000   17.137499  -11.937499 (VIOLATED)
_08991_/B1                              5.200000   17.137499  -11.937499 (VIOLATED)
_09013_/B1                              5.200000   17.137499  -11.937499 (VIOLATED)
_09024_/C1                              5.200000   17.137499  -11.937499 (VIOLATED)
_09035_/C1                              5.200000   17.137499  -11.937499 (VIOLATED)
_09046_/C1                              5.200000   17.137499  -11.937499 (VIOLATED)
_09052_/B1                              5.200000   17.137499  -11.937499 (VIOLATED)
_09070_/B1                              5.200000   17.137499  -11.937499 (VIOLATED)
_09076_/B1                              5.200000   17.137499  -11.937499 (VIOLATED)
_09089_/B1                              5.200000   17.137499  -11.937499 (VIOLATED)
_09110_/B1                              5.200000   17.137499  -11.937499 (VIOLATED)
_09124_/B1                              5.200000   17.137499  -11.937499 (VIOLATED)
_09141_/B1                              5.200000   17.137499  -11.937499 (VIOLATED)
_09159_/B1                              5.200000   17.137499  -11.937499 (VIOLATED)
_09174_/B1                              5.200000   17.137499  -11.937499 (VIOLATED)
_09189_/B1                              5.200000   17.137499  -11.937499 (VIOLATED)
_09205_/B1                              5.200000   17.137499  -11.937499 (VIOLATED)
_09220_/B1                              5.200000   17.137499  -11.937499 (VIOLATED)
_09232_/B1                              5.200000   17.137499  -11.937499 (VIOLATED)
_09245_/B1                              5.200000   17.137499  -11.937499 (VIOLATED)
_09253_/B1                              5.200000   17.137499  -11.937499 (VIOLATED)
_09260_/B1                              5.200000   17.137499  -11.937499 (VIOLATED)
_09269_/B1                              5.200000   17.137499  -11.937499 (VIOLATED)
_09276_/B1                              5.200000   17.137499  -11.937499 (VIOLATED)
_09284_/B1                              5.200000   17.137499  -11.937499 (VIOLATED)
_09291_/C1                              5.200000   17.137499  -11.937499 (VIOLATED)
_10724_/B1                              5.200000   17.137499  -11.937499 (VIOLATED)
_10751_/B1                              5.200000   17.137499  -11.937499 (VIOLATED)
_10761_/B1                              5.200000   17.137499  -11.937499 (VIOLATED)
_10771_/B1                              5.200000   17.137499  -11.937499 (VIOLATED)
_10781_/B1                              5.200000   17.137499  -11.937499 (VIOLATED)
_10791_/B1                              5.200000   17.137499  -11.937499 (VIOLATED)
_10801_/B1                              5.200000   17.137499  -11.937499 (VIOLATED)
_10811_/B1                              5.200000   17.137499  -11.937499 (VIOLATED)
_10829_/B1                              5.200000   17.137499  -11.937499 (VIOLATED)
_10840_/B1                              5.200000   17.137499  -11.937499 (VIOLATED)
_10851_/B1                              5.200000   17.137499  -11.937499 (VIOLATED)
_10861_/B1                              5.200000   17.137499  -11.937499 (VIOLATED)
_10872_/B1                              5.200000   17.137499  -11.937499 (VIOLATED)
_10884_/B1                              5.200000   17.137499  -11.937499 (VIOLATED)
_10895_/B1                              5.200000   17.137499  -11.937499 (VIOLATED)
_10907_/C1                              5.200000   17.137499  -11.937499 (VIOLATED)
_10922_/B1                              5.200000   17.137499  -11.937499 (VIOLATED)
_10935_/B1                              5.200000   17.137499  -11.937499 (VIOLATED)
_10938_/B1                              5.200000   17.137499  -11.937499 (VIOLATED)
_10949_/B1                              5.200000   17.137499  -11.937499 (VIOLATED)
_10968_/B1                              5.200000   17.137499  -11.937499 (VIOLATED)
_10980_/B1                              5.200000   17.137499  -11.937499 (VIOLATED)
_10991_/B1                              5.200000   17.137499  -11.937499 (VIOLATED)
_10994_/B1                              5.200000   17.137499  -11.937499 (VIOLATED)
_11011_/B1                              5.200000   17.137499  -11.937499 (VIOLATED)
_11016_/B1                              5.200000   17.137499  -11.937499 (VIOLATED)
_11026_/B1                              5.200000   17.137499  -11.937499 (VIOLATED)
_11036_/B1                              5.200000   17.137499  -11.937499 (VIOLATED)
_11046_/B1                              5.200000   17.137499  -11.937499 (VIOLATED)
_11054_/B1                              5.200000   17.137499  -11.937499 (VIOLATED)
_11064_/B1                              5.200000   17.137499  -11.937499 (VIOLATED)
_11075_/B1                              5.200000   17.137499  -11.937499 (VIOLATED)
_11095_/B1                              5.200000   17.137499  -11.937499 (VIOLATED)
_11102_/B1                              5.200000   17.137499  -11.937499 (VIOLATED)
_11110_/B1                              5.200000   17.137499  -11.937499 (VIOLATED)
_11118_/B1                              5.200000   17.137499  -11.937499 (VIOLATED)
_11124_/B1                              5.200000   17.137499  -11.937499 (VIOLATED)
_11130_/B1                              5.200000   17.137499  -11.937499 (VIOLATED)
_11138_/B1                              5.200000   17.137499  -11.937499 (VIOLATED)
_11143_/B1                              5.200000   17.137499  -11.937499 (VIOLATED)
_11152_/B1                              5.200000   17.137499  -11.937499 (VIOLATED)
_11157_/B1                              5.200000   17.137499  -11.937499 (VIOLATED)
_11169_/B1                              5.200000   17.137499  -11.937499 (VIOLATED)
_11174_/B1                              5.200000   17.137499  -11.937499 (VIOLATED)
_11185_/B1                              5.200000   17.137499  -11.937499 (VIOLATED)
_11191_/B1                              5.200000   17.137499  -11.937499 (VIOLATED)
_11200_/B1                              5.200000   17.137499  -11.937499 (VIOLATED)
_11209_/B1                              5.200000   17.137499  -11.937499 (VIOLATED)
_11224_/B1                              5.200000   17.137499  -11.937499 (VIOLATED)
_11231_/B1                              5.200000   17.137499  -11.937499 (VIOLATED)
_11237_/B1                              5.200000   17.137499  -11.937499 (VIOLATED)
_11243_/B1                              5.200000   17.137499  -11.937499 (VIOLATED)
_11249_/B1                              5.200000   17.137499  -11.937499 (VIOLATED)
_11255_/B1                              5.200000   17.137499  -11.937499 (VIOLATED)
_11261_/B1                              5.200000   17.137499  -11.937499 (VIOLATED)
_11267_/B1                              5.200000   17.137499  -11.937499 (VIOLATED)
_11272_/B1                              5.200000   17.137499  -11.937499 (VIOLATED)
_11286_/B1                              5.200000   17.137499  -11.937499 (VIOLATED)
_11296_/B1                              5.200000   17.137499  -11.937499 (VIOLATED)
_11306_/B1                              5.200000   17.137499  -11.937499 (VIOLATED)
_11316_/B1                              5.200000   17.137499  -11.937499 (VIOLATED)
_11326_/B1                              5.200000   17.137499  -11.937499 (VIOLATED)
_11336_/B1                              5.200000   17.137499  -11.937499 (VIOLATED)
_11346_/B1                              5.200000   17.137499  -11.937499 (VIOLATED)
_11359_/B                               5.200000   17.137499  -11.937499 (VIOLATED)
_11364_/B1                              5.200000   17.137499  -11.937499 (VIOLATED)
_11367_/B1                              5.200000   17.137499  -11.937499 (VIOLATED)
_11370_/B1                              5.200000   17.137499  -11.937499 (VIOLATED)
_11373_/B1                              5.200000   17.137499  -11.937499 (VIOLATED)
_11375_/B1                              5.200000   17.137499  -11.937499 (VIOLATED)
_11378_/B1                              5.200000   17.137499  -11.937499 (VIOLATED)
_11380_/B1                              5.200000   17.137499  -11.937499 (VIOLATED)
_11383_/B1                              5.200000   17.137499  -11.937499 (VIOLATED)
_11385_/B1                              5.200000   17.137499  -11.937499 (VIOLATED)
_11388_/B1                              5.200000   17.137499  -11.937499 (VIOLATED)
_11390_/B1                              5.200000   17.137499  -11.937499 (VIOLATED)
_11393_/B1                              5.200000   17.137499  -11.937499 (VIOLATED)
_11396_/B1                              5.200000   17.137499  -11.937499 (VIOLATED)
_11398_/B1                              5.200000   17.137499  -11.937499 (VIOLATED)
_11400_/B1                              5.200000   17.137499  -11.937499 (VIOLATED)
_11403_/B1                              5.200000   17.137499  -11.937499 (VIOLATED)
_11405_/B1                              5.200000   17.137499  -11.937499 (VIOLATED)
_11407_/B1                              5.200000   17.137499  -11.937499 (VIOLATED)
_11409_/B1                              5.200000   17.137499  -11.937499 (VIOLATED)
_11412_/B1                              5.200000   17.137499  -11.937499 (VIOLATED)
_11414_/B1                              5.200000   17.137499  -11.937499 (VIOLATED)
_11417_/B1                              5.200000   17.137499  -11.937499 (VIOLATED)
_11419_/B1                              5.200000   17.137499  -11.937499 (VIOLATED)
_11421_/B1                              5.200000   17.137499  -11.937499 (VIOLATED)
_11424_/B1                              5.200000   17.137499  -11.937499 (VIOLATED)
_11427_/B1                              5.200000   17.137499  -11.937499 (VIOLATED)
_11430_/B1                              5.200000   17.137499  -11.937499 (VIOLATED)
_11433_/B1                              5.200000   17.137499  -11.937499 (VIOLATED)
_11435_/B1                              5.200000   17.137499  -11.937499 (VIOLATED)
_11438_/B1                              5.200000   17.137499  -11.937499 (VIOLATED)
_11441_/B1                              5.200000   17.137499  -11.937499 (VIOLATED)
_11444_/B1                              5.200000   17.137499  -11.937499 (VIOLATED)
_11446_/B1                              5.200000   17.137499  -11.937499 (VIOLATED)
_11449_/B1                              5.200000   17.137499  -11.937499 (VIOLATED)
_11452_/B1                              5.200000   17.137499  -11.937499 (VIOLATED)
_11455_/B1                              5.200000   17.137499  -11.937499 (VIOLATED)
_11457_/B1                              5.200000   17.137499  -11.937499 (VIOLATED)
_11460_/B1                              5.200000   17.137499  -11.937499 (VIOLATED)
_11462_/B1                              5.200000   17.137499  -11.937499 (VIOLATED)
_11465_/B1                              5.200000   17.137499  -11.937499 (VIOLATED)
_11467_/B1                              5.200000   17.137499  -11.937499 (VIOLATED)
_11470_/B1                              5.200000   17.137499  -11.937499 (VIOLATED)
_11472_/B1                              5.200000   17.137499  -11.937499 (VIOLATED)
_11475_/B1                              5.200000   17.137499  -11.937499 (VIOLATED)
_11478_/B1                              5.200000   17.137499  -11.937499 (VIOLATED)
_11480_/B1                              5.200000   17.137499  -11.937499 (VIOLATED)
_11482_/B1                              5.200000   17.137499  -11.937499 (VIOLATED)
_11485_/B1                              5.200000   17.137499  -11.937499 (VIOLATED)
_11487_/B1                              5.200000   17.137499  -11.937499 (VIOLATED)
_11489_/B1                              5.200000   17.137499  -11.937499 (VIOLATED)
_11491_/B1                              5.200000   17.137499  -11.937499 (VIOLATED)
_11494_/B1                              5.200000   17.137499  -11.937499 (VIOLATED)
_11496_/B1                              5.200000   17.137499  -11.937499 (VIOLATED)
_11499_/B1                              5.200000   17.137499  -11.937499 (VIOLATED)
_11501_/B1                              5.200000   17.137499  -11.937499 (VIOLATED)
_11503_/B1                              5.200000   17.137499  -11.937499 (VIOLATED)
_11506_/B1                              5.200000   17.137499  -11.937499 (VIOLATED)
_11509_/B1                              5.200000   17.137499  -11.937499 (VIOLATED)
_11512_/B1                              5.200000   17.137499  -11.937499 (VIOLATED)
_11515_/B1                              5.200000   17.137499  -11.937499 (VIOLATED)
_11517_/B1                              5.200000   17.137499  -11.937499 (VIOLATED)
_11520_/B1                              5.200000   17.137499  -11.937499 (VIOLATED)
_11523_/B1                              5.200000   17.137499  -11.937499 (VIOLATED)
_11526_/B1                              5.200000   17.137499  -11.937499 (VIOLATED)
_11528_/B1                              5.200000   17.137499  -11.937499 (VIOLATED)
_11531_/B1                              5.200000   17.137499  -11.937499 (VIOLATED)
_11534_/B1                              5.200000   17.137499  -11.937499 (VIOLATED)
_11537_/B1                              5.200000   17.137499  -11.937499 (VIOLATED)
_11539_/B1                              5.200000   17.137499  -11.937499 (VIOLATED)
_11542_/B1                              5.200000   17.137499  -11.937499 (VIOLATED)
_11544_/B1                              5.200000   17.137499  -11.937499 (VIOLATED)
_11547_/B1                              5.200000   17.137499  -11.937499 (VIOLATED)
_11549_/B1                              5.200000   17.137499  -11.937499 (VIOLATED)
_11552_/B1                              5.200000   17.137499  -11.937499 (VIOLATED)
_11554_/B1                              5.200000   17.137499  -11.937499 (VIOLATED)
_11557_/B1                              5.200000   17.137499  -11.937499 (VIOLATED)
_11560_/B1                              5.200000   17.137499  -11.937499 (VIOLATED)
_11562_/B1                              5.200000   17.137499  -11.937499 (VIOLATED)
_11564_/B1                              5.200000   17.137499  -11.937499 (VIOLATED)
_11567_/B1                              5.200000   17.137499  -11.937499 (VIOLATED)
_11569_/B1                              5.200000   17.137499  -11.937499 (VIOLATED)
_11571_/B1                              5.200000   17.137499  -11.937499 (VIOLATED)
_11573_/B1                              5.200000   17.137499  -11.937499 (VIOLATED)
_11576_/B1                              5.200000   17.137499  -11.937499 (VIOLATED)
_11578_/B1                              5.200000   17.137499  -11.937499 (VIOLATED)
_11581_/B1                              5.200000   17.137499  -11.937499 (VIOLATED)
_11583_/B1                              5.200000   17.137499  -11.937499 (VIOLATED)
_11585_/B1                              5.200000   17.137499  -11.937499 (VIOLATED)
_11588_/B1                              5.200000   17.137499  -11.937499 (VIOLATED)
_11591_/B1                              5.200000   17.137499  -11.937499 (VIOLATED)
_11594_/B1                              5.200000   17.137499  -11.937499 (VIOLATED)
_11597_/B1                              5.200000   17.137499  -11.937499 (VIOLATED)
_11599_/B1                              5.200000   17.137499  -11.937499 (VIOLATED)
_11602_/B1                              5.200000   17.137499  -11.937499 (VIOLATED)
_11605_/B1                              5.200000   17.137499  -11.937499 (VIOLATED)
_11608_/B1                              5.200000   17.137499  -11.937499 (VIOLATED)
_11610_/B1                              5.200000   17.137499  -11.937499 (VIOLATED)
_11613_/B1                              5.200000   17.137499  -11.937499 (VIOLATED)
_11616_/B1                              5.200000   17.137499  -11.937499 (VIOLATED)
_11619_/B1                              5.200000   17.137499  -11.937499 (VIOLATED)
_11621_/B1                              5.200000   17.137499  -11.937499 (VIOLATED)
_11624_/B1                              5.200000   17.137499  -11.937499 (VIOLATED)
_11626_/B1                              5.200000   17.137499  -11.937499 (VIOLATED)
_11629_/B1                              5.200000   17.137499  -11.937499 (VIOLATED)
_11631_/B1                              5.200000   17.137499  -11.937499 (VIOLATED)
_11634_/B1                              5.200000   17.137499  -11.937499 (VIOLATED)
_11636_/B1                              5.200000   17.137499  -11.937499 (VIOLATED)
_11639_/B1                              5.200000   17.137499  -11.937499 (VIOLATED)
_11642_/B1                              5.200000   17.137499  -11.937499 (VIOLATED)
_11644_/B1                              5.200000   17.137499  -11.937499 (VIOLATED)
_11646_/B1                              5.200000   17.137499  -11.937499 (VIOLATED)
_11649_/B1                              5.200000   17.137499  -11.937499 (VIOLATED)
_11651_/B1                              5.200000   17.137499  -11.937499 (VIOLATED)
_11653_/B1                              5.200000   17.137499  -11.937499 (VIOLATED)
_11655_/B1                              5.200000   17.137499  -11.937499 (VIOLATED)
_11658_/B1                              5.200000   17.137499  -11.937499 (VIOLATED)
_11660_/B1                              5.200000   17.137499  -11.937499 (VIOLATED)
_11663_/B1                              5.200000   17.137499  -11.937499 (VIOLATED)
_11665_/B1                              5.200000   17.137499  -11.937499 (VIOLATED)
_11667_/B1                              5.200000   17.137499  -11.937499 (VIOLATED)
_11670_/B1                              5.200000   17.137499  -11.937499 (VIOLATED)
_11673_/B1                              5.200000   17.137499  -11.937499 (VIOLATED)
_11676_/B1                              5.200000   17.137499  -11.937499 (VIOLATED)
_11679_/B1                              5.200000   17.137499  -11.937499 (VIOLATED)
_11681_/B1                              5.200000   17.137499  -11.937499 (VIOLATED)
_11684_/B1                              5.200000   17.137499  -11.937499 (VIOLATED)
_11687_/B1                              5.200000   17.137499  -11.937499 (VIOLATED)
_11690_/B1                              5.200000   17.137499  -11.937499 (VIOLATED)
_16519_/C1                              5.200000   17.137499  -11.937499 (VIOLATED)
_16525_/B1                              5.200000   17.137499  -11.937499 (VIOLATED)
_16538_/B1                              5.200000   17.137499  -11.937499 (VIOLATED)
_16551_/B1                              5.200000   17.137499  -11.937499 (VIOLATED)
_16563_/B1                              5.200000   17.137499  -11.937499 (VIOLATED)
_16575_/B1                              5.200000   17.137499  -11.937499 (VIOLATED)
_16587_/B1                              5.200000   17.137499  -11.937499 (VIOLATED)
_16600_/B1                              5.200000   17.137499  -11.937499 (VIOLATED)
_16613_/B1                              5.200000   17.137499  -11.937499 (VIOLATED)
_16620_/B1                              5.200000   17.137499  -11.937499 (VIOLATED)
_16631_/B1                              5.200000   17.137499  -11.937499 (VIOLATED)
_16642_/B1                              5.200000   17.137499  -11.937499 (VIOLATED)
_16653_/B1                              5.200000   17.137499  -11.937499 (VIOLATED)
_16664_/B1                              5.200000   17.137499  -11.937499 (VIOLATED)
_16675_/B1                              5.200000   17.137499  -11.937499 (VIOLATED)
_16686_/B1                              5.200000   17.137499  -11.937499 (VIOLATED)
_16699_/C1                              5.200000   17.137499  -11.937499 (VIOLATED)
_16706_/B1                              5.200000   17.137499  -11.937499 (VIOLATED)
_16717_/B1                              5.200000   17.137499  -11.937499 (VIOLATED)
_16728_/B1                              5.200000   17.137499  -11.937499 (VIOLATED)
_16739_/B1                              5.200000   17.137499  -11.937499 (VIOLATED)
_16751_/B1                              5.200000   17.137499  -11.937499 (VIOLATED)
_16762_/B1                              5.200000   17.137499  -11.937499 (VIOLATED)
_16773_/B1                              5.200000   17.137499  -11.937499 (VIOLATED)
_16783_/B1                              5.200000   17.137499  -11.937499 (VIOLATED)
_16796_/B1                              5.200000   17.137499  -11.937499 (VIOLATED)
_16806_/B1                              5.200000   17.137499  -11.937499 (VIOLATED)
_16813_/B1                              5.200000   17.137499  -11.937499 (VIOLATED)
_16820_/B1                              5.200000   17.137499  -11.937499 (VIOLATED)
_16827_/B1                              5.200000   17.137499  -11.937499 (VIOLATED)
_16836_/B1                              5.200000   17.137499  -11.937499 (VIOLATED)
_16845_/B1                              5.200000   17.137499  -11.937499 (VIOLATED)
_09294_/ZN                              5.200000   16.037802  -10.837803 (VIOLATED)
_09297_/A2                              5.200000   16.037802  -10.837803 (VIOLATED)
_09302_/A1                              5.200000   16.037802  -10.837803 (VIOLATED)
_09309_/A1                              5.200000   16.037802  -10.837803 (VIOLATED)
_09316_/A1                              5.200000   16.037802  -10.837803 (VIOLATED)
_09323_/A1                              5.200000   16.037802  -10.837803 (VIOLATED)
_09330_/A1                              5.200000   16.037802  -10.837803 (VIOLATED)
_09337_/A1                              5.200000   16.037802  -10.837803 (VIOLATED)
_09344_/A1                              5.200000   16.037802  -10.837803 (VIOLATED)
_09351_/A1                              5.200000   16.037802  -10.837803 (VIOLATED)
_09358_/A1                              5.200000   16.037802  -10.837803 (VIOLATED)
_09365_/A1                              5.200000   16.037802  -10.837803 (VIOLATED)
_09372_/A1                              5.200000   16.037802  -10.837803 (VIOLATED)
_09379_/A1                              5.200000   16.037802  -10.837803 (VIOLATED)
_09386_/A1                              5.200000   16.037802  -10.837803 (VIOLATED)
_09393_/A1                              5.200000   16.037802  -10.837803 (VIOLATED)
_09400_/A1                              5.200000   16.037802  -10.837803 (VIOLATED)
_09407_/A1                              5.200000   16.037802  -10.837803 (VIOLATED)
_09414_/A1                              5.200000   16.037802  -10.837803 (VIOLATED)
_09421_/A1                              5.200000   16.037802  -10.837803 (VIOLATED)
_09428_/A1                              5.200000   16.037802  -10.837803 (VIOLATED)
_09435_/A1                              5.200000   16.037802  -10.837803 (VIOLATED)
_09442_/A1                              5.200000   16.037802  -10.837803 (VIOLATED)
_09449_/A1                              5.200000   16.037802  -10.837803 (VIOLATED)
_09456_/A1                              5.200000   16.037802  -10.837803 (VIOLATED)
_09463_/A1                              5.200000   16.037802  -10.837803 (VIOLATED)
_09470_/A1                              5.200000   16.037802  -10.837803 (VIOLATED)
_09477_/A1                              5.200000   16.037802  -10.837803 (VIOLATED)
_09484_/A1                              5.200000   16.037802  -10.837803 (VIOLATED)
_09491_/A1                              5.200000   16.037802  -10.837803 (VIOLATED)
_09498_/A1                              5.200000   16.037802  -10.837803 (VIOLATED)
_09505_/A1                              5.200000   16.037802  -10.837803 (VIOLATED)
_09512_/A1                              5.200000   16.037802  -10.837803 (VIOLATED)
_09519_/A1                              5.200000   16.037802  -10.837803 (VIOLATED)
_09526_/A1                              5.200000   16.037802  -10.837803 (VIOLATED)
_09533_/A1                              5.200000   16.037802  -10.837803 (VIOLATED)
_09540_/A1                              5.200000   16.037802  -10.837803 (VIOLATED)
_09547_/A1                              5.200000   16.037802  -10.837803 (VIOLATED)
_09554_/A1                              5.200000   16.037802  -10.837803 (VIOLATED)
_09561_/A1                              5.200000   16.037802  -10.837803 (VIOLATED)
_09568_/A1                              5.200000   16.037802  -10.837803 (VIOLATED)
_09575_/A1                              5.200000   16.037802  -10.837803 (VIOLATED)
_09582_/A1                              5.200000   16.037802  -10.837803 (VIOLATED)
_09589_/A1                              5.200000   16.037802  -10.837803 (VIOLATED)
_09596_/A1                              5.200000   16.037802  -10.837803 (VIOLATED)
_09603_/A1                              5.200000   16.037802  -10.837803 (VIOLATED)
_09610_/A1                              5.200000   16.037802  -10.837803 (VIOLATED)
_09617_/A1                              5.200000   16.037802  -10.837803 (VIOLATED)
_09624_/A1                              5.200000   16.037802  -10.837803 (VIOLATED)
_09631_/A1                              5.200000   16.037802  -10.837803 (VIOLATED)
_09638_/A1                              5.200000   16.037802  -10.837803 (VIOLATED)
_09645_/A1                              5.200000   16.037802  -10.837803 (VIOLATED)
_09652_/A1                              5.200000   16.037802  -10.837803 (VIOLATED)
_09659_/A1                              5.200000   16.037802  -10.837803 (VIOLATED)
_09666_/A1                              5.200000   16.037802  -10.837803 (VIOLATED)
_09673_/A1                              5.200000   16.037802  -10.837803 (VIOLATED)
_09680_/A1                              5.200000   16.037802  -10.837803 (VIOLATED)
_09687_/A1                              5.200000   16.037802  -10.837803 (VIOLATED)
_09694_/A1                              5.200000   16.037802  -10.837803 (VIOLATED)
_09701_/A1                              5.200000   16.037802  -10.837803 (VIOLATED)
_09708_/A1                              5.200000   16.037802  -10.837803 (VIOLATED)
_09715_/A1                              5.200000   16.037802  -10.837803 (VIOLATED)
_09722_/A1                              5.200000   16.037802  -10.837803 (VIOLATED)
_09729_/A1                              5.200000   16.037802  -10.837803 (VIOLATED)
_09736_/A1                              5.200000   16.037802  -10.837803 (VIOLATED)
_09743_/A1                              5.200000   16.037802  -10.837803 (VIOLATED)
_09757_/B2                              5.200000   16.037802  -10.837803 (VIOLATED)
_09804_/B2                              5.200000   16.037802  -10.837803 (VIOLATED)
_09852_/B2                              5.200000   16.037802  -10.837803 (VIOLATED)
_09973_/B2                              5.200000   16.037802  -10.837803 (VIOLATED)
_11693_/A4                              5.200000   16.037802  -10.837803 (VIOLATED)
_16856_/Q                               5.200000   13.367488   -8.167488 (VIOLATED)
_16860_/RN                              5.200000   13.367488   -8.167488 (VIOLATED)
_16861_/RN                              5.200000   13.367488   -8.167488 (VIOLATED)
_16862_/RN                              5.200000   13.367488   -8.167488 (VIOLATED)
_16863_/RN                              5.200000   13.367488   -8.167488 (VIOLATED)
_16864_/RN                              5.200000   13.367488   -8.167488 (VIOLATED)
_16865_/RN                              5.200000   13.367488   -8.167488 (VIOLATED)
_16866_/RN                              5.200000   13.367488   -8.167488 (VIOLATED)
_16873_/RN                              5.200000   13.367488   -8.167488 (VIOLATED)
_16874_/RN                              5.200000   13.367488   -8.167488 (VIOLATED)
_16875_/RN                              5.200000   13.367488   -8.167488 (VIOLATED)
_16876_/RN                              5.200000   13.367488   -8.167488 (VIOLATED)
_16877_/RN                              5.200000   13.367488   -8.167488 (VIOLATED)
_16878_/RN                              5.200000   13.367488   -8.167488 (VIOLATED)
_16879_/RN                              5.200000   13.367488   -8.167488 (VIOLATED)
_16880_/RN                              5.200000   13.367488   -8.167488 (VIOLATED)
_16881_/RN                              5.200000   13.367488   -8.167488 (VIOLATED)
_16882_/RN                              5.200000   13.367488   -8.167488 (VIOLATED)
_16883_/RN                              5.200000   13.367488   -8.167488 (VIOLATED)
_16884_/RN                              5.200000   13.367488   -8.167488 (VIOLATED)
_16885_/RN                              5.200000   13.367488   -8.167488 (VIOLATED)
_16886_/RN                              5.200000   13.367488   -8.167488 (VIOLATED)
_16887_/RN                              5.200000   13.367488   -8.167488 (VIOLATED)
_16888_/RN                              5.200000   13.367488   -8.167488 (VIOLATED)
_16889_/RN                              5.200000   13.367488   -8.167488 (VIOLATED)
_16890_/RN                              5.200000   13.367488   -8.167488 (VIOLATED)
_16891_/RN                              5.200000   13.367488   -8.167488 (VIOLATED)
_16892_/RN                              5.200000   13.367488   -8.167488 (VIOLATED)
_16893_/RN                              5.200000   13.367488   -8.167488 (VIOLATED)
_16894_/RN                              5.200000   13.367488   -8.167488 (VIOLATED)
_16895_/RN                              5.200000   13.367488   -8.167488 (VIOLATED)
_16896_/RN                              5.200000   13.367488   -8.167488 (VIOLATED)
_16897_/RN                              5.200000   13.367488   -8.167488 (VIOLATED)
_16898_/RN                              5.200000   13.367488   -8.167488 (VIOLATED)
_16899_/RN                              5.200000   13.367488   -8.167488 (VIOLATED)
_16900_/RN                              5.200000   13.367488   -8.167488 (VIOLATED)
_16901_/RN                              5.200000   13.367488   -8.167488 (VIOLATED)
_16902_/RN                              5.200000   13.367488   -8.167488 (VIOLATED)
_16903_/RN                              5.200000   13.367488   -8.167488 (VIOLATED)
_16904_/RN                              5.200000   13.367488   -8.167488 (VIOLATED)
_16905_/RN                              5.200000   13.367488   -8.167488 (VIOLATED)
_16906_/RN                              5.200000   13.367488   -8.167488 (VIOLATED)
_16907_/RN                              5.200000   13.367488   -8.167488 (VIOLATED)
_16908_/RN                              5.200000   13.367488   -8.167488 (VIOLATED)
_16909_/RN                              5.200000   13.367488   -8.167488 (VIOLATED)
_16910_/RN                              5.200000   13.367488   -8.167488 (VIOLATED)
_16911_/RN                              5.200000   13.367488   -8.167488 (VIOLATED)
_16912_/RN                              5.200000   13.367488   -8.167488 (VIOLATED)
_16913_/RN                              5.200000   13.367488   -8.167488 (VIOLATED)
_16914_/RN                              5.200000   13.367488   -8.167488 (VIOLATED)
_16915_/RN                              5.200000   13.367488   -8.167488 (VIOLATED)
_16916_/RN                              5.200000   13.367488   -8.167488 (VIOLATED)
_16917_/RN                              5.200000   13.367488   -8.167488 (VIOLATED)
_16918_/RN                              5.200000   13.367488   -8.167488 (VIOLATED)
_16919_/RN                              5.200000   13.367488   -8.167488 (VIOLATED)
_16920_/RN                              5.200000   13.367488   -8.167488 (VIOLATED)
_16921_/RN                              5.200000   13.367488   -8.167488 (VIOLATED)
_16922_/RN                              5.200000   13.367488   -8.167488 (VIOLATED)
_16923_/RN                              5.200000   13.367488   -8.167488 (VIOLATED)
_16924_/RN                              5.200000   13.367488   -8.167488 (VIOLATED)
_16925_/RN                              5.200000   13.367488   -8.167488 (VIOLATED)
_16926_/RN                              5.200000   13.367488   -8.167488 (VIOLATED)
_16927_/RN                              5.200000   13.367488   -8.167488 (VIOLATED)
_16928_/RN                              5.200000   13.367488   -8.167488 (VIOLATED)
_16929_/RN                              5.200000   13.367488   -8.167488 (VIOLATED)
_16930_/RN                              5.200000   13.367488   -8.167488 (VIOLATED)
_16931_/RN                              5.200000   13.367488   -8.167488 (VIOLATED)
_16932_/RN                              5.200000   13.367488   -8.167488 (VIOLATED)
_16933_/RN                              5.200000   13.367488   -8.167488 (VIOLATED)
_16934_/RN                              5.200000   13.367488   -8.167488 (VIOLATED)
_16935_/RN                              5.200000   13.367488   -8.167488 (VIOLATED)
_16936_/RN                              5.200000   13.367488   -8.167488 (VIOLATED)
_16937_/RN                              5.200000   13.367488   -8.167488 (VIOLATED)
_16938_/RN                              5.200000   13.367488   -8.167488 (VIOLATED)
_16939_/RN                              5.200000   13.367488   -8.167488 (VIOLATED)
_16940_/RN                              5.200000   13.367488   -8.167488 (VIOLATED)
_16941_/RN                              5.200000   13.367488   -8.167488 (VIOLATED)
_16942_/RN                              5.200000   13.367488   -8.167488 (VIOLATED)
_16943_/RN                              5.200000   13.367488   -8.167488 (VIOLATED)
_16944_/RN                              5.200000   13.367488   -8.167488 (VIOLATED)
_16945_/RN                              5.200000   13.367488   -8.167488 (VIOLATED)
_16946_/RN                              5.200000   13.367488   -8.167488 (VIOLATED)
_16947_/RN                              5.200000   13.367488   -8.167488 (VIOLATED)
_16951_/RN                              5.200000   13.367488   -8.167488 (VIOLATED)
_16952_/RN                              5.200000   13.367488   -8.167488 (VIOLATED)
_16953_/RN                              5.200000   13.367488   -8.167488 (VIOLATED)
_16954_/RN                              5.200000   13.367488   -8.167488 (VIOLATED)
_16955_/RN                              5.200000   13.367488   -8.167488 (VIOLATED)
_16956_/RN                              5.200000   13.367488   -8.167488 (VIOLATED)
_16957_/RN                              5.200000   13.367488   -8.167488 (VIOLATED)
_16958_/RN                              5.200000   13.367488   -8.167488 (VIOLATED)
_16959_/RN                              5.200000   13.367488   -8.167488 (VIOLATED)
_16960_/RN                              5.200000   13.367488   -8.167488 (VIOLATED)
_16961_/RN                              5.200000   13.367488   -8.167488 (VIOLATED)
_16962_/RN                              5.200000   13.367488   -8.167488 (VIOLATED)
_16963_/RN                              5.200000   13.367488   -8.167488 (VIOLATED)
_16964_/RN                              5.200000   13.367488   -8.167488 (VIOLATED)
_16965_/RN                              5.200000   13.367488   -8.167488 (VIOLATED)
_16966_/RN                              5.200000   13.367488   -8.167488 (VIOLATED)
_16967_/RN                              5.200000   13.367488   -8.167488 (VIOLATED)
_16968_/RN                              5.200000   13.367488   -8.167488 (VIOLATED)
_16969_/RN                              5.200000   13.367488   -8.167488 (VIOLATED)
_16970_/RN                              5.200000   13.367488   -8.167488 (VIOLATED)
_16971_/RN                              5.200000   13.367488   -8.167488 (VIOLATED)
_16972_/RN                              5.200000   13.367488   -8.167488 (VIOLATED)
_16973_/RN                              5.200000   13.367488   -8.167488 (VIOLATED)
_16974_/RN                              5.200000   13.367488   -8.167488 (VIOLATED)
_16975_/RN                              5.200000   13.367488   -8.167488 (VIOLATED)
_16976_/RN                              5.200000   13.367488   -8.167488 (VIOLATED)
_16977_/RN                              5.200000   13.367488   -8.167488 (VIOLATED)
_16978_/RN                              5.200000   13.367488   -8.167488 (VIOLATED)
_16979_/RN                              5.200000   13.367488   -8.167488 (VIOLATED)
_16980_/RN                              5.200000   13.367488   -8.167488 (VIOLATED)
_16981_/RN                              5.200000   13.367488   -8.167488 (VIOLATED)
_16982_/RN                              5.200000   13.367488   -8.167488 (VIOLATED)
_16983_/RN                              5.200000   13.367488   -8.167488 (VIOLATED)
_16984_/RN                              5.200000   13.367488   -8.167488 (VIOLATED)
_16985_/RN                              5.200000   13.367488   -8.167488 (VIOLATED)
_16986_/RN                              5.200000   13.367488   -8.167488 (VIOLATED)
_16987_/RN                              5.200000   13.367488   -8.167488 (VIOLATED)
_16988_/RN                              5.200000   13.367488   -8.167488 (VIOLATED)
_16989_/RN                              5.200000   13.367488   -8.167488 (VIOLATED)
_16990_/RN                              5.200000   13.367488   -8.167488 (VIOLATED)
_16991_/RN                              5.200000   13.367488   -8.167488 (VIOLATED)
_16992_/RN                              5.200000   13.367488   -8.167488 (VIOLATED)
_16993_/RN                              5.200000   13.367488   -8.167488 (VIOLATED)
_16994_/RN                              5.200000   13.367488   -8.167488 (VIOLATED)
_16995_/RN                              5.200000   13.367488   -8.167488 (VIOLATED)
_09753_/ZN                              5.200000   11.636873   -6.436873 (VIOLATED)
_09757_/A1                              5.200000   11.636873   -6.436873 (VIOLATED)
_09761_/A2                              5.200000   11.636873   -6.436873 (VIOLATED)
_09804_/A1                              5.200000   11.636873   -6.436873 (VIOLATED)
_09852_/A1                              5.200000   11.636873   -6.436873 (VIOLATED)
_09973_/A1                              5.200000   11.636873   -6.436873 (VIOLATED)
_10275_/C                               5.200000   11.636873   -6.436873 (VIOLATED)
_10277_/B2                              5.200000   11.636873   -6.436873 (VIOLATED)
_10284_/B2                              5.200000   11.636873   -6.436873 (VIOLATED)
_10291_/B2                              5.200000   11.636873   -6.436873 (VIOLATED)
_10299_/A1                              5.200000   11.636873   -6.436873 (VIOLATED)
_10305_/B2                              5.200000   11.636873   -6.436873 (VIOLATED)
_10312_/B2                              5.200000   11.636873   -6.436873 (VIOLATED)
_10319_/B2                              5.200000   11.636873   -6.436873 (VIOLATED)
_10326_/B2                              5.200000   11.636873   -6.436873 (VIOLATED)
_10333_/B2                              5.200000   11.636873   -6.436873 (VIOLATED)
_10340_/B2                              5.200000   11.636873   -6.436873 (VIOLATED)
_10347_/B2                              5.200000   11.636873   -6.436873 (VIOLATED)
_10354_/B2                              5.200000   11.636873   -6.436873 (VIOLATED)
_10361_/B2                              5.200000   11.636873   -6.436873 (VIOLATED)
_10368_/B2                              5.200000   11.636873   -6.436873 (VIOLATED)
_10375_/B2                              5.200000   11.636873   -6.436873 (VIOLATED)
_10382_/B2                              5.200000   11.636873   -6.436873 (VIOLATED)
_10389_/B2                              5.200000   11.636873   -6.436873 (VIOLATED)
_10396_/B2                              5.200000   11.636873   -6.436873 (VIOLATED)
_10403_/B2                              5.200000   11.636873   -6.436873 (VIOLATED)
_10410_/B2                              5.200000   11.636873   -6.436873 (VIOLATED)
_10417_/B2                              5.200000   11.636873   -6.436873 (VIOLATED)
_10424_/B2                              5.200000   11.636873   -6.436873 (VIOLATED)
_10431_/B2                              5.200000   11.636873   -6.436873 (VIOLATED)
_10438_/B2                              5.200000   11.636873   -6.436873 (VIOLATED)
_10445_/B2                              5.200000   11.636873   -6.436873 (VIOLATED)
_10452_/B2                              5.200000   11.636873   -6.436873 (VIOLATED)
_10459_/B2                              5.200000   11.636873   -6.436873 (VIOLATED)
_10466_/B2                              5.200000   11.636873   -6.436873 (VIOLATED)
_10473_/B2                              5.200000   11.636873   -6.436873 (VIOLATED)
_10480_/B2                              5.200000   11.636873   -6.436873 (VIOLATED)
_10487_/B2                              5.200000   11.636873   -6.436873 (VIOLATED)
_10494_/B2                              5.200000   11.636873   -6.436873 (VIOLATED)
_10501_/B2                              5.200000   11.636873   -6.436873 (VIOLATED)
_10508_/B2                              5.200000   11.636873   -6.436873 (VIOLATED)
_10515_/B2                              5.200000   11.636873   -6.436873 (VIOLATED)
_10522_/B2                              5.200000   11.636873   -6.436873 (VIOLATED)
_10529_/B2                              5.200000   11.636873   -6.436873 (VIOLATED)
_10536_/B2                              5.200000   11.636873   -6.436873 (VIOLATED)
_10543_/B2                              5.200000   11.636873   -6.436873 (VIOLATED)
_10550_/B2                              5.200000   11.636873   -6.436873 (VIOLATED)
_10557_/B2                              5.200000   11.636873   -6.436873 (VIOLATED)
_10564_/B2                              5.200000   11.636873   -6.436873 (VIOLATED)
_10571_/B2                              5.200000   11.636873   -6.436873 (VIOLATED)
_10578_/B2                              5.200000   11.636873   -6.436873 (VIOLATED)
_10585_/B2                              5.200000   11.636873   -6.436873 (VIOLATED)
_10592_/B2                              5.200000   11.636873   -6.436873 (VIOLATED)
_10599_/B2                              5.200000   11.636873   -6.436873 (VIOLATED)
_10606_/B2                              5.200000   11.636873   -6.436873 (VIOLATED)
_10613_/B2                              5.200000   11.636873   -6.436873 (VIOLATED)
_10620_/B2                              5.200000   11.636873   -6.436873 (VIOLATED)
_10627_/B2                              5.200000   11.636873   -6.436873 (VIOLATED)
_10634_/B2                              5.200000   11.636873   -6.436873 (VIOLATED)
_10641_/B2                              5.200000   11.636873   -6.436873 (VIOLATED)
_10648_/B2                              5.200000   11.636873   -6.436873 (VIOLATED)
_10655_/B2                              5.200000   11.636873   -6.436873 (VIOLATED)
_10662_/B2                              5.200000   11.636873   -6.436873 (VIOLATED)
_10669_/C2                              5.200000   11.636873   -6.436873 (VIOLATED)
_10676_/B2                              5.200000   11.636873   -6.436873 (VIOLATED)
_10683_/B2                              5.200000   11.636873   -6.436873 (VIOLATED)
_10690_/B2                              5.200000   11.636873   -6.436873 (VIOLATED)
_10697_/B2                              5.200000   11.636873   -6.436873 (VIOLATED)
_10704_/B2                              5.200000   11.636873   -6.436873 (VIOLATED)
_10711_/B2                              5.200000   11.636873   -6.436873 (VIOLATED)
_11359_/C                               5.200000   11.636873   -6.436873 (VIOLATED)
_10275_/ZN                              5.200000   11.515047   -6.315047 (VIOLATED)
_10277_/A2                              5.200000   11.515047   -6.315047 (VIOLATED)
_10284_/A2                              5.200000   11.515047   -6.315047 (VIOLATED)
_10291_/A2                              5.200000   11.515047   -6.315047 (VIOLATED)
_10297_/A2                              5.200000   11.515047   -6.315047 (VIOLATED)
_10305_/A2                              5.200000   11.515047   -6.315047 (VIOLATED)
_10312_/A2                              5.200000   11.515047   -6.315047 (VIOLATED)
_10319_/A2                              5.200000   11.515047   -6.315047 (VIOLATED)
_10326_/A2                              5.200000   11.515047   -6.315047 (VIOLATED)
_10333_/A2                              5.200000   11.515047   -6.315047 (VIOLATED)
_10340_/A2                              5.200000   11.515047   -6.315047 (VIOLATED)
_10347_/A2                              5.200000   11.515047   -6.315047 (VIOLATED)
_10354_/A2                              5.200000   11.515047   -6.315047 (VIOLATED)
_10361_/A2                              5.200000   11.515047   -6.315047 (VIOLATED)
_10368_/A2                              5.200000   11.515047   -6.315047 (VIOLATED)
_10375_/A2                              5.200000   11.515047   -6.315047 (VIOLATED)
_10382_/A2                              5.200000   11.515047   -6.315047 (VIOLATED)
_10389_/A2                              5.200000   11.515047   -6.315047 (VIOLATED)
_10396_/A2                              5.200000   11.515047   -6.315047 (VIOLATED)
_10403_/A2                              5.200000   11.515047   -6.315047 (VIOLATED)
_10410_/A2                              5.200000   11.515047   -6.315047 (VIOLATED)
_10417_/A2                              5.200000   11.515047   -6.315047 (VIOLATED)
_10424_/A2                              5.200000   11.515047   -6.315047 (VIOLATED)
_10431_/A2                              5.200000   11.515047   -6.315047 (VIOLATED)
_10438_/A2                              5.200000   11.515047   -6.315047 (VIOLATED)
_10445_/A2                              5.200000   11.515047   -6.315047 (VIOLATED)
_10452_/A2                              5.200000   11.515047   -6.315047 (VIOLATED)
_10459_/A2                              5.200000   11.515047   -6.315047 (VIOLATED)
_10466_/A2                              5.200000   11.515047   -6.315047 (VIOLATED)
_10473_/A2                              5.200000   11.515047   -6.315047 (VIOLATED)
_10480_/A2                              5.200000   11.515047   -6.315047 (VIOLATED)
_10487_/A2                              5.200000   11.515047   -6.315047 (VIOLATED)
_10494_/A2                              5.200000   11.515047   -6.315047 (VIOLATED)
_10501_/A2                              5.200000   11.515047   -6.315047 (VIOLATED)
_10508_/A2                              5.200000   11.515047   -6.315047 (VIOLATED)
_10515_/A2                              5.200000   11.515047   -6.315047 (VIOLATED)
_10522_/A2                              5.200000   11.515047   -6.315047 (VIOLATED)
_10529_/A2                              5.200000   11.515047   -6.315047 (VIOLATED)
_10536_/A2                              5.200000   11.515047   -6.315047 (VIOLATED)
_10543_/A2                              5.200000   11.515047   -6.315047 (VIOLATED)
_10550_/A2                              5.200000   11.515047   -6.315047 (VIOLATED)
_10557_/A2                              5.200000   11.515047   -6.315047 (VIOLATED)
_10564_/A2                              5.200000   11.515047   -6.315047 (VIOLATED)
_10571_/A2                              5.200000   11.515047   -6.315047 (VIOLATED)
_10578_/A2                              5.200000   11.515047   -6.315047 (VIOLATED)
_10585_/A2                              5.200000   11.515047   -6.315047 (VIOLATED)
_10592_/A2                              5.200000   11.515047   -6.315047 (VIOLATED)
_10599_/A2                              5.200000   11.515047   -6.315047 (VIOLATED)
_10606_/A2                              5.200000   11.515047   -6.315047 (VIOLATED)
_10613_/A2                              5.200000   11.515047   -6.315047 (VIOLATED)
_10620_/A2                              5.200000   11.515047   -6.315047 (VIOLATED)
_10627_/A2                              5.200000   11.515047   -6.315047 (VIOLATED)
_10634_/A2                              5.200000   11.515047   -6.315047 (VIOLATED)
_10641_/A2                              5.200000   11.515047   -6.315047 (VIOLATED)
_10648_/A2                              5.200000   11.515047   -6.315047 (VIOLATED)
_10655_/A2                              5.200000   11.515047   -6.315047 (VIOLATED)
_10662_/A2                              5.200000   11.515047   -6.315047 (VIOLATED)
_10669_/A2                              5.200000   11.515047   -6.315047 (VIOLATED)
_10676_/A2                              5.200000   11.515047   -6.315047 (VIOLATED)
_10683_/A2                              5.200000   11.515047   -6.315047 (VIOLATED)
_10690_/A2                              5.200000   11.515047   -6.315047 (VIOLATED)
_10697_/A2                              5.200000   11.515047   -6.315047 (VIOLATED)
_10704_/A2                              5.200000   11.515047   -6.315047 (VIOLATED)
_10711_/A2                              5.200000   11.515047   -6.315047 (VIOLATED)
_10721_/A2                              5.200000   11.515047   -6.315047 (VIOLATED)
_10722_/A1                              5.200000   11.515047   -6.315047 (VIOLATED)
_08717_/ZN                              5.200000   11.241358   -6.041358 (VIOLATED)
_08718_/I                               5.200000   11.241358   -6.041358 (VIOLATED)
_08887_/A1                              5.200000   11.241358   -6.041358 (VIOLATED)
_08895_/A1                              5.200000   11.241358   -6.041358 (VIOLATED)
_11364_/C2                              5.200000   11.241358   -6.041358 (VIOLATED)
_11367_/A2                              5.200000   11.241358   -6.041358 (VIOLATED)
_11370_/A2                              5.200000   11.241358   -6.041358 (VIOLATED)
_11373_/A2                              5.200000   11.241358   -6.041358 (VIOLATED)
_11375_/C2                              5.200000   11.241358   -6.041358 (VIOLATED)
_11378_/A2                              5.200000   11.241358   -6.041358 (VIOLATED)
_11380_/C2                              5.200000   11.241358   -6.041358 (VIOLATED)
_11383_/A2                              5.200000   11.241358   -6.041358 (VIOLATED)
_11385_/C2                              5.200000   11.241358   -6.041358 (VIOLATED)
_11388_/A2                              5.200000   11.241358   -6.041358 (VIOLATED)
_11390_/C2                              5.200000   11.241358   -6.041358 (VIOLATED)
_11393_/A2                              5.200000   11.241358   -6.041358 (VIOLATED)
_11396_/A2                              5.200000   11.241358   -6.041358 (VIOLATED)
_11398_/C2                              5.200000   11.241358   -6.041358 (VIOLATED)
_11400_/C2                              5.200000   11.241358   -6.041358 (VIOLATED)
_11403_/A2                              5.200000   11.241358   -6.041358 (VIOLATED)
_11405_/C2                              5.200000   11.241358   -6.041358 (VIOLATED)
_11407_/C2                              5.200000   11.241358   -6.041358 (VIOLATED)
_11409_/C2                              5.200000   11.241358   -6.041358 (VIOLATED)
_11412_/A2                              5.200000   11.241358   -6.041358 (VIOLATED)
_11414_/C2                              5.200000   11.241358   -6.041358 (VIOLATED)
_11417_/A2                              5.200000   11.241358   -6.041358 (VIOLATED)
_11419_/C2                              5.200000   11.241358   -6.041358 (VIOLATED)
_11421_/C2                              5.200000   11.241358   -6.041358 (VIOLATED)
_11424_/A2                              5.200000   11.241358   -6.041358 (VIOLATED)
_11427_/A2                              5.200000   11.241358   -6.041358 (VIOLATED)
_11430_/A2                              5.200000   11.241358   -6.041358 (VIOLATED)
_11433_/A2                              5.200000   11.241358   -6.041358 (VIOLATED)
_11435_/C2                              5.200000   11.241358   -6.041358 (VIOLATED)
_11438_/A2                              5.200000   11.241358   -6.041358 (VIOLATED)
_11441_/A2                              5.200000   11.241358   -6.041358 (VIOLATED)
_11444_/A2                              5.200000   11.241358   -6.041358 (VIOLATED)
_11446_/C2                              5.200000   11.241358   -6.041358 (VIOLATED)
_11449_/A2                              5.200000   11.241358   -6.041358 (VIOLATED)
_11452_/A2                              5.200000   11.241358   -6.041358 (VIOLATED)
_11455_/A2                              5.200000   11.241358   -6.041358 (VIOLATED)
_11457_/C2                              5.200000   11.241358   -6.041358 (VIOLATED)
_11460_/A2                              5.200000   11.241358   -6.041358 (VIOLATED)
_11462_/C2                              5.200000   11.241358   -6.041358 (VIOLATED)
_11465_/A2                              5.200000   11.241358   -6.041358 (VIOLATED)
_11467_/C2                              5.200000   11.241358   -6.041358 (VIOLATED)
_11470_/A2                              5.200000   11.241358   -6.041358 (VIOLATED)
_11472_/C2                              5.200000   11.241358   -6.041358 (VIOLATED)
_11475_/A2                              5.200000   11.241358   -6.041358 (VIOLATED)
_11478_/A2                              5.200000   11.241358   -6.041358 (VIOLATED)
_11480_/C2                              5.200000   11.241358   -6.041358 (VIOLATED)
_11482_/C2                              5.200000   11.241358   -6.041358 (VIOLATED)
_11485_/A2                              5.200000   11.241358   -6.041358 (VIOLATED)
_11487_/C2                              5.200000   11.241358   -6.041358 (VIOLATED)
_11489_/C2                              5.200000   11.241358   -6.041358 (VIOLATED)
_11491_/C2                              5.200000   11.241358   -6.041358 (VIOLATED)
_11494_/A2                              5.200000   11.241358   -6.041358 (VIOLATED)
_11496_/C2                              5.200000   11.241358   -6.041358 (VIOLATED)
_11499_/A2                              5.200000   11.241358   -6.041358 (VIOLATED)
_11501_/C2                              5.200000   11.241358   -6.041358 (VIOLATED)
_11503_/C2                              5.200000   11.241358   -6.041358 (VIOLATED)
_11506_/A2                              5.200000   11.241358   -6.041358 (VIOLATED)
_11509_/A2                              5.200000   11.241358   -6.041358 (VIOLATED)
_11512_/A2                              5.200000   11.241358   -6.041358 (VIOLATED)
_11515_/A2                              5.200000   11.241358   -6.041358 (VIOLATED)
_11517_/C2                              5.200000   11.241358   -6.041358 (VIOLATED)
_11520_/A2                              5.200000   11.241358   -6.041358 (VIOLATED)
_11523_/A2                              5.200000   11.241358   -6.041358 (VIOLATED)
_11526_/A2                              5.200000   11.241358   -6.041358 (VIOLATED)
_11528_/C2                              5.200000   11.241358   -6.041358 (VIOLATED)
_11531_/A2                              5.200000   11.241358   -6.041358 (VIOLATED)
_11534_/A2                              5.200000   11.241358   -6.041358 (VIOLATED)
_11537_/A2                              5.200000   11.241358   -6.041358 (VIOLATED)
_11539_/C2                              5.200000   11.241358   -6.041358 (VIOLATED)
_11542_/A2                              5.200000   11.241358   -6.041358 (VIOLATED)
_11544_/C2                              5.200000   11.241358   -6.041358 (VIOLATED)
_11547_/A2                              5.200000   11.241358   -6.041358 (VIOLATED)
_11549_/C2                              5.200000   11.241358   -6.041358 (VIOLATED)
_11552_/A2                              5.200000   11.241358   -6.041358 (VIOLATED)
_11554_/C2                              5.200000   11.241358   -6.041358 (VIOLATED)
_11557_/A2                              5.200000   11.241358   -6.041358 (VIOLATED)
_11560_/A2                              5.200000   11.241358   -6.041358 (VIOLATED)
_11562_/C2                              5.200000   11.241358   -6.041358 (VIOLATED)
_11564_/C2                              5.200000   11.241358   -6.041358 (VIOLATED)
_11567_/A2                              5.200000   11.241358   -6.041358 (VIOLATED)
_11569_/C2                              5.200000   11.241358   -6.041358 (VIOLATED)
_11571_/C2                              5.200000   11.241358   -6.041358 (VIOLATED)
_11573_/C2                              5.200000   11.241358   -6.041358 (VIOLATED)
_11576_/A2                              5.200000   11.241358   -6.041358 (VIOLATED)
_11578_/C2                              5.200000   11.241358   -6.041358 (VIOLATED)
_11581_/A2                              5.200000   11.241358   -6.041358 (VIOLATED)
_11583_/C2                              5.200000   11.241358   -6.041358 (VIOLATED)
_11585_/C2                              5.200000   11.241358   -6.041358 (VIOLATED)
_11588_/A2                              5.200000   11.241358   -6.041358 (VIOLATED)
_11591_/A2                              5.200000   11.241358   -6.041358 (VIOLATED)
_11594_/A2                              5.200000   11.241358   -6.041358 (VIOLATED)
_11597_/A2                              5.200000   11.241358   -6.041358 (VIOLATED)
_11599_/C2                              5.200000   11.241358   -6.041358 (VIOLATED)
_11602_/A2                              5.200000   11.241358   -6.041358 (VIOLATED)
_11605_/A2                              5.200000   11.241358   -6.041358 (VIOLATED)
_11608_/A2                              5.200000   11.241358   -6.041358 (VIOLATED)
_11610_/C2                              5.200000   11.241358   -6.041358 (VIOLATED)
_11613_/A2                              5.200000   11.241358   -6.041358 (VIOLATED)
_11616_/A2                              5.200000   11.241358   -6.041358 (VIOLATED)
_11619_/A2                              5.200000   11.241358   -6.041358 (VIOLATED)
_11621_/C2                              5.200000   11.241358   -6.041358 (VIOLATED)
_11624_/A2                              5.200000   11.241358   -6.041358 (VIOLATED)
_11626_/C2                              5.200000   11.241358   -6.041358 (VIOLATED)
_11629_/A2                              5.200000   11.241358   -6.041358 (VIOLATED)
_11631_/C2                              5.200000   11.241358   -6.041358 (VIOLATED)
_11634_/A2                              5.200000   11.241358   -6.041358 (VIOLATED)
_11636_/C2                              5.200000   11.241358   -6.041358 (VIOLATED)
_11639_/A2                              5.200000   11.241358   -6.041358 (VIOLATED)
_11642_/A2                              5.200000   11.241358   -6.041358 (VIOLATED)
_11644_/C2                              5.200000   11.241358   -6.041358 (VIOLATED)
_11646_/C2                              5.200000   11.241358   -6.041358 (VIOLATED)
_11649_/A2                              5.200000   11.241358   -6.041358 (VIOLATED)
_11651_/C2                              5.200000   11.241358   -6.041358 (VIOLATED)
_11653_/C2                              5.200000   11.241358   -6.041358 (VIOLATED)
_11655_/C2                              5.200000   11.241358   -6.041358 (VIOLATED)
_11658_/A2                              5.200000   11.241358   -6.041358 (VIOLATED)
_11660_/C2                              5.200000   11.241358   -6.041358 (VIOLATED)
_11663_/A2                              5.200000   11.241358   -6.041358 (VIOLATED)
_11665_/C2                              5.200000   11.241358   -6.041358 (VIOLATED)
_11667_/C2                              5.200000   11.241358   -6.041358 (VIOLATED)
_11670_/A2                              5.200000   11.241358   -6.041358 (VIOLATED)
_11673_/A2                              5.200000   11.241358   -6.041358 (VIOLATED)
_11676_/A2                              5.200000   11.241358   -6.041358 (VIOLATED)
_11679_/A2                              5.200000   11.241358   -6.041358 (VIOLATED)
_11681_/C2                              5.200000   11.241358   -6.041358 (VIOLATED)
_11684_/A2                              5.200000   11.241358   -6.041358 (VIOLATED)
_11687_/A2                              5.200000   11.241358   -6.041358 (VIOLATED)
_11690_/A2                              5.200000   11.241358   -6.041358 (VIOLATED)
_11692_/A1                              5.200000   11.241358   -6.041358 (VIOLATED)
_12081_/B                               5.200000   11.241358   -6.041358 (VIOLATED)
_08883_/ZN                              5.200000   10.680980   -5.480980 (VIOLATED)
_08890_/A2                              5.200000   10.680980   -5.480980 (VIOLATED)
_08895_/A3                              5.200000   10.680980   -5.480980 (VIOLATED)
_08989_/B                               5.200000   10.680980   -5.480980 (VIOLATED)
_09019_/B                               5.200000   10.680980   -5.480980 (VIOLATED)
_09030_/B                               5.200000   10.680980   -5.480980 (VIOLATED)
_09044_/B                               5.200000   10.680980   -5.480980 (VIOLATED)
_09066_/B                               5.200000   10.680980   -5.480980 (VIOLATED)
_09163_/B                               5.200000   10.680980   -5.480980 (VIOLATED)
_09250_/A1                              5.200000   10.680980   -5.480980 (VIOLATED)
_09292_/A1                              5.200000   10.680980   -5.480980 (VIOLATED)
_09300_/A1                              5.200000   10.680980   -5.480980 (VIOLATED)
_09303_/A1                              5.200000   10.680980   -5.480980 (VIOLATED)
_09310_/A1                              5.200000   10.680980   -5.480980 (VIOLATED)
_09317_/A1                              5.200000   10.680980   -5.480980 (VIOLATED)
_09324_/A1                              5.200000   10.680980   -5.480980 (VIOLATED)
_09331_/A1                              5.200000   10.680980   -5.480980 (VIOLATED)
_09338_/A1                              5.200000   10.680980   -5.480980 (VIOLATED)
_09345_/A1                              5.200000   10.680980   -5.480980 (VIOLATED)
_09352_/A1                              5.200000   10.680980   -5.480980 (VIOLATED)
_09359_/A1                              5.200000   10.680980   -5.480980 (VIOLATED)
_09366_/A1                              5.200000   10.680980   -5.480980 (VIOLATED)
_09373_/A1                              5.200000   10.680980   -5.480980 (VIOLATED)
_09380_/A1                              5.200000   10.680980   -5.480980 (VIOLATED)
_09387_/A1                              5.200000   10.680980   -5.480980 (VIOLATED)
_09394_/A1                              5.200000   10.680980   -5.480980 (VIOLATED)
_09401_/A1                              5.200000   10.680980   -5.480980 (VIOLATED)
_09408_/A1                              5.200000   10.680980   -5.480980 (VIOLATED)
_09415_/A1                              5.200000   10.680980   -5.480980 (VIOLATED)
_09422_/A1                              5.200000   10.680980   -5.480980 (VIOLATED)
_09429_/A1                              5.200000   10.680980   -5.480980 (VIOLATED)
_09436_/A1                              5.200000   10.680980   -5.480980 (VIOLATED)
_09443_/A1                              5.200000   10.680980   -5.480980 (VIOLATED)
_09450_/A1                              5.200000   10.680980   -5.480980 (VIOLATED)
_09457_/A1                              5.200000   10.680980   -5.480980 (VIOLATED)
_09464_/A1                              5.200000   10.680980   -5.480980 (VIOLATED)
_09471_/A1                              5.200000   10.680980   -5.480980 (VIOLATED)
_09478_/A1                              5.200000   10.680980   -5.480980 (VIOLATED)
_09485_/A1                              5.200000   10.680980   -5.480980 (VIOLATED)
_09492_/A1                              5.200000   10.680980   -5.480980 (VIOLATED)
_09499_/A1                              5.200000   10.680980   -5.480980 (VIOLATED)
_09506_/A1                              5.200000   10.680980   -5.480980 (VIOLATED)
_09513_/A1                              5.200000   10.680980   -5.480980 (VIOLATED)
_09520_/A1                              5.200000   10.680980   -5.480980 (VIOLATED)
_09527_/A1                              5.200000   10.680980   -5.480980 (VIOLATED)
_09534_/A1                              5.200000   10.680980   -5.480980 (VIOLATED)
_09541_/A1                              5.200000   10.680980   -5.480980 (VIOLATED)
_09548_/A1                              5.200000   10.680980   -5.480980 (VIOLATED)
_09555_/A1                              5.200000   10.680980   -5.480980 (VIOLATED)
_09562_/A1                              5.200000   10.680980   -5.480980 (VIOLATED)
_09569_/A1                              5.200000   10.680980   -5.480980 (VIOLATED)
_09576_/A1                              5.200000   10.680980   -5.480980 (VIOLATED)
_09583_/A1                              5.200000   10.680980   -5.480980 (VIOLATED)
_09590_/A1                              5.200000   10.680980   -5.480980 (VIOLATED)
_09597_/A1                              5.200000   10.680980   -5.480980 (VIOLATED)
_09604_/A1                              5.200000   10.680980   -5.480980 (VIOLATED)
_09611_/A1                              5.200000   10.680980   -5.480980 (VIOLATED)
_09618_/A1                              5.200000   10.680980   -5.480980 (VIOLATED)
_09625_/A1                              5.200000   10.680980   -5.480980 (VIOLATED)
_09632_/A1                              5.200000   10.680980   -5.480980 (VIOLATED)
_09639_/A1                              5.200000   10.680980   -5.480980 (VIOLATED)
_09646_/A1                              5.200000   10.680980   -5.480980 (VIOLATED)
_09653_/A1                              5.200000   10.680980   -5.480980 (VIOLATED)
_09660_/A1                              5.200000   10.680980   -5.480980 (VIOLATED)
_09667_/A1                              5.200000   10.680980   -5.480980 (VIOLATED)
_09674_/A1                              5.200000   10.680980   -5.480980 (VIOLATED)
_09681_/A1                              5.200000   10.680980   -5.480980 (VIOLATED)
_09688_/A1                              5.200000   10.680980   -5.480980 (VIOLATED)
_09695_/A1                              5.200000   10.680980   -5.480980 (VIOLATED)
_09702_/A1                              5.200000   10.680980   -5.480980 (VIOLATED)
_09709_/A1                              5.200000   10.680980   -5.480980 (VIOLATED)
_09716_/A1                              5.200000   10.680980   -5.480980 (VIOLATED)
_09723_/A1                              5.200000   10.680980   -5.480980 (VIOLATED)
_09730_/A1                              5.200000   10.680980   -5.480980 (VIOLATED)
_09737_/A1                              5.200000   10.680980   -5.480980 (VIOLATED)
_09744_/A1                              5.200000   10.680980   -5.480980 (VIOLATED)
_09762_/A1                              5.200000   10.680980   -5.480980 (VIOLATED)
_09770_/A1                              5.200000   10.680980   -5.480980 (VIOLATED)
_10296_/B                               5.200000   10.680980   -5.480980 (VIOLATED)
_10302_/B                               5.200000   10.680980   -5.480980 (VIOLATED)
_10309_/B                               5.200000   10.680980   -5.480980 (VIOLATED)
_10316_/B                               5.200000   10.680980   -5.480980 (VIOLATED)
_10323_/B                               5.200000   10.680980   -5.480980 (VIOLATED)
_10330_/B                               5.200000   10.680980   -5.480980 (VIOLATED)
_10337_/B                               5.200000   10.680980   -5.480980 (VIOLATED)
_10344_/B                               5.200000   10.680980   -5.480980 (VIOLATED)
_10358_/B                               5.200000   10.680980   -5.480980 (VIOLATED)
_10386_/B                               5.200000   10.680980   -5.480980 (VIOLATED)
_10393_/B                               5.200000   10.680980   -5.480980 (VIOLATED)
_10400_/B                               5.200000   10.680980   -5.480980 (VIOLATED)
_10407_/B                               5.200000   10.680980   -5.480980 (VIOLATED)
_10421_/B                               5.200000   10.680980   -5.480980 (VIOLATED)
_10435_/B                               5.200000   10.680980   -5.480980 (VIOLATED)
_10456_/B                               5.200000   10.680980   -5.480980 (VIOLATED)
_10470_/B                               5.200000   10.680980   -5.480980 (VIOLATED)
_10477_/B                               5.200000   10.680980   -5.480980 (VIOLATED)
_10491_/B                               5.200000   10.680980   -5.480980 (VIOLATED)
_10498_/B                               5.200000   10.680980   -5.480980 (VIOLATED)
_10505_/B                               5.200000   10.680980   -5.480980 (VIOLATED)
_10519_/B                               5.200000   10.680980   -5.480980 (VIOLATED)
_10526_/B                               5.200000   10.680980   -5.480980 (VIOLATED)
_10533_/B                               5.200000   10.680980   -5.480980 (VIOLATED)
_10547_/B                               5.200000   10.680980   -5.480980 (VIOLATED)
_10568_/B                               5.200000   10.680980   -5.480980 (VIOLATED)
_10575_/B                               5.200000   10.680980   -5.480980 (VIOLATED)
_10582_/B                               5.200000   10.680980   -5.480980 (VIOLATED)
_10596_/B                               5.200000   10.680980   -5.480980 (VIOLATED)
_10603_/B                               5.200000   10.680980   -5.480980 (VIOLATED)
_10610_/B                               5.200000   10.680980   -5.480980 (VIOLATED)
_10617_/B                               5.200000   10.680980   -5.480980 (VIOLATED)
_10624_/B                               5.200000   10.680980   -5.480980 (VIOLATED)
_10631_/B                               5.200000   10.680980   -5.480980 (VIOLATED)
_10638_/B                               5.200000   10.680980   -5.480980 (VIOLATED)
_10645_/B                               5.200000   10.680980   -5.480980 (VIOLATED)
_10652_/B                               5.200000   10.680980   -5.480980 (VIOLATED)
_10659_/B                               5.200000   10.680980   -5.480980 (VIOLATED)
_10668_/B                               5.200000   10.680980   -5.480980 (VIOLATED)
_10673_/B                               5.200000   10.680980   -5.480980 (VIOLATED)
_10680_/B                               5.200000   10.680980   -5.480980 (VIOLATED)
_10687_/B                               5.200000   10.680980   -5.480980 (VIOLATED)
_10694_/B                               5.200000   10.680980   -5.480980 (VIOLATED)
_10701_/B                               5.200000   10.680980   -5.480980 (VIOLATED)
_10718_/A1                              5.200000   10.680980   -5.480980 (VIOLATED)
_10821_/B                               5.200000   10.680980   -5.480980 (VIOLATED)
_10860_/B1                              5.200000   10.680980   -5.480980 (VIOLATED)
_10878_/B                               5.200000   10.680980   -5.480980 (VIOLATED)
_10973_/B                               5.200000   10.680980   -5.480980 (VIOLATED)
_11019_/B                               5.200000   10.680980   -5.480980 (VIOLATED)
_11029_/B                               5.200000   10.680980   -5.480980 (VIOLATED)
_11039_/B                               5.200000   10.680980   -5.480980 (VIOLATED)
_11050_/A1                              5.200000   10.680980   -5.480980 (VIOLATED)
_11057_/B                               5.200000   10.680980   -5.480980 (VIOLATED)
_11067_/B                               5.200000   10.680980   -5.480980 (VIOLATED)
_11074_/A1                              5.200000   10.680980   -5.480980 (VIOLATED)
_11096_/B2                              5.200000   10.680980   -5.480980 (VIOLATED)
_11109_/B2                              5.200000   10.680980   -5.480980 (VIOLATED)
_11117_/B2                              5.200000   10.680980   -5.480980 (VIOLATED)
_11159_/B                               5.200000   10.680980   -5.480980 (VIOLATED)
_11168_/A1                              5.200000   10.680980   -5.480980 (VIOLATED)
_11176_/B                               5.200000   10.680980   -5.480980 (VIOLATED)
_11193_/B                               5.200000   10.680980   -5.480980 (VIOLATED)
_11202_/B                               5.200000   10.680980   -5.480980 (VIOLATED)
_11211_/B                               5.200000   10.680980   -5.480980 (VIOLATED)
_11280_/B                               5.200000   10.680980   -5.480980 (VIOLATED)
_11290_/B                               5.200000   10.680980   -5.480980 (VIOLATED)
_11300_/B                               5.200000   10.680980   -5.480980 (VIOLATED)
_11310_/B                               5.200000   10.680980   -5.480980 (VIOLATED)
_11320_/B                               5.200000   10.680980   -5.480980 (VIOLATED)
_11330_/B                               5.200000   10.680980   -5.480980 (VIOLATED)
_11340_/B                               5.200000   10.680980   -5.480980 (VIOLATED)
_12071_/A1                              5.200000   10.680980   -5.480980 (VIOLATED)
_12078_/A1                              5.200000   10.680980   -5.480980 (VIOLATED)
_16614_/A1                              5.200000   10.680980   -5.480980 (VIOLATED)
_16618_/B                               5.200000   10.680980   -5.480980 (VIOLATED)
_16640_/B                               5.200000   10.680980   -5.480980 (VIOLATED)
_16792_/B                               5.200000   10.680980   -5.480980 (VIOLATED)
_08723_/ZN                              5.200000    9.092688   -3.892688 (VIOLATED)
_08724_/I                               5.200000    9.092688   -3.892688 (VIOLATED)
_11879_/A2                              5.200000    9.092688   -3.892688 (VIOLATED)
_11881_/A2                              5.200000    9.092688   -3.892688 (VIOLATED)
_11882_/A1                              5.200000    9.092688   -3.892688 (VIOLATED)
_11883_/A2                              5.200000    9.092688   -3.892688 (VIOLATED)
_11884_/A1                              5.200000    9.092688   -3.892688 (VIOLATED)
_11885_/A2                              5.200000    9.092688   -3.892688 (VIOLATED)
_11886_/A1                              5.200000    9.092688   -3.892688 (VIOLATED)
_11888_/A2                              5.200000    9.092688   -3.892688 (VIOLATED)
_11889_/A1                              5.200000    9.092688   -3.892688 (VIOLATED)
_11890_/A2                              5.200000    9.092688   -3.892688 (VIOLATED)
_11891_/A1                              5.200000    9.092688   -3.892688 (VIOLATED)
_11892_/A2                              5.200000    9.092688   -3.892688 (VIOLATED)
_11893_/A1                              5.200000    9.092688   -3.892688 (VIOLATED)
_11894_/A2                              5.200000    9.092688   -3.892688 (VIOLATED)
_11895_/A1                              5.200000    9.092688   -3.892688 (VIOLATED)
_11897_/A2                              5.200000    9.092688   -3.892688 (VIOLATED)
_11898_/A1                              5.200000    9.092688   -3.892688 (VIOLATED)
_11899_/A2                              5.200000    9.092688   -3.892688 (VIOLATED)
_11900_/A1                              5.200000    9.092688   -3.892688 (VIOLATED)
_11901_/A2                              5.200000    9.092688   -3.892688 (VIOLATED)
_11902_/A1                              5.200000    9.092688   -3.892688 (VIOLATED)
_11903_/A2                              5.200000    9.092688   -3.892688 (VIOLATED)
_11904_/A1                              5.200000    9.092688   -3.892688 (VIOLATED)
_11905_/A2                              5.200000    9.092688   -3.892688 (VIOLATED)
_11906_/A1                              5.200000    9.092688   -3.892688 (VIOLATED)
_11907_/A2                              5.200000    9.092688   -3.892688 (VIOLATED)
_11908_/A1                              5.200000    9.092688   -3.892688 (VIOLATED)
_11909_/A2                              5.200000    9.092688   -3.892688 (VIOLATED)
_11910_/A1                              5.200000    9.092688   -3.892688 (VIOLATED)
_11911_/A2                              5.200000    9.092688   -3.892688 (VIOLATED)
_11912_/A1                              5.200000    9.092688   -3.892688 (VIOLATED)
_11913_/A2                              5.200000    9.092688   -3.892688 (VIOLATED)
_11914_/A1                              5.200000    9.092688   -3.892688 (VIOLATED)
_11915_/A2                              5.200000    9.092688   -3.892688 (VIOLATED)
_11916_/A1                              5.200000    9.092688   -3.892688 (VIOLATED)
_11917_/A2                              5.200000    9.092688   -3.892688 (VIOLATED)
_11918_/A1                              5.200000    9.092688   -3.892688 (VIOLATED)
_11919_/A2                              5.200000    9.092688   -3.892688 (VIOLATED)
_11920_/A1                              5.200000    9.092688   -3.892688 (VIOLATED)
_11921_/A2                              5.200000    9.092688   -3.892688 (VIOLATED)
_11922_/A1                              5.200000    9.092688   -3.892688 (VIOLATED)
_11923_/A2                              5.200000    9.092688   -3.892688 (VIOLATED)
_11924_/A1                              5.200000    9.092688   -3.892688 (VIOLATED)
_11926_/A2                              5.200000    9.092688   -3.892688 (VIOLATED)
_11927_/A1                              5.200000    9.092688   -3.892688 (VIOLATED)
_11928_/A2                              5.200000    9.092688   -3.892688 (VIOLATED)
_11929_/A1                              5.200000    9.092688   -3.892688 (VIOLATED)
_11930_/A2                              5.200000    9.092688   -3.892688 (VIOLATED)
_11931_/A1                              5.200000    9.092688   -3.892688 (VIOLATED)
_11932_/A2                              5.200000    9.092688   -3.892688 (VIOLATED)
_11933_/A1                              5.200000    9.092688   -3.892688 (VIOLATED)
_11934_/A2                              5.200000    9.092688   -3.892688 (VIOLATED)
_11935_/A1                              5.200000    9.092688   -3.892688 (VIOLATED)
_11936_/A2                              5.200000    9.092688   -3.892688 (VIOLATED)
_11937_/A1                              5.200000    9.092688   -3.892688 (VIOLATED)
_11938_/A2                              5.200000    9.092688   -3.892688 (VIOLATED)
_11939_/A1                              5.200000    9.092688   -3.892688 (VIOLATED)
_11940_/A2                              5.200000    9.092688   -3.892688 (VIOLATED)
_11941_/A1                              5.200000    9.092688   -3.892688 (VIOLATED)
_11942_/A2                              5.200000    9.092688   -3.892688 (VIOLATED)
_11943_/A1                              5.200000    9.092688   -3.892688 (VIOLATED)
_11944_/A2                              5.200000    9.092688   -3.892688 (VIOLATED)
_11945_/A1                              5.200000    9.092688   -3.892688 (VIOLATED)
_11946_/A2                              5.200000    9.092688   -3.892688 (VIOLATED)
_11947_/A1                              5.200000    9.092688   -3.892688 (VIOLATED)
_11948_/A2                              5.200000    9.092688   -3.892688 (VIOLATED)
_11949_/A1                              5.200000    9.092688   -3.892688 (VIOLATED)
_11950_/A2                              5.200000    9.092688   -3.892688 (VIOLATED)
_11951_/A1                              5.200000    9.092688   -3.892688 (VIOLATED)
_11952_/A2                              5.200000    9.092688   -3.892688 (VIOLATED)
_11953_/A1                              5.200000    9.092688   -3.892688 (VIOLATED)
_11954_/A2                              5.200000    9.092688   -3.892688 (VIOLATED)
_11955_/A1                              5.200000    9.092688   -3.892688 (VIOLATED)
_11956_/A2                              5.200000    9.092688   -3.892688 (VIOLATED)
_11957_/A1                              5.200000    9.092688   -3.892688 (VIOLATED)
_11958_/A2                              5.200000    9.092688   -3.892688 (VIOLATED)
_11959_/A1                              5.200000    9.092688   -3.892688 (VIOLATED)
_11960_/A2                              5.200000    9.092688   -3.892688 (VIOLATED)
_11961_/A1                              5.200000    9.092688   -3.892688 (VIOLATED)
_11962_/A2                              5.200000    9.092688   -3.892688 (VIOLATED)
_11963_/A1                              5.200000    9.092688   -3.892688 (VIOLATED)
_11964_/A2                              5.200000    9.092688   -3.892688 (VIOLATED)
_11965_/A1                              5.200000    9.092688   -3.892688 (VIOLATED)
_11966_/A2                              5.200000    9.092688   -3.892688 (VIOLATED)
_11967_/A1                              5.200000    9.092688   -3.892688 (VIOLATED)
_11968_/A2                              5.200000    9.092688   -3.892688 (VIOLATED)
_11969_/A1                              5.200000    9.092688   -3.892688 (VIOLATED)
_11970_/A2                              5.200000    9.092688   -3.892688 (VIOLATED)
_11971_/A1                              5.200000    9.092688   -3.892688 (VIOLATED)
_11972_/A2                              5.200000    9.092688   -3.892688 (VIOLATED)
_11973_/A1                              5.200000    9.092688   -3.892688 (VIOLATED)
_11974_/A2                              5.200000    9.092688   -3.892688 (VIOLATED)
_11975_/A1                              5.200000    9.092688   -3.892688 (VIOLATED)
_11976_/A2                              5.200000    9.092688   -3.892688 (VIOLATED)
_11977_/A1                              5.200000    9.092688   -3.892688 (VIOLATED)
_11978_/A2                              5.200000    9.092688   -3.892688 (VIOLATED)
_11979_/A1                              5.200000    9.092688   -3.892688 (VIOLATED)
_11980_/A2                              5.200000    9.092688   -3.892688 (VIOLATED)
_11981_/A1                              5.200000    9.092688   -3.892688 (VIOLATED)
_11982_/A2                              5.200000    9.092688   -3.892688 (VIOLATED)
_11983_/A1                              5.200000    9.092688   -3.892688 (VIOLATED)
_11984_/A2                              5.200000    9.092688   -3.892688 (VIOLATED)
_11985_/A1                              5.200000    9.092688   -3.892688 (VIOLATED)
_11986_/A2                              5.200000    9.092688   -3.892688 (VIOLATED)
_11987_/A1                              5.200000    9.092688   -3.892688 (VIOLATED)
_11988_/A2                              5.200000    9.092688   -3.892688 (VIOLATED)
_11989_/A1                              5.200000    9.092688   -3.892688 (VIOLATED)
_11990_/A2                              5.200000    9.092688   -3.892688 (VIOLATED)
_11991_/A1                              5.200000    9.092688   -3.892688 (VIOLATED)
_11992_/A2                              5.200000    9.092688   -3.892688 (VIOLATED)
_11993_/A1                              5.200000    9.092688   -3.892688 (VIOLATED)
_11994_/A2                              5.200000    9.092688   -3.892688 (VIOLATED)
_11995_/A1                              5.200000    9.092688   -3.892688 (VIOLATED)
_11996_/A2                              5.200000    9.092688   -3.892688 (VIOLATED)
_11997_/A1                              5.200000    9.092688   -3.892688 (VIOLATED)
_11998_/A2                              5.200000    9.092688   -3.892688 (VIOLATED)
_11999_/A1                              5.200000    9.092688   -3.892688 (VIOLATED)
_12000_/A2                              5.200000    9.092688   -3.892688 (VIOLATED)
_12001_/A1                              5.200000    9.092688   -3.892688 (VIOLATED)
_12002_/A2                              5.200000    9.092688   -3.892688 (VIOLATED)
_12003_/A1                              5.200000    9.092688   -3.892688 (VIOLATED)
_12067_/A2                              5.200000    9.092688   -3.892688 (VIOLATED)
_12068_/A1                              5.200000    9.092688   -3.892688 (VIOLATED)
_09758_/Z                               5.200000    9.041162   -3.841163 (VIOLATED)
_09759_/A2                              5.200000    9.041162   -3.841163 (VIOLATED)
_09760_/A2                              5.200000    9.041162   -3.841163 (VIOLATED)
_10278_/A2                              5.200000    9.041162   -3.841163 (VIOLATED)
_10279_/A1                              5.200000    9.041162   -3.841163 (VIOLATED)
_10285_/A2                              5.200000    9.041162   -3.841163 (VIOLATED)
_10286_/A1                              5.200000    9.041162   -3.841163 (VIOLATED)
_10292_/A2                              5.200000    9.041162   -3.841163 (VIOLATED)
_10293_/A1                              5.200000    9.041162   -3.841163 (VIOLATED)
_10299_/B                               5.200000    9.041162   -3.841163 (VIOLATED)
_10300_/A2                              5.200000    9.041162   -3.841163 (VIOLATED)
_10307_/S                               5.200000    9.041162   -3.841163 (VIOLATED)
_10314_/S                               5.200000    9.041162   -3.841163 (VIOLATED)
_10321_/S                               5.200000    9.041162   -3.841163 (VIOLATED)
_10328_/S                               5.200000    9.041162   -3.841163 (VIOLATED)
_10335_/S                               5.200000    9.041162   -3.841163 (VIOLATED)
_10342_/S                               5.200000    9.041162   -3.841163 (VIOLATED)
_10349_/S                               5.200000    9.041162   -3.841163 (VIOLATED)
_10355_/A2                              5.200000    9.041162   -3.841163 (VIOLATED)
_10356_/A1                              5.200000    9.041162   -3.841163 (VIOLATED)
_10363_/S                               5.200000    9.041162   -3.841163 (VIOLATED)
_10369_/A2                              5.200000    9.041162   -3.841163 (VIOLATED)
_10370_/A1                              5.200000    9.041162   -3.841163 (VIOLATED)
_10376_/A2                              5.200000    9.041162   -3.841163 (VIOLATED)
_10377_/A1                              5.200000    9.041162   -3.841163 (VIOLATED)
_10383_/A2                              5.200000    9.041162   -3.841163 (VIOLATED)
_10384_/A1                              5.200000    9.041162   -3.841163 (VIOLATED)
_10391_/S                               5.200000    9.041162   -3.841163 (VIOLATED)
_10398_/S                               5.200000    9.041162   -3.841163 (VIOLATED)
_10405_/S                               5.200000    9.041162   -3.841163 (VIOLATED)
_10412_/S                               5.200000    9.041162   -3.841163 (VIOLATED)
_10418_/A2                              5.200000    9.041162   -3.841163 (VIOLATED)
_10419_/A1                              5.200000    9.041162   -3.841163 (VIOLATED)
_10426_/S                               5.200000    9.041162   -3.841163 (VIOLATED)
_10432_/A2                              5.200000    9.041162   -3.841163 (VIOLATED)
_10433_/A1                              5.200000    9.041162   -3.841163 (VIOLATED)
_10440_/S                               5.200000    9.041162   -3.841163 (VIOLATED)
_10446_/A2                              5.200000    9.041162   -3.841163 (VIOLATED)
_10447_/A1                              5.200000    9.041162   -3.841163 (VIOLATED)
_10453_/A2                              5.200000    9.041162   -3.841163 (VIOLATED)
_10454_/A1                              5.200000    9.041162   -3.841163 (VIOLATED)
_10461_/S                               5.200000    9.041162   -3.841163 (VIOLATED)
_10467_/A2                              5.200000    9.041162   -3.841163 (VIOLATED)
_10468_/A1                              5.200000    9.041162   -3.841163 (VIOLATED)
_10475_/S                               5.200000    9.041162   -3.841163 (VIOLATED)
_10482_/S                               5.200000    9.041162   -3.841163 (VIOLATED)
_10488_/A2                              5.200000    9.041162   -3.841163 (VIOLATED)
_10489_/A1                              5.200000    9.041162   -3.841163 (VIOLATED)
_10496_/S                               5.200000    9.041162   -3.841163 (VIOLATED)
_10503_/S                               5.200000    9.041162   -3.841163 (VIOLATED)
_10510_/S                               5.200000    9.041162   -3.841163 (VIOLATED)
_10516_/A2                              5.200000    9.041162   -3.841163 (VIOLATED)
_10517_/A1                              5.200000    9.041162   -3.841163 (VIOLATED)
_10524_/S                               5.200000    9.041162   -3.841163 (VIOLATED)
_10531_/S                               5.200000    9.041162   -3.841163 (VIOLATED)
_10538_/S                               5.200000    9.041162   -3.841163 (VIOLATED)
_10544_/A2                              5.200000    9.041162   -3.841163 (VIOLATED)
_10545_/A1                              5.200000    9.041162   -3.841163 (VIOLATED)
_10552_/S                               5.200000    9.041162   -3.841163 (VIOLATED)
_10558_/A2                              5.200000    9.041162   -3.841163 (VIOLATED)
_10559_/A1                              5.200000    9.041162   -3.841163 (VIOLATED)
_10565_/A2                              5.200000    9.041162   -3.841163 (VIOLATED)
_10566_/A1                              5.200000    9.041162   -3.841163 (VIOLATED)
_10573_/S                               5.200000    9.041162   -3.841163 (VIOLATED)
_10580_/S                               5.200000    9.041162   -3.841163 (VIOLATED)
_10587_/S                               5.200000    9.041162   -3.841163 (VIOLATED)
_10593_/A2                              5.200000    9.041162   -3.841163 (VIOLATED)
_10594_/A1                              5.200000    9.041162   -3.841163 (VIOLATED)
_10601_/S                               5.200000    9.041162   -3.841163 (VIOLATED)
_10608_/S                               5.200000    9.041162   -3.841163 (VIOLATED)
_10615_/S                               5.200000    9.041162   -3.841163 (VIOLATED)
_10622_/S                               5.200000    9.041162   -3.841163 (VIOLATED)
_10629_/S                               5.200000    9.041162   -3.841163 (VIOLATED)
_10636_/S                               5.200000    9.041162   -3.841163 (VIOLATED)
_10643_/S                               5.200000    9.041162   -3.841163 (VIOLATED)
_10650_/S                               5.200000    9.041162   -3.841163 (VIOLATED)
_10657_/S                               5.200000    9.041162   -3.841163 (VIOLATED)
_10664_/S                               5.200000    9.041162   -3.841163 (VIOLATED)
_10670_/A2                              5.200000    9.041162   -3.841163 (VIOLATED)
_10671_/A1                              5.200000    9.041162   -3.841163 (VIOLATED)
_10678_/S                               5.200000    9.041162   -3.841163 (VIOLATED)
_10685_/S                               5.200000    9.041162   -3.841163 (VIOLATED)
_10692_/S                               5.200000    9.041162   -3.841163 (VIOLATED)
_10699_/S                               5.200000    9.041162   -3.841163 (VIOLATED)
_10706_/S                               5.200000    9.041162   -3.841163 (VIOLATED)
_10712_/A2                              5.200000    9.041162   -3.841163 (VIOLATED)
_10713_/A1                              5.200000    9.041162   -3.841163 (VIOLATED)
_10714_/A1                              5.200000    9.041162   -3.841163 (VIOLATED)
_08724_/ZN                              5.200000    8.803301   -3.603301 (VIOLATED)
_11695_/B                               5.200000    8.803301   -3.603301 (VIOLATED)
_11878_/A2                              5.200000    8.803301   -3.603301 (VIOLATED)
_11880_/S                               5.200000    8.803301   -3.603301 (VIOLATED)
_11887_/S                               5.200000    8.803301   -3.603301 (VIOLATED)
_11896_/S                               5.200000    8.803301   -3.603301 (VIOLATED)
_11925_/S                               5.200000    8.803301   -3.603301 (VIOLATED)
_12004_/S                               5.200000    8.803301   -3.603301 (VIOLATED)
_12005_/S                               5.200000    8.803301   -3.603301 (VIOLATED)
_12006_/S                               5.200000    8.803301   -3.603301 (VIOLATED)
_12007_/S                               5.200000    8.803301   -3.603301 (VIOLATED)
_12008_/S                               5.200000    8.803301   -3.603301 (VIOLATED)
_12009_/S                               5.200000    8.803301   -3.603301 (VIOLATED)
_12010_/S                               5.200000    8.803301   -3.603301 (VIOLATED)
_12011_/S                               5.200000    8.803301   -3.603301 (VIOLATED)
_12012_/S                               5.200000    8.803301   -3.603301 (VIOLATED)
_12013_/S                               5.200000    8.803301   -3.603301 (VIOLATED)
_12014_/S                               5.200000    8.803301   -3.603301 (VIOLATED)
_12015_/S                               5.200000    8.803301   -3.603301 (VIOLATED)
_12016_/S                               5.200000    8.803301   -3.603301 (VIOLATED)
_12017_/S                               5.200000    8.803301   -3.603301 (VIOLATED)
_12018_/S                               5.200000    8.803301   -3.603301 (VIOLATED)
_12019_/S                               5.200000    8.803301   -3.603301 (VIOLATED)
_12020_/S                               5.200000    8.803301   -3.603301 (VIOLATED)
_12021_/S                               5.200000    8.803301   -3.603301 (VIOLATED)
_12022_/S                               5.200000    8.803301   -3.603301 (VIOLATED)
_12023_/S                               5.200000    8.803301   -3.603301 (VIOLATED)
_12024_/S                               5.200000    8.803301   -3.603301 (VIOLATED)
_12025_/S                               5.200000    8.803301   -3.603301 (VIOLATED)
_12026_/S                               5.200000    8.803301   -3.603301 (VIOLATED)
_12027_/S                               5.200000    8.803301   -3.603301 (VIOLATED)
_12028_/S                               5.200000    8.803301   -3.603301 (VIOLATED)
_12029_/S                               5.200000    8.803301   -3.603301 (VIOLATED)
_12030_/S                               5.200000    8.803301   -3.603301 (VIOLATED)
_12031_/S                               5.200000    8.803301   -3.603301 (VIOLATED)
_12032_/S                               5.200000    8.803301   -3.603301 (VIOLATED)
_12033_/S                               5.200000    8.803301   -3.603301 (VIOLATED)
_12034_/S                               5.200000    8.803301   -3.603301 (VIOLATED)
_12035_/S                               5.200000    8.803301   -3.603301 (VIOLATED)
_12036_/S                               5.200000    8.803301   -3.603301 (VIOLATED)
_12037_/S                               5.200000    8.803301   -3.603301 (VIOLATED)
_12038_/S                               5.200000    8.803301   -3.603301 (VIOLATED)
_12039_/S                               5.200000    8.803301   -3.603301 (VIOLATED)
_12040_/S                               5.200000    8.803301   -3.603301 (VIOLATED)
_12041_/S                               5.200000    8.803301   -3.603301 (VIOLATED)
_12042_/S                               5.200000    8.803301   -3.603301 (VIOLATED)
_12043_/S                               5.200000    8.803301   -3.603301 (VIOLATED)
_12044_/S                               5.200000    8.803301   -3.603301 (VIOLATED)
_12045_/S                               5.200000    8.803301   -3.603301 (VIOLATED)
_12046_/S                               5.200000    8.803301   -3.603301 (VIOLATED)
_12047_/S                               5.200000    8.803301   -3.603301 (VIOLATED)
_12048_/S                               5.200000    8.803301   -3.603301 (VIOLATED)
_12049_/S                               5.200000    8.803301   -3.603301 (VIOLATED)
_12050_/S                               5.200000    8.803301   -3.603301 (VIOLATED)
_12051_/S                               5.200000    8.803301   -3.603301 (VIOLATED)
_12052_/S                               5.200000    8.803301   -3.603301 (VIOLATED)
_12053_/S                               5.200000    8.803301   -3.603301 (VIOLATED)
_12054_/S                               5.200000    8.803301   -3.603301 (VIOLATED)
_12055_/S                               5.200000    8.803301   -3.603301 (VIOLATED)
_12056_/S                               5.200000    8.803301   -3.603301 (VIOLATED)
_12057_/S                               5.200000    8.803301   -3.603301 (VIOLATED)
_12058_/S                               5.200000    8.803301   -3.603301 (VIOLATED)
_12059_/S                               5.200000    8.803301   -3.603301 (VIOLATED)
_12060_/S                               5.200000    8.803301   -3.603301 (VIOLATED)
_12061_/S                               5.200000    8.803301   -3.603301 (VIOLATED)
_12062_/S                               5.200000    8.803301   -3.603301 (VIOLATED)
_12063_/S                               5.200000    8.803301   -3.603301 (VIOLATED)
_12064_/S                               5.200000    8.803301   -3.603301 (VIOLATED)
_12065_/S                               5.200000    8.803301   -3.603301 (VIOLATED)
_12066_/S                               5.200000    8.803301   -3.603301 (VIOLATED)
_19432_/D                               5.200000    8.803301   -3.603301 (VIOLATED)
_08891_/ZN                              5.200000    8.701120   -3.501120 (VIOLATED)
_08892_/A4                              5.200000    8.701120   -3.501120 (VIOLATED)
_08893_/A4                              5.200000    8.701120   -3.501120 (VIOLATED)
_09297_/B                               5.200000    8.701120   -3.501120 (VIOLATED)
_11355_/A1                              5.200000    8.701120   -3.501120 (VIOLATED)
_09300_/ZN                              5.200000    8.694230   -3.494231 (VIOLATED)
_09303_/B                               5.200000    8.694230   -3.494231 (VIOLATED)
_09304_/A2                              5.200000    8.694230   -3.494231 (VIOLATED)
_09310_/C                               5.200000    8.694230   -3.494231 (VIOLATED)
_09311_/A2                              5.200000    8.694230   -3.494231 (VIOLATED)
_09317_/C                               5.200000    8.694230   -3.494231 (VIOLATED)
_09318_/A2                              5.200000    8.694230   -3.494231 (VIOLATED)
_09324_/C                               5.200000    8.694230   -3.494231 (VIOLATED)
_09325_/A2                              5.200000    8.694230   -3.494231 (VIOLATED)
_09331_/C                               5.200000    8.694230   -3.494231 (VIOLATED)
_09332_/A2                              5.200000    8.694230   -3.494231 (VIOLATED)
_09338_/C                               5.200000    8.694230   -3.494231 (VIOLATED)
_09339_/A2                              5.200000    8.694230   -3.494231 (VIOLATED)
_09345_/C                               5.200000    8.694230   -3.494231 (VIOLATED)
_09346_/A2                              5.200000    8.694230   -3.494231 (VIOLATED)
_09352_/C                               5.200000    8.694230   -3.494231 (VIOLATED)
_09353_/A2                              5.200000    8.694230   -3.494231 (VIOLATED)
_09359_/C                               5.200000    8.694230   -3.494231 (VIOLATED)
_09360_/A2                              5.200000    8.694230   -3.494231 (VIOLATED)
_09366_/C                               5.200000    8.694230   -3.494231 (VIOLATED)
_09367_/A2                              5.200000    8.694230   -3.494231 (VIOLATED)
_09373_/C                               5.200000    8.694230   -3.494231 (VIOLATED)
_09374_/A2                              5.200000    8.694230   -3.494231 (VIOLATED)
_09380_/C                               5.200000    8.694230   -3.494231 (VIOLATED)
_09381_/A2                              5.200000    8.694230   -3.494231 (VIOLATED)
_09387_/C                               5.200000    8.694230   -3.494231 (VIOLATED)
_09388_/A2                              5.200000    8.694230   -3.494231 (VIOLATED)
_09394_/C                               5.200000    8.694230   -3.494231 (VIOLATED)
_09395_/A2                              5.200000    8.694230   -3.494231 (VIOLATED)
_09401_/C                               5.200000    8.694230   -3.494231 (VIOLATED)
_09402_/A2                              5.200000    8.694230   -3.494231 (VIOLATED)
_09408_/C                               5.200000    8.694230   -3.494231 (VIOLATED)
_09409_/A2                              5.200000    8.694230   -3.494231 (VIOLATED)
_09415_/C                               5.200000    8.694230   -3.494231 (VIOLATED)
_09416_/A2                              5.200000    8.694230   -3.494231 (VIOLATED)
_09422_/C                               5.200000    8.694230   -3.494231 (VIOLATED)
_09423_/A2                              5.200000    8.694230   -3.494231 (VIOLATED)
_09429_/C                               5.200000    8.694230   -3.494231 (VIOLATED)
_09430_/A2                              5.200000    8.694230   -3.494231 (VIOLATED)
_09436_/C                               5.200000    8.694230   -3.494231 (VIOLATED)
_09437_/A2                              5.200000    8.694230   -3.494231 (VIOLATED)
_09443_/C                               5.200000    8.694230   -3.494231 (VIOLATED)
_09444_/A2                              5.200000    8.694230   -3.494231 (VIOLATED)
_09450_/C                               5.200000    8.694230   -3.494231 (VIOLATED)
_09451_/A2                              5.200000    8.694230   -3.494231 (VIOLATED)
_09457_/C                               5.200000    8.694230   -3.494231 (VIOLATED)
_09458_/A2                              5.200000    8.694230   -3.494231 (VIOLATED)
_09464_/C                               5.200000    8.694230   -3.494231 (VIOLATED)
_09465_/A2                              5.200000    8.694230   -3.494231 (VIOLATED)
_09471_/C                               5.200000    8.694230   -3.494231 (VIOLATED)
_09472_/A2                              5.200000    8.694230   -3.494231 (VIOLATED)
_09478_/C                               5.200000    8.694230   -3.494231 (VIOLATED)
_09479_/A2                              5.200000    8.694230   -3.494231 (VIOLATED)
_09485_/C                               5.200000    8.694230   -3.494231 (VIOLATED)
_09486_/A2                              5.200000    8.694230   -3.494231 (VIOLATED)
_09492_/C                               5.200000    8.694230   -3.494231 (VIOLATED)
_09493_/A2                              5.200000    8.694230   -3.494231 (VIOLATED)
_09499_/C                               5.200000    8.694230   -3.494231 (VIOLATED)
_09500_/A2                              5.200000    8.694230   -3.494231 (VIOLATED)
_09506_/C                               5.200000    8.694230   -3.494231 (VIOLATED)
_09507_/A2                              5.200000    8.694230   -3.494231 (VIOLATED)
_09513_/C                               5.200000    8.694230   -3.494231 (VIOLATED)
_09514_/A2                              5.200000    8.694230   -3.494231 (VIOLATED)
_09520_/C                               5.200000    8.694230   -3.494231 (VIOLATED)
_09521_/A2                              5.200000    8.694230   -3.494231 (VIOLATED)
_09527_/C                               5.200000    8.694230   -3.494231 (VIOLATED)
_09528_/A2                              5.200000    8.694230   -3.494231 (VIOLATED)
_09534_/C                               5.200000    8.694230   -3.494231 (VIOLATED)
_09535_/A2                              5.200000    8.694230   -3.494231 (VIOLATED)
_09541_/C                               5.200000    8.694230   -3.494231 (VIOLATED)
_09542_/A2                              5.200000    8.694230   -3.494231 (VIOLATED)
_09548_/C                               5.200000    8.694230   -3.494231 (VIOLATED)
_09549_/A2                              5.200000    8.694230   -3.494231 (VIOLATED)
_09555_/C                               5.200000    8.694230   -3.494231 (VIOLATED)
_09556_/A2                              5.200000    8.694230   -3.494231 (VIOLATED)
_09562_/C                               5.200000    8.694230   -3.494231 (VIOLATED)
_09563_/A2                              5.200000    8.694230   -3.494231 (VIOLATED)
_09569_/C                               5.200000    8.694230   -3.494231 (VIOLATED)
_09570_/A2                              5.200000    8.694230   -3.494231 (VIOLATED)
_09576_/C                               5.200000    8.694230   -3.494231 (VIOLATED)
_09577_/A2                              5.200000    8.694230   -3.494231 (VIOLATED)
_09583_/C                               5.200000    8.694230   -3.494231 (VIOLATED)
_09584_/A2                              5.200000    8.694230   -3.494231 (VIOLATED)
_09590_/C                               5.200000    8.694230   -3.494231 (VIOLATED)
_09591_/A2                              5.200000    8.694230   -3.494231 (VIOLATED)
_09597_/C                               5.200000    8.694230   -3.494231 (VIOLATED)
_09598_/A2                              5.200000    8.694230   -3.494231 (VIOLATED)
_09604_/C                               5.200000    8.694230   -3.494231 (VIOLATED)
_09605_/A2                              5.200000    8.694230   -3.494231 (VIOLATED)
_09611_/C                               5.200000    8.694230   -3.494231 (VIOLATED)
_09612_/A2                              5.200000    8.694230   -3.494231 (VIOLATED)
_09618_/C                               5.200000    8.694230   -3.494231 (VIOLATED)
_09619_/A2                              5.200000    8.694230   -3.494231 (VIOLATED)
_09625_/C                               5.200000    8.694230   -3.494231 (VIOLATED)
_09626_/A2                              5.200000    8.694230   -3.494231 (VIOLATED)
_09632_/C                               5.200000    8.694230   -3.494231 (VIOLATED)
_09633_/A2                              5.200000    8.694230   -3.494231 (VIOLATED)
_09639_/C                               5.200000    8.694230   -3.494231 (VIOLATED)
_09640_/A2                              5.200000    8.694230   -3.494231 (VIOLATED)
_09646_/C                               5.200000    8.694230   -3.494231 (VIOLATED)
_09647_/A2                              5.200000    8.694230   -3.494231 (VIOLATED)
_09653_/C                               5.200000    8.694230   -3.494231 (VIOLATED)
_09654_/A2                              5.200000    8.694230   -3.494231 (VIOLATED)
_09660_/C                               5.200000    8.694230   -3.494231 (VIOLATED)
_09661_/A2                              5.200000    8.694230   -3.494231 (VIOLATED)
_09667_/C                               5.200000    8.694230   -3.494231 (VIOLATED)
_09668_/A2                              5.200000    8.694230   -3.494231 (VIOLATED)
_09674_/C                               5.200000    8.694230   -3.494231 (VIOLATED)
_09675_/A2                              5.200000    8.694230   -3.494231 (VIOLATED)
_09681_/C                               5.200000    8.694230   -3.494231 (VIOLATED)
_09682_/A2                              5.200000    8.694230   -3.494231 (VIOLATED)
_09688_/C                               5.200000    8.694230   -3.494231 (VIOLATED)
_09689_/A2                              5.200000    8.694230   -3.494231 (VIOLATED)
_09695_/C                               5.200000    8.694230   -3.494231 (VIOLATED)
_09696_/A2                              5.200000    8.694230   -3.494231 (VIOLATED)
_09702_/C                               5.200000    8.694230   -3.494231 (VIOLATED)
_09703_/A2                              5.200000    8.694230   -3.494231 (VIOLATED)
_09709_/C                               5.200000    8.694230   -3.494231 (VIOLATED)
_09710_/A2                              5.200000    8.694230   -3.494231 (VIOLATED)
_09716_/C                               5.200000    8.694230   -3.494231 (VIOLATED)
_09717_/A2                              5.200000    8.694230   -3.494231 (VIOLATED)
_09723_/C                               5.200000    8.694230   -3.494231 (VIOLATED)
_09724_/A2                              5.200000    8.694230   -3.494231 (VIOLATED)
_09730_/C                               5.200000    8.694230   -3.494231 (VIOLATED)
_09731_/A2                              5.200000    8.694230   -3.494231 (VIOLATED)
_09737_/C                               5.200000    8.694230   -3.494231 (VIOLATED)
_09738_/A2                              5.200000    8.694230   -3.494231 (VIOLATED)
_09744_/C                               5.200000    8.694230   -3.494231 (VIOLATED)
_09745_/A2                              5.200000    8.694230   -3.494231 (VIOLATED)
_09761_/A1                              5.200000    8.694230   -3.494231 (VIOLATED)
_09762_/ZN                              5.200000    8.546668   -3.346668 (VIOLATED)
_09773_/C                               5.200000    8.546668   -3.346668 (VIOLATED)
_09774_/A2                              5.200000    8.546668   -3.346668 (VIOLATED)
_09782_/C                               5.200000    8.546668   -3.346668 (VIOLATED)
_09784_/A2                              5.200000    8.546668   -3.346668 (VIOLATED)
_09792_/C                               5.200000    8.546668   -3.346668 (VIOLATED)
_09794_/A2                              5.200000    8.546668   -3.346668 (VIOLATED)
_09813_/C                               5.200000    8.546668   -3.346668 (VIOLATED)
_09815_/A2                              5.200000    8.546668   -3.346668 (VIOLATED)
_09823_/C                               5.200000    8.546668   -3.346668 (VIOLATED)
_09825_/A2                              5.200000    8.546668   -3.346668 (VIOLATED)
_09832_/C                               5.200000    8.546668   -3.346668 (VIOLATED)
_09834_/A2                              5.200000    8.546668   -3.346668 (VIOLATED)
_09841_/C                               5.200000    8.546668   -3.346668 (VIOLATED)
_09843_/A2                              5.200000    8.546668   -3.346668 (VIOLATED)
_09859_/C                               5.200000    8.546668   -3.346668 (VIOLATED)
_09861_/A2                              5.200000    8.546668   -3.346668 (VIOLATED)
_09867_/C                               5.200000    8.546668   -3.346668 (VIOLATED)
_09869_/A2                              5.200000    8.546668   -3.346668 (VIOLATED)
_09875_/C                               5.200000    8.546668   -3.346668 (VIOLATED)
_09877_/A2                              5.200000    8.546668   -3.346668 (VIOLATED)
_09883_/C                               5.200000    8.546668   -3.346668 (VIOLATED)
_09885_/A2                              5.200000    8.546668   -3.346668 (VIOLATED)
_09891_/C                               5.200000    8.546668   -3.346668 (VIOLATED)
_09893_/A2                              5.200000    8.546668   -3.346668 (VIOLATED)
_09899_/C                               5.200000    8.546668   -3.346668 (VIOLATED)
_09901_/A2                              5.200000    8.546668   -3.346668 (VIOLATED)
_09907_/C                               5.200000    8.546668   -3.346668 (VIOLATED)
_09909_/A2                              5.200000    8.546668   -3.346668 (VIOLATED)
_09915_/C                               5.200000    8.546668   -3.346668 (VIOLATED)
_09917_/A2                              5.200000    8.546668   -3.346668 (VIOLATED)
_09923_/C                               5.200000    8.546668   -3.346668 (VIOLATED)
_09925_/A2                              5.200000    8.546668   -3.346668 (VIOLATED)
_09931_/C                               5.200000    8.546668   -3.346668 (VIOLATED)
_09933_/A2                              5.200000    8.546668   -3.346668 (VIOLATED)
_09939_/C                               5.200000    8.546668   -3.346668 (VIOLATED)
_09941_/A2                              5.200000    8.546668   -3.346668 (VIOLATED)
_09947_/C                               5.200000    8.546668   -3.346668 (VIOLATED)
_09949_/A2                              5.200000    8.546668   -3.346668 (VIOLATED)
_09955_/C                               5.200000    8.546668   -3.346668 (VIOLATED)
_09957_/A2                              5.200000    8.546668   -3.346668 (VIOLATED)
_09963_/C                               5.200000    8.546668   -3.346668 (VIOLATED)
_09965_/A2                              5.200000    8.546668   -3.346668 (VIOLATED)
_09980_/C                               5.200000    8.546668   -3.346668 (VIOLATED)
_09982_/A2                              5.200000    8.546668   -3.346668 (VIOLATED)
_09988_/C                               5.200000    8.546668   -3.346668 (VIOLATED)
_09990_/A2                              5.200000    8.546668   -3.346668 (VIOLATED)
_09996_/C                               5.200000    8.546668   -3.346668 (VIOLATED)
_09998_/A2                              5.200000    8.546668   -3.346668 (VIOLATED)
_10004_/C                               5.200000    8.546668   -3.346668 (VIOLATED)
_10006_/A2                              5.200000    8.546668   -3.346668 (VIOLATED)
_10012_/C                               5.200000    8.546668   -3.346668 (VIOLATED)
_10014_/A2                              5.200000    8.546668   -3.346668 (VIOLATED)
_10020_/C                               5.200000    8.546668   -3.346668 (VIOLATED)
_10022_/A2                              5.200000    8.546668   -3.346668 (VIOLATED)
_10028_/C                               5.200000    8.546668   -3.346668 (VIOLATED)
_10030_/A2                              5.200000    8.546668   -3.346668 (VIOLATED)
_10036_/C                               5.200000    8.546668   -3.346668 (VIOLATED)
_10038_/A2                              5.200000    8.546668   -3.346668 (VIOLATED)
_10044_/C                               5.200000    8.546668   -3.346668 (VIOLATED)
_10046_/A2                              5.200000    8.546668   -3.346668 (VIOLATED)
_10052_/C                               5.200000    8.546668   -3.346668 (VIOLATED)
_10054_/A2                              5.200000    8.546668   -3.346668 (VIOLATED)
_10060_/C                               5.200000    8.546668   -3.346668 (VIOLATED)
_10062_/A2                              5.200000    8.546668   -3.346668 (VIOLATED)
_10076_/C                               5.200000    8.546668   -3.346668 (VIOLATED)
_10078_/A2                              5.200000    8.546668   -3.346668 (VIOLATED)
_10084_/C                               5.200000    8.546668   -3.346668 (VIOLATED)
_10086_/A2                              5.200000    8.546668   -3.346668 (VIOLATED)
_10108_/C                               5.200000    8.546668   -3.346668 (VIOLATED)
_10110_/A2                              5.200000    8.546668   -3.346668 (VIOLATED)
_10116_/C                               5.200000    8.546668   -3.346668 (VIOLATED)
_10118_/A2                              5.200000    8.546668   -3.346668 (VIOLATED)
_10124_/C                               5.200000    8.546668   -3.346668 (VIOLATED)
_10126_/A2                              5.200000    8.546668   -3.346668 (VIOLATED)
_10132_/C                               5.200000    8.546668   -3.346668 (VIOLATED)
_10134_/A2                              5.200000    8.546668   -3.346668 (VIOLATED)
_10140_/C                               5.200000    8.546668   -3.346668 (VIOLATED)
_10142_/A2                              5.200000    8.546668   -3.346668 (VIOLATED)
_10155_/C                               5.200000    8.546668   -3.346668 (VIOLATED)
_10157_/A2                              5.200000    8.546668   -3.346668 (VIOLATED)
_10162_/C                               5.200000    8.546668   -3.346668 (VIOLATED)
_10164_/A2                              5.200000    8.546668   -3.346668 (VIOLATED)
_10169_/C                               5.200000    8.546668   -3.346668 (VIOLATED)
_10171_/A2                              5.200000    8.546668   -3.346668 (VIOLATED)
_10176_/C                               5.200000    8.546668   -3.346668 (VIOLATED)
_10178_/A2                              5.200000    8.546668   -3.346668 (VIOLATED)
_10183_/C                               5.200000    8.546668   -3.346668 (VIOLATED)
_10185_/A2                              5.200000    8.546668   -3.346668 (VIOLATED)
_10190_/C                               5.200000    8.546668   -3.346668 (VIOLATED)
_10192_/A2                              5.200000    8.546668   -3.346668 (VIOLATED)
_10197_/C                               5.200000    8.546668   -3.346668 (VIOLATED)
_10199_/A2                              5.200000    8.546668   -3.346668 (VIOLATED)
_10204_/C                               5.200000    8.546668   -3.346668 (VIOLATED)
_10206_/A2                              5.200000    8.546668   -3.346668 (VIOLATED)
_10211_/C                               5.200000    8.546668   -3.346668 (VIOLATED)
_10213_/A2                              5.200000    8.546668   -3.346668 (VIOLATED)
_10232_/C                               5.200000    8.546668   -3.346668 (VIOLATED)
_10234_/A2                              5.200000    8.546668   -3.346668 (VIOLATED)
_10239_/C                               5.200000    8.546668   -3.346668 (VIOLATED)
_10241_/A2                              5.200000    8.546668   -3.346668 (VIOLATED)
_10246_/C                               5.200000    8.546668   -3.346668 (VIOLATED)
_10248_/A2                              5.200000    8.546668   -3.346668 (VIOLATED)
_10253_/C                               5.200000    8.546668   -3.346668 (VIOLATED)
_10255_/A2                              5.200000    8.546668   -3.346668 (VIOLATED)
_10260_/C                               5.200000    8.546668   -3.346668 (VIOLATED)
_10262_/A2                              5.200000    8.546668   -3.346668 (VIOLATED)
_10267_/C                               5.200000    8.546668   -3.346668 (VIOLATED)
_10269_/A2                              5.200000    8.546668   -3.346668 (VIOLATED)
_14405_/ZN                              5.200000    8.219179   -3.019180 (VIOLATED)
_14406_/S                               5.200000    8.219179   -3.019180 (VIOLATED)
_14407_/S                               5.200000    8.219179   -3.019180 (VIOLATED)
_14408_/S                               5.200000    8.219179   -3.019180 (VIOLATED)
_14409_/S                               5.200000    8.219179   -3.019180 (VIOLATED)
_14410_/S                               5.200000    8.219179   -3.019180 (VIOLATED)
_14411_/S                               5.200000    8.219179   -3.019180 (VIOLATED)
_14412_/S                               5.200000    8.219179   -3.019180 (VIOLATED)
_14413_/S                               5.200000    8.219179   -3.019180 (VIOLATED)
_14414_/S                               5.200000    8.219179   -3.019180 (VIOLATED)
_14415_/S                               5.200000    8.219179   -3.019180 (VIOLATED)
_14416_/S                               5.200000    8.219179   -3.019180 (VIOLATED)
_14417_/S                               5.200000    8.219179   -3.019180 (VIOLATED)
_14418_/S                               5.200000    8.219179   -3.019180 (VIOLATED)
_14419_/S                               5.200000    8.219179   -3.019180 (VIOLATED)
_14420_/S                               5.200000    8.219179   -3.019180 (VIOLATED)
_14421_/S                               5.200000    8.219179   -3.019180 (VIOLATED)
_14422_/S                               5.200000    8.219179   -3.019180 (VIOLATED)
_14423_/S                               5.200000    8.219179   -3.019180 (VIOLATED)
_14424_/S                               5.200000    8.219179   -3.019180 (VIOLATED)
_14425_/S                               5.200000    8.219179   -3.019180 (VIOLATED)
_14426_/S                               5.200000    8.219179   -3.019180 (VIOLATED)
_14427_/S                               5.200000    8.219179   -3.019180 (VIOLATED)
_14428_/S                               5.200000    8.219179   -3.019180 (VIOLATED)
_14429_/S                               5.200000    8.219179   -3.019180 (VIOLATED)
_14430_/S                               5.200000    8.219179   -3.019180 (VIOLATED)
_14431_/S                               5.200000    8.219179   -3.019180 (VIOLATED)
_14432_/S                               5.200000    8.219179   -3.019180 (VIOLATED)
_14433_/S                               5.200000    8.219179   -3.019180 (VIOLATED)
_14434_/S                               5.200000    8.219179   -3.019180 (VIOLATED)
_14435_/S                               5.200000    8.219179   -3.019180 (VIOLATED)
_14436_/S                               5.200000    8.219179   -3.019180 (VIOLATED)
_14437_/S                               5.200000    8.219179   -3.019180 (VIOLATED)
_15007_/ZN                              5.200000    8.195046   -2.995047 (VIOLATED)
_15008_/A2                              5.200000    8.195046   -2.995047 (VIOLATED)
_15009_/A2                              5.200000    8.195046   -2.995047 (VIOLATED)
_15010_/S                               5.200000    8.195046   -2.995047 (VIOLATED)
_15011_/S                               5.200000    8.195046   -2.995047 (VIOLATED)
_15012_/S                               5.200000    8.195046   -2.995047 (VIOLATED)
_15013_/S                               5.200000    8.195046   -2.995047 (VIOLATED)
_15014_/S                               5.200000    8.195046   -2.995047 (VIOLATED)
_15015_/S                               5.200000    8.195046   -2.995047 (VIOLATED)
_15016_/S                               5.200000    8.195046   -2.995047 (VIOLATED)
_15017_/S                               5.200000    8.195046   -2.995047 (VIOLATED)
_15018_/S                               5.200000    8.195046   -2.995047 (VIOLATED)
_15019_/S                               5.200000    8.195046   -2.995047 (VIOLATED)
_15020_/S                               5.200000    8.195046   -2.995047 (VIOLATED)
_15021_/S                               5.200000    8.195046   -2.995047 (VIOLATED)
_15022_/S                               5.200000    8.195046   -2.995047 (VIOLATED)
_15023_/S                               5.200000    8.195046   -2.995047 (VIOLATED)
_15024_/S                               5.200000    8.195046   -2.995047 (VIOLATED)
_15025_/S                               5.200000    8.195046   -2.995047 (VIOLATED)
_15026_/S                               5.200000    8.195046   -2.995047 (VIOLATED)
_15027_/S                               5.200000    8.195046   -2.995047 (VIOLATED)
_15028_/S                               5.200000    8.195046   -2.995047 (VIOLATED)
_15029_/S                               5.200000    8.195046   -2.995047 (VIOLATED)
_15030_/S                               5.200000    8.195046   -2.995047 (VIOLATED)
_15031_/S                               5.200000    8.195046   -2.995047 (VIOLATED)
_15032_/S                               5.200000    8.195046   -2.995047 (VIOLATED)
_15033_/S                               5.200000    8.195046   -2.995047 (VIOLATED)
_15034_/S                               5.200000    8.195046   -2.995047 (VIOLATED)
_15035_/S                               5.200000    8.195046   -2.995047 (VIOLATED)
_15036_/S                               5.200000    8.195046   -2.995047 (VIOLATED)
_15037_/S                               5.200000    8.195046   -2.995047 (VIOLATED)
_15038_/S                               5.200000    8.195046   -2.995047 (VIOLATED)
_15039_/S                               5.200000    8.195046   -2.995047 (VIOLATED)
_15040_/S                               5.200000    8.195046   -2.995047 (VIOLATED)
_08769_/ZN                              5.200000    7.661654   -2.461655 (VIOLATED)
_08874_/C                               5.200000    7.661654   -2.461655 (VIOLATED)
_08894_/A2                              5.200000    7.661654   -2.461655 (VIOLATED)
_09011_/B                               5.200000    7.661654   -2.461655 (VIOLATED)
_09059_/A1                              5.200000    7.661654   -2.461655 (VIOLATED)
_09083_/A1                              5.200000    7.661654   -2.461655 (VIOLATED)
_09096_/A1                              5.200000    7.661654   -2.461655 (VIOLATED)
_09107_/A2                              5.200000    7.661654   -2.461655 (VIOLATED)
_09114_/A1                              5.200000    7.661654   -2.461655 (VIOLATED)
_09158_/A1                              5.200000    7.661654   -2.461655 (VIOLATED)
_09238_/A1                              5.200000    7.661654   -2.461655 (VIOLATED)
_09245_/C2                              5.200000    7.661654   -2.461655 (VIOLATED)
_09253_/C2                              5.200000    7.661654   -2.461655 (VIOLATED)
_09276_/C2                              5.200000    7.661654   -2.461655 (VIOLATED)
_09284_/C2                              5.200000    7.661654   -2.461655 (VIOLATED)
_10745_/A1                              5.200000    7.661654   -2.461655 (VIOLATED)
_10828_/A1                              5.200000    7.661654   -2.461655 (VIOLATED)
_10883_/A1                              5.200000    7.661654   -2.461655 (VIOLATED)
_10921_/C                               5.200000    7.661654   -2.461655 (VIOLATED)
_10934_/C                               5.200000    7.661654   -2.461655 (VIOLATED)
_10963_/C                               5.200000    7.661654   -2.461655 (VIOLATED)
_10979_/C                               5.200000    7.661654   -2.461655 (VIOLATED)
_11010_/C                               5.200000    7.661654   -2.461655 (VIOLATED)
_11015_/A1                              5.200000    7.661654   -2.461655 (VIOLATED)
_11025_/A1                              5.200000    7.661654   -2.461655 (VIOLATED)
_11035_/A1                              5.200000    7.661654   -2.461655 (VIOLATED)
_11045_/A1                              5.200000    7.661654   -2.461655 (VIOLATED)
_11053_/A1                              5.200000    7.661654   -2.461655 (VIOLATED)
_11063_/A1                              5.200000    7.661654   -2.461655 (VIOLATED)
_11103_/A1                              5.200000    7.661654   -2.461655 (VIOLATED)
_11125_/A1                              5.200000    7.661654   -2.461655 (VIOLATED)
_11131_/A1                              5.200000    7.661654   -2.461655 (VIOLATED)
_11134_/B                               5.200000    7.661654   -2.461655 (VIOLATED)
_11144_/A1                              5.200000    7.661654   -2.461655 (VIOLATED)
_11151_/C                               5.200000    7.661654   -2.461655 (VIOLATED)
_11156_/B                               5.200000    7.661654   -2.461655 (VIOLATED)
_11165_/B                               5.200000    7.661654   -2.461655 (VIOLATED)
_11173_/B                               5.200000    7.661654   -2.461655 (VIOLATED)
_11186_/B2                              5.200000    7.661654   -2.461655 (VIOLATED)
_11190_/B                               5.200000    7.661654   -2.461655 (VIOLATED)
_11199_/B                               5.200000    7.661654   -2.461655 (VIOLATED)
_11208_/B                               5.200000    7.661654   -2.461655 (VIOLATED)
_11221_/A1                              5.200000    7.661654   -2.461655 (VIOLATED)
_11271_/A1                              5.200000    7.661654   -2.461655 (VIOLATED)
_11285_/A1                              5.200000    7.661654   -2.461655 (VIOLATED)
_11295_/A1                              5.200000    7.661654   -2.461655 (VIOLATED)
_11305_/A1                              5.200000    7.661654   -2.461655 (VIOLATED)
_11315_/A1                              5.200000    7.661654   -2.461655 (VIOLATED)
_11325_/A1                              5.200000    7.661654   -2.461655 (VIOLATED)
_11335_/A1                              5.200000    7.661654   -2.461655 (VIOLATED)
_11345_/A1                              5.200000    7.661654   -2.461655 (VIOLATED)
_11357_/B2                              5.200000    7.661654   -2.461655 (VIOLATED)
_11693_/A2                              5.200000    7.661654   -2.461655 (VIOLATED)
_14178_/A2                              5.200000    7.661654   -2.461655 (VIOLATED)
_16513_/C                               5.200000    7.661654   -2.461655 (VIOLATED)
_16536_/B                               5.200000    7.661654   -2.461655 (VIOLATED)
_16549_/B                               5.200000    7.661654   -2.461655 (VIOLATED)
_16598_/B                               5.200000    7.661654   -2.461655 (VIOLATED)
_16634_/B                               5.200000    7.661654   -2.461655 (VIOLATED)
_16656_/B                               5.200000    7.661654   -2.461655 (VIOLATED)
_16667_/B                               5.200000    7.661654   -2.461655 (VIOLATED)
_16678_/B                               5.200000    7.661654   -2.461655 (VIOLATED)
_16689_/B                               5.200000    7.661654   -2.461655 (VIOLATED)
_16695_/C                               5.200000    7.661654   -2.461655 (VIOLATED)
_16788_/A1                              5.200000    7.661654   -2.461655 (VIOLATED)
_09760_/ZN                              5.200000    7.656899   -2.456900 (VIOLATED)
_09774_/C                               5.200000    7.656899   -2.456900 (VIOLATED)
_09784_/B                               5.200000    7.656899   -2.456900 (VIOLATED)
_09785_/A2                              5.200000    7.656899   -2.456900 (VIOLATED)
_09794_/B                               5.200000    7.656899   -2.456900 (VIOLATED)
_09795_/A2                              5.200000    7.656899   -2.456900 (VIOLATED)
_09815_/B                               5.200000    7.656899   -2.456900 (VIOLATED)
_09816_/A2                              5.200000    7.656899   -2.456900 (VIOLATED)
_09825_/B                               5.200000    7.656899   -2.456900 (VIOLATED)
_09826_/A2                              5.200000    7.656899   -2.456900 (VIOLATED)
_09834_/B                               5.200000    7.656899   -2.456900 (VIOLATED)
_09835_/A2                              5.200000    7.656899   -2.456900 (VIOLATED)
_09843_/B                               5.200000    7.656899   -2.456900 (VIOLATED)
_09844_/A2                              5.200000    7.656899   -2.456900 (VIOLATED)
_09861_/B                               5.200000    7.656899   -2.456900 (VIOLATED)
_09862_/A2                              5.200000    7.656899   -2.456900 (VIOLATED)
_09869_/B                               5.200000    7.656899   -2.456900 (VIOLATED)
_09870_/A2                              5.200000    7.656899   -2.456900 (VIOLATED)
_09877_/B                               5.200000    7.656899   -2.456900 (VIOLATED)
_09878_/A2                              5.200000    7.656899   -2.456900 (VIOLATED)
_09885_/B                               5.200000    7.656899   -2.456900 (VIOLATED)
_09886_/A2                              5.200000    7.656899   -2.456900 (VIOLATED)
_09893_/B                               5.200000    7.656899   -2.456900 (VIOLATED)
_09894_/A2                              5.200000    7.656899   -2.456900 (VIOLATED)
_09901_/B                               5.200000    7.656899   -2.456900 (VIOLATED)
_09902_/A2                              5.200000    7.656899   -2.456900 (VIOLATED)
_09909_/B                               5.200000    7.656899   -2.456900 (VIOLATED)
_09910_/A2                              5.200000    7.656899   -2.456900 (VIOLATED)
_09917_/B                               5.200000    7.656899   -2.456900 (VIOLATED)
_09918_/A2                              5.200000    7.656899   -2.456900 (VIOLATED)
_09925_/B                               5.200000    7.656899   -2.456900 (VIOLATED)
_09926_/A2                              5.200000    7.656899   -2.456900 (VIOLATED)
_09933_/B                               5.200000    7.656899   -2.456900 (VIOLATED)
_09934_/A2                              5.200000    7.656899   -2.456900 (VIOLATED)
_09941_/B                               5.200000    7.656899   -2.456900 (VIOLATED)
_09942_/A2                              5.200000    7.656899   -2.456900 (VIOLATED)
_09949_/B                               5.200000    7.656899   -2.456900 (VIOLATED)
_09950_/A2                              5.200000    7.656899   -2.456900 (VIOLATED)
_09957_/B                               5.200000    7.656899   -2.456900 (VIOLATED)
_09958_/A2                              5.200000    7.656899   -2.456900 (VIOLATED)
_09965_/B                               5.200000    7.656899   -2.456900 (VIOLATED)
_09966_/A2                              5.200000    7.656899   -2.456900 (VIOLATED)
_09982_/B                               5.200000    7.656899   -2.456900 (VIOLATED)
_09983_/A2                              5.200000    7.656899   -2.456900 (VIOLATED)
_09990_/B                               5.200000    7.656899   -2.456900 (VIOLATED)
_09991_/A2                              5.200000    7.656899   -2.456900 (VIOLATED)
_09998_/B                               5.200000    7.656899   -2.456900 (VIOLATED)
_09999_/A2                              5.200000    7.656899   -2.456900 (VIOLATED)
_10006_/B                               5.200000    7.656899   -2.456900 (VIOLATED)
_10007_/A2                              5.200000    7.656899   -2.456900 (VIOLATED)
_10014_/B                               5.200000    7.656899   -2.456900 (VIOLATED)
_10015_/A2                              5.200000    7.656899   -2.456900 (VIOLATED)
_10022_/B                               5.200000    7.656899   -2.456900 (VIOLATED)
_10023_/A2                              5.200000    7.656899   -2.456900 (VIOLATED)
_10030_/B                               5.200000    7.656899   -2.456900 (VIOLATED)
_10031_/A2                              5.200000    7.656899   -2.456900 (VIOLATED)
_10038_/B                               5.200000    7.656899   -2.456900 (VIOLATED)
_10039_/A2                              5.200000    7.656899   -2.456900 (VIOLATED)
_10046_/B                               5.200000    7.656899   -2.456900 (VIOLATED)
_10047_/A2                              5.200000    7.656899   -2.456900 (VIOLATED)
_10054_/B                               5.200000    7.656899   -2.456900 (VIOLATED)
_10055_/A2                              5.200000    7.656899   -2.456900 (VIOLATED)
_10062_/B                               5.200000    7.656899   -2.456900 (VIOLATED)
_10063_/A2                              5.200000    7.656899   -2.456900 (VIOLATED)
_10078_/B                               5.200000    7.656899   -2.456900 (VIOLATED)
_10079_/A2                              5.200000    7.656899   -2.456900 (VIOLATED)
_10086_/B                               5.200000    7.656899   -2.456900 (VIOLATED)
_10087_/A2                              5.200000    7.656899   -2.456900 (VIOLATED)
_10110_/B                               5.200000    7.656899   -2.456900 (VIOLATED)
_10111_/A2                              5.200000    7.656899   -2.456900 (VIOLATED)
_10118_/B                               5.200000    7.656899   -2.456900 (VIOLATED)
_10119_/A2                              5.200000    7.656899   -2.456900 (VIOLATED)
_10126_/B                               5.200000    7.656899   -2.456900 (VIOLATED)
_10127_/A2                              5.200000    7.656899   -2.456900 (VIOLATED)
_10134_/B                               5.200000    7.656899   -2.456900 (VIOLATED)
_10135_/A2                              5.200000    7.656899   -2.456900 (VIOLATED)
_10142_/B                               5.200000    7.656899   -2.456900 (VIOLATED)
_10143_/A2                              5.200000    7.656899   -2.456900 (VIOLATED)
_10157_/B                               5.200000    7.656899   -2.456900 (VIOLATED)
_10158_/A2                              5.200000    7.656899   -2.456900 (VIOLATED)
_10164_/B                               5.200000    7.656899   -2.456900 (VIOLATED)
_10165_/A2                              5.200000    7.656899   -2.456900 (VIOLATED)
_10171_/B                               5.200000    7.656899   -2.456900 (VIOLATED)
_10172_/A2                              5.200000    7.656899   -2.456900 (VIOLATED)
_10178_/B                               5.200000    7.656899   -2.456900 (VIOLATED)
_10179_/A2                              5.200000    7.656899   -2.456900 (VIOLATED)
_10185_/B                               5.200000    7.656899   -2.456900 (VIOLATED)
_10186_/A2                              5.200000    7.656899   -2.456900 (VIOLATED)
_10192_/B                               5.200000    7.656899   -2.456900 (VIOLATED)
_10193_/A2                              5.200000    7.656899   -2.456900 (VIOLATED)
_10199_/B                               5.200000    7.656899   -2.456900 (VIOLATED)
_10200_/A2                              5.200000    7.656899   -2.456900 (VIOLATED)
_10206_/B                               5.200000    7.656899   -2.456900 (VIOLATED)
_10207_/A2                              5.200000    7.656899   -2.456900 (VIOLATED)
_10213_/B                               5.200000    7.656899   -2.456900 (VIOLATED)
_10214_/A2                              5.200000    7.656899   -2.456900 (VIOLATED)
_10234_/B                               5.200000    7.656899   -2.456900 (VIOLATED)
_10235_/A2                              5.200000    7.656899   -2.456900 (VIOLATED)
_10241_/B                               5.200000    7.656899   -2.456900 (VIOLATED)
_10242_/A2                              5.200000    7.656899   -2.456900 (VIOLATED)
_10248_/B                               5.200000    7.656899   -2.456900 (VIOLATED)
_10249_/A2                              5.200000    7.656899   -2.456900 (VIOLATED)
_10255_/B                               5.200000    7.656899   -2.456900 (VIOLATED)
_10256_/A2                              5.200000    7.656899   -2.456900 (VIOLATED)
_10262_/B                               5.200000    7.656899   -2.456900 (VIOLATED)
_10263_/A2                              5.200000    7.656899   -2.456900 (VIOLATED)
_10269_/B                               5.200000    7.656899   -2.456900 (VIOLATED)
_10270_/A2                              5.200000    7.656899   -2.456900 (VIOLATED)
_09297_/ZN                              5.200000    7.432738   -2.232738 (VIOLATED)
_09298_/A2                              5.200000    7.432738   -2.232738 (VIOLATED)
_09306_/A2                              5.200000    7.432738   -2.232738 (VIOLATED)
_09313_/A2                              5.200000    7.432738   -2.232738 (VIOLATED)
_09320_/A2                              5.200000    7.432738   -2.232738 (VIOLATED)
_09327_/A2                              5.200000    7.432738   -2.232738 (VIOLATED)
_09334_/A2                              5.200000    7.432738   -2.232738 (VIOLATED)
_09341_/A2                              5.200000    7.432738   -2.232738 (VIOLATED)
_09348_/A2                              5.200000    7.432738   -2.232738 (VIOLATED)
_09355_/A2                              5.200000    7.432738   -2.232738 (VIOLATED)
_09362_/A2                              5.200000    7.432738   -2.232738 (VIOLATED)
_09369_/A2                              5.200000    7.432738   -2.232738 (VIOLATED)
_09376_/A2                              5.200000    7.432738   -2.232738 (VIOLATED)
_09383_/A2                              5.200000    7.432738   -2.232738 (VIOLATED)
_09390_/A2                              5.200000    7.432738   -2.232738 (VIOLATED)
_09397_/A2                              5.200000    7.432738   -2.232738 (VIOLATED)
_09404_/A2                              5.200000    7.432738   -2.232738 (VIOLATED)
_09411_/A2                              5.200000    7.432738   -2.232738 (VIOLATED)
_09418_/A2                              5.200000    7.432738   -2.232738 (VIOLATED)
_09425_/A2                              5.200000    7.432738   -2.232738 (VIOLATED)
_09432_/A2                              5.200000    7.432738   -2.232738 (VIOLATED)
_09439_/A2                              5.200000    7.432738   -2.232738 (VIOLATED)
_09446_/A2                              5.200000    7.432738   -2.232738 (VIOLATED)
_09453_/A2                              5.200000    7.432738   -2.232738 (VIOLATED)
_09460_/A2                              5.200000    7.432738   -2.232738 (VIOLATED)
_09467_/A2                              5.200000    7.432738   -2.232738 (VIOLATED)
_09474_/A2                              5.200000    7.432738   -2.232738 (VIOLATED)
_09481_/A2                              5.200000    7.432738   -2.232738 (VIOLATED)
_09488_/A2                              5.200000    7.432738   -2.232738 (VIOLATED)
_09495_/A2                              5.200000    7.432738   -2.232738 (VIOLATED)
_09502_/A2                              5.200000    7.432738   -2.232738 (VIOLATED)
_09509_/A2                              5.200000    7.432738   -2.232738 (VIOLATED)
_09516_/A2                              5.200000    7.432738   -2.232738 (VIOLATED)
_09523_/A2                              5.200000    7.432738   -2.232738 (VIOLATED)
_09530_/A2                              5.200000    7.432738   -2.232738 (VIOLATED)
_09537_/A2                              5.200000    7.432738   -2.232738 (VIOLATED)
_09544_/A2                              5.200000    7.432738   -2.232738 (VIOLATED)
_09551_/A2                              5.200000    7.432738   -2.232738 (VIOLATED)
_09558_/A2                              5.200000    7.432738   -2.232738 (VIOLATED)
_09565_/A2                              5.200000    7.432738   -2.232738 (VIOLATED)
_09572_/A2                              5.200000    7.432738   -2.232738 (VIOLATED)
_09579_/A2                              5.200000    7.432738   -2.232738 (VIOLATED)
_09586_/A2                              5.200000    7.432738   -2.232738 (VIOLATED)
_09593_/A2                              5.200000    7.432738   -2.232738 (VIOLATED)
_09600_/A2                              5.200000    7.432738   -2.232738 (VIOLATED)
_09607_/A2                              5.200000    7.432738   -2.232738 (VIOLATED)
_09614_/A2                              5.200000    7.432738   -2.232738 (VIOLATED)
_09621_/A2                              5.200000    7.432738   -2.232738 (VIOLATED)
_09628_/A2                              5.200000    7.432738   -2.232738 (VIOLATED)
_09635_/A2                              5.200000    7.432738   -2.232738 (VIOLATED)
_09642_/A2                              5.200000    7.432738   -2.232738 (VIOLATED)
_09649_/A2                              5.200000    7.432738   -2.232738 (VIOLATED)
_09656_/A2                              5.200000    7.432738   -2.232738 (VIOLATED)
_09663_/A2                              5.200000    7.432738   -2.232738 (VIOLATED)
_09670_/A2                              5.200000    7.432738   -2.232738 (VIOLATED)
_09677_/A2                              5.200000    7.432738   -2.232738 (VIOLATED)
_09684_/A2                              5.200000    7.432738   -2.232738 (VIOLATED)
_09691_/A2                              5.200000    7.432738   -2.232738 (VIOLATED)
_09698_/A2                              5.200000    7.432738   -2.232738 (VIOLATED)
_09705_/A2                              5.200000    7.432738   -2.232738 (VIOLATED)
_09712_/A2                              5.200000    7.432738   -2.232738 (VIOLATED)
_09719_/A2                              5.200000    7.432738   -2.232738 (VIOLATED)
_09726_/A2                              5.200000    7.432738   -2.232738 (VIOLATED)
_09733_/A2                              5.200000    7.432738   -2.232738 (VIOLATED)
_09740_/A2                              5.200000    7.432738   -2.232738 (VIOLATED)
_15516_/ZN                              5.200000    7.233046   -2.033046 (VIOLATED)
_15518_/A1                              5.200000    7.233046   -2.033046 (VIOLATED)
_14051_/ZN                              5.200000    7.212472   -2.012472 (VIOLATED)
_14052_/A2                              5.200000    7.212472   -2.012472 (VIOLATED)
_14057_/A2                              5.200000    7.212472   -2.012472 (VIOLATED)
_14058_/A1                              5.200000    7.212472   -2.012472 (VIOLATED)
_14061_/A2                              5.200000    7.212472   -2.012472 (VIOLATED)
_14062_/A1                              5.200000    7.212472   -2.012472 (VIOLATED)
_14065_/A2                              5.200000    7.212472   -2.012472 (VIOLATED)
_14066_/A1                              5.200000    7.212472   -2.012472 (VIOLATED)
_14069_/A2                              5.200000    7.212472   -2.012472 (VIOLATED)
_14070_/A1                              5.200000    7.212472   -2.012472 (VIOLATED)
_14073_/A2                              5.200000    7.212472   -2.012472 (VIOLATED)
_14074_/A1                              5.200000    7.212472   -2.012472 (VIOLATED)
_14077_/A2                              5.200000    7.212472   -2.012472 (VIOLATED)
_14078_/A1                              5.200000    7.212472   -2.012472 (VIOLATED)
_14081_/A2                              5.200000    7.212472   -2.012472 (VIOLATED)
_14082_/A1                              5.200000    7.212472   -2.012472 (VIOLATED)
_14085_/A2                              5.200000    7.212472   -2.012472 (VIOLATED)
_14086_/A1                              5.200000    7.212472   -2.012472 (VIOLATED)
_14089_/A2                              5.200000    7.212472   -2.012472 (VIOLATED)
_14090_/A1                              5.200000    7.212472   -2.012472 (VIOLATED)
_14093_/A2                              5.200000    7.212472   -2.012472 (VIOLATED)
_14094_/A1                              5.200000    7.212472   -2.012472 (VIOLATED)
_14097_/A2                              5.200000    7.212472   -2.012472 (VIOLATED)
_14098_/A1                              5.200000    7.212472   -2.012472 (VIOLATED)
_14101_/A2                              5.200000    7.212472   -2.012472 (VIOLATED)
_14102_/A1                              5.200000    7.212472   -2.012472 (VIOLATED)
_14105_/A2                              5.200000    7.212472   -2.012472 (VIOLATED)
_14106_/A1                              5.200000    7.212472   -2.012472 (VIOLATED)
_14109_/A2                              5.200000    7.212472   -2.012472 (VIOLATED)
_14110_/A1                              5.200000    7.212472   -2.012472 (VIOLATED)
_14113_/A2                              5.200000    7.212472   -2.012472 (VIOLATED)
_14114_/A1                              5.200000    7.212472   -2.012472 (VIOLATED)
_14117_/A2                              5.200000    7.212472   -2.012472 (VIOLATED)
_14118_/A1                              5.200000    7.212472   -2.012472 (VIOLATED)
_14121_/A2                              5.200000    7.212472   -2.012472 (VIOLATED)
_14122_/A1                              5.200000    7.212472   -2.012472 (VIOLATED)
_14125_/A2                              5.200000    7.212472   -2.012472 (VIOLATED)
_14126_/A1                              5.200000    7.212472   -2.012472 (VIOLATED)
_14129_/A2                              5.200000    7.212472   -2.012472 (VIOLATED)
_14130_/A1                              5.200000    7.212472   -2.012472 (VIOLATED)
_14133_/A2                              5.200000    7.212472   -2.012472 (VIOLATED)
_14134_/A1                              5.200000    7.212472   -2.012472 (VIOLATED)
_14137_/A2                              5.200000    7.212472   -2.012472 (VIOLATED)
_14138_/A1                              5.200000    7.212472   -2.012472 (VIOLATED)
_14141_/A2                              5.200000    7.212472   -2.012472 (VIOLATED)
_14142_/A1                              5.200000    7.212472   -2.012472 (VIOLATED)
_14145_/A2                              5.200000    7.212472   -2.012472 (VIOLATED)
_14146_/A1                              5.200000    7.212472   -2.012472 (VIOLATED)
_14149_/A2                              5.200000    7.212472   -2.012472 (VIOLATED)
_14150_/A1                              5.200000    7.212472   -2.012472 (VIOLATED)
_14153_/A2                              5.200000    7.212472   -2.012472 (VIOLATED)
_14154_/A1                              5.200000    7.212472   -2.012472 (VIOLATED)
_14157_/A2                              5.200000    7.212472   -2.012472 (VIOLATED)
_14158_/A1                              5.200000    7.212472   -2.012472 (VIOLATED)
_14161_/A2                              5.200000    7.212472   -2.012472 (VIOLATED)
_14162_/A1                              5.200000    7.212472   -2.012472 (VIOLATED)
_14165_/A2                              5.200000    7.212472   -2.012472 (VIOLATED)
_14166_/A1                              5.200000    7.212472   -2.012472 (VIOLATED)
_14169_/A2                              5.200000    7.212472   -2.012472 (VIOLATED)
_14170_/A1                              5.200000    7.212472   -2.012472 (VIOLATED)
_14173_/A2                              5.200000    7.212472   -2.012472 (VIOLATED)
_14174_/A1                              5.200000    7.212472   -2.012472 (VIOLATED)
_15499_/ZN                              5.200000    7.199998   -1.999998 (VIOLATED)
_15500_/A2                              5.200000    7.199998   -1.999998 (VIOLATED)
_15509_/ZN                              5.200000    7.199998   -1.999998 (VIOLATED)
_15510_/A2                              5.200000    7.199998   -1.999998 (VIOLATED)
_15513_/ZN                              5.200000    7.199998   -1.999998 (VIOLATED)
_15514_/A2                              5.200000    7.199998   -1.999998 (VIOLATED)
_15521_/ZN                              5.200000    7.199998   -1.999998 (VIOLATED)
_15522_/A2                              5.200000    7.199998   -1.999998 (VIOLATED)
_08895_/ZN                              5.200000    7.182165   -1.982165 (VIOLATED)
_08910_/A1                              5.200000    7.182165   -1.982165 (VIOLATED)
_08914_/B1                              5.200000    7.182165   -1.982165 (VIOLATED)
_08924_/A1                              5.200000    7.182165   -1.982165 (VIOLATED)
_08929_/A2                              5.200000    7.182165   -1.982165 (VIOLATED)
_08938_/A1                              5.200000    7.182165   -1.982165 (VIOLATED)
_08943_/A2                              5.200000    7.182165   -1.982165 (VIOLATED)
_08952_/A1                              5.200000    7.182165   -1.982165 (VIOLATED)
_08956_/B1                              5.200000    7.182165   -1.982165 (VIOLATED)
_08965_/A1                              5.200000    7.182165   -1.982165 (VIOLATED)
_08969_/B1                              5.200000    7.182165   -1.982165 (VIOLATED)
_08978_/A1                              5.200000    7.182165   -1.982165 (VIOLATED)
_08983_/A2                              5.200000    7.182165   -1.982165 (VIOLATED)
_08996_/A2                              5.200000    7.182165   -1.982165 (VIOLATED)
_09053_/A1                              5.200000    7.182165   -1.982165 (VIOLATED)
_09060_/A2                              5.200000    7.182165   -1.982165 (VIOLATED)
_09077_/A1                              5.200000    7.182165   -1.982165 (VIOLATED)
_09084_/A2                              5.200000    7.182165   -1.982165 (VIOLATED)
_09090_/A1                              5.200000    7.182165   -1.982165 (VIOLATED)
_09097_/A2                              5.200000    7.182165   -1.982165 (VIOLATED)
_09125_/A1                              5.200000    7.182165   -1.982165 (VIOLATED)
_09133_/A2                              5.200000    7.182165   -1.982165 (VIOLATED)
_09142_/A1                              5.200000    7.182165   -1.982165 (VIOLATED)
_09149_/A2                              5.200000    7.182165   -1.982165 (VIOLATED)
_09165_/A1                              5.200000    7.182165   -1.982165 (VIOLATED)
_09166_/A2                              5.200000    7.182165   -1.982165 (VIOLATED)
_09175_/A1                              5.200000    7.182165   -1.982165 (VIOLATED)
_09182_/A2                              5.200000    7.182165   -1.982165 (VIOLATED)
_09190_/A1                              5.200000    7.182165   -1.982165 (VIOLATED)
_09196_/A2                              5.200000    7.182165   -1.982165 (VIOLATED)
_09206_/A1                              5.200000    7.182165   -1.982165 (VIOLATED)
_09212_/A2                              5.200000    7.182165   -1.982165 (VIOLATED)
_09221_/A1                              5.200000    7.182165   -1.982165 (VIOLATED)
_09227_/A2                              5.200000    7.182165   -1.982165 (VIOLATED)
_09233_/A1                              5.200000    7.182165   -1.982165 (VIOLATED)
_09239_/A2                              5.200000    7.182165   -1.982165 (VIOLATED)
_10744_/A2                              5.200000    7.182165   -1.982165 (VIOLATED)
_10939_/A2                              5.200000    7.182165   -1.982165 (VIOLATED)
_10950_/A2                              5.200000    7.182165   -1.982165 (VIOLATED)
_10995_/A2                              5.200000    7.182165   -1.982165 (VIOLATED)
_11187_/A2                              5.200000    7.182165   -1.982165 (VIOLATED)
_12078_/B                               5.200000    7.182165   -1.982165 (VIOLATED)
_16530_/B                               5.200000    7.182165   -1.982165 (VIOLATED)
_16532_/A2                              5.200000    7.182165   -1.982165 (VIOLATED)
_16543_/B                               5.200000    7.182165   -1.982165 (VIOLATED)
_16545_/A2                              5.200000    7.182165   -1.982165 (VIOLATED)
_16556_/B                               5.200000    7.182165   -1.982165 (VIOLATED)
_16558_/A2                              5.200000    7.182165   -1.982165 (VIOLATED)
_16564_/A1                              5.200000    7.182165   -1.982165 (VIOLATED)
_16570_/A2                              5.200000    7.182165   -1.982165 (VIOLATED)
_16576_/A1                              5.200000    7.182165   -1.982165 (VIOLATED)
_16582_/A2                              5.200000    7.182165   -1.982165 (VIOLATED)
_16592_/B                               5.200000    7.182165   -1.982165 (VIOLATED)
_16594_/A2                              5.200000    7.182165   -1.982165 (VIOLATED)
_16604_/B                               5.200000    7.182165   -1.982165 (VIOLATED)
_16606_/A2                              5.200000    7.182165   -1.982165 (VIOLATED)
_16614_/C                               5.200000    7.182165   -1.982165 (VIOLATED)
_16615_/A2                              5.200000    7.182165   -1.982165 (VIOLATED)
_16625_/A2                              5.200000    7.182165   -1.982165 (VIOLATED)
_16632_/A1                              5.200000    7.182165   -1.982165 (VIOLATED)
_16636_/B1                              5.200000    7.182165   -1.982165 (VIOLATED)
_16646_/A1                              5.200000    7.182165   -1.982165 (VIOLATED)
_16647_/A2                              5.200000    7.182165   -1.982165 (VIOLATED)
_16654_/A1                              5.200000    7.182165   -1.982165 (VIOLATED)
_16658_/B1                              5.200000    7.182165   -1.982165 (VIOLATED)
_16665_/A1                              5.200000    7.182165   -1.982165 (VIOLATED)
_16669_/B1                              5.200000    7.182165   -1.982165 (VIOLATED)
_16676_/A1                              5.200000    7.182165   -1.982165 (VIOLATED)
_16680_/B1                              5.200000    7.182165   -1.982165 (VIOLATED)
_16687_/A1                              5.200000    7.182165   -1.982165 (VIOLATED)
_16691_/B1                              5.200000    7.182165   -1.982165 (VIOLATED)
_16707_/A1                              5.200000    7.182165   -1.982165 (VIOLATED)
_16711_/B1                              5.200000    7.182165   -1.982165 (VIOLATED)
_16718_/A1                              5.200000    7.182165   -1.982165 (VIOLATED)
_16722_/B1                              5.200000    7.182165   -1.982165 (VIOLATED)
_16729_/A1                              5.200000    7.182165   -1.982165 (VIOLATED)
_16733_/B1                              5.200000    7.182165   -1.982165 (VIOLATED)
_16740_/A1                              5.200000    7.182165   -1.982165 (VIOLATED)
_16745_/A2                              5.200000    7.182165   -1.982165 (VIOLATED)
_16752_/A1                              5.200000    7.182165   -1.982165 (VIOLATED)
_16756_/B1                              5.200000    7.182165   -1.982165 (VIOLATED)
_16763_/A1                              5.200000    7.182165   -1.982165 (VIOLATED)
_16767_/B1                              5.200000    7.182165   -1.982165 (VIOLATED)
_16774_/A1                              5.200000    7.182165   -1.982165 (VIOLATED)
_16778_/B1                              5.200000    7.182165   -1.982165 (VIOLATED)
_16784_/A1                              5.200000    7.182165   -1.982165 (VIOLATED)
_16789_/A2                              5.200000    7.182165   -1.982165 (VIOLATED)
_16044_/ZN                              5.200000    7.082724   -1.882724 (VIOLATED)
_16046_/A1                              5.200000    7.082724   -1.882724 (VIOLATED)
_16052_/ZN                              5.200000    7.082724   -1.882724 (VIOLATED)
_16054_/A1                              5.200000    7.082724   -1.882724 (VIOLATED)
_16060_/ZN                              5.200000    7.082724   -1.882724 (VIOLATED)
_16062_/A1                              5.200000    7.082724   -1.882724 (VIOLATED)
_16088_/ZN                              5.200000    7.082724   -1.882724 (VIOLATED)
_16090_/A1                              5.200000    7.082724   -1.882724 (VIOLATED)
_16100_/ZN                              5.200000    7.082724   -1.882724 (VIOLATED)
_16102_/A1                              5.200000    7.082724   -1.882724 (VIOLATED)
_16104_/ZN                              5.200000    7.082724   -1.882724 (VIOLATED)
_16106_/A1                              5.200000    7.082724   -1.882724 (VIOLATED)
_16108_/ZN                              5.200000    7.082724   -1.882724 (VIOLATED)
_16110_/A1                              5.200000    7.082724   -1.882724 (VIOLATED)
_16112_/ZN                              5.200000    7.082724   -1.882724 (VIOLATED)
_16114_/A1                              5.200000    7.082724   -1.882724 (VIOLATED)
_16116_/ZN                              5.200000    7.082724   -1.882724 (VIOLATED)
_16118_/A1                              5.200000    7.082724   -1.882724 (VIOLATED)
_16120_/ZN                              5.200000    7.082724   -1.882724 (VIOLATED)
_16122_/A1                              5.200000    7.082724   -1.882724 (VIOLATED)
_16128_/ZN                              5.200000    7.082724   -1.882724 (VIOLATED)
_16130_/A1                              5.200000    7.082724   -1.882724 (VIOLATED)
_16136_/ZN                              5.200000    7.082724   -1.882724 (VIOLATED)
_16138_/A1                              5.200000    7.082724   -1.882724 (VIOLATED)
_16140_/ZN                              5.200000    7.082724   -1.882724 (VIOLATED)
_16142_/A1                              5.200000    7.082724   -1.882724 (VIOLATED)
_16164_/ZN                              5.200000    7.082724   -1.882724 (VIOLATED)
_16166_/A1                              5.200000    7.082724   -1.882724 (VIOLATED)
_16168_/ZN                              5.200000    7.082724   -1.882724 (VIOLATED)
_16170_/A1                              5.200000    7.082724   -1.882724 (VIOLATED)
_16172_/ZN                              5.200000    7.082724   -1.882724 (VIOLATED)
_16174_/A1                              5.200000    7.082724   -1.882724 (VIOLATED)
_16180_/ZN                              5.200000    7.082724   -1.882724 (VIOLATED)
_16182_/A1                              5.200000    7.082724   -1.882724 (VIOLATED)
_16184_/ZN                              5.200000    7.082724   -1.882724 (VIOLATED)
_16186_/A1                              5.200000    7.082724   -1.882724 (VIOLATED)
_16188_/ZN                              5.200000    7.082724   -1.882724 (VIOLATED)
_16190_/A1                              5.200000    7.082724   -1.882724 (VIOLATED)
_16228_/ZN                              5.200000    7.082724   -1.882724 (VIOLATED)
_16230_/A1                              5.200000    7.082724   -1.882724 (VIOLATED)
_16232_/ZN                              5.200000    7.082724   -1.882724 (VIOLATED)
_16234_/A1                              5.200000    7.082724   -1.882724 (VIOLATED)
_16236_/ZN                              5.200000    7.082724   -1.882724 (VIOLATED)
_16238_/A1                              5.200000    7.082724   -1.882724 (VIOLATED)
_16240_/ZN                              5.200000    7.082724   -1.882724 (VIOLATED)
_16242_/A1                              5.200000    7.082724   -1.882724 (VIOLATED)
_16244_/ZN                              5.200000    7.082724   -1.882724 (VIOLATED)
_16246_/A1                              5.200000    7.082724   -1.882724 (VIOLATED)
_16248_/ZN                              5.200000    7.082724   -1.882724 (VIOLATED)
_16250_/A1                              5.200000    7.082724   -1.882724 (VIOLATED)
_16252_/ZN                              5.200000    7.082724   -1.882724 (VIOLATED)
_16254_/A1                              5.200000    7.082724   -1.882724 (VIOLATED)
_08742_/ZN                              5.200000    6.933292   -1.733293 (VIOLATED)
_08744_/B                               5.200000    6.933292   -1.733293 (VIOLATED)
_14344_/S                               5.200000    6.933292   -1.733293 (VIOLATED)
_14345_/S                               5.200000    6.933292   -1.733293 (VIOLATED)
_14346_/S                               5.200000    6.933292   -1.733293 (VIOLATED)
_14347_/S                               5.200000    6.933292   -1.733293 (VIOLATED)
_14348_/S                               5.200000    6.933292   -1.733293 (VIOLATED)
_14352_/A2                              5.200000    6.933292   -1.733293 (VIOLATED)
_14353_/S                               5.200000    6.933292   -1.733293 (VIOLATED)
_14354_/S                               5.200000    6.933292   -1.733293 (VIOLATED)
_14355_/S                               5.200000    6.933292   -1.733293 (VIOLATED)
_14356_/S                               5.200000    6.933292   -1.733293 (VIOLATED)
_14357_/S                               5.200000    6.933292   -1.733293 (VIOLATED)
_14358_/S                               5.200000    6.933292   -1.733293 (VIOLATED)
_14359_/S                               5.200000    6.933292   -1.733293 (VIOLATED)
_14360_/S                               5.200000    6.933292   -1.733293 (VIOLATED)
_14361_/S                               5.200000    6.933292   -1.733293 (VIOLATED)
_14362_/S                               5.200000    6.933292   -1.733293 (VIOLATED)
_14363_/S                               5.200000    6.933292   -1.733293 (VIOLATED)
_14364_/S                               5.200000    6.933292   -1.733293 (VIOLATED)
_14365_/S                               5.200000    6.933292   -1.733293 (VIOLATED)
_14366_/S                               5.200000    6.933292   -1.733293 (VIOLATED)
_14367_/S                               5.200000    6.933292   -1.733293 (VIOLATED)
_14368_/S                               5.200000    6.933292   -1.733293 (VIOLATED)
_14369_/S                               5.200000    6.933292   -1.733293 (VIOLATED)
_14370_/S                               5.200000    6.933292   -1.733293 (VIOLATED)
_14371_/S                               5.200000    6.933292   -1.733293 (VIOLATED)
_14372_/S                               5.200000    6.933292   -1.733293 (VIOLATED)
_14373_/S                               5.200000    6.933292   -1.733293 (VIOLATED)
_14374_/S                               5.200000    6.933292   -1.733293 (VIOLATED)
_14375_/S                               5.200000    6.933292   -1.733293 (VIOLATED)
_14376_/S                               5.200000    6.933292   -1.733293 (VIOLATED)
_14377_/S                               5.200000    6.933292   -1.733293 (VIOLATED)
_14378_/S                               5.200000    6.933292   -1.733293 (VIOLATED)
_14379_/S                               5.200000    6.933292   -1.733293 (VIOLATED)
_14380_/S                               5.200000    6.933292   -1.733293 (VIOLATED)
_14381_/S                               5.200000    6.933292   -1.733293 (VIOLATED)
_14382_/S                               5.200000    6.933292   -1.733293 (VIOLATED)
_14383_/S                               5.200000    6.933292   -1.733293 (VIOLATED)
_14384_/S                               5.200000    6.933292   -1.733293 (VIOLATED)
_14387_/A2                              5.200000    6.933292   -1.733293 (VIOLATED)
_12083_/ZN                              5.200000    6.811478   -1.611479 (VIOLATED)
_12090_/B                               5.200000    6.811478   -1.611479 (VIOLATED)
_12091_/ZN                              5.200000    6.811478   -1.611479 (VIOLATED)
_12098_/B                               5.200000    6.811478   -1.611479 (VIOLATED)
_12099_/ZN                              5.200000    6.811478   -1.611479 (VIOLATED)
_12105_/B                               5.200000    6.811478   -1.611479 (VIOLATED)
_12106_/ZN                              5.200000    6.811478   -1.611479 (VIOLATED)
_12111_/B                               5.200000    6.811478   -1.611479 (VIOLATED)
_12112_/ZN                              5.200000    6.811478   -1.611479 (VIOLATED)
_12118_/B                               5.200000    6.811478   -1.611479 (VIOLATED)
_12119_/ZN                              5.200000    6.811478   -1.611479 (VIOLATED)
_12125_/B                               5.200000    6.811478   -1.611479 (VIOLATED)
_12131_/ZN                              5.200000    6.811478   -1.611479 (VIOLATED)
_12136_/B                               5.200000    6.811478   -1.611479 (VIOLATED)
_12137_/ZN                              5.200000    6.811478   -1.611479 (VIOLATED)
_12141_/B                               5.200000    6.811478   -1.611479 (VIOLATED)
_12142_/ZN                              5.200000    6.811478   -1.611479 (VIOLATED)
_12146_/B                               5.200000    6.811478   -1.611479 (VIOLATED)
_12147_/ZN                              5.200000    6.811478   -1.611479 (VIOLATED)
_12151_/B                               5.200000    6.811478   -1.611479 (VIOLATED)
_12152_/ZN                              5.200000    6.811478   -1.611479 (VIOLATED)
_12156_/B                               5.200000    6.811478   -1.611479 (VIOLATED)
_12157_/ZN                              5.200000    6.811478   -1.611479 (VIOLATED)
_12161_/B                               5.200000    6.811478   -1.611479 (VIOLATED)
_12162_/ZN                              5.200000    6.811478   -1.611479 (VIOLATED)
_12166_/B                               5.200000    6.811478   -1.611479 (VIOLATED)
_12167_/ZN                              5.200000    6.811478   -1.611479 (VIOLATED)
_12171_/B                               5.200000    6.811478   -1.611479 (VIOLATED)
_12172_/ZN                              5.200000    6.811478   -1.611479 (VIOLATED)
_12176_/B                               5.200000    6.811478   -1.611479 (VIOLATED)
_12177_/ZN                              5.200000    6.811478   -1.611479 (VIOLATED)
_12181_/B                               5.200000    6.811478   -1.611479 (VIOLATED)
_12182_/ZN                              5.200000    6.811478   -1.611479 (VIOLATED)
_12186_/B                               5.200000    6.811478   -1.611479 (VIOLATED)
_12187_/ZN                              5.200000    6.811478   -1.611479 (VIOLATED)
_12191_/B                               5.200000    6.811478   -1.611479 (VIOLATED)
_12192_/ZN                              5.200000    6.811478   -1.611479 (VIOLATED)
_12196_/B                               5.200000    6.811478   -1.611479 (VIOLATED)
_12197_/ZN                              5.200000    6.811478   -1.611479 (VIOLATED)
_12201_/B                               5.200000    6.811478   -1.611479 (VIOLATED)
_12202_/ZN                              5.200000    6.811478   -1.611479 (VIOLATED)
_12206_/B                               5.200000    6.811478   -1.611479 (VIOLATED)
_12207_/ZN                              5.200000    6.811478   -1.611479 (VIOLATED)
_12211_/B                               5.200000    6.811478   -1.611479 (VIOLATED)
_12212_/ZN                              5.200000    6.811478   -1.611479 (VIOLATED)
_12216_/B                               5.200000    6.811478   -1.611479 (VIOLATED)
_12217_/ZN                              5.200000    6.811478   -1.611479 (VIOLATED)
_12221_/B                               5.200000    6.811478   -1.611479 (VIOLATED)
_12222_/ZN                              5.200000    6.811478   -1.611479 (VIOLATED)
_12226_/B                               5.200000    6.811478   -1.611479 (VIOLATED)
_12227_/ZN                              5.200000    6.811478   -1.611479 (VIOLATED)
_12231_/B                               5.200000    6.811478   -1.611479 (VIOLATED)
_12232_/ZN                              5.200000    6.811478   -1.611479 (VIOLATED)
_12236_/B                               5.200000    6.811478   -1.611479 (VIOLATED)
_12237_/ZN                              5.200000    6.811478   -1.611479 (VIOLATED)
_12241_/B                               5.200000    6.811478   -1.611479 (VIOLATED)
_12242_/ZN                              5.200000    6.811478   -1.611479 (VIOLATED)
_12246_/B                               5.200000    6.811478   -1.611479 (VIOLATED)
_12247_/ZN                              5.200000    6.811478   -1.611479 (VIOLATED)
_12251_/B                               5.200000    6.811478   -1.611479 (VIOLATED)
_12252_/ZN                              5.200000    6.811478   -1.611479 (VIOLATED)
_12256_/B                               5.200000    6.811478   -1.611479 (VIOLATED)
_12257_/ZN                              5.200000    6.811478   -1.611479 (VIOLATED)
_12261_/B                               5.200000    6.811478   -1.611479 (VIOLATED)
_12262_/ZN                              5.200000    6.811478   -1.611479 (VIOLATED)
_12266_/B                               5.200000    6.811478   -1.611479 (VIOLATED)
_12267_/ZN                              5.200000    6.811478   -1.611479 (VIOLATED)
_12271_/B                               5.200000    6.811478   -1.611479 (VIOLATED)
_12272_/ZN                              5.200000    6.811478   -1.611479 (VIOLATED)
_12276_/B                               5.200000    6.811478   -1.611479 (VIOLATED)
_12277_/ZN                              5.200000    6.811478   -1.611479 (VIOLATED)
_12281_/B                               5.200000    6.811478   -1.611479 (VIOLATED)
_12282_/ZN                              5.200000    6.811478   -1.611479 (VIOLATED)
_12286_/B                               5.200000    6.811478   -1.611479 (VIOLATED)
_12287_/ZN                              5.200000    6.811478   -1.611479 (VIOLATED)
_12291_/B                               5.200000    6.811478   -1.611479 (VIOLATED)
_12292_/ZN                              5.200000    6.811478   -1.611479 (VIOLATED)
_12296_/B                               5.200000    6.811478   -1.611479 (VIOLATED)
_12297_/ZN                              5.200000    6.811478   -1.611479 (VIOLATED)
_12301_/B                               5.200000    6.811478   -1.611479 (VIOLATED)
_12302_/ZN                              5.200000    6.811478   -1.611479 (VIOLATED)
_12306_/B                               5.200000    6.811478   -1.611479 (VIOLATED)
_12307_/ZN                              5.200000    6.811478   -1.611479 (VIOLATED)
_12311_/B                               5.200000    6.811478   -1.611479 (VIOLATED)
_12312_/ZN                              5.200000    6.811478   -1.611479 (VIOLATED)
_12316_/B                               5.200000    6.811478   -1.611479 (VIOLATED)
_12317_/ZN                              5.200000    6.811478   -1.611479 (VIOLATED)
_12321_/B                               5.200000    6.811478   -1.611479 (VIOLATED)
_12322_/ZN                              5.200000    6.811478   -1.611479 (VIOLATED)
_12326_/B                               5.200000    6.811478   -1.611479 (VIOLATED)
_12327_/ZN                              5.200000    6.811478   -1.611479 (VIOLATED)
_12331_/B                               5.200000    6.811478   -1.611479 (VIOLATED)
_12332_/ZN                              5.200000    6.811478   -1.611479 (VIOLATED)
_12336_/B                               5.200000    6.811478   -1.611479 (VIOLATED)
_12337_/ZN                              5.200000    6.811478   -1.611479 (VIOLATED)
_12341_/B                               5.200000    6.811478   -1.611479 (VIOLATED)
_12342_/ZN                              5.200000    6.811478   -1.611479 (VIOLATED)
_12346_/B                               5.200000    6.811478   -1.611479 (VIOLATED)
_12347_/ZN                              5.200000    6.811478   -1.611479 (VIOLATED)
_12351_/B                               5.200000    6.811478   -1.611479 (VIOLATED)
_12352_/ZN                              5.200000    6.811478   -1.611479 (VIOLATED)
_12356_/B                               5.200000    6.811478   -1.611479 (VIOLATED)
_12357_/ZN                              5.200000    6.811478   -1.611479 (VIOLATED)
_12361_/B                               5.200000    6.811478   -1.611479 (VIOLATED)
_12362_/ZN                              5.200000    6.811478   -1.611479 (VIOLATED)
_12366_/B                               5.200000    6.811478   -1.611479 (VIOLATED)
_12367_/ZN                              5.200000    6.811478   -1.611479 (VIOLATED)
_12371_/B                               5.200000    6.811478   -1.611479 (VIOLATED)
_12372_/ZN                              5.200000    6.811478   -1.611479 (VIOLATED)
_12376_/B                               5.200000    6.811478   -1.611479 (VIOLATED)
_12377_/ZN                              5.200000    6.811478   -1.611479 (VIOLATED)
_12381_/B                               5.200000    6.811478   -1.611479 (VIOLATED)
_12382_/ZN                              5.200000    6.811478   -1.611479 (VIOLATED)
_12386_/B                               5.200000    6.811478   -1.611479 (VIOLATED)
_12387_/ZN                              5.200000    6.811478   -1.611479 (VIOLATED)
_12391_/B                               5.200000    6.811478   -1.611479 (VIOLATED)
_12392_/ZN                              5.200000    6.811478   -1.611479 (VIOLATED)
_12396_/B                               5.200000    6.811478   -1.611479 (VIOLATED)
_12397_/ZN                              5.200000    6.811478   -1.611479 (VIOLATED)
_12401_/B                               5.200000    6.811478   -1.611479 (VIOLATED)
_12402_/ZN                              5.200000    6.811478   -1.611479 (VIOLATED)
_12406_/B                               5.200000    6.811478   -1.611479 (VIOLATED)
_12407_/ZN                              5.200000    6.811478   -1.611479 (VIOLATED)
_12411_/B                               5.200000    6.811478   -1.611479 (VIOLATED)
_12412_/ZN                              5.200000    6.811478   -1.611479 (VIOLATED)
_12416_/B                               5.200000    6.811478   -1.611479 (VIOLATED)
_15747_/ZN                              5.200000    6.811478   -1.611479 (VIOLATED)
_15750_/B                               5.200000    6.811478   -1.611479 (VIOLATED)
_15751_/ZN                              5.200000    6.811478   -1.611479 (VIOLATED)
_15754_/B                               5.200000    6.811478   -1.611479 (VIOLATED)
_15755_/ZN                              5.200000    6.811478   -1.611479 (VIOLATED)
_15758_/B                               5.200000    6.811478   -1.611479 (VIOLATED)
_15759_/ZN                              5.200000    6.811478   -1.611479 (VIOLATED)
_15762_/B                               5.200000    6.811478   -1.611479 (VIOLATED)
_15763_/ZN                              5.200000    6.811478   -1.611479 (VIOLATED)
_15766_/B                               5.200000    6.811478   -1.611479 (VIOLATED)
_15767_/ZN                              5.200000    6.811478   -1.611479 (VIOLATED)
_15770_/B                               5.200000    6.811478   -1.611479 (VIOLATED)
_15771_/ZN                              5.200000    6.811478   -1.611479 (VIOLATED)
_15774_/B                               5.200000    6.811478   -1.611479 (VIOLATED)
_15775_/ZN                              5.200000    6.811478   -1.611479 (VIOLATED)
_15778_/B                               5.200000    6.811478   -1.611479 (VIOLATED)
_16255_/ZN                              5.200000    6.811478   -1.611479 (VIOLATED)
_16258_/B                               5.200000    6.811478   -1.611479 (VIOLATED)
_16259_/ZN                              5.200000    6.811478   -1.611479 (VIOLATED)
_16262_/B                               5.200000    6.811478   -1.611479 (VIOLATED)
_16263_/ZN                              5.200000    6.811478   -1.611479 (VIOLATED)
_16266_/B                               5.200000    6.811478   -1.611479 (VIOLATED)
_16267_/ZN                              5.200000    6.811478   -1.611479 (VIOLATED)
_16270_/B                               5.200000    6.811478   -1.611479 (VIOLATED)
_16271_/ZN                              5.200000    6.811478   -1.611479 (VIOLATED)
_16274_/B                               5.200000    6.811478   -1.611479 (VIOLATED)
_16275_/ZN                              5.200000    6.811478   -1.611479 (VIOLATED)
_16278_/B                               5.200000    6.811478   -1.611479 (VIOLATED)
_16279_/ZN                              5.200000    6.811478   -1.611479 (VIOLATED)
_16282_/B                               5.200000    6.811478   -1.611479 (VIOLATED)
_16283_/ZN                              5.200000    6.811478   -1.611479 (VIOLATED)
_16286_/B                               5.200000    6.811478   -1.611479 (VIOLATED)
_16287_/ZN                              5.200000    6.811478   -1.611479 (VIOLATED)
_16290_/B                               5.200000    6.811478   -1.611479 (VIOLATED)
_16291_/ZN                              5.200000    6.811478   -1.611479 (VIOLATED)
_16294_/B                               5.200000    6.811478   -1.611479 (VIOLATED)
_16295_/ZN                              5.200000    6.811478   -1.611479 (VIOLATED)
_16298_/B                               5.200000    6.811478   -1.611479 (VIOLATED)
_16299_/ZN                              5.200000    6.811478   -1.611479 (VIOLATED)
_16302_/B                               5.200000    6.811478   -1.611479 (VIOLATED)
_16303_/ZN                              5.200000    6.811478   -1.611479 (VIOLATED)
_16306_/B                               5.200000    6.811478   -1.611479 (VIOLATED)
_16307_/ZN                              5.200000    6.811478   -1.611479 (VIOLATED)
_16310_/B                               5.200000    6.811478   -1.611479 (VIOLATED)
_16311_/ZN                              5.200000    6.811478   -1.611479 (VIOLATED)
_16314_/B                               5.200000    6.811478   -1.611479 (VIOLATED)
_16315_/ZN                              5.200000    6.811478   -1.611479 (VIOLATED)
_16318_/B                               5.200000    6.811478   -1.611479 (VIOLATED)
_16319_/ZN                              5.200000    6.811478   -1.611479 (VIOLATED)
_16322_/B                               5.200000    6.811478   -1.611479 (VIOLATED)
_16323_/ZN                              5.200000    6.811478   -1.611479 (VIOLATED)
_16326_/B                               5.200000    6.811478   -1.611479 (VIOLATED)
_16327_/ZN                              5.200000    6.811478   -1.611479 (VIOLATED)
_16330_/B                               5.200000    6.811478   -1.611479 (VIOLATED)
_16331_/ZN                              5.200000    6.811478   -1.611479 (VIOLATED)
_16334_/B                               5.200000    6.811478   -1.611479 (VIOLATED)
_16335_/ZN                              5.200000    6.811478   -1.611479 (VIOLATED)
_16338_/B                               5.200000    6.811478   -1.611479 (VIOLATED)
_16339_/ZN                              5.200000    6.811478   -1.611479 (VIOLATED)
_16342_/B                               5.200000    6.811478   -1.611479 (VIOLATED)
_16343_/ZN                              5.200000    6.811478   -1.611479 (VIOLATED)
_16346_/B                               5.200000    6.811478   -1.611479 (VIOLATED)
_16347_/ZN                              5.200000    6.811478   -1.611479 (VIOLATED)
_16350_/B                               5.200000    6.811478   -1.611479 (VIOLATED)
_16351_/ZN                              5.200000    6.811478   -1.611479 (VIOLATED)
_16354_/B                               5.200000    6.811478   -1.611479 (VIOLATED)
_16355_/ZN                              5.200000    6.811478   -1.611479 (VIOLATED)
_16358_/B                               5.200000    6.811478   -1.611479 (VIOLATED)
_16359_/ZN                              5.200000    6.811478   -1.611479 (VIOLATED)
_16362_/B                               5.200000    6.811478   -1.611479 (VIOLATED)
_16363_/ZN                              5.200000    6.811478   -1.611479 (VIOLATED)
_16366_/B                               5.200000    6.811478   -1.611479 (VIOLATED)
_16367_/ZN                              5.200000    6.811478   -1.611479 (VIOLATED)
_16370_/B                               5.200000    6.811478   -1.611479 (VIOLATED)
_16371_/ZN                              5.200000    6.811478   -1.611479 (VIOLATED)
_16374_/B                               5.200000    6.811478   -1.611479 (VIOLATED)
_16375_/ZN                              5.200000    6.811478   -1.611479 (VIOLATED)
_16378_/B                               5.200000    6.811478   -1.611479 (VIOLATED)
_16379_/ZN                              5.200000    6.811478   -1.611479 (VIOLATED)
_16382_/B                               5.200000    6.811478   -1.611479 (VIOLATED)
_16383_/ZN                              5.200000    6.811478   -1.611479 (VIOLATED)
_16386_/B                               5.200000    6.811478   -1.611479 (VIOLATED)
_16387_/ZN                              5.200000    6.811478   -1.611479 (VIOLATED)
_16390_/B                               5.200000    6.811478   -1.611479 (VIOLATED)
_16391_/ZN                              5.200000    6.811478   -1.611479 (VIOLATED)
_16394_/B                               5.200000    6.811478   -1.611479 (VIOLATED)
_16395_/ZN                              5.200000    6.811478   -1.611479 (VIOLATED)
_16398_/B                               5.200000    6.811478   -1.611479 (VIOLATED)
_16399_/ZN                              5.200000    6.811478   -1.611479 (VIOLATED)
_16402_/B                               5.200000    6.811478   -1.611479 (VIOLATED)
_16403_/ZN                              5.200000    6.811478   -1.611479 (VIOLATED)
_16406_/B                               5.200000    6.811478   -1.611479 (VIOLATED)
_16407_/ZN                              5.200000    6.811478   -1.611479 (VIOLATED)
_16410_/B                               5.200000    6.811478   -1.611479 (VIOLATED)
_16411_/ZN                              5.200000    6.811478   -1.611479 (VIOLATED)
_16414_/B                               5.200000    6.811478   -1.611479 (VIOLATED)
_16415_/ZN                              5.200000    6.811478   -1.611479 (VIOLATED)
_16418_/B                               5.200000    6.811478   -1.611479 (VIOLATED)
_16419_/ZN                              5.200000    6.811478   -1.611479 (VIOLATED)
_16422_/B                               5.200000    6.811478   -1.611479 (VIOLATED)
_16423_/ZN                              5.200000    6.811478   -1.611479 (VIOLATED)
_16426_/B                               5.200000    6.811478   -1.611479 (VIOLATED)
_16427_/ZN                              5.200000    6.811478   -1.611479 (VIOLATED)
_16430_/B                               5.200000    6.811478   -1.611479 (VIOLATED)
_16431_/ZN                              5.200000    6.811478   -1.611479 (VIOLATED)
_16434_/B                               5.200000    6.811478   -1.611479 (VIOLATED)
_16435_/ZN                              5.200000    6.811478   -1.611479 (VIOLATED)
_16438_/B                               5.200000    6.811478   -1.611479 (VIOLATED)
_16439_/ZN                              5.200000    6.811478   -1.611479 (VIOLATED)
_16442_/B                               5.200000    6.811478   -1.611479 (VIOLATED)
_16443_/ZN                              5.200000    6.811478   -1.611479 (VIOLATED)
_16446_/B                               5.200000    6.811478   -1.611479 (VIOLATED)
_16447_/ZN                              5.200000    6.811478   -1.611479 (VIOLATED)
_16450_/B                               5.200000    6.811478   -1.611479 (VIOLATED)
_16451_/ZN                              5.200000    6.811478   -1.611479 (VIOLATED)
_16454_/B                               5.200000    6.811478   -1.611479 (VIOLATED)
_16455_/ZN                              5.200000    6.811478   -1.611479 (VIOLATED)
_16458_/B                               5.200000    6.811478   -1.611479 (VIOLATED)
_16459_/ZN                              5.200000    6.811478   -1.611479 (VIOLATED)
_16462_/B                               5.200000    6.811478   -1.611479 (VIOLATED)
_16463_/ZN                              5.200000    6.811478   -1.611479 (VIOLATED)
_16466_/B                               5.200000    6.811478   -1.611479 (VIOLATED)
_16467_/ZN                              5.200000    6.811478   -1.611479 (VIOLATED)
_16470_/B                               5.200000    6.811478   -1.611479 (VIOLATED)
_16471_/ZN                              5.200000    6.811478   -1.611479 (VIOLATED)
_16474_/B                               5.200000    6.811478   -1.611479 (VIOLATED)
_16475_/ZN                              5.200000    6.811478   -1.611479 (VIOLATED)
_16478_/B                               5.200000    6.811478   -1.611479 (VIOLATED)
_16479_/ZN                              5.200000    6.811478   -1.611479 (VIOLATED)
_16482_/B                               5.200000    6.811478   -1.611479 (VIOLATED)
_16483_/ZN                              5.200000    6.811478   -1.611479 (VIOLATED)
_16486_/B                               5.200000    6.811478   -1.611479 (VIOLATED)
_16487_/ZN                              5.200000    6.811478   -1.611479 (VIOLATED)
_16490_/B                               5.200000    6.811478   -1.611479 (VIOLATED)
_16491_/ZN                              5.200000    6.811478   -1.611479 (VIOLATED)
_16494_/B                               5.200000    6.811478   -1.611479 (VIOLATED)
_16495_/ZN                              5.200000    6.811478   -1.611479 (VIOLATED)
_16498_/B                               5.200000    6.811478   -1.611479 (VIOLATED)
_16499_/ZN                              5.200000    6.811478   -1.611479 (VIOLATED)
_16502_/B                               5.200000    6.811478   -1.611479 (VIOLATED)
_16503_/ZN                              5.200000    6.811478   -1.611479 (VIOLATED)
_16506_/B                               5.200000    6.811478   -1.611479 (VIOLATED)
_16507_/ZN                              5.200000    6.811478   -1.611479 (VIOLATED)
_16510_/B                               5.200000    6.811478   -1.611479 (VIOLATED)
_14186_/ZN                              5.200000    6.743089   -1.543089 (VIOLATED)
_14187_/S                               5.200000    6.743089   -1.543089 (VIOLATED)
_14188_/S                               5.200000    6.743089   -1.543089 (VIOLATED)
_14189_/S                               5.200000    6.743089   -1.543089 (VIOLATED)
_14190_/S                               5.200000    6.743089   -1.543089 (VIOLATED)
_14191_/S                               5.200000    6.743089   -1.543089 (VIOLATED)
_14192_/S                               5.200000    6.743089   -1.543089 (VIOLATED)
_14193_/S                               5.200000    6.743089   -1.543089 (VIOLATED)
_14194_/A2                              5.200000    6.743089   -1.543089 (VIOLATED)
_14195_/A2                              5.200000    6.743089   -1.543089 (VIOLATED)
_14196_/S                               5.200000    6.743089   -1.543089 (VIOLATED)
_14197_/S                               5.200000    6.743089   -1.543089 (VIOLATED)
_14198_/S                               5.200000    6.743089   -1.543089 (VIOLATED)
_14199_/S                               5.200000    6.743089   -1.543089 (VIOLATED)
_14200_/S                               5.200000    6.743089   -1.543089 (VIOLATED)
_14201_/S                               5.200000    6.743089   -1.543089 (VIOLATED)
_14202_/S                               5.200000    6.743089   -1.543089 (VIOLATED)
_14203_/S                               5.200000    6.743089   -1.543089 (VIOLATED)
_14204_/S                               5.200000    6.743089   -1.543089 (VIOLATED)
_14205_/S                               5.200000    6.743089   -1.543089 (VIOLATED)
_14206_/S                               5.200000    6.743089   -1.543089 (VIOLATED)
_14207_/S                               5.200000    6.743089   -1.543089 (VIOLATED)
_14208_/S                               5.200000    6.743089   -1.543089 (VIOLATED)
_14209_/S                               5.200000    6.743089   -1.543089 (VIOLATED)
_14210_/S                               5.200000    6.743089   -1.543089 (VIOLATED)
_14211_/S                               5.200000    6.743089   -1.543089 (VIOLATED)
_14212_/S                               5.200000    6.743089   -1.543089 (VIOLATED)
_14213_/S                               5.200000    6.743089   -1.543089 (VIOLATED)
_14214_/S                               5.200000    6.743089   -1.543089 (VIOLATED)
_14215_/S                               5.200000    6.743089   -1.543089 (VIOLATED)
_14216_/S                               5.200000    6.743089   -1.543089 (VIOLATED)
_14217_/S                               5.200000    6.743089   -1.543089 (VIOLATED)
_14218_/S                               5.200000    6.743089   -1.543089 (VIOLATED)
_14219_/S                               5.200000    6.743089   -1.543089 (VIOLATED)
_14220_/S                               5.200000    6.743089   -1.543089 (VIOLATED)
_14221_/S                               5.200000    6.743089   -1.543089 (VIOLATED)
_14222_/S                               5.200000    6.743089   -1.543089 (VIOLATED)
_14223_/S                               5.200000    6.743089   -1.543089 (VIOLATED)
_14224_/S                               5.200000    6.743089   -1.543089 (VIOLATED)
_14233_/A2                              5.200000    6.743089   -1.543089 (VIOLATED)
_09295_/ZN                              5.200000    6.695991   -1.495991 (VIOLATED)
_09296_/A2                              5.200000    6.695991   -1.495991 (VIOLATED)
_09300_/A2                              5.200000    6.695991   -1.495991 (VIOLATED)
_09759_/A1                              5.200000    6.695991   -1.495991 (VIOLATED)
_09760_/A1                              5.200000    6.695991   -1.495991 (VIOLATED)
_09762_/A2                              5.200000    6.695991   -1.495991 (VIOLATED)
_09773_/A1                              5.200000    6.695991   -1.495991 (VIOLATED)
_09782_/A1                              5.200000    6.695991   -1.495991 (VIOLATED)
_09792_/A1                              5.200000    6.695991   -1.495991 (VIOLATED)
_09813_/A1                              5.200000    6.695991   -1.495991 (VIOLATED)
_09823_/A1                              5.200000    6.695991   -1.495991 (VIOLATED)
_09832_/A1                              5.200000    6.695991   -1.495991 (VIOLATED)
_09841_/A1                              5.200000    6.695991   -1.495991 (VIOLATED)
_09859_/A1                              5.200000    6.695991   -1.495991 (VIOLATED)
_09867_/A1                              5.200000    6.695991   -1.495991 (VIOLATED)
_09875_/A1                              5.200000    6.695991   -1.495991 (VIOLATED)
_09883_/B2                              5.200000    6.695991   -1.495991 (VIOLATED)
_09891_/B2                              5.200000    6.695991   -1.495991 (VIOLATED)
_09899_/A1                              5.200000    6.695991   -1.495991 (VIOLATED)
_09907_/A1                              5.200000    6.695991   -1.495991 (VIOLATED)
_09915_/A1                              5.200000    6.695991   -1.495991 (VIOLATED)
_09923_/A1                              5.200000    6.695991   -1.495991 (VIOLATED)
_09931_/B2                              5.200000    6.695991   -1.495991 (VIOLATED)
_09939_/A1                              5.200000    6.695991   -1.495991 (VIOLATED)
_09947_/A1                              5.200000    6.695991   -1.495991 (VIOLATED)
_09955_/A1                              5.200000    6.695991   -1.495991 (VIOLATED)
_09963_/B2                              5.200000    6.695991   -1.495991 (VIOLATED)
_09980_/A1                              5.200000    6.695991   -1.495991 (VIOLATED)
_09988_/A1                              5.200000    6.695991   -1.495991 (VIOLATED)
_09996_/B2                              5.200000    6.695991   -1.495991 (VIOLATED)
_10004_/A1                              5.200000    6.695991   -1.495991 (VIOLATED)
_10012_/A1                              5.200000    6.695991   -1.495991 (VIOLATED)
_10020_/B2                              5.200000    6.695991   -1.495991 (VIOLATED)
_10028_/A1                              5.200000    6.695991   -1.495991 (VIOLATED)
_10036_/B2                              5.200000    6.695991   -1.495991 (VIOLATED)
_10044_/A1                              5.200000    6.695991   -1.495991 (VIOLATED)
_10052_/A1                              5.200000    6.695991   -1.495991 (VIOLATED)
_10060_/B2                              5.200000    6.695991   -1.495991 (VIOLATED)
_10069_/B2                              5.200000    6.695991   -1.495991 (VIOLATED)
_10076_/A1                              5.200000    6.695991   -1.495991 (VIOLATED)
_10084_/A1                              5.200000    6.695991   -1.495991 (VIOLATED)
_10093_/B2                              5.200000    6.695991   -1.495991 (VIOLATED)
_10101_/B2                              5.200000    6.695991   -1.495991 (VIOLATED)
_10108_/A1                              5.200000    6.695991   -1.495991 (VIOLATED)
_10116_/A1                              5.200000    6.695991   -1.495991 (VIOLATED)
_10124_/B2                              5.200000    6.695991   -1.495991 (VIOLATED)
_10132_/A1                              5.200000    6.695991   -1.495991 (VIOLATED)
_10140_/A1                              5.200000    6.695991   -1.495991 (VIOLATED)
_10149_/B2                              5.200000    6.695991   -1.495991 (VIOLATED)
_10155_/B2                              5.200000    6.695991   -1.495991 (VIOLATED)
_10162_/A1                              5.200000    6.695991   -1.495991 (VIOLATED)
_10169_/A1                              5.200000    6.695991   -1.495991 (VIOLATED)
_10176_/A1                              5.200000    6.695991   -1.495991 (VIOLATED)
_10183_/B2                              5.200000    6.695991   -1.495991 (VIOLATED)
_10190_/B2                              5.200000    6.695991   -1.495991 (VIOLATED)
_10197_/A1                              5.200000    6.695991   -1.495991 (VIOLATED)
_10204_/A1                              5.200000    6.695991   -1.495991 (VIOLATED)
_10211_/A1                              5.200000    6.695991   -1.495991 (VIOLATED)
_10219_/B2                              5.200000    6.695991   -1.495991 (VIOLATED)
_10226_/B2                              5.200000    6.695991   -1.495991 (VIOLATED)
_10232_/A1                              5.200000    6.695991   -1.495991 (VIOLATED)
_10239_/B2                              5.200000    6.695991   -1.495991 (VIOLATED)
_10246_/A1                              5.200000    6.695991   -1.495991 (VIOLATED)
_10253_/B2                              5.200000    6.695991   -1.495991 (VIOLATED)
_10260_/A1                              5.200000    6.695991   -1.495991 (VIOLATED)
_10267_/B2                              5.200000    6.695991   -1.495991 (VIOLATED)
_11692_/A3                              5.200000    6.695991   -1.495991 (VIOLATED)
_14180_/A1                              5.200000    6.695991   -1.495991 (VIOLATED)
_08894_/ZN                              5.200000    6.635113   -1.435113 (VIOLATED)
_08899_/A2                              5.200000    6.635113   -1.435113 (VIOLATED)
_08991_/C                               5.200000    6.635113   -1.435113 (VIOLATED)
_09014_/A2                              5.200000    6.635113   -1.435113 (VIOLATED)
_09024_/A2                              5.200000    6.635113   -1.435113 (VIOLATED)
_09035_/A2                              5.200000    6.635113   -1.435113 (VIOLATED)
_09046_/A2                              5.200000    6.635113   -1.435113 (VIOLATED)
_09071_/A2                              5.200000    6.635113   -1.435113 (VIOLATED)
_09116_/A2                              5.200000    6.635113   -1.435113 (VIOLATED)
_09246_/A2                              5.200000    6.635113   -1.435113 (VIOLATED)
_09254_/A2                              5.200000    6.635113   -1.435113 (VIOLATED)
_09261_/A2                              5.200000    6.635113   -1.435113 (VIOLATED)
_09270_/A2                              5.200000    6.635113   -1.435113 (VIOLATED)
_09277_/A2                              5.200000    6.635113   -1.435113 (VIOLATED)
_09285_/A2                              5.200000    6.635113   -1.435113 (VIOLATED)
_09291_/A2                              5.200000    6.635113   -1.435113 (VIOLATED)
_11079_/A2                              5.200000    6.635113   -1.435113 (VIOLATED)
_16519_/A2                              5.200000    6.635113   -1.435113 (VIOLATED)
_16620_/C                               5.200000    6.635113   -1.435113 (VIOLATED)
_16699_/A2                              5.200000    6.635113   -1.435113 (VIOLATED)
_16798_/A2                              5.200000    6.635113   -1.435113 (VIOLATED)
_16807_/A2                              5.200000    6.635113   -1.435113 (VIOLATED)
_16814_/A2                              5.200000    6.635113   -1.435113 (VIOLATED)
_16821_/A2                              5.200000    6.635113   -1.435113 (VIOLATED)
_16828_/A2                              5.200000    6.635113   -1.435113 (VIOLATED)
_16837_/A2                              5.200000    6.635113   -1.435113 (VIOLATED)
_16846_/A2                              5.200000    6.635113   -1.435113 (VIOLATED)
_16016_/ZN                              5.200000    6.127908   -0.927908 (VIOLATED)
_16018_/A1                              5.200000    6.127908   -0.927908 (VIOLATED)
_16020_/ZN                              5.200000    6.127908   -0.927908 (VIOLATED)
_16022_/A1                              5.200000    6.127908   -0.927908 (VIOLATED)
_16024_/ZN                              5.200000    6.127908   -0.927908 (VIOLATED)
_16026_/A1                              5.200000    6.127908   -0.927908 (VIOLATED)
_16028_/ZN                              5.200000    6.127908   -0.927908 (VIOLATED)
_16030_/A1                              5.200000    6.127908   -0.927908 (VIOLATED)
_16032_/ZN                              5.200000    6.127908   -0.927908 (VIOLATED)
_16034_/A1                              5.200000    6.127908   -0.927908 (VIOLATED)
_16036_/ZN                              5.200000    6.127908   -0.927908 (VIOLATED)
_16038_/A1                              5.200000    6.127908   -0.927908 (VIOLATED)
_16040_/ZN                              5.200000    6.127908   -0.927908 (VIOLATED)
_16042_/A1                              5.200000    6.127908   -0.927908 (VIOLATED)
_16048_/ZN                              5.200000    6.127908   -0.927908 (VIOLATED)
_16050_/A1                              5.200000    6.127908   -0.927908 (VIOLATED)
_16056_/ZN                              5.200000    6.127908   -0.927908 (VIOLATED)
_16058_/A1                              5.200000    6.127908   -0.927908 (VIOLATED)
_16064_/ZN                              5.200000    6.127908   -0.927908 (VIOLATED)
_16066_/A1                              5.200000    6.127908   -0.927908 (VIOLATED)
_16068_/ZN                              5.200000    6.127908   -0.927908 (VIOLATED)
_16070_/A1                              5.200000    6.127908   -0.927908 (VIOLATED)
_16072_/ZN                              5.200000    6.127908   -0.927908 (VIOLATED)
_16074_/A1                              5.200000    6.127908   -0.927908 (VIOLATED)
_16076_/ZN                              5.200000    6.127908   -0.927908 (VIOLATED)
_16078_/A1                              5.200000    6.127908   -0.927908 (VIOLATED)
_16080_/ZN                              5.200000    6.127908   -0.927908 (VIOLATED)
_16082_/A1                              5.200000    6.127908   -0.927908 (VIOLATED)
_16084_/ZN                              5.200000    6.127908   -0.927908 (VIOLATED)
_16086_/A1                              5.200000    6.127908   -0.927908 (VIOLATED)
_16092_/ZN                              5.200000    6.127908   -0.927908 (VIOLATED)
_16094_/A1                              5.200000    6.127908   -0.927908 (VIOLATED)
_16096_/ZN                              5.200000    6.127908   -0.927908 (VIOLATED)
_16098_/A1                              5.200000    6.127908   -0.927908 (VIOLATED)
_16124_/ZN                              5.200000    6.127908   -0.927908 (VIOLATED)
_16126_/A1                              5.200000    6.127908   -0.927908 (VIOLATED)
_16132_/ZN                              5.200000    6.127908   -0.927908 (VIOLATED)
_16134_/A1                              5.200000    6.127908   -0.927908 (VIOLATED)
_16144_/ZN                              5.200000    6.127908   -0.927908 (VIOLATED)
_16146_/A1                              5.200000    6.127908   -0.927908 (VIOLATED)
_16148_/ZN                              5.200000    6.127908   -0.927908 (VIOLATED)
_16150_/A1                              5.200000    6.127908   -0.927908 (VIOLATED)
_16152_/ZN                              5.200000    6.127908   -0.927908 (VIOLATED)
_16154_/A1                              5.200000    6.127908   -0.927908 (VIOLATED)
_16156_/ZN                              5.200000    6.127908   -0.927908 (VIOLATED)
_16158_/A1                              5.200000    6.127908   -0.927908 (VIOLATED)
_16160_/ZN                              5.200000    6.127908   -0.927908 (VIOLATED)
_16162_/A1                              5.200000    6.127908   -0.927908 (VIOLATED)
_16176_/ZN                              5.200000    6.127908   -0.927908 (VIOLATED)
_16178_/A1                              5.200000    6.127908   -0.927908 (VIOLATED)
_16192_/ZN                              5.200000    6.127908   -0.927908 (VIOLATED)
_16194_/A1                              5.200000    6.127908   -0.927908 (VIOLATED)
_16196_/ZN                              5.200000    6.127908   -0.927908 (VIOLATED)
_16198_/A1                              5.200000    6.127908   -0.927908 (VIOLATED)
_16200_/ZN                              5.200000    6.127908   -0.927908 (VIOLATED)
_16202_/A1                              5.200000    6.127908   -0.927908 (VIOLATED)
_16204_/ZN                              5.200000    6.127908   -0.927908 (VIOLATED)
_16206_/A1                              5.200000    6.127908   -0.927908 (VIOLATED)
_16208_/ZN                              5.200000    6.127908   -0.927908 (VIOLATED)
_16210_/A1                              5.200000    6.127908   -0.927908 (VIOLATED)
_16212_/ZN                              5.200000    6.127908   -0.927908 (VIOLATED)
_16214_/A1                              5.200000    6.127908   -0.927908 (VIOLATED)
_16216_/ZN                              5.200000    6.127908   -0.927908 (VIOLATED)
_16218_/A1                              5.200000    6.127908   -0.927908 (VIOLATED)
_16220_/ZN                              5.200000    6.127908   -0.927908 (VIOLATED)
_16222_/A1                              5.200000    6.127908   -0.927908 (VIOLATED)
_16224_/ZN                              5.200000    6.127908   -0.927908 (VIOLATED)
_16226_/A1                              5.200000    6.127908   -0.927908 (VIOLATED)
_14236_/ZN                              5.200000    5.881782   -0.681782 (VIOLATED)
_14237_/S                               5.200000    5.881782   -0.681782 (VIOLATED)
_14238_/S                               5.200000    5.881782   -0.681782 (VIOLATED)
_14239_/S                               5.200000    5.881782   -0.681782 (VIOLATED)
_14240_/S                               5.200000    5.881782   -0.681782 (VIOLATED)
_14241_/S                               5.200000    5.881782   -0.681782 (VIOLATED)
_14242_/S                               5.200000    5.881782   -0.681782 (VIOLATED)
_14243_/S                               5.200000    5.881782   -0.681782 (VIOLATED)
_14244_/S                               5.200000    5.881782   -0.681782 (VIOLATED)
_14245_/S                               5.200000    5.881782   -0.681782 (VIOLATED)
_14246_/S                               5.200000    5.881782   -0.681782 (VIOLATED)
_14247_/S                               5.200000    5.881782   -0.681782 (VIOLATED)
_14248_/S                               5.200000    5.881782   -0.681782 (VIOLATED)
_14249_/S                               5.200000    5.881782   -0.681782 (VIOLATED)
_14250_/S                               5.200000    5.881782   -0.681782 (VIOLATED)
_14251_/S                               5.200000    5.881782   -0.681782 (VIOLATED)
_14252_/S                               5.200000    5.881782   -0.681782 (VIOLATED)
_14253_/S                               5.200000    5.881782   -0.681782 (VIOLATED)
_14254_/S                               5.200000    5.881782   -0.681782 (VIOLATED)
_14255_/S                               5.200000    5.881782   -0.681782 (VIOLATED)
_14256_/S                               5.200000    5.881782   -0.681782 (VIOLATED)
_14257_/S                               5.200000    5.881782   -0.681782 (VIOLATED)
_14258_/S                               5.200000    5.881782   -0.681782 (VIOLATED)
_14259_/S                               5.200000    5.881782   -0.681782 (VIOLATED)
_14260_/S                               5.200000    5.881782   -0.681782 (VIOLATED)
_14261_/S                               5.200000    5.881782   -0.681782 (VIOLATED)
_14262_/S                               5.200000    5.881782   -0.681782 (VIOLATED)
_14263_/S                               5.200000    5.881782   -0.681782 (VIOLATED)
_14264_/S                               5.200000    5.881782   -0.681782 (VIOLATED)
_14265_/S                               5.200000    5.881782   -0.681782 (VIOLATED)
_14266_/S                               5.200000    5.881782   -0.681782 (VIOLATED)
_14267_/S                               5.200000    5.881782   -0.681782 (VIOLATED)
_14268_/S                               5.200000    5.881782   -0.681782 (VIOLATED)
_14279_/B                               5.200000    5.881782   -0.681782 (VIOLATED)
_08761_/ZN                              5.200000    5.880139   -0.680139 (VIOLATED)
_08772_/B                               5.200000    5.880139   -0.680139 (VIOLATED)
_15140_/S                               5.200000    5.880139   -0.680139 (VIOLATED)
_15141_/S                               5.200000    5.880139   -0.680139 (VIOLATED)
_15142_/S                               5.200000    5.880139   -0.680139 (VIOLATED)
_15143_/S                               5.200000    5.880139   -0.680139 (VIOLATED)
_15144_/S                               5.200000    5.880139   -0.680139 (VIOLATED)
_15145_/S                               5.200000    5.880139   -0.680139 (VIOLATED)
_15146_/S                               5.200000    5.880139   -0.680139 (VIOLATED)
_15147_/S                               5.200000    5.880139   -0.680139 (VIOLATED)
_15148_/S                               5.200000    5.880139   -0.680139 (VIOLATED)
_15149_/S                               5.200000    5.880139   -0.680139 (VIOLATED)
_15150_/S                               5.200000    5.880139   -0.680139 (VIOLATED)
_15151_/S                               5.200000    5.880139   -0.680139 (VIOLATED)
_15152_/S                               5.200000    5.880139   -0.680139 (VIOLATED)
_15153_/S                               5.200000    5.880139   -0.680139 (VIOLATED)
_15154_/S                               5.200000    5.880139   -0.680139 (VIOLATED)
_15155_/S                               5.200000    5.880139   -0.680139 (VIOLATED)
_15156_/S                               5.200000    5.880139   -0.680139 (VIOLATED)
_15157_/S                               5.200000    5.880139   -0.680139 (VIOLATED)
_15158_/S                               5.200000    5.880139   -0.680139 (VIOLATED)
_15159_/S                               5.200000    5.880139   -0.680139 (VIOLATED)
_15160_/S                               5.200000    5.880139   -0.680139 (VIOLATED)
_15161_/S                               5.200000    5.880139   -0.680139 (VIOLATED)
_15162_/S                               5.200000    5.880139   -0.680139 (VIOLATED)
_15163_/S                               5.200000    5.880139   -0.680139 (VIOLATED)
_15164_/S                               5.200000    5.880139   -0.680139 (VIOLATED)
_15165_/S                               5.200000    5.880139   -0.680139 (VIOLATED)
_15166_/S                               5.200000    5.880139   -0.680139 (VIOLATED)
_15167_/S                               5.200000    5.880139   -0.680139 (VIOLATED)
_15168_/S                               5.200000    5.880139   -0.680139 (VIOLATED)
_15169_/S                               5.200000    5.880139   -0.680139 (VIOLATED)
_15170_/S                               5.200000    5.880139   -0.680139 (VIOLATED)
_15171_/S                               5.200000    5.880139   -0.680139 (VIOLATED)
_08777_/ZN                              5.200000    5.811808   -0.611808 (VIOLATED)
_08780_/B2                              5.200000    5.811808   -0.611808 (VIOLATED)
_14452_/A2                              5.200000    5.811808   -0.611808 (VIOLATED)
_14459_/C2                              5.200000    5.811808   -0.611808 (VIOLATED)
_14465_/C2                              5.200000    5.811808   -0.611808 (VIOLATED)
_14471_/A2                              5.200000    5.811808   -0.611808 (VIOLATED)
_14476_/A2                              5.200000    5.811808   -0.611808 (VIOLATED)
_14484_/A2                              5.200000    5.811808   -0.611808 (VIOLATED)
_14486_/A2                              5.200000    5.811808   -0.611808 (VIOLATED)
_14494_/A2                              5.200000    5.811808   -0.611808 (VIOLATED)
_14498_/A2                              5.200000    5.811808   -0.611808 (VIOLATED)
_14505_/A2                              5.200000    5.811808   -0.611808 (VIOLATED)
_14510_/A2                              5.200000    5.811808   -0.611808 (VIOLATED)
_14515_/A2                              5.200000    5.811808   -0.611808 (VIOLATED)
_14522_/A2                              5.200000    5.811808   -0.611808 (VIOLATED)
_14527_/A2                              5.200000    5.811808   -0.611808 (VIOLATED)
_14533_/A2                              5.200000    5.811808   -0.611808 (VIOLATED)
_14539_/A2                              5.200000    5.811808   -0.611808 (VIOLATED)
_14543_/C2                              5.200000    5.811808   -0.611808 (VIOLATED)
_14549_/A2                              5.200000    5.811808   -0.611808 (VIOLATED)
_14556_/A2                              5.200000    5.811808   -0.611808 (VIOLATED)
_14560_/A2                              5.200000    5.811808   -0.611808 (VIOLATED)
_14564_/A2                              5.200000    5.811808   -0.611808 (VIOLATED)
_14570_/A2                              5.200000    5.811808   -0.611808 (VIOLATED)
_14576_/A2                              5.200000    5.811808   -0.611808 (VIOLATED)
_14581_/A2                              5.200000    5.811808   -0.611808 (VIOLATED)
_14587_/A2                              5.200000    5.811808   -0.611808 (VIOLATED)
_14593_/A2                              5.200000    5.811808   -0.611808 (VIOLATED)
_14598_/A2                              5.200000    5.811808   -0.611808 (VIOLATED)
_14602_/A2                              5.200000    5.811808   -0.611808 (VIOLATED)
_14608_/A2                              5.200000    5.811808   -0.611808 (VIOLATED)
_14614_/A2                              5.200000    5.811808   -0.611808 (VIOLATED)
_14619_/A2                              5.200000    5.811808   -0.611808 (VIOLATED)
_14624_/A2                              5.200000    5.811808   -0.611808 (VIOLATED)
_14835_/ZN                              5.200000    5.798418   -0.598418 (VIOLATED)
_14836_/S                               5.200000    5.798418   -0.598418 (VIOLATED)
_14837_/S                               5.200000    5.798418   -0.598418 (VIOLATED)
_14838_/S                               5.200000    5.798418   -0.598418 (VIOLATED)
_14839_/S                               5.200000    5.798418   -0.598418 (VIOLATED)
_14840_/S                               5.200000    5.798418   -0.598418 (VIOLATED)
_14841_/S                               5.200000    5.798418   -0.598418 (VIOLATED)
_14842_/S                               5.200000    5.798418   -0.598418 (VIOLATED)
_14843_/S                               5.200000    5.798418   -0.598418 (VIOLATED)
_14844_/S                               5.200000    5.798418   -0.598418 (VIOLATED)
_14845_/S                               5.200000    5.798418   -0.598418 (VIOLATED)
_14846_/S                               5.200000    5.798418   -0.598418 (VIOLATED)
_14847_/S                               5.200000    5.798418   -0.598418 (VIOLATED)
_14848_/S                               5.200000    5.798418   -0.598418 (VIOLATED)
_14849_/S                               5.200000    5.798418   -0.598418 (VIOLATED)
_14850_/S                               5.200000    5.798418   -0.598418 (VIOLATED)
_14851_/S                               5.200000    5.798418   -0.598418 (VIOLATED)
_14852_/S                               5.200000    5.798418   -0.598418 (VIOLATED)
_14853_/S                               5.200000    5.798418   -0.598418 (VIOLATED)
_14854_/S                               5.200000    5.798418   -0.598418 (VIOLATED)
_14855_/S                               5.200000    5.798418   -0.598418 (VIOLATED)
_14856_/S                               5.200000    5.798418   -0.598418 (VIOLATED)
_14857_/S                               5.200000    5.798418   -0.598418 (VIOLATED)
_14858_/S                               5.200000    5.798418   -0.598418 (VIOLATED)
_14859_/S                               5.200000    5.798418   -0.598418 (VIOLATED)
_14860_/S                               5.200000    5.798418   -0.598418 (VIOLATED)
_14861_/S                               5.200000    5.798418   -0.598418 (VIOLATED)
_14862_/S                               5.200000    5.798418   -0.598418 (VIOLATED)
_14863_/S                               5.200000    5.798418   -0.598418 (VIOLATED)
_14864_/S                               5.200000    5.798418   -0.598418 (VIOLATED)
_14865_/S                               5.200000    5.798418   -0.598418 (VIOLATED)
_14866_/S                               5.200000    5.798418   -0.598418 (VIOLATED)
_14867_/S                               5.200000    5.798418   -0.598418 (VIOLATED)
_14733_/ZN                              5.200000    5.798352   -0.598352 (VIOLATED)
_14734_/S                               5.200000    5.798352   -0.598352 (VIOLATED)
_14735_/S                               5.200000    5.798352   -0.598352 (VIOLATED)
_14736_/S                               5.200000    5.798352   -0.598352 (VIOLATED)
_14737_/S                               5.200000    5.798352   -0.598352 (VIOLATED)
_14738_/S                               5.200000    5.798352   -0.598352 (VIOLATED)
_14739_/S                               5.200000    5.798352   -0.598352 (VIOLATED)
_14740_/S                               5.200000    5.798352   -0.598352 (VIOLATED)
_14741_/S                               5.200000    5.798352   -0.598352 (VIOLATED)
_14742_/S                               5.200000    5.798352   -0.598352 (VIOLATED)
_14743_/S                               5.200000    5.798352   -0.598352 (VIOLATED)
_14744_/S                               5.200000    5.798352   -0.598352 (VIOLATED)
_14745_/S                               5.200000    5.798352   -0.598352 (VIOLATED)
_14746_/S                               5.200000    5.798352   -0.598352 (VIOLATED)
_14747_/S                               5.200000    5.798352   -0.598352 (VIOLATED)
_14748_/S                               5.200000    5.798352   -0.598352 (VIOLATED)
_14749_/S                               5.200000    5.798352   -0.598352 (VIOLATED)
_14750_/S                               5.200000    5.798352   -0.598352 (VIOLATED)
_14751_/S                               5.200000    5.798352   -0.598352 (VIOLATED)
_14752_/S                               5.200000    5.798352   -0.598352 (VIOLATED)
_14753_/S                               5.200000    5.798352   -0.598352 (VIOLATED)
_14754_/S                               5.200000    5.798352   -0.598352 (VIOLATED)
_14755_/S                               5.200000    5.798352   -0.598352 (VIOLATED)
_14756_/S                               5.200000    5.798352   -0.598352 (VIOLATED)
_14757_/S                               5.200000    5.798352   -0.598352 (VIOLATED)
_14758_/S                               5.200000    5.798352   -0.598352 (VIOLATED)
_14759_/S                               5.200000    5.798352   -0.598352 (VIOLATED)
_14760_/S                               5.200000    5.798352   -0.598352 (VIOLATED)
_14761_/S                               5.200000    5.798352   -0.598352 (VIOLATED)
_14762_/S                               5.200000    5.798352   -0.598352 (VIOLATED)
_14763_/S                               5.200000    5.798352   -0.598352 (VIOLATED)
_14764_/S                               5.200000    5.798352   -0.598352 (VIOLATED)
_14765_/S                               5.200000    5.798352   -0.598352 (VIOLATED)
_14767_/ZN                              5.200000    5.785438   -0.585438 (VIOLATED)
_14768_/A2                              5.200000    5.785438   -0.585438 (VIOLATED)
_14769_/A2                              5.200000    5.785438   -0.585438 (VIOLATED)
_14770_/S                               5.200000    5.785438   -0.585438 (VIOLATED)
_14771_/S                               5.200000    5.785438   -0.585438 (VIOLATED)
_14772_/S                               5.200000    5.785438   -0.585438 (VIOLATED)
_14773_/S                               5.200000    5.785438   -0.585438 (VIOLATED)
_14774_/S                               5.200000    5.785438   -0.585438 (VIOLATED)
_14775_/S                               5.200000    5.785438   -0.585438 (VIOLATED)
_14776_/S                               5.200000    5.785438   -0.585438 (VIOLATED)
_14777_/S                               5.200000    5.785438   -0.585438 (VIOLATED)
_14778_/S                               5.200000    5.785438   -0.585438 (VIOLATED)
_14779_/S                               5.200000    5.785438   -0.585438 (VIOLATED)
_14780_/S                               5.200000    5.785438   -0.585438 (VIOLATED)
_14781_/S                               5.200000    5.785438   -0.585438 (VIOLATED)
_14782_/S                               5.200000    5.785438   -0.585438 (VIOLATED)
_14783_/S                               5.200000    5.785438   -0.585438 (VIOLATED)
_14784_/S                               5.200000    5.785438   -0.585438 (VIOLATED)
_14785_/S                               5.200000    5.785438   -0.585438 (VIOLATED)
_14786_/S                               5.200000    5.785438   -0.585438 (VIOLATED)
_14787_/S                               5.200000    5.785438   -0.585438 (VIOLATED)
_14788_/S                               5.200000    5.785438   -0.585438 (VIOLATED)
_14789_/S                               5.200000    5.785438   -0.585438 (VIOLATED)
_14790_/S                               5.200000    5.785438   -0.585438 (VIOLATED)
_14791_/S                               5.200000    5.785438   -0.585438 (VIOLATED)
_14792_/S                               5.200000    5.785438   -0.585438 (VIOLATED)
_14793_/S                               5.200000    5.785438   -0.585438 (VIOLATED)
_14794_/S                               5.200000    5.785438   -0.585438 (VIOLATED)
_14795_/S                               5.200000    5.785438   -0.585438 (VIOLATED)
_14796_/S                               5.200000    5.785438   -0.585438 (VIOLATED)
_14797_/S                               5.200000    5.785438   -0.585438 (VIOLATED)
_14798_/S                               5.200000    5.785438   -0.585438 (VIOLATED)
_14799_/S                               5.200000    5.785438   -0.585438 (VIOLATED)
_14800_/S                               5.200000    5.785438   -0.585438 (VIOLATED)
_14801_/ZN                              5.200000    5.785438   -0.585438 (VIOLATED)
_14802_/A2                              5.200000    5.785438   -0.585438 (VIOLATED)
_14803_/A2                              5.200000    5.785438   -0.585438 (VIOLATED)
_14804_/S                               5.200000    5.785438   -0.585438 (VIOLATED)
_14805_/S                               5.200000    5.785438   -0.585438 (VIOLATED)
_14806_/S                               5.200000    5.785438   -0.585438 (VIOLATED)
_14807_/S                               5.200000    5.785438   -0.585438 (VIOLATED)
_14808_/S                               5.200000    5.785438   -0.585438 (VIOLATED)
_14809_/S                               5.200000    5.785438   -0.585438 (VIOLATED)
_14810_/S                               5.200000    5.785438   -0.585438 (VIOLATED)
_14811_/S                               5.200000    5.785438   -0.585438 (VIOLATED)
_14812_/S                               5.200000    5.785438   -0.585438 (VIOLATED)
_14813_/S                               5.200000    5.785438   -0.585438 (VIOLATED)
_14814_/S                               5.200000    5.785438   -0.585438 (VIOLATED)
_14815_/S                               5.200000    5.785438   -0.585438 (VIOLATED)
_14816_/S                               5.200000    5.785438   -0.585438 (VIOLATED)
_14817_/S                               5.200000    5.785438   -0.585438 (VIOLATED)
_14818_/S                               5.200000    5.785438   -0.585438 (VIOLATED)
_14819_/S                               5.200000    5.785438   -0.585438 (VIOLATED)
_14820_/S                               5.200000    5.785438   -0.585438 (VIOLATED)
_14821_/S                               5.200000    5.785438   -0.585438 (VIOLATED)
_14822_/S                               5.200000    5.785438   -0.585438 (VIOLATED)
_14823_/S                               5.200000    5.785438   -0.585438 (VIOLATED)
_14824_/S                               5.200000    5.785438   -0.585438 (VIOLATED)
_14825_/S                               5.200000    5.785438   -0.585438 (VIOLATED)
_14826_/S                               5.200000    5.785438   -0.585438 (VIOLATED)
_14827_/S                               5.200000    5.785438   -0.585438 (VIOLATED)
_14828_/S                               5.200000    5.785438   -0.585438 (VIOLATED)
_14829_/S                               5.200000    5.785438   -0.585438 (VIOLATED)
_14830_/S                               5.200000    5.785438   -0.585438 (VIOLATED)
_14831_/S                               5.200000    5.785438   -0.585438 (VIOLATED)
_14832_/S                               5.200000    5.785438   -0.585438 (VIOLATED)
_14833_/S                               5.200000    5.785438   -0.585438 (VIOLATED)
_14834_/S                               5.200000    5.785438   -0.585438 (VIOLATED)
_14448_/ZN                              5.200000    5.578932   -0.378932 (VIOLATED)
_14453_/A2                              5.200000    5.578932   -0.378932 (VIOLATED)
_14457_/A2                              5.200000    5.578932   -0.378932 (VIOLATED)
_14465_/A2                              5.200000    5.578932   -0.378932 (VIOLATED)
_14468_/A2                              5.200000    5.578932   -0.378932 (VIOLATED)
_14475_/A2                              5.200000    5.578932   -0.378932 (VIOLATED)
_14484_/B1                              5.200000    5.578932   -0.378932 (VIOLATED)
_14488_/A2                              5.200000    5.578932   -0.378932 (VIOLATED)
_14493_/A2                              5.200000    5.578932   -0.378932 (VIOLATED)
_14501_/A2                              5.200000    5.578932   -0.378932 (VIOLATED)
_14505_/B1                              5.200000    5.578932   -0.378932 (VIOLATED)
_14509_/A2                              5.200000    5.578932   -0.378932 (VIOLATED)
_14517_/A2                              5.200000    5.578932   -0.378932 (VIOLATED)
_14520_/B1                              5.200000    5.578932   -0.378932 (VIOLATED)
_14525_/A2                              5.200000    5.578932   -0.378932 (VIOLATED)
_14531_/A2                              5.200000    5.578932   -0.378932 (VIOLATED)
_14538_/A2                              5.200000    5.578932   -0.378932 (VIOLATED)
_14543_/A2                              5.200000    5.578932   -0.378932 (VIOLATED)
_14547_/C1                              5.200000    5.578932   -0.378932 (VIOLATED)
_14556_/B1                              5.200000    5.578932   -0.378932 (VIOLATED)
_14561_/B1                              5.200000    5.578932   -0.378932 (VIOLATED)
_14565_/C1                              5.200000    5.578932   -0.378932 (VIOLATED)
_14573_/B1                              5.200000    5.578932   -0.378932 (VIOLATED)
_14577_/B1                              5.200000    5.578932   -0.378932 (VIOLATED)
_14582_/B1                              5.200000    5.578932   -0.378932 (VIOLATED)
_14586_/B1                              5.200000    5.578932   -0.378932 (VIOLATED)
_14593_/B1                              5.200000    5.578932   -0.378932 (VIOLATED)
_14599_/A2                              5.200000    5.578932   -0.378932 (VIOLATED)
_14604_/A2                              5.200000    5.578932   -0.378932 (VIOLATED)
_14607_/A2                              5.200000    5.578932   -0.378932 (VIOLATED)
_14612_/A2                              5.200000    5.578932   -0.378932 (VIOLATED)
_14620_/C1                              5.200000    5.578932   -0.378932 (VIOLATED)
_14624_/B1                              5.200000    5.578932   -0.378932 (VIOLATED)
_12090_/ZN                              5.200000    5.572719   -0.372719 (VIOLATED)
_12098_/ZN                              5.200000    5.572719   -0.372719 (VIOLATED)
_12105_/ZN                              5.200000    5.572719   -0.372719 (VIOLATED)
_12111_/ZN                              5.200000    5.572719   -0.372719 (VIOLATED)
_12118_/ZN                              5.200000    5.572719   -0.372719 (VIOLATED)
_12125_/ZN                              5.200000    5.572719   -0.372719 (VIOLATED)
_12136_/ZN                              5.200000    5.572719   -0.372719 (VIOLATED)
_12141_/ZN                              5.200000    5.572719   -0.372719 (VIOLATED)
_12146_/ZN                              5.200000    5.572719   -0.372719 (VIOLATED)
_12151_/ZN                              5.200000    5.572719   -0.372719 (VIOLATED)
_12156_/ZN                              5.200000    5.572719   -0.372719 (VIOLATED)
_12161_/ZN                              5.200000    5.572719   -0.372719 (VIOLATED)
_12166_/ZN                              5.200000    5.572719   -0.372719 (VIOLATED)
_12171_/ZN                              5.200000    5.572719   -0.372719 (VIOLATED)
_12176_/ZN                              5.200000    5.572719   -0.372719 (VIOLATED)
_12181_/ZN                              5.200000    5.572719   -0.372719 (VIOLATED)
_12186_/ZN                              5.200000    5.572719   -0.372719 (VIOLATED)
_12191_/ZN                              5.200000    5.572719   -0.372719 (VIOLATED)
_12196_/ZN                              5.200000    5.572719   -0.372719 (VIOLATED)
_12201_/ZN                              5.200000    5.572719   -0.372719 (VIOLATED)
_12206_/ZN                              5.200000    5.572719   -0.372719 (VIOLATED)
_12211_/ZN                              5.200000    5.572719   -0.372719 (VIOLATED)
_12216_/ZN                              5.200000    5.572719   -0.372719 (VIOLATED)
_12221_/ZN                              5.200000    5.572719   -0.372719 (VIOLATED)
_12226_/ZN                              5.200000    5.572719   -0.372719 (VIOLATED)
_12231_/ZN                              5.200000    5.572719   -0.372719 (VIOLATED)
_12236_/ZN                              5.200000    5.572719   -0.372719 (VIOLATED)
_12241_/ZN                              5.200000    5.572719   -0.372719 (VIOLATED)
_12246_/ZN                              5.200000    5.572719   -0.372719 (VIOLATED)
_12251_/ZN                              5.200000    5.572719   -0.372719 (VIOLATED)
_12256_/ZN                              5.200000    5.572719   -0.372719 (VIOLATED)
_12261_/ZN                              5.200000    5.572719   -0.372719 (VIOLATED)
_12266_/ZN                              5.200000    5.572719   -0.372719 (VIOLATED)
_12271_/ZN                              5.200000    5.572719   -0.372719 (VIOLATED)
_12276_/ZN                              5.200000    5.572719   -0.372719 (VIOLATED)
_12281_/ZN                              5.200000    5.572719   -0.372719 (VIOLATED)
_12286_/ZN                              5.200000    5.572719   -0.372719 (VIOLATED)
_12291_/ZN                              5.200000    5.572719   -0.372719 (VIOLATED)
_12296_/ZN                              5.200000    5.572719   -0.372719 (VIOLATED)
_12301_/ZN                              5.200000    5.572719   -0.372719 (VIOLATED)
_12306_/ZN                              5.200000    5.572719   -0.372719 (VIOLATED)
_12311_/ZN                              5.200000    5.572719   -0.372719 (VIOLATED)
_12316_/ZN                              5.200000    5.572719   -0.372719 (VIOLATED)
_12321_/ZN                              5.200000    5.572719   -0.372719 (VIOLATED)
_12326_/ZN                              5.200000    5.572719   -0.372719 (VIOLATED)
_12331_/ZN                              5.200000    5.572719   -0.372719 (VIOLATED)
_12336_/ZN                              5.200000    5.572719   -0.372719 (VIOLATED)
_12341_/ZN                              5.200000    5.572719   -0.372719 (VIOLATED)
_12346_/ZN                              5.200000    5.572719   -0.372719 (VIOLATED)
_12351_/ZN                              5.200000    5.572719   -0.372719 (VIOLATED)
_12356_/ZN                              5.200000    5.572719   -0.372719 (VIOLATED)
_12361_/ZN                              5.200000    5.572719   -0.372719 (VIOLATED)
_12366_/ZN                              5.200000    5.572719   -0.372719 (VIOLATED)
_12371_/ZN                              5.200000    5.572719   -0.372719 (VIOLATED)
_12376_/ZN                              5.200000    5.572719   -0.372719 (VIOLATED)
_12381_/ZN                              5.200000    5.572719   -0.372719 (VIOLATED)
_12386_/ZN                              5.200000    5.572719   -0.372719 (VIOLATED)
_12391_/ZN                              5.200000    5.572719   -0.372719 (VIOLATED)
_12396_/ZN                              5.200000    5.572719   -0.372719 (VIOLATED)
_12401_/ZN                              5.200000    5.572719   -0.372719 (VIOLATED)
_12406_/ZN                              5.200000    5.572719   -0.372719 (VIOLATED)
_12411_/ZN                              5.200000    5.572719   -0.372719 (VIOLATED)
_12416_/ZN                              5.200000    5.572719   -0.372719 (VIOLATED)
_15750_/ZN                              5.200000    5.572719   -0.372719 (VIOLATED)
_15754_/ZN                              5.200000    5.572719   -0.372719 (VIOLATED)
_15758_/ZN                              5.200000    5.572719   -0.372719 (VIOLATED)
_15762_/ZN                              5.200000    5.572719   -0.372719 (VIOLATED)
_15766_/ZN                              5.200000    5.572719   -0.372719 (VIOLATED)
_15770_/ZN                              5.200000    5.572719   -0.372719 (VIOLATED)
_15774_/ZN                              5.200000    5.572719   -0.372719 (VIOLATED)
_15778_/ZN                              5.200000    5.572719   -0.372719 (VIOLATED)
_16258_/ZN                              5.200000    5.572719   -0.372719 (VIOLATED)
_16262_/ZN                              5.200000    5.572719   -0.372719 (VIOLATED)
_16266_/ZN                              5.200000    5.572719   -0.372719 (VIOLATED)
_16270_/ZN                              5.200000    5.572719   -0.372719 (VIOLATED)
_16274_/ZN                              5.200000    5.572719   -0.372719 (VIOLATED)
_16278_/ZN                              5.200000    5.572719   -0.372719 (VIOLATED)
_16282_/ZN                              5.200000    5.572719   -0.372719 (VIOLATED)
_16286_/ZN                              5.200000    5.572719   -0.372719 (VIOLATED)
_16290_/ZN                              5.200000    5.572719   -0.372719 (VIOLATED)
_16294_/ZN                              5.200000    5.572719   -0.372719 (VIOLATED)
_16298_/ZN                              5.200000    5.572719   -0.372719 (VIOLATED)
_16302_/ZN                              5.200000    5.572719   -0.372719 (VIOLATED)
_16306_/ZN                              5.200000    5.572719   -0.372719 (VIOLATED)
_16310_/ZN                              5.200000    5.572719   -0.372719 (VIOLATED)
_16314_/ZN                              5.200000    5.572719   -0.372719 (VIOLATED)
_16318_/ZN                              5.200000    5.572719   -0.372719 (VIOLATED)
_16322_/ZN                              5.200000    5.572719   -0.372719 (VIOLATED)
_16326_/ZN                              5.200000    5.572719   -0.372719 (VIOLATED)
_16330_/ZN                              5.200000    5.572719   -0.372719 (VIOLATED)
_16334_/ZN                              5.200000    5.572719   -0.372719 (VIOLATED)
_16338_/ZN                              5.200000    5.572719   -0.372719 (VIOLATED)
_16342_/ZN                              5.200000    5.572719   -0.372719 (VIOLATED)
_16346_/ZN                              5.200000    5.572719   -0.372719 (VIOLATED)
_16350_/ZN                              5.200000    5.572719   -0.372719 (VIOLATED)
_16354_/ZN                              5.200000    5.572719   -0.372719 (VIOLATED)
_16358_/ZN                              5.200000    5.572719   -0.372719 (VIOLATED)
_16362_/ZN                              5.200000    5.572719   -0.372719 (VIOLATED)
_16366_/ZN                              5.200000    5.572719   -0.372719 (VIOLATED)
_16370_/ZN                              5.200000    5.572719   -0.372719 (VIOLATED)
_16374_/ZN                              5.200000    5.572719   -0.372719 (VIOLATED)
_16378_/ZN                              5.200000    5.572719   -0.372719 (VIOLATED)
_16382_/ZN                              5.200000    5.572719   -0.372719 (VIOLATED)
_16386_/ZN                              5.200000    5.572719   -0.372719 (VIOLATED)
_16390_/ZN                              5.200000    5.572719   -0.372719 (VIOLATED)
_16394_/ZN                              5.200000    5.572719   -0.372719 (VIOLATED)
_16398_/ZN                              5.200000    5.572719   -0.372719 (VIOLATED)
_16402_/ZN                              5.200000    5.572719   -0.372719 (VIOLATED)
_16406_/ZN                              5.200000    5.572719   -0.372719 (VIOLATED)
_16410_/ZN                              5.200000    5.572719   -0.372719 (VIOLATED)
_16414_/ZN                              5.200000    5.572719   -0.372719 (VIOLATED)
_16418_/ZN                              5.200000    5.572719   -0.372719 (VIOLATED)
_16422_/ZN                              5.200000    5.572719   -0.372719 (VIOLATED)
_16426_/ZN                              5.200000    5.572719   -0.372719 (VIOLATED)
_16430_/ZN                              5.200000    5.572719   -0.372719 (VIOLATED)
_16434_/ZN                              5.200000    5.572719   -0.372719 (VIOLATED)
_16438_/ZN                              5.200000    5.572719   -0.372719 (VIOLATED)
_16442_/ZN                              5.200000    5.572719   -0.372719 (VIOLATED)
_16446_/ZN                              5.200000    5.572719   -0.372719 (VIOLATED)
_16450_/ZN                              5.200000    5.572719   -0.372719 (VIOLATED)
_16454_/ZN                              5.200000    5.572719   -0.372719 (VIOLATED)
_16458_/ZN                              5.200000    5.572719   -0.372719 (VIOLATED)
_16462_/ZN                              5.200000    5.572719   -0.372719 (VIOLATED)
_16466_/ZN                              5.200000    5.572719   -0.372719 (VIOLATED)
_16470_/ZN                              5.200000    5.572719   -0.372719 (VIOLATED)
_16474_/ZN                              5.200000    5.572719   -0.372719 (VIOLATED)
_16478_/ZN                              5.200000    5.572719   -0.372719 (VIOLATED)
_16482_/ZN                              5.200000    5.572719   -0.372719 (VIOLATED)
_16486_/ZN                              5.200000    5.572719   -0.372719 (VIOLATED)
_16490_/ZN                              5.200000    5.572719   -0.372719 (VIOLATED)
_16494_/ZN                              5.200000    5.572719   -0.372719 (VIOLATED)
_16498_/ZN                              5.200000    5.572719   -0.372719 (VIOLATED)
_16502_/ZN                              5.200000    5.572719   -0.372719 (VIOLATED)
_16506_/ZN                              5.200000    5.572719   -0.372719 (VIOLATED)
_16510_/ZN                              5.200000    5.572719   -0.372719 (VIOLATED)
_18066_/D                               5.200000    5.572719   -0.372719 (VIOLATED)
_18067_/D                               5.200000    5.572719   -0.372719 (VIOLATED)
_18068_/D                               5.200000    5.572719   -0.372719 (VIOLATED)
_18069_/D                               5.200000    5.572719   -0.372719 (VIOLATED)
_18070_/D                               5.200000    5.572719   -0.372719 (VIOLATED)
_18071_/D                               5.200000    5.572719   -0.372719 (VIOLATED)
_18072_/D                               5.200000    5.572719   -0.372719 (VIOLATED)
_18073_/D                               5.200000    5.572719   -0.372719 (VIOLATED)
_18194_/D                               5.200000    5.572719   -0.372719 (VIOLATED)
_18195_/D                               5.200000    5.572719   -0.372719 (VIOLATED)
_18196_/D                               5.200000    5.572719   -0.372719 (VIOLATED)
_18197_/D                               5.200000    5.572719   -0.372719 (VIOLATED)
_18198_/D                               5.200000    5.572719   -0.372719 (VIOLATED)
_18199_/D                               5.200000    5.572719   -0.372719 (VIOLATED)
_18200_/D                               5.200000    5.572719   -0.372719 (VIOLATED)
_18201_/D                               5.200000    5.572719   -0.372719 (VIOLATED)
_18202_/D                               5.200000    5.572719   -0.372719 (VIOLATED)
_18203_/D                               5.200000    5.572719   -0.372719 (VIOLATED)
_18204_/D                               5.200000    5.572719   -0.372719 (VIOLATED)
_18205_/D                               5.200000    5.572719   -0.372719 (VIOLATED)
_18206_/D                               5.200000    5.572719   -0.372719 (VIOLATED)
_18207_/D                               5.200000    5.572719   -0.372719 (VIOLATED)
_18208_/D                               5.200000    5.572719   -0.372719 (VIOLATED)
_18209_/D                               5.200000    5.572719   -0.372719 (VIOLATED)
_18210_/D                               5.200000    5.572719   -0.372719 (VIOLATED)
_18211_/D                               5.200000    5.572719   -0.372719 (VIOLATED)
_18212_/D                               5.200000    5.572719   -0.372719 (VIOLATED)
_18213_/D                               5.200000    5.572719   -0.372719 (VIOLATED)
_18214_/D                               5.200000    5.572719   -0.372719 (VIOLATED)
_18215_/D                               5.200000    5.572719   -0.372719 (VIOLATED)
_18216_/D                               5.200000    5.572719   -0.372719 (VIOLATED)
_18217_/D                               5.200000    5.572719   -0.372719 (VIOLATED)
_18218_/D                               5.200000    5.572719   -0.372719 (VIOLATED)
_18219_/D                               5.200000    5.572719   -0.372719 (VIOLATED)
_18220_/D                               5.200000    5.572719   -0.372719 (VIOLATED)
_18221_/D                               5.200000    5.572719   -0.372719 (VIOLATED)
_18222_/D                               5.200000    5.572719   -0.372719 (VIOLATED)
_18223_/D                               5.200000    5.572719   -0.372719 (VIOLATED)
_18224_/D                               5.200000    5.572719   -0.372719 (VIOLATED)
_18225_/D                               5.200000    5.572719   -0.372719 (VIOLATED)
_18226_/D                               5.200000    5.572719   -0.372719 (VIOLATED)
_18227_/D                               5.200000    5.572719   -0.372719 (VIOLATED)
_18228_/D                               5.200000    5.572719   -0.372719 (VIOLATED)
_18229_/D                               5.200000    5.572719   -0.372719 (VIOLATED)
_18230_/D                               5.200000    5.572719   -0.372719 (VIOLATED)
_18231_/D                               5.200000    5.572719   -0.372719 (VIOLATED)
_18232_/D                               5.200000    5.572719   -0.372719 (VIOLATED)
_18233_/D                               5.200000    5.572719   -0.372719 (VIOLATED)
_18234_/D                               5.200000    5.572719   -0.372719 (VIOLATED)
_18235_/D                               5.200000    5.572719   -0.372719 (VIOLATED)
_18236_/D                               5.200000    5.572719   -0.372719 (VIOLATED)
_18237_/D                               5.200000    5.572719   -0.372719 (VIOLATED)
_18238_/D                               5.200000    5.572719   -0.372719 (VIOLATED)
_18239_/D                               5.200000    5.572719   -0.372719 (VIOLATED)
_18240_/D                               5.200000    5.572719   -0.372719 (VIOLATED)
_18241_/D                               5.200000    5.572719   -0.372719 (VIOLATED)
_18242_/D                               5.200000    5.572719   -0.372719 (VIOLATED)
_18243_/D                               5.200000    5.572719   -0.372719 (VIOLATED)
_18244_/D                               5.200000    5.572719   -0.372719 (VIOLATED)
_18245_/D                               5.200000    5.572719   -0.372719 (VIOLATED)
_18246_/D                               5.200000    5.572719   -0.372719 (VIOLATED)
_18247_/D                               5.200000    5.572719   -0.372719 (VIOLATED)
_18248_/D                               5.200000    5.572719   -0.372719 (VIOLATED)
_18249_/D                               5.200000    5.572719   -0.372719 (VIOLATED)
_18250_/D                               5.200000    5.572719   -0.372719 (VIOLATED)
_18251_/D                               5.200000    5.572719   -0.372719 (VIOLATED)
_18252_/D                               5.200000    5.572719   -0.372719 (VIOLATED)
_18253_/D                               5.200000    5.572719   -0.372719 (VIOLATED)
_18254_/D                               5.200000    5.572719   -0.372719 (VIOLATED)
_18255_/D                               5.200000    5.572719   -0.372719 (VIOLATED)
_18256_/D                               5.200000    5.572719   -0.372719 (VIOLATED)
_18257_/D                               5.200000    5.572719   -0.372719 (VIOLATED)
_18844_/D                               5.200000    5.572719   -0.372719 (VIOLATED)
_18845_/D                               5.200000    5.572719   -0.372719 (VIOLATED)
_18846_/D                               5.200000    5.572719   -0.372719 (VIOLATED)
_18847_/D                               5.200000    5.572719   -0.372719 (VIOLATED)
_18848_/D                               5.200000    5.572719   -0.372719 (VIOLATED)
_18849_/D                               5.200000    5.572719   -0.372719 (VIOLATED)
_18851_/D                               5.200000    5.572719   -0.372719 (VIOLATED)
_18852_/D                               5.200000    5.572719   -0.372719 (VIOLATED)
_18853_/D                               5.200000    5.572719   -0.372719 (VIOLATED)
_18854_/D                               5.200000    5.572719   -0.372719 (VIOLATED)
_18855_/D                               5.200000    5.572719   -0.372719 (VIOLATED)
_18856_/D                               5.200000    5.572719   -0.372719 (VIOLATED)
_18857_/D                               5.200000    5.572719   -0.372719 (VIOLATED)
_18858_/D                               5.200000    5.572719   -0.372719 (VIOLATED)
_18859_/D                               5.200000    5.572719   -0.372719 (VIOLATED)
_18860_/D                               5.200000    5.572719   -0.372719 (VIOLATED)
_18861_/D                               5.200000    5.572719   -0.372719 (VIOLATED)
_18862_/D                               5.200000    5.572719   -0.372719 (VIOLATED)
_18863_/D                               5.200000    5.572719   -0.372719 (VIOLATED)
_18864_/D                               5.200000    5.572719   -0.372719 (VIOLATED)
_18865_/D                               5.200000    5.572719   -0.372719 (VIOLATED)
_18866_/D                               5.200000    5.572719   -0.372719 (VIOLATED)
_18867_/D                               5.200000    5.572719   -0.372719 (VIOLATED)
_18868_/D                               5.200000    5.572719   -0.372719 (VIOLATED)
_18869_/D                               5.200000    5.572719   -0.372719 (VIOLATED)
_18870_/D                               5.200000    5.572719   -0.372719 (VIOLATED)
_18871_/D                               5.200000    5.572719   -0.372719 (VIOLATED)
_18872_/D                               5.200000    5.572719   -0.372719 (VIOLATED)
_18873_/D                               5.200000    5.572719   -0.372719 (VIOLATED)
_18874_/D                               5.200000    5.572719   -0.372719 (VIOLATED)
_18875_/D                               5.200000    5.572719   -0.372719 (VIOLATED)
_18876_/D                               5.200000    5.572719   -0.372719 (VIOLATED)
_18877_/D                               5.200000    5.572719   -0.372719 (VIOLATED)
_18878_/D                               5.200000    5.572719   -0.372719 (VIOLATED)
_18879_/D                               5.200000    5.572719   -0.372719 (VIOLATED)
_18880_/D                               5.200000    5.572719   -0.372719 (VIOLATED)
_18881_/D                               5.200000    5.572719   -0.372719 (VIOLATED)
_18882_/D                               5.200000    5.572719   -0.372719 (VIOLATED)
_18883_/D                               5.200000    5.572719   -0.372719 (VIOLATED)
_18884_/D                               5.200000    5.572719   -0.372719 (VIOLATED)
_18885_/D                               5.200000    5.572719   -0.372719 (VIOLATED)
_18886_/D                               5.200000    5.572719   -0.372719 (VIOLATED)
_18887_/D                               5.200000    5.572719   -0.372719 (VIOLATED)
_18888_/D                               5.200000    5.572719   -0.372719 (VIOLATED)
_18889_/D                               5.200000    5.572719   -0.372719 (VIOLATED)
_18890_/D                               5.200000    5.572719   -0.372719 (VIOLATED)
_18891_/D                               5.200000    5.572719   -0.372719 (VIOLATED)
_18892_/D                               5.200000    5.572719   -0.372719 (VIOLATED)
_18893_/D                               5.200000    5.572719   -0.372719 (VIOLATED)
_18894_/D                               5.200000    5.572719   -0.372719 (VIOLATED)
_18895_/D                               5.200000    5.572719   -0.372719 (VIOLATED)
_18896_/D                               5.200000    5.572719   -0.372719 (VIOLATED)
_18897_/D                               5.200000    5.572719   -0.372719 (VIOLATED)
_18898_/D                               5.200000    5.572719   -0.372719 (VIOLATED)
_18899_/D                               5.200000    5.572719   -0.372719 (VIOLATED)
_18900_/D                               5.200000    5.572719   -0.372719 (VIOLATED)
_18901_/D                               5.200000    5.572719   -0.372719 (VIOLATED)
_18902_/D                               5.200000    5.572719   -0.372719 (VIOLATED)
_18903_/D                               5.200000    5.572719   -0.372719 (VIOLATED)
_18904_/D                               5.200000    5.572719   -0.372719 (VIOLATED)
_18905_/D                               5.200000    5.572719   -0.372719 (VIOLATED)
_18906_/D                               5.200000    5.572719   -0.372719 (VIOLATED)
_18907_/D                               5.200000    5.572719   -0.372719 (VIOLATED)
_14445_/ZN                              5.200000    5.557523   -0.357523 (VIOLATED)
_14446_/A2                              5.200000    5.557523   -0.357523 (VIOLATED)
_14459_/B1                              5.200000    5.557523   -0.357523 (VIOLATED)
_14463_/C1                              5.200000    5.557523   -0.357523 (VIOLATED)
_14469_/C1                              5.200000    5.557523   -0.357523 (VIOLATED)
_14477_/B1                              5.200000    5.557523   -0.357523 (VIOLATED)
_14481_/A2                              5.200000    5.557523   -0.357523 (VIOLATED)
_14489_/B1                              5.200000    5.557523   -0.357523 (VIOLATED)
_14494_/B1                              5.200000    5.557523   -0.357523 (VIOLATED)
_14499_/A2                              5.200000    5.557523   -0.357523 (VIOLATED)
_14503_/A2                              5.200000    5.557523   -0.357523 (VIOLATED)
_14511_/B1                              5.200000    5.557523   -0.357523 (VIOLATED)
_14515_/C1                              5.200000    5.557523   -0.357523 (VIOLATED)
_14520_/A2                              5.200000    5.557523   -0.357523 (VIOLATED)
_14527_/B1                              5.200000    5.557523   -0.357523 (VIOLATED)
_14532_/C1                              5.200000    5.557523   -0.357523 (VIOLATED)
_14537_/C1                              5.200000    5.557523   -0.357523 (VIOLATED)
_14544_/B1                              5.200000    5.557523   -0.357523 (VIOLATED)
_14549_/B1                              5.200000    5.557523   -0.357523 (VIOLATED)
_14554_/A2                              5.200000    5.557523   -0.357523 (VIOLATED)
_14559_/A2                              5.200000    5.557523   -0.357523 (VIOLATED)
_14566_/B1                              5.200000    5.557523   -0.357523 (VIOLATED)
_14573_/A2                              5.200000    5.557523   -0.357523 (VIOLATED)
_14578_/B1                              5.200000    5.557523   -0.357523 (VIOLATED)
_14582_/A2                              5.200000    5.557523   -0.357523 (VIOLATED)
_14586_/A2                              5.200000    5.557523   -0.357523 (VIOLATED)
_14591_/A2                              5.200000    5.557523   -0.357523 (VIOLATED)
_14597_/A2                              5.200000    5.557523   -0.357523 (VIOLATED)
_14602_/C1                              5.200000    5.557523   -0.357523 (VIOLATED)
_14608_/C1                              5.200000    5.557523   -0.357523 (VIOLATED)
_14614_/B1                              5.200000    5.557523   -0.357523 (VIOLATED)
_14621_/A2                              5.200000    5.557523   -0.357523 (VIOLATED)
_14625_/A2                              5.200000    5.557523   -0.357523 (VIOLATED)
_09754_/ZN                              5.200000    5.329261   -0.129261 (VIOLATED)
_09762_/A3                              5.200000    5.329261   -0.129261 (VIOLATED)
_09773_/B2                              5.200000    5.329261   -0.129261 (VIOLATED)
_09782_/B2                              5.200000    5.329261   -0.129261 (VIOLATED)
_09792_/B2                              5.200000    5.329261   -0.129261 (VIOLATED)
_09813_/B2                              5.200000    5.329261   -0.129261 (VIOLATED)
_09823_/B2                              5.200000    5.329261   -0.129261 (VIOLATED)
_09832_/B2                              5.200000    5.329261   -0.129261 (VIOLATED)
_09841_/B2                              5.200000    5.329261   -0.129261 (VIOLATED)
_09859_/B2                              5.200000    5.329261   -0.129261 (VIOLATED)
_09867_/B2                              5.200000    5.329261   -0.129261 (VIOLATED)
_09875_/B2                              5.200000    5.329261   -0.129261 (VIOLATED)
_09883_/A1                              5.200000    5.329261   -0.129261 (VIOLATED)
_09891_/A1                              5.200000    5.329261   -0.129261 (VIOLATED)
_09899_/B2                              5.200000    5.329261   -0.129261 (VIOLATED)
_09907_/B2                              5.200000    5.329261   -0.129261 (VIOLATED)
_09915_/B2                              5.200000    5.329261   -0.129261 (VIOLATED)
_09923_/B2                              5.200000    5.329261   -0.129261 (VIOLATED)
_09931_/A1                              5.200000    5.329261   -0.129261 (VIOLATED)
_09939_/B2                              5.200000    5.329261   -0.129261 (VIOLATED)
_09947_/B2                              5.200000    5.329261   -0.129261 (VIOLATED)
_09955_/B2                              5.200000    5.329261   -0.129261 (VIOLATED)
_09963_/A1                              5.200000    5.329261   -0.129261 (VIOLATED)
_09980_/B2                              5.200000    5.329261   -0.129261 (VIOLATED)
_09988_/B2                              5.200000    5.329261   -0.129261 (VIOLATED)
_09996_/A1                              5.200000    5.329261   -0.129261 (VIOLATED)
_10004_/B2                              5.200000    5.329261   -0.129261 (VIOLATED)
_10012_/B2                              5.200000    5.329261   -0.129261 (VIOLATED)
_10020_/A1                              5.200000    5.329261   -0.129261 (VIOLATED)
_10028_/B2                              5.200000    5.329261   -0.129261 (VIOLATED)
_10036_/A1                              5.200000    5.329261   -0.129261 (VIOLATED)
_10044_/B2                              5.200000    5.329261   -0.129261 (VIOLATED)
_10052_/B2                              5.200000    5.329261   -0.129261 (VIOLATED)
_10060_/A1                              5.200000    5.329261   -0.129261 (VIOLATED)
_10069_/A1                              5.200000    5.329261   -0.129261 (VIOLATED)
_10076_/B2                              5.200000    5.329261   -0.129261 (VIOLATED)
_10084_/B2                              5.200000    5.329261   -0.129261 (VIOLATED)
_10093_/A1                              5.200000    5.329261   -0.129261 (VIOLATED)
_10101_/A1                              5.200000    5.329261   -0.129261 (VIOLATED)
_10108_/B2                              5.200000    5.329261   -0.129261 (VIOLATED)
_10116_/B2                              5.200000    5.329261   -0.129261 (VIOLATED)
_10124_/A1                              5.200000    5.329261   -0.129261 (VIOLATED)
_10132_/B2                              5.200000    5.329261   -0.129261 (VIOLATED)
_10140_/B2                              5.200000    5.329261   -0.129261 (VIOLATED)
_10149_/A1                              5.200000    5.329261   -0.129261 (VIOLATED)
_10155_/A1                              5.200000    5.329261   -0.129261 (VIOLATED)
_10162_/B2                              5.200000    5.329261   -0.129261 (VIOLATED)
_10169_/B2                              5.200000    5.329261   -0.129261 (VIOLATED)
_10176_/B2                              5.200000    5.329261   -0.129261 (VIOLATED)
_10183_/A1                              5.200000    5.329261   -0.129261 (VIOLATED)
_10190_/A1                              5.200000    5.329261   -0.129261 (VIOLATED)
_10197_/B2                              5.200000    5.329261   -0.129261 (VIOLATED)
_10204_/B2                              5.200000    5.329261   -0.129261 (VIOLATED)
_10211_/B2                              5.200000    5.329261   -0.129261 (VIOLATED)
_10219_/A1                              5.200000    5.329261   -0.129261 (VIOLATED)
_10226_/A1                              5.200000    5.329261   -0.129261 (VIOLATED)
_10232_/B2                              5.200000    5.329261   -0.129261 (VIOLATED)
_10239_/A1                              5.200000    5.329261   -0.129261 (VIOLATED)
_10246_/B2                              5.200000    5.329261   -0.129261 (VIOLATED)
_10253_/A1                              5.200000    5.329261   -0.129261 (VIOLATED)
_10260_/B2                              5.200000    5.329261   -0.129261 (VIOLATED)
_10267_/A1                              5.200000    5.329261   -0.129261 (VIOLATED)
_10720_/B2                              5.200000    5.329261   -0.129261 (VIOLATED)
_12422_/ZN                              5.200000    5.267490   -0.067491 (VIOLATED)
_12423_/B2                              5.200000    5.267490   -0.067491 (VIOLATED)
_12429_/ZN                              5.200000    5.267490   -0.067491 (VIOLATED)
_12430_/B2                              5.200000    5.267490   -0.067491 (VIOLATED)
_12435_/ZN                              5.200000    5.267490   -0.067491 (VIOLATED)
_12436_/B2                              5.200000    5.267490   -0.067491 (VIOLATED)
_12441_/ZN                              5.200000    5.267490   -0.067491 (VIOLATED)
_12442_/B2                              5.200000    5.267490   -0.067491 (VIOLATED)
_12447_/ZN                              5.200000    5.267490   -0.067491 (VIOLATED)
_12448_/B2                              5.200000    5.267490   -0.067491 (VIOLATED)
_12453_/ZN                              5.200000    5.267490   -0.067491 (VIOLATED)
_12454_/B2                              5.200000    5.267490   -0.067491 (VIOLATED)
_12459_/ZN                              5.200000    5.267490   -0.067491 (VIOLATED)
_12460_/B2                              5.200000    5.267490   -0.067491 (VIOLATED)
_12465_/ZN                              5.200000    5.267490   -0.067491 (VIOLATED)
_12466_/B2                              5.200000    5.267490   -0.067491 (VIOLATED)
_13000_/ZN                              5.200000    5.267490   -0.067491 (VIOLATED)
_13001_/B2                              5.200000    5.267490   -0.067491 (VIOLATED)
_13005_/ZN                              5.200000    5.267490   -0.067491 (VIOLATED)
_13006_/B2                              5.200000    5.267490   -0.067491 (VIOLATED)
_13016_/ZN                              5.200000    5.267490   -0.067491 (VIOLATED)
_13017_/B2                              5.200000    5.267490   -0.067491 (VIOLATED)
_13027_/ZN                              5.200000    5.267490   -0.067491 (VIOLATED)
_13028_/B2                              5.200000    5.267490   -0.067491 (VIOLATED)
_13032_/ZN                              5.200000    5.267490   -0.067491 (VIOLATED)
_13033_/B2                              5.200000    5.267490   -0.067491 (VIOLATED)
_13044_/ZN                              5.200000    5.267490   -0.067491 (VIOLATED)
_13045_/B2                              5.200000    5.267490   -0.067491 (VIOLATED)
_13050_/ZN                              5.200000    5.267490   -0.067491 (VIOLATED)
_13051_/B2                              5.200000    5.267490   -0.067491 (VIOLATED)
_13056_/ZN                              5.200000    5.267490   -0.067491 (VIOLATED)
_13057_/B2                              5.200000    5.267490   -0.067491 (VIOLATED)
_13062_/ZN                              5.200000    5.267490   -0.067491 (VIOLATED)
_13063_/B2                              5.200000    5.267490   -0.067491 (VIOLATED)
_13068_/ZN                              5.200000    5.267490   -0.067491 (VIOLATED)
_13069_/B2                              5.200000    5.267490   -0.067491 (VIOLATED)
_13074_/ZN                              5.200000    5.267490   -0.067491 (VIOLATED)
_13075_/B2                              5.200000    5.267490   -0.067491 (VIOLATED)
_13080_/ZN                              5.200000    5.267490   -0.067491 (VIOLATED)
_13081_/B2                              5.200000    5.267490   -0.067491 (VIOLATED)
_13085_/ZN                              5.200000    5.267490   -0.067491 (VIOLATED)
_13086_/B2                              5.200000    5.267490   -0.067491 (VIOLATED)
_13200_/ZN                              5.200000    5.267490   -0.067491 (VIOLATED)
_13201_/B2                              5.200000    5.267490   -0.067491 (VIOLATED)
_13206_/ZN                              5.200000    5.267490   -0.067491 (VIOLATED)
_13207_/B2                              5.200000    5.267490   -0.067491 (VIOLATED)
_12870_/ZN                              5.200000    5.200471   -0.000472 (VIOLATED)
_12876_/A2                              5.200000    5.200471   -0.000472 (VIOLATED)
_12879_/A1                              5.200000    5.200471   -0.000472 (VIOLATED)
_12880_/A2                              5.200000    5.200471   -0.000472 (VIOLATED)
_12887_/A2                              5.200000    5.200471   -0.000472 (VIOLATED)
_12899_/A2                              5.200000    5.200471   -0.000472 (VIOLATED)
_12901_/A2                              5.200000    5.200471   -0.000472 (VIOLATED)
_12912_/A2                              5.200000    5.200471   -0.000472 (VIOLATED)
_12914_/A2                              5.200000    5.200471   -0.000472 (VIOLATED)
_12925_/A2                              5.200000    5.200471   -0.000472 (VIOLATED)
_13443_/A1                              5.200000    5.200471   -0.000472 (VIOLATED)
_13446_/A1                              5.200000    5.200471   -0.000472 (VIOLATED)
_13449_/A1                              5.200000    5.200471   -0.000472 (VIOLATED)
_13452_/A1                              5.200000    5.200471   -0.000472 (VIOLATED)
_13455_/A1                              5.200000    5.200471   -0.000472 (VIOLATED)
_13458_/A1                              5.200000    5.200471   -0.000472 (VIOLATED)
_13461_/A1                              5.200000    5.200471   -0.000472 (VIOLATED)
_13464_/A1                              5.200000    5.200471   -0.000472 (VIOLATED)
_16610_/A2                              5.200000    5.200471   -0.000472 (VIOLATED)
_16611_/A2                              5.200000    5.200471   -0.000472 (VIOLATED)
_16621_/A3                              5.200000    5.200471   -0.000472 (VIOLATED)
_16633_/A2                              5.200000    5.200471   -0.000472 (VIOLATED)
_16643_/A3                              5.200000    5.200471   -0.000472 (VIOLATED)
_16655_/A2                              5.200000    5.200471   -0.000472 (VIOLATED)
_16666_/A2                              5.200000    5.200471   -0.000472 (VIOLATED)
_16677_/A2                              5.200000    5.200471   -0.000472 (VIOLATED)
_16688_/A2                              5.200000    5.200471   -0.000472 (VIOLATED)

max capacitance

Pin                                        Limit         Cap       Slack
------------------------------------------------------------------------
_16858_/Q                               0.355000   17.758554  -17.403555 (VIOLATED)
_08765_/Z                               0.356100    2.559063   -2.202963 (VIOLATED)
_08889_/ZN                              0.131800    1.514208   -1.382408 (VIOLATED)
_08766_/ZN                              0.343000    1.419982   -1.076982 (VIOLATED)
_08890_/Z                               0.356000    1.401296   -1.045296 (VIOLATED)
_19432_/Q                               0.355000    1.275041   -0.920041 (VIOLATED)
_19431_/Q                               0.355000    1.265952   -0.910952 (VIOLATED)
_17692_/Q                               0.355000    1.195919   -0.840919 (VIOLATED)
_08896_/Z                               0.355600    1.181464   -0.825864 (VIOLATED)
_08897_/Z                               0.355600    1.172842   -0.817242 (VIOLATED)
_08882_/ZN                              0.192000    0.828848   -0.636848 (VIOLATED)
_08893_/ZN                              0.227300    0.845685   -0.618385 (VIOLATED)
_16856_/Q                               0.355000    0.916517   -0.561517 (VIOLATED)
_08883_/ZN                              0.317800    0.677868   -0.360068 (VIOLATED)
_08717_/ZN                              0.276500    0.619031   -0.342531 (VIOLATED)
_08724_/ZN                              0.343000    0.670288   -0.327288 (VIOLATED)
_09300_/ZN                              0.317800    0.596597   -0.278797 (VIOLATED)
_09758_/Z                               0.356000    0.620688   -0.264688 (VIOLATED)
_08723_/ZN                              0.317800    0.576129   -0.258329 (VIOLATED)
_09294_/ZN                              0.099120    0.325958   -0.226838 (VIOLATED)
_09762_/ZN                              0.276500    0.488535   -0.212035 (VIOLATED)
_09760_/ZN                              0.317800    0.500853   -0.183053 (VIOLATED)
_09753_/ZN                              0.131800    0.308693   -0.176893 (VIOLATED)
_10275_/ZN                              0.130400    0.302242   -0.171842 (VIOLATED)
_09296_/ZN                              0.130400    0.291200   -0.160800 (VIOLATED)
_14405_/ZN                              0.192000    0.315456   -0.123456 (VIOLATED)
_15007_/ZN                              0.192000    0.314431   -0.122431 (VIOLATED)
_08742_/ZN                              0.276500    0.378823   -0.102323 (VIOLATED)
_08769_/ZN                              0.192000    0.293800   -0.101800 (VIOLATED)
_08895_/ZN                              0.276500    0.377900   -0.101400 (VIOLATED)
_09297_/ZN                              0.191500    0.283776   -0.092276 (VIOLATED)
_14186_/ZN                              0.276500    0.368190   -0.091690 (VIOLATED)
_14051_/ZN                              0.191500    0.275004   -0.083504 (VIOLATED)
_09295_/ZN                              0.227300    0.310530   -0.083230 (VIOLATED)
_14236_/ZN                              0.276500    0.320133   -0.043633 (VIOLATED)
_08761_/ZN                              0.276500    0.320037   -0.043537 (VIOLATED)
_14733_/ZN                              0.276500    0.315456   -0.038956 (VIOLATED)
_14835_/ZN                              0.276500    0.315456   -0.038956 (VIOLATED)
_14767_/ZN                              0.276500    0.314732   -0.038232 (VIOLATED)
_14801_/ZN                              0.276500    0.314732   -0.038232 (VIOLATED)
_08777_/ZN                              0.131800    0.151882   -0.020082 (VIOLATED)
_14448_/ZN                              0.131800    0.145660   -0.013860 (VIOLATED)
_14445_/ZN                              0.131800    0.145018   -0.013218 (VIOLATED)
_09754_/ZN                              0.276500    0.289289   -0.012789 (VIOLATED)
_12870_/ZN                              0.116700    0.119421   -0.002721 (VIOLATED)
_15440_/ZN                              0.317800    0.319096   -0.001296 (VIOLATED)



===========================================================================
report_parasitic_annotation -report_unannotated
============================================================================
Found 11057 unannotated drivers.
 clk_IN
 cs_n_IN
 miso_IN
 mosi_IN
 rst_n_IN
 sclk_IN
 _08425_/ZN
 _08426_/ZN
 _08427_/ZN
 _08428_/ZN
 _08429_/ZN
 _08430_/ZN
 _08431_/ZN
 _08432_/ZN
 _08433_/ZN
 _08434_/ZN
 _08435_/ZN
 _08436_/ZN
 _08437_/ZN
 _08438_/ZN
 _08439_/ZN
 _08440_/ZN
 _08441_/ZN
 _08442_/ZN
 _08443_/ZN
 _08444_/ZN
 _08445_/ZN
 _08446_/ZN
 _08447_/ZN
 _08448_/ZN
 _08449_/ZN
 _08450_/ZN
 _08451_/ZN
 _08452_/ZN
 _08453_/ZN
 _08454_/ZN
 _08455_/ZN
 _08456_/ZN
 _08457_/ZN
 _08458_/ZN
 _08459_/ZN
 _08460_/ZN
 _08461_/ZN
 _08462_/ZN
 _08463_/ZN
 _08464_/ZN
 _08465_/ZN
 _08466_/ZN
 _08467_/ZN
 _08468_/ZN
 _08469_/ZN
 _08470_/ZN
 _08471_/ZN
 _08472_/ZN
 _08473_/ZN
 _08474_/ZN
 _08475_/ZN
 _08476_/ZN
 _08477_/ZN
 _08478_/ZN
 _08479_/ZN
 _08480_/ZN
 _08481_/ZN
 _08482_/ZN
 _08483_/ZN
 _08484_/ZN
 _08485_/ZN
 _08486_/ZN
 _08487_/ZN
 _08488_/ZN
 _08489_/ZN
 _08490_/ZN
 _08491_/ZN
 _08492_/ZN
 _08493_/ZN
 _08494_/ZN
 _08495_/ZN
 _08496_/ZN
 _08497_/ZN
 _08498_/ZN
 _08499_/ZN
 _08500_/ZN
 _08501_/ZN
 _08502_/ZN
 _08503_/ZN
 _08504_/ZN
 _08505_/ZN
 _08506_/ZN
 _08507_/ZN
 _08508_/ZN
 _08509_/ZN
 _08510_/ZN
 _08511_/ZN
 _08512_/ZN
 _08513_/ZN
 _08514_/ZN
 _08515_/ZN
 _08516_/ZN
 _08517_/ZN
 _08518_/ZN
 _08519_/ZN
 _08520_/ZN
 _08521_/ZN
 _08522_/ZN
 _08523_/ZN
 _08524_/ZN
 _08525_/ZN
 _08526_/ZN
 _08527_/ZN
 _08528_/ZN
 _08529_/ZN
 _08530_/ZN
 _08531_/ZN
 _08532_/ZN
 _08533_/ZN
 _08534_/ZN
 _08535_/ZN
 _08536_/ZN
 _08537_/ZN
 _08538_/ZN
 _08539_/ZN
 _08540_/ZN
 _08541_/ZN
 _08542_/ZN
 _08543_/ZN
 _08544_/ZN
 _08545_/ZN
 _08546_/ZN
 _08547_/ZN
 _08548_/ZN
 _08549_/ZN
 _08550_/ZN
 _08551_/ZN
 _08552_/ZN
 _08553_/ZN
 _08554_/ZN
 _08555_/ZN
 _08556_/ZN
 _08557_/ZN
 _08558_/ZN
 _08559_/ZN
 _08560_/ZN
 _08561_/ZN
 _08562_/ZN
 _08563_/ZN
 _08564_/ZN
 _08565_/ZN
 _08566_/ZN
 _08567_/ZN
 _08568_/ZN
 _08569_/ZN
 _08570_/ZN
 _08571_/ZN
 _08572_/ZN
 _08573_/ZN
 _08574_/ZN
 _08575_/ZN
 _08576_/ZN
 _08577_/ZN
 _08578_/ZN
 _08579_/ZN
 _08580_/ZN
 _08581_/ZN
 _08582_/ZN
 _08583_/ZN
 _08584_/ZN
 _08585_/ZN
 _08586_/ZN
 _08587_/ZN
 _08588_/ZN
 _08589_/ZN
 _08590_/ZN
 _08591_/ZN
 _08592_/ZN
 _08593_/ZN
 _08594_/ZN
 _08595_/ZN
 _08596_/ZN
 _08597_/ZN
 _08598_/ZN
 _08599_/ZN
 _08600_/ZN
 _08601_/ZN
 _08602_/ZN
 _08603_/ZN
 _08604_/ZN
 _08605_/ZN
 _08606_/ZN
 _08607_/ZN
 _08608_/ZN
 _08609_/ZN
 _08610_/ZN
 _08611_/ZN
 _08612_/ZN
 _08613_/ZN
 _08614_/ZN
 _08615_/ZN
 _08616_/ZN
 _08617_/ZN
 _08618_/ZN
 _08619_/ZN
 _08620_/ZN
 _08621_/ZN
 _08622_/ZN
 _08623_/ZN
 _08624_/ZN
 _08625_/ZN
 _08626_/ZN
 _08627_/ZN
 _08628_/ZN
 _08629_/ZN
 _08630_/ZN
 _08631_/ZN
 _08632_/ZN
 _08633_/ZN
 _08634_/ZN
 _08635_/ZN
 _08636_/ZN
 _08637_/ZN
 _08638_/ZN
 _08639_/ZN
 _08640_/ZN
 _08641_/ZN
 _08642_/ZN
 _08643_/ZN
 _08644_/ZN
 _08645_/ZN
 _08646_/ZN
 _08647_/ZN
 _08648_/ZN
 _08649_/ZN
 _08650_/ZN
 _08651_/ZN
 _08652_/ZN
 _08653_/ZN
 _08654_/ZN
 _08655_/ZN
 _08656_/ZN
 _08657_/ZN
 _08658_/ZN
 _08659_/ZN
 _08660_/ZN
 _08661_/ZN
 _08662_/ZN
 _08663_/ZN
 _08664_/ZN
 _08665_/ZN
 _08666_/ZN
 _08667_/ZN
 _08668_/ZN
 _08669_/ZN
 _08670_/ZN
 _08671_/ZN
 _08672_/ZN
 _08673_/ZN
 _08674_/ZN
 _08675_/ZN
 _08676_/ZN
 _08677_/ZN
 _08678_/ZN
 _08679_/ZN
 _08680_/ZN
 _08681_/ZN
 _08682_/ZN
 _08683_/ZN
 _08684_/ZN
 _08685_/ZN
 _08686_/ZN
 _08687_/ZN
 _08688_/ZN
 _08689_/ZN
 _08690_/ZN
 _08691_/ZN
 _08692_/ZN
 _08693_/ZN
 _08694_/ZN
 _08695_/ZN
 _08696_/ZN
 _08697_/ZN
 _08698_/ZN
 _08699_/ZN
 _08700_/ZN
 _08701_/ZN
 _08702_/ZN
 _08703_/ZN
 _08704_/ZN
 _08705_/ZN
 _08706_/ZN
 _08707_/ZN
 _08708_/ZN
 _08709_/ZN
 _08710_/ZN
 _08711_/ZN
 _08712_/ZN
 _08713_/Z
 _08714_/ZN
 _08715_/Z
 _08716_/ZN
 _08717_/ZN
 _08718_/ZN
 _08719_/Z
 _08720_/ZN
 _08721_/ZN
 _08722_/ZN
 _08723_/ZN
 _08724_/ZN
 _08725_/Z
 _08726_/ZN
 _08727_/Z
 _08728_/Z
 _08729_/ZN
 _08730_/ZN
 _08731_/ZN
 _08732_/ZN
 _08733_/ZN
 _08734_/ZN
 _08735_/ZN
 _08736_/ZN
 _08737_/ZN
 _08738_/ZN
 _08739_/ZN
 _08740_/ZN
 _08741_/ZN
 _08742_/ZN
 _08743_/ZN
 _08744_/ZN
 _08745_/ZN
 _08746_/ZN
 _08747_/ZN
 _08748_/ZN
 _08749_/ZN
 _08750_/ZN
 _08751_/ZN
 _08752_/ZN
 _08753_/ZN
 _08754_/ZN
 _08755_/Z
 _08756_/ZN
 _08757_/ZN
 _08758_/ZN
 _08759_/ZN
 _08760_/Z
 _08761_/ZN
 _08762_/ZN
 _08763_/ZN
 _08764_/ZN
 _08765_/Z
 _08766_/ZN
 _08767_/ZN
 _08768_/Z
 _08769_/ZN
 _08770_/ZN
 _08771_/ZN
 _08772_/ZN
 _08773_/ZN
 _08774_/ZN
 _08775_/ZN
 _08776_/ZN
 _08777_/ZN
 _08778_/ZN
 _08779_/ZN
 _08780_/ZN
 _08781_/ZN
 _08782_/ZN
 _08783_/ZN
 _08784_/ZN
 _08785_/ZN
 _08786_/Z
 _08787_/Z
 _08788_/Z
 _08789_/Z
 _08790_/Z
 _08791_/Z
 _08792_/Z
 _08793_/ZN
 _08794_/Z
 _08795_/Z
 _08796_/Z
 _08797_/Z
 _08798_/Z
 _08799_/Z
 _08800_/Z
 _08801_/Z
 _08802_/Z
 _08803_/Z
 _08804_/Z
 _08805_/Z
 _08806_/Z
 _08807_/Z
 _08808_/Z
 _08809_/Z
 _08810_/Z
 _08811_/Z
 _08812_/Z
 _08813_/Z
 _08814_/Z
 _08815_/Z
 _08816_/Z
 _08817_/Z
 _08818_/Z
 _08819_/Z
 _08820_/Z
 _08821_/Z
 _08822_/Z
 _08823_/Z
 _08824_/ZN
 _08825_/ZN
 _08826_/Z
 _08827_/ZN
 _08828_/Z
 _08829_/ZN
 _08830_/ZN
 _08831_/ZN
 _08832_/Z
 _08833_/ZN
 _08834_/ZN
 _08835_/ZN
 _08836_/ZN
 _08837_/ZN
 _08838_/ZN
 _08839_/ZN
 _08840_/ZN
 _08841_/ZN
 _08842_/Z
 _08843_/ZN
 _08844_/Z
 _08845_/ZN
 _08846_/ZN
 _08847_/ZN
 _08848_/ZN
 _08849_/ZN
 _08850_/Z
 _08851_/ZN
 _08852_/ZN
 _08853_/ZN
 _08854_/ZN
 _08855_/Z
 _08856_/Z
 _08857_/ZN
 _08858_/ZN
 _08859_/ZN
 _08860_/ZN
 _08861_/ZN
 _08862_/ZN
 _08863_/ZN
 _08864_/Z
 _08865_/ZN
 _08866_/ZN
 _08867_/Z
 _08868_/ZN
 _08869_/ZN
 _08870_/ZN
 _08871_/Z
 _08872_/ZN
 _08873_/ZN
 _08874_/ZN
 _08875_/Z
 _08876_/Z
 _08877_/Z
 _08878_/Z
 _08879_/Z
 _08880_/ZN
 _08881_/Z
 _08882_/ZN
 _08883_/ZN
 _08884_/ZN
 _08885_/ZN
 _08886_/ZN
 _08887_/ZN
 _08888_/ZN
 _08889_/ZN
 _08890_/Z
 _08891_/ZN
 _08892_/Z
 _08893_/ZN
 _08894_/ZN
 _08895_/ZN
 _08896_/Z
 _08897_/Z
 _08898_/ZN
 _08899_/ZN
 _08900_/ZN
 _08901_/Z
 _08902_/ZN
 _08903_/ZN
 _08904_/Z
 _08905_/ZN
 _08906_/Z
 _08907_/ZN
 _08908_/ZN
 _08909_/ZN
 _08910_/ZN
 _08911_/Z
 _08912_/ZN
 _08913_/ZN
 _08914_/ZN
 _08915_/ZN
 _08916_/ZN
 _08917_/Z
 _08918_/ZN
 _08919_/Z
 _08920_/ZN
 _08921_/ZN
 _08922_/ZN
 _08923_/ZN
 _08924_/ZN
 _08925_/Z
 _08926_/ZN
 _08927_/ZN
 _08928_/ZN
 _08929_/ZN
 _08930_/ZN
 _08931_/ZN
 _08932_/Z
 _08933_/Z
 _08934_/Z
 _08935_/ZN
 _08936_/ZN
 _08937_/ZN
 _08938_/ZN
 _08939_/Z
 _08940_/ZN
 _08941_/ZN
 _08942_/ZN
 _08943_/ZN
 _08944_/ZN
 _08945_/ZN
 _08946_/Z
 _08947_/Z
 _08948_/ZN
 _08949_/ZN
 _08950_/ZN
 _08951_/ZN
 _08952_/ZN
 _08953_/Z
 _08954_/ZN
 _08955_/ZN
 _08956_/ZN
 _08957_/ZN
 _08958_/ZN
 _08959_/Z
 _08960_/Z
 _08961_/Z
 _08962_/ZN
 _08963_/ZN
 _08964_/ZN
 _08965_/ZN
 _08966_/Z
 _08967_/ZN
 _08968_/ZN
 _08969_/ZN
 _08970_/ZN
 _08971_/ZN
 _08972_/Z
 _08973_/Z
 _08974_/Z
 _08975_/ZN
 _08976_/ZN
 _08977_/ZN
 _08978_/ZN
 _08979_/Z
 _08980_/ZN
 _08981_/ZN
 _08982_/ZN
 _08983_/ZN
 _08984_/ZN
 _08985_/ZN
 _08986_/Z
 _08987_/Z
 _08988_/Z
 _08989_/ZN
 _08990_/ZN
 _08991_/ZN
 _08992_/Z
 _08993_/ZN
 _08994_/Z
 _08995_/Z
 _08996_/ZN
 _08997_/ZN
 _08998_/Z
 _08999_/Z
 _09000_/Z
 _09001_/ZN
 _09002_/ZN
 _09003_/ZN
 _09004_/ZN
 _09005_/ZN
 _09006_/Z
 _09007_/ZN
 _09008_/Z
 _09009_/ZN
 _09010_/Z
 _09011_/ZN
 _09012_/ZN
 _09013_/ZN
 _09014_/ZN
 _09015_/ZN
 _09016_/Z
 _09017_/Z
 _09018_/Z
 _09019_/ZN
 _09020_/ZN
 _09021_/Z
 _09022_/ZN
 _09023_/Z
 _09024_/ZN
 _09025_/Z
 _09026_/ZN
 _09027_/Z
 _09028_/Z
 _09029_/Z
 _09030_/ZN
 _09031_/ZN
 _09032_/Z
 _09033_/ZN
 _09034_/Z
 _09035_/ZN
 _09036_/Z
 _09037_/ZN
 _09038_/ZN
 _09039_/ZN
 _09040_/ZN
 _09041_/Z
 _09042_/ZN
 _09043_/ZN
 _09044_/ZN
 _09045_/ZN
 _09046_/ZN
 _09047_/Z
 _09048_/ZN
 _09049_/ZN
 _09050_/ZN
 _09051_/Z
 _09052_/ZN
 _09053_/ZN
 _09054_/Z
 _09055_/ZN
 _09056_/ZN
 _09057_/ZN
 _09058_/ZN
 _09059_/ZN
 _09060_/ZN
 _09061_/ZN
 _09062_/Z
 _09063_/Z
 _09064_/Z
 _09065_/Z
 _09066_/ZN
 _09067_/Z
 _09068_/ZN
 _09069_/ZN
 _09070_/ZN
 _09071_/ZN
 _09072_/ZN
 _09073_/ZN
 _09074_/ZN
 _09075_/Z
 _09076_/ZN
 _09077_/ZN
 _09078_/ZN
 _09079_/Z
 _09080_/Z
 _09081_/ZN
 _09082_/ZN
 _09083_/ZN
 _09084_/ZN
 _09085_/ZN
 _09086_/ZN
 _09087_/ZN
 _09088_/Z
 _09089_/ZN
 _09090_/ZN
 _09091_/Z
 _09092_/Z
 _09093_/ZN
 _09094_/ZN
 _09095_/ZN
 _09096_/ZN
 _09097_/ZN
 _09098_/ZN
 _09099_/Z
 _09100_/ZN
 _09101_/ZN
 _09102_/ZN
 _09103_/ZN
 _09104_/ZN
 _09105_/ZN
 _09106_/ZN
 _09107_/ZN
 _09108_/ZN
 _09109_/ZN
 _09110_/ZN
 _09111_/ZN
 _09112_/ZN
 _09113_/Z
 _09114_/ZN
 _09115_/ZN
 _09116_/ZN
 _09117_/ZN
 _09118_/ZN
 _09119_/ZN
 _09120_/Z
 _09121_/Z
 _09122_/ZN
 _09123_/ZN
 _09124_/ZN
 _09125_/ZN
 _09126_/Z
 _09127_/ZN
 _09128_/Z
 _09129_/Z
 _09130_/ZN
 _09131_/ZN
 _09132_/ZN
 _09133_/ZN
 _09134_/ZN
 _09135_/ZN
 _09136_/ZN
 _09137_/Z
 _09138_/Z
 _09139_/ZN
 _09140_/ZN
 _09141_/ZN
 _09142_/ZN
 _09143_/Z
 _09144_/Z
 _09145_/Z
 _09146_/ZN
 _09147_/ZN
 _09148_/ZN
 _09149_/ZN
 _09150_/ZN
 _09151_/ZN
 _09152_/ZN
 _09153_/ZN
 _09154_/ZN
 _09155_/Z
 _09156_/ZN
 _09157_/ZN
 _09158_/ZN
 _09159_/ZN
 _09160_/Z
 _09161_/Z
 _09162_/ZN
 _09163_/ZN
 _09164_/ZN
 _09165_/Z
 _09166_/ZN
 _09167_/ZN
 _09168_/ZN
 _09169_/ZN
 _09170_/Z
 _09171_/Z
 _09172_/ZN
 _09173_/ZN
 _09174_/ZN
 _09175_/ZN
 _09176_/Z
 _09177_/Z
 _09178_/Z
 _09179_/ZN
 _09180_/ZN
 _09181_/ZN
 _09182_/ZN
 _09183_/ZN
 _09184_/ZN
 _09185_/Z
 _09186_/Z
 _09187_/ZN
 _09188_/ZN
 _09189_/ZN
 _09190_/ZN
 _09191_/Z
 _09192_/Z
 _09193_/Z
 _09194_/ZN
 _09195_/ZN
 _09196_/ZN
 _09197_/ZN
 _09198_/ZN
 _09199_/ZN
 _09200_/ZN
 _09201_/Z
 _09202_/Z
 _09203_/ZN
 _09204_/ZN
 _09205_/ZN
 _09206_/ZN
 _09207_/Z
 _09208_/Z
 _09209_/ZN
 _09210_/ZN
 _09211_/ZN
 _09212_/ZN
 _09213_/ZN
 _09214_/ZN
 _09215_/ZN
 _09216_/Z
 _09217_/Z
 _09218_/ZN
 _09219_/ZN
 _09220_/ZN
 _09221_/ZN
 _09222_/Z
 _09223_/Z
 _09224_/ZN
 _09225_/ZN
 _09226_/ZN
 _09227_/ZN
 _09228_/ZN
 _09229_/ZN
 _09230_/ZN
 _09231_/Z
 _09232_/ZN
 _09233_/ZN
 _09234_/Z
 _09235_/ZN
 _09236_/ZN
 _09237_/ZN
 _09238_/ZN
 _09239_/ZN
 _09240_/ZN
 _09241_/Z
 _09242_/Z
 _09243_/ZN
 _09244_/Z
 _09245_/ZN
 _09246_/ZN
 _09247_/ZN
 _09248_/Z
 _09249_/Z
 _09250_/ZN
 _09251_/ZN
 _09252_/Z
 _09253_/ZN
 _09254_/ZN
 _09255_/ZN
 _09256_/Z
 _09257_/Z
 _09258_/ZN
 _09259_/Z
 _09260_/ZN
 _09261_/ZN
 _09262_/ZN
 _09263_/Z
 _09264_/ZN
 _09265_/ZN
 _09266_/ZN
 _09267_/Z
 _09268_/ZN
 _09269_/ZN
 _09270_/ZN
 _09271_/ZN
 _09272_/Z
 _09273_/Z
 _09274_/ZN
 _09275_/Z
 _09276_/ZN
 _09277_/ZN
 _09278_/ZN
 _09279_/Z
 _09280_/ZN
 _09281_/Z
 _09282_/ZN
 _09283_/Z
 _09284_/ZN
 _09285_/ZN
 _09286_/ZN
 _09287_/Z
 _09288_/Z
 _09289_/ZN
 _09290_/Z
 _09291_/ZN
 _09292_/ZN
 _09293_/Z
 _09294_/ZN
 _09295_/ZN
 _09296_/ZN
 _09297_/ZN
 _09298_/ZN
 _09299_/Z
 _09300_/ZN
 _09301_/Z
 _09302_/ZN
 _09303_/ZN
 _09304_/ZN
 _09305_/ZN
 _09306_/ZN
 _09307_/Z
 _09308_/Z
 _09309_/ZN
 _09310_/ZN
 _09311_/ZN
 _09312_/ZN
 _09313_/ZN
 _09314_/Z
 _09315_/Z
 _09316_/ZN
 _09317_/ZN
 _09318_/ZN
 _09319_/ZN
 _09320_/ZN
 _09321_/Z
 _09322_/Z
 _09323_/ZN
 _09324_/ZN
 _09325_/ZN
 _09326_/ZN
 _09327_/ZN
 _09328_/Z
 _09329_/Z
 _09330_/ZN
 _09331_/ZN
 _09332_/ZN
 _09333_/ZN
 _09334_/ZN
 _09335_/Z
 _09336_/Z
 _09337_/ZN
 _09338_/ZN
 _09339_/ZN
 _09340_/ZN
 _09341_/ZN
 _09342_/Z
 _09343_/Z
 _09344_/ZN
 _09345_/ZN
 _09346_/ZN
 _09347_/ZN
 _09348_/ZN
 _09349_/Z
 _09350_/Z
 _09351_/ZN
 _09352_/ZN
 _09353_/ZN
 _09354_/ZN
 _09355_/ZN
 _09356_/Z
 _09357_/Z
 _09358_/ZN
 _09359_/ZN
 _09360_/ZN
 _09361_/ZN
 _09362_/ZN
 _09363_/Z
 _09364_/Z
 _09365_/ZN
 _09366_/ZN
 _09367_/ZN
 _09368_/ZN
 _09369_/ZN
 _09370_/Z
 _09371_/Z
 _09372_/ZN
 _09373_/ZN
 _09374_/ZN
 _09375_/ZN
 _09376_/ZN
 _09377_/Z
 _09378_/Z
 _09379_/ZN
 _09380_/ZN
 _09381_/ZN
 _09382_/ZN
 _09383_/ZN
 _09384_/Z
 _09385_/Z
 _09386_/ZN
 _09387_/ZN
 _09388_/ZN
 _09389_/ZN
 _09390_/ZN
 _09391_/Z
 _09392_/Z
 _09393_/ZN
 _09394_/ZN
 _09395_/ZN
 _09396_/ZN
 _09397_/ZN
 _09398_/Z
 _09399_/Z
 _09400_/ZN
 _09401_/ZN
 _09402_/ZN
 _09403_/ZN
 _09404_/ZN
 _09405_/Z
 _09406_/Z
 _09407_/ZN
 _09408_/ZN
 _09409_/ZN
 _09410_/ZN
 _09411_/ZN
 _09412_/Z
 _09413_/Z
 _09414_/ZN
 _09415_/ZN
 _09416_/ZN
 _09417_/ZN
 _09418_/ZN
 _09419_/Z
 _09420_/Z
 _09421_/ZN
 _09422_/ZN
 _09423_/ZN
 _09424_/ZN
 _09425_/ZN
 _09426_/Z
 _09427_/Z
 _09428_/ZN
 _09429_/ZN
 _09430_/ZN
 _09431_/ZN
 _09432_/ZN
 _09433_/Z
 _09434_/Z
 _09435_/ZN
 _09436_/ZN
 _09437_/ZN
 _09438_/ZN
 _09439_/ZN
 _09440_/Z
 _09441_/Z
 _09442_/ZN
 _09443_/ZN
 _09444_/ZN
 _09445_/ZN
 _09446_/ZN
 _09447_/Z
 _09448_/Z
 _09449_/ZN
 _09450_/ZN
 _09451_/ZN
 _09452_/ZN
 _09453_/ZN
 _09454_/Z
 _09455_/Z
 _09456_/ZN
 _09457_/ZN
 _09458_/ZN
 _09459_/ZN
 _09460_/ZN
 _09461_/Z
 _09462_/Z
 _09463_/ZN
 _09464_/ZN
 _09465_/ZN
 _09466_/ZN
 _09467_/ZN
 _09468_/Z
 _09469_/Z
 _09470_/ZN
 _09471_/ZN
 _09472_/ZN
 _09473_/ZN
 _09474_/ZN
 _09475_/Z
 _09476_/Z
 _09477_/ZN
 _09478_/ZN
 _09479_/ZN
 _09480_/ZN
 _09481_/ZN
 _09482_/Z
 _09483_/Z
 _09484_/ZN
 _09485_/ZN
 _09486_/ZN
 _09487_/ZN
 _09488_/ZN
 _09489_/Z
 _09490_/Z
 _09491_/ZN
 _09492_/ZN
 _09493_/ZN
 _09494_/ZN
 _09495_/ZN
 _09496_/Z
 _09497_/Z
 _09498_/ZN
 _09499_/ZN
 _09500_/ZN
 _09501_/ZN
 _09502_/ZN
 _09503_/Z
 _09504_/Z
 _09505_/ZN
 _09506_/ZN
 _09507_/ZN
 _09508_/ZN
 _09509_/ZN
 _09510_/Z
 _09511_/Z
 _09512_/ZN
 _09513_/ZN
 _09514_/ZN
 _09515_/ZN
 _09516_/ZN
 _09517_/Z
 _09518_/Z
 _09519_/ZN
 _09520_/ZN
 _09521_/ZN
 _09522_/ZN
 _09523_/ZN
 _09524_/Z
 _09525_/Z
 _09526_/ZN
 _09527_/ZN
 _09528_/ZN
 _09529_/ZN
 _09530_/ZN
 _09531_/Z
 _09532_/Z
 _09533_/ZN
 _09534_/ZN
 _09535_/ZN
 _09536_/ZN
 _09537_/ZN
 _09538_/Z
 _09539_/Z
 _09540_/ZN
 _09541_/ZN
 _09542_/ZN
 _09543_/ZN
 _09544_/ZN
 _09545_/Z
 _09546_/Z
 _09547_/ZN
 _09548_/ZN
 _09549_/ZN
 _09550_/ZN
 _09551_/ZN
 _09552_/Z
 _09553_/Z
 _09554_/ZN
 _09555_/ZN
 _09556_/ZN
 _09557_/ZN
 _09558_/ZN
 _09559_/Z
 _09560_/Z
 _09561_/ZN
 _09562_/ZN
 _09563_/ZN
 _09564_/ZN
 _09565_/ZN
 _09566_/Z
 _09567_/Z
 _09568_/ZN
 _09569_/ZN
 _09570_/ZN
 _09571_/ZN
 _09572_/ZN
 _09573_/Z
 _09574_/Z
 _09575_/ZN
 _09576_/ZN
 _09577_/ZN
 _09578_/ZN
 _09579_/ZN
 _09580_/Z
 _09581_/Z
 _09582_/ZN
 _09583_/ZN
 _09584_/ZN
 _09585_/ZN
 _09586_/ZN
 _09587_/Z
 _09588_/Z
 _09589_/ZN
 _09590_/ZN
 _09591_/ZN
 _09592_/ZN
 _09593_/ZN
 _09594_/Z
 _09595_/Z
 _09596_/ZN
 _09597_/ZN
 _09598_/ZN
 _09599_/ZN
 _09600_/ZN
 _09601_/Z
 _09602_/Z
 _09603_/ZN
 _09604_/ZN
 _09605_/ZN
 _09606_/ZN
 _09607_/ZN
 _09608_/Z
 _09609_/Z
 _09610_/ZN
 _09611_/ZN
 _09612_/ZN
 _09613_/ZN
 _09614_/ZN
 _09615_/Z
 _09616_/Z
 _09617_/ZN
 _09618_/ZN
 _09619_/ZN
 _09620_/ZN
 _09621_/ZN
 _09622_/Z
 _09623_/Z
 _09624_/ZN
 _09625_/ZN
 _09626_/ZN
 _09627_/ZN
 _09628_/ZN
 _09629_/Z
 _09630_/Z
 _09631_/ZN
 _09632_/ZN
 _09633_/ZN
 _09634_/ZN
 _09635_/ZN
 _09636_/Z
 _09637_/Z
 _09638_/ZN
 _09639_/ZN
 _09640_/ZN
 _09641_/ZN
 _09642_/ZN
 _09643_/Z
 _09644_/Z
 _09645_/ZN
 _09646_/ZN
 _09647_/ZN
 _09648_/ZN
 _09649_/ZN
 _09650_/Z
 _09651_/Z
 _09652_/ZN
 _09653_/ZN
 _09654_/ZN
 _09655_/ZN
 _09656_/ZN
 _09657_/Z
 _09658_/Z
 _09659_/ZN
 _09660_/ZN
 _09661_/ZN
 _09662_/ZN
 _09663_/ZN
 _09664_/Z
 _09665_/Z
 _09666_/ZN
 _09667_/ZN
 _09668_/ZN
 _09669_/ZN
 _09670_/ZN
 _09671_/Z
 _09672_/Z
 _09673_/ZN
 _09674_/ZN
 _09675_/ZN
 _09676_/ZN
 _09677_/ZN
 _09678_/Z
 _09679_/Z
 _09680_/ZN
 _09681_/ZN
 _09682_/ZN
 _09683_/ZN
 _09684_/ZN
 _09685_/Z
 _09686_/Z
 _09687_/ZN
 _09688_/ZN
 _09689_/ZN
 _09690_/ZN
 _09691_/ZN
 _09692_/Z
 _09693_/Z
 _09694_/ZN
 _09695_/ZN
 _09696_/ZN
 _09697_/ZN
 _09698_/ZN
 _09699_/Z
 _09700_/Z
 _09701_/ZN
 _09702_/ZN
 _09703_/ZN
 _09704_/ZN
 _09705_/ZN
 _09706_/Z
 _09707_/Z
 _09708_/ZN
 _09709_/ZN
 _09710_/ZN
 _09711_/ZN
 _09712_/ZN
 _09713_/Z
 _09714_/Z
 _09715_/ZN
 _09716_/ZN
 _09717_/ZN
 _09718_/ZN
 _09719_/ZN
 _09720_/Z
 _09721_/Z
 _09722_/ZN
 _09723_/ZN
 _09724_/ZN
 _09725_/ZN
 _09726_/ZN
 _09727_/Z
 _09728_/Z
 _09729_/ZN
 _09730_/ZN
 _09731_/ZN
 _09732_/ZN
 _09733_/ZN
 _09734_/Z
 _09735_/Z
 _09736_/ZN
 _09737_/ZN
 _09738_/ZN
 _09739_/ZN
 _09740_/ZN
 _09741_/Z
 _09742_/Z
 _09743_/ZN
 _09744_/ZN
 _09745_/ZN
 _09746_/ZN
 _09747_/Z
 _09748_/Z
 _09749_/Z
 _09750_/Z
 _09751_/ZN
 _09752_/ZN
 _09753_/ZN
 _09754_/ZN
 _09755_/Z
 _09756_/Z
 _09757_/ZN
 _09758_/Z
 _09759_/Z
 _09760_/ZN
 _09761_/ZN
 _09762_/ZN
 _09763_/ZN
 _09764_/ZN
 _09765_/ZN
 _09766_/Z
 _09767_/Z
 _09768_/Z
 _09769_/ZN
 _09770_/ZN
 _09771_/ZN
 _09772_/ZN
 _09773_/ZN
 _09774_/ZN
 _09775_/ZN
 _09776_/Z
 _09777_/Z
 _09778_/Z
 _09779_/Z
 _09780_/Z
 _09781_/Z
 _09782_/ZN
 _09783_/ZN
 _09784_/ZN
 _09785_/ZN
 _09786_/Z
 _09787_/Z
 _09788_/Z
 _09789_/Z
 _09790_/Z
 _09791_/Z
 _09792_/ZN
 _09793_/ZN
 _09794_/ZN
 _09795_/ZN
 _09796_/Z
 _09797_/Z
 _09798_/Z
 _09799_/Z
 _09800_/ZN
 _09801_/ZN
 _09802_/Z
 _09803_/Z
 _09804_/ZN
 _09805_/ZN
 _09806_/ZN
 _09807_/Z
 _09808_/Z
 _09809_/Z
 _09810_/Z
 _09811_/Z
 _09812_/Z
 _09813_/ZN
 _09814_/ZN
 _09815_/ZN
 _09816_/ZN
 _09817_/Z
 _09818_/Z
 _09819_/Z
 _09820_/Z
 _09821_/Z
 _09822_/Z
 _09823_/ZN
 _09824_/ZN
 _09825_/ZN
 _09826_/ZN
 _09827_/Z
 _09828_/Z
 _09829_/Z
 _09830_/Z
 _09831_/Z
 _09832_/ZN
 _09833_/ZN
 _09834_/ZN
 _09835_/ZN
 _09836_/Z
 _09837_/Z
 _09838_/Z
 _09839_/Z
 _09840_/Z
 _09841_/ZN
 _09842_/ZN
 _09843_/ZN
 _09844_/ZN
 _09845_/Z
 _09846_/Z
 _09847_/Z
 _09848_/ZN
 _09849_/ZN
 _09850_/Z
 _09851_/Z
 _09852_/ZN
 _09853_/ZN
 _09854_/ZN
 _09855_/Z
 _09856_/Z
 _09857_/Z
 _09858_/Z
 _09859_/ZN
 _09860_/ZN
 _09861_/ZN
 _09862_/ZN
 _09863_/Z
 _09864_/Z
 _09865_/Z
 _09866_/Z
 _09867_/ZN
 _09868_/ZN
 _09869_/ZN
 _09870_/ZN
 _09871_/Z
 _09872_/Z
 _09873_/Z
 _09874_/Z
 _09875_/ZN
 _09876_/ZN
 _09877_/ZN
 _09878_/ZN
 _09879_/Z
 _09880_/Z
 _09881_/Z
 _09882_/Z
 _09883_/ZN
 _09884_/ZN
 _09885_/ZN
 _09886_/ZN
 _09887_/Z
 _09888_/Z
 _09889_/Z
 _09890_/Z
 _09891_/ZN
 _09892_/ZN
 _09893_/ZN
 _09894_/ZN
 _09895_/Z
 _09896_/Z
 _09897_/Z
 _09898_/Z
 _09899_/ZN
 _09900_/ZN
 _09901_/ZN
 _09902_/ZN
 _09903_/Z
 _09904_/Z
 _09905_/Z
 _09906_/Z
 _09907_/ZN
 _09908_/ZN
 _09909_/ZN
 _09910_/ZN
 _09911_/Z
 _09912_/Z
 _09913_/Z
 _09914_/Z
 _09915_/ZN
 _09916_/ZN
 _09917_/ZN
 _09918_/ZN
 _09919_/Z
 _09920_/Z
 _09921_/Z
 _09922_/ZN
 _09923_/ZN
 _09924_/ZN
 _09925_/ZN
 _09926_/ZN
 _09927_/Z
 _09928_/Z
 _09929_/Z
 _09930_/Z
 _09931_/ZN
 _09932_/ZN
 _09933_/ZN
 _09934_/ZN
 _09935_/Z
 _09936_/Z
 _09937_/Z
 _09938_/Z
 _09939_/ZN
 _09940_/ZN
 _09941_/ZN
 _09942_/ZN
 _09943_/Z
 _09944_/Z
 _09945_/Z
 _09946_/Z
 _09947_/ZN
 _09948_/ZN
 _09949_/ZN
 _09950_/ZN
 _09951_/Z
 _09952_/Z
 _09953_/Z
 _09954_/Z
 _09955_/ZN
 _09956_/ZN
 _09957_/ZN
 _09958_/ZN
 _09959_/Z
 _09960_/Z
 _09961_/Z
 _09962_/Z
 _09963_/ZN
 _09964_/ZN
 _09965_/ZN
 _09966_/ZN
 _09967_/Z
 _09968_/Z
 _09969_/ZN
 _09970_/ZN
 _09971_/Z
 _09972_/Z
 _09973_/ZN
 _09974_/ZN
 _09975_/ZN
 _09976_/Z
 _09977_/Z
 _09978_/Z
 _09979_/Z
 _09980_/ZN
 _09981_/ZN
 _09982_/ZN
 _09983_/ZN
 _09984_/Z
 _09985_/Z
 _09986_/Z
 _09987_/Z
 _09988_/ZN
 _09989_/ZN
 _09990_/ZN
 _09991_/ZN
 _09992_/Z
 _09993_/Z
 _09994_/Z
 _09995_/Z
 _09996_/ZN
 _09997_/ZN
 _09998_/ZN
 _09999_/ZN
 _10000_/Z
 _10001_/Z
 _10002_/Z
 _10003_/Z
 _10004_/ZN
 _10005_/ZN
 _10006_/ZN
 _10007_/ZN
 _10008_/Z
 _10009_/Z
 _10010_/Z
 _10011_/Z
 _10012_/ZN
 _10013_/ZN
 _10014_/ZN
 _10015_/ZN
 _10016_/Z
 _10017_/Z
 _10018_/ZN
 _10019_/Z
 _10020_/ZN
 _10021_/ZN
 _10022_/ZN
 _10023_/ZN
 _10024_/Z
 _10025_/Z
 _10026_/Z
 _10027_/Z
 _10028_/ZN
 _10029_/ZN
 _10030_/ZN
 _10031_/ZN
 _10032_/Z
 _10033_/Z
 _10034_/Z
 _10035_/Z
 _10036_/ZN
 _10037_/ZN
 _10038_/ZN
 _10039_/ZN
 _10040_/Z
 _10041_/Z
 _10042_/Z
 _10043_/Z
 _10044_/ZN
 _10045_/ZN
 _10046_/ZN
 _10047_/ZN
 _10048_/Z
 _10049_/Z
 _10050_/Z
 _10051_/Z
 _10052_/ZN
 _10053_/ZN
 _10054_/ZN
 _10055_/ZN
 _10056_/Z
 _10057_/Z
 _10058_/Z
 _10059_/Z
 _10060_/ZN
 _10061_/ZN
 _10062_/ZN
 _10063_/ZN
 _10064_/Z
 _10065_/Z
 _10066_/ZN
 _10067_/ZN
 _10068_/Z
 _10069_/ZN
 _10070_/ZN
 _10071_/ZN
 _10072_/Z
 _10073_/Z
 _10074_/Z
 _10075_/Z
 _10076_/ZN
 _10077_/ZN
 _10078_/ZN
 _10079_/ZN
 _10080_/Z
 _10081_/Z
 _10082_/Z
 _10083_/ZN
 _10084_/ZN
 _10085_/ZN
 _10086_/ZN
 _10087_/ZN
 _10088_/Z
 _10089_/Z
 _10090_/ZN
 _10091_/Z
 _10092_/Z
 _10093_/ZN
 _10094_/ZN
 _10095_/ZN
 _10096_/Z
 _10097_/Z
 _10098_/ZN
 _10099_/ZN
 _10100_/Z
 _10101_/ZN
 _10102_/ZN
 _10103_/ZN
 _10104_/Z
 _10105_/Z
 _10106_/Z
 _10107_/Z
 _10108_/ZN
 _10109_/ZN
 _10110_/ZN
 _10111_/ZN
 _10112_/Z
 _10113_/Z
 _10114_/Z
 _10115_/ZN
 _10116_/ZN
 _10117_/ZN
 _10118_/ZN
 _10119_/ZN
 _10120_/Z
 _10121_/Z
 _10122_/Z
 _10123_/Z
 _10124_/ZN
 _10125_/ZN
 _10126_/ZN
 _10127_/ZN
 _10128_/Z
 _10129_/Z
 _10130_/Z
 _10131_/ZN
 _10132_/ZN
 _10133_/ZN
 _10134_/ZN
 _10135_/ZN
 _10136_/Z
 _10137_/Z
 _10138_/Z
 _10139_/Z
 _10140_/ZN
 _10141_/ZN
 _10142_/ZN
 _10143_/ZN
 _10144_/Z
 _10145_/Z
 _10146_/ZN
 _10147_/Z
 _10148_/Z
 _10149_/ZN
 _10150_/ZN
 _10151_/ZN
 _10152_/Z
 _10153_/Z
 _10154_/Z
 _10155_/ZN
 _10156_/ZN
 _10157_/ZN
 _10158_/ZN
 _10159_/Z
 _10160_/Z
 _10161_/ZN
 _10162_/ZN
 _10163_/ZN
 _10164_/ZN
 _10165_/ZN
 _10166_/Z
 _10167_/Z
 _10168_/Z
 _10169_/ZN
 _10170_/ZN
 _10171_/ZN
 _10172_/ZN
 _10173_/Z
 _10174_/Z
 _10175_/ZN
 _10176_/ZN
 _10177_/ZN
 _10178_/ZN
 _10179_/ZN
 _10180_/Z
 _10181_/Z
 _10182_/Z
 _10183_/ZN
 _10184_/ZN
 _10185_/ZN
 _10186_/ZN
 _10187_/Z
 _10188_/ZN
 _10189_/Z
 _10190_/ZN
 _10191_/ZN
 _10192_/ZN
 _10193_/ZN
 _10194_/Z
 _10195_/Z
 _10196_/Z
 _10197_/ZN
 _10198_/ZN
 _10199_/ZN
 _10200_/ZN
 _10201_/Z
 _10202_/Z
 _10203_/ZN
 _10204_/ZN
 _10205_/ZN
 _10206_/ZN
 _10207_/ZN
 _10208_/Z
 _10209_/Z
 _10210_/Z
 _10211_/ZN
 _10212_/ZN
 _10213_/ZN
 _10214_/ZN
 _10215_/Z
 _10216_/ZN
 _10217_/ZN
 _10218_/Z
 _10219_/ZN
 _10220_/ZN
 _10221_/ZN
 _10222_/Z
 _10223_/ZN
 _10224_/Z
 _10225_/Z
 _10226_/ZN
 _10227_/ZN
 _10228_/ZN
 _10229_/Z
 _10230_/Z
 _10231_/ZN
 _10232_/ZN
 _10233_/ZN
 _10234_/ZN
 _10235_/ZN
 _10236_/Z
 _10237_/Z
 _10238_/Z
 _10239_/ZN
 _10240_/ZN
 _10241_/ZN
 _10242_/ZN
 _10243_/Z
 _10244_/Z
 _10245_/ZN
 _10246_/ZN
 _10247_/ZN
 _10248_/ZN
 _10249_/ZN
 _10250_/Z
 _10251_/Z
 _10252_/Z
 _10253_/ZN
 _10254_/ZN
 _10255_/ZN
 _10256_/ZN
 _10257_/Z
 _10258_/Z
 _10259_/ZN
 _10260_/ZN
 _10261_/ZN
 _10262_/ZN
 _10263_/ZN
 _10264_/Z
 _10265_/ZN
 _10266_/Z
 _10267_/ZN
 _10268_/ZN
 _10269_/ZN
 _10270_/ZN
 _10271_/Z
 _10272_/ZN
 _10273_/ZN
 _10274_/ZN
 _10275_/ZN
 _10276_/Z
 _10277_/ZN
 _10278_/ZN
 _10279_/ZN
 _10280_/Z
 _10281_/Z
 _10282_/ZN
 _10283_/ZN
 _10284_/ZN
 _10285_/ZN
 _10286_/ZN
 _10287_/Z
 _10288_/ZN
 _10289_/ZN
 _10290_/Z
 _10291_/ZN
 _10292_/ZN
 _10293_/ZN
 _10294_/Z
 _10295_/Z
 _10296_/ZN
 _10297_/ZN
 _10298_/Z
 _10299_/ZN
 _10300_/ZN
 _10301_/Z
 _10302_/ZN
 _10303_/ZN
 _10304_/Z
 _10305_/ZN
 _10306_/ZN
 _10307_/Z
 _10308_/Z
 _10309_/ZN
 _10310_/ZN
 _10311_/Z
 _10312_/ZN
 _10313_/ZN
 _10314_/Z
 _10315_/Z
 _10316_/ZN
 _10317_/ZN
 _10318_/Z
 _10319_/ZN
 _10320_/ZN
 _10321_/Z
 _10322_/Z
 _10323_/ZN
 _10324_/ZN
 _10325_/Z
 _10326_/ZN
 _10327_/ZN
 _10328_/Z
 _10329_/Z
 _10330_/ZN
 _10331_/ZN
 _10332_/Z
 _10333_/ZN
 _10334_/ZN
 _10335_/Z
 _10336_/Z
 _10337_/ZN
 _10338_/ZN
 _10339_/Z
 _10340_/ZN
 _10341_/ZN
 _10342_/Z
 _10343_/Z
 _10344_/ZN
 _10345_/ZN
 _10346_/Z
 _10347_/ZN
 _10348_/ZN
 _10349_/Z
 _10350_/Z
 _10351_/ZN
 _10352_/ZN
 _10353_/Z
 _10354_/ZN
 _10355_/ZN
 _10356_/ZN
 _10357_/Z
 _10358_/ZN
 _10359_/ZN
 _10360_/Z
 _10361_/ZN
 _10362_/ZN
 _10363_/Z
 _10364_/Z
 _10365_/Z
 _10366_/ZN
 _10367_/ZN
 _10368_/ZN
 _10369_/ZN
 _10370_/ZN
 _10371_/Z
 _10372_/Z
 _10373_/ZN
 _10374_/ZN
 _10375_/ZN
 _10376_/ZN
 _10377_/ZN
 _10378_/Z
 _10379_/ZN
 _10380_/ZN
 _10381_/Z
 _10382_/ZN
 _10383_/ZN
 _10384_/ZN
 _10385_/Z
 _10386_/ZN
 _10387_/ZN
 _10388_/Z
 _10389_/ZN
 _10390_/ZN
 _10391_/Z
 _10392_/Z
 _10393_/ZN
 _10394_/ZN
 _10395_/Z
 _10396_/ZN
 _10397_/ZN
 _10398_/Z
 _10399_/Z
 _10400_/ZN
 _10401_/ZN
 _10402_/Z
 _10403_/ZN
 _10404_/ZN
 _10405_/Z
 _10406_/Z
 _10407_/ZN
 _10408_/ZN
 _10409_/Z
 _10410_/ZN
 _10411_/ZN
 _10412_/Z
 _10413_/Z
 _10414_/ZN
 _10415_/ZN
 _10416_/Z
 _10417_/ZN
 _10418_/ZN
 _10419_/ZN
 _10420_/Z
 _10421_/ZN
 _10422_/ZN
 _10423_/Z
 _10424_/ZN
 _10425_/ZN
 _10426_/Z
 _10427_/Z
 _10428_/ZN
 _10429_/ZN
 _10430_/Z
 _10431_/ZN
 _10432_/ZN
 _10433_/ZN
 _10434_/Z
 _10435_/ZN
 _10436_/ZN
 _10437_/Z
 _10438_/ZN
 _10439_/ZN
 _10440_/Z
 _10441_/Z
 _10442_/Z
 _10443_/ZN
 _10444_/ZN
 _10445_/ZN
 _10446_/ZN
 _10447_/ZN
 _10448_/Z
 _10449_/ZN
 _10450_/ZN
 _10451_/Z
 _10452_/ZN
 _10453_/ZN
 _10454_/ZN
 _10455_/Z
 _10456_/ZN
 _10457_/ZN
 _10458_/Z
 _10459_/ZN
 _10460_/ZN
 _10461_/Z
 _10462_/Z
 _10463_/ZN
 _10464_/ZN
 _10465_/Z
 _10466_/ZN
 _10467_/ZN
 _10468_/ZN
 _10469_/Z
 _10470_/ZN
 _10471_/ZN
 _10472_/Z
 _10473_/ZN
 _10474_/ZN
 _10475_/Z
 _10476_/Z
 _10477_/ZN
 _10478_/ZN
 _10479_/Z
 _10480_/ZN
 _10481_/ZN
 _10482_/Z
 _10483_/Z
 _10484_/Z
 _10485_/ZN
 _10486_/ZN
 _10487_/ZN
 _10488_/ZN
 _10489_/ZN
 _10490_/Z
 _10491_/ZN
 _10492_/ZN
 _10493_/Z
 _10494_/ZN
 _10495_/ZN
 _10496_/Z
 _10497_/Z
 _10498_/ZN
 _10499_/ZN
 _10500_/Z
 _10501_/ZN
 _10502_/ZN
 _10503_/Z
 _10504_/Z
 _10505_/ZN
 _10506_/ZN
 _10507_/Z
 _10508_/ZN
 _10509_/ZN
 _10510_/Z
 _10511_/Z
 _10512_/ZN
 _10513_/ZN
 _10514_/Z
 _10515_/ZN
 _10516_/ZN
 _10517_/ZN
 _10518_/Z
 _10519_/ZN
 _10520_/ZN
 _10521_/Z
 _10522_/ZN
 _10523_/ZN
 _10524_/Z
 _10525_/Z
 _10526_/ZN
 _10527_/ZN
 _10528_/Z
 _10529_/ZN
 _10530_/ZN
 _10531_/Z
 _10532_/Z
 _10533_/ZN
 _10534_/ZN
 _10535_/Z
 _10536_/ZN
 _10537_/ZN
 _10538_/Z
 _10539_/Z
 _10540_/ZN
 _10541_/ZN
 _10542_/Z
 _10543_/ZN
 _10544_/ZN
 _10545_/ZN
 _10546_/Z
 _10547_/ZN
 _10548_/ZN
 _10549_/Z
 _10550_/ZN
 _10551_/ZN
 _10552_/Z
 _10553_/Z
 _10554_/Z
 _10555_/ZN
 _10556_/ZN
 _10557_/ZN
 _10558_/ZN
 _10559_/ZN
 _10560_/Z
 _10561_/ZN
 _10562_/ZN
 _10563_/Z
 _10564_/ZN
 _10565_/ZN
 _10566_/ZN
 _10567_/Z
 _10568_/ZN
 _10569_/ZN
 _10570_/Z
 _10571_/ZN
 _10572_/ZN
 _10573_/Z
 _10574_/Z
 _10575_/ZN
 _10576_/ZN
 _10577_/Z
 _10578_/ZN
 _10579_/ZN
 _10580_/Z
 _10581_/Z
 _10582_/ZN
 _10583_/ZN
 _10584_/Z
 _10585_/ZN
 _10586_/ZN
 _10587_/Z
 _10588_/Z
 _10589_/Z
 _10590_/ZN
 _10591_/ZN
 _10592_/ZN
 _10593_/ZN
 _10594_/ZN
 _10595_/Z
 _10596_/ZN
 _10597_/ZN
 _10598_/Z
 _10599_/ZN
 _10600_/ZN
 _10601_/Z
 _10602_/Z
 _10603_/ZN
 _10604_/ZN
 _10605_/Z
 _10606_/ZN
 _10607_/ZN
 _10608_/Z
 _10609_/Z
 _10610_/ZN
 _10611_/ZN
 _10612_/Z
 _10613_/ZN
 _10614_/ZN
 _10615_/Z
 _10616_/Z
 _10617_/ZN
 _10618_/ZN
 _10619_/Z
 _10620_/ZN
 _10621_/ZN
 _10622_/Z
 _10623_/Z
 _10624_/ZN
 _10625_/ZN
 _10626_/Z
 _10627_/ZN
 _10628_/ZN
 _10629_/Z
 _10630_/Z
 _10631_/ZN
 _10632_/ZN
 _10633_/Z
 _10634_/ZN
 _10635_/ZN
 _10636_/Z
 _10637_/Z
 _10638_/ZN
 _10639_/ZN
 _10640_/Z
 _10641_/ZN
 _10642_/ZN
 _10643_/Z
 _10644_/Z
 _10645_/ZN
 _10646_/ZN
 _10647_/Z
 _10648_/ZN
 _10649_/ZN
 _10650_/Z
 _10651_/Z
 _10652_/ZN
 _10653_/ZN
 _10654_/Z
 _10655_/ZN
 _10656_/ZN
 _10657_/Z
 _10658_/Z
 _10659_/ZN
 _10660_/ZN
 _10661_/Z
 _10662_/ZN
 _10663_/ZN
 _10664_/Z
 _10665_/Z
 _10666_/Z
 _10667_/Z
 _10668_/ZN
 _10669_/ZN
 _10670_/ZN
 _10671_/ZN
 _10672_/Z
 _10673_/ZN
 _10674_/ZN
 _10675_/Z
 _10676_/ZN
 _10677_/ZN
 _10678_/Z
 _10679_/Z
 _10680_/ZN
 _10681_/ZN
 _10682_/Z
 _10683_/ZN
 _10684_/ZN
 _10685_/Z
 _10686_/Z
 _10687_/ZN
 _10688_/ZN
 _10689_/Z
 _10690_/ZN
 _10691_/ZN
 _10692_/Z
 _10693_/Z
 _10694_/ZN
 _10695_/ZN
 _10696_/Z
 _10697_/ZN
 _10698_/ZN
 _10699_/Z
 _10700_/Z
 _10701_/ZN
 _10702_/ZN
 _10703_/Z
 _10704_/ZN
 _10705_/ZN
 _10706_/Z
 _10707_/Z
 _10708_/Z
 _10709_/ZN
 _10710_/ZN
 _10711_/ZN
 _10712_/ZN
 _10713_/ZN
 _10714_/ZN
 _10715_/Z
 _10716_/ZN
 _10717_/Z
 _10718_/ZN
 _10719_/Z
 _10720_/ZN
 _10721_/Z
 _10722_/ZN
 _10723_/ZN
 _10724_/ZN
 _10725_/Z
 _10726_/ZN
 _10727_/Z
 _10728_/ZN
 _10729_/ZN
 _10730_/ZN
 _10731_/Z
 _10732_/ZN
 _10733_/ZN
 _10734_/Z
 _10735_/ZN
 _10736_/ZN
 _10737_/ZN
 _10738_/ZN
 _10739_/Z
 _10740_/Z
 _10741_/Z
 _10742_/Z
 _10743_/Z
 _10744_/Z
 _10745_/ZN
 _10746_/ZN
 _10747_/Z
 _10748_/Z
 _10749_/Z
 _10750_/Z
 _10751_/ZN
 _10752_/ZN
 _10753_/ZN
 _10754_/ZN
 _10755_/ZN
 _10756_/ZN
 _10757_/Z
 _10758_/Z
 _10759_/ZN
 _10760_/ZN
 _10761_/ZN
 _10762_/ZN
 _10763_/ZN
 _10764_/ZN
 _10765_/ZN
 _10766_/ZN
 _10767_/Z
 _10768_/Z
 _10769_/Z
 _10770_/Z
 _10771_/ZN
 _10772_/ZN
 _10773_/ZN
 _10774_/ZN
 _10775_/ZN
 _10776_/ZN
 _10777_/ZN
 _10778_/Z
 _10779_/Z
 _10780_/ZN
 _10781_/ZN
 _10782_/ZN
 _10783_/ZN
 _10784_/ZN
 _10785_/ZN
 _10786_/ZN
 _10787_/Z
 _10788_/Z
 _10789_/ZN
 _10790_/ZN
 _10791_/ZN
 _10792_/ZN
 _10793_/ZN
 _10794_/ZN
 _10795_/ZN
 _10796_/ZN
 _10797_/Z
 _10798_/Z
 _10799_/Z
 _10800_/Z
 _10801_/ZN
 _10802_/ZN
 _10803_/ZN
 _10804_/ZN
 _10805_/ZN
 _10806_/ZN
 _10807_/Z
 _10808_/Z
 _10809_/ZN
 _10810_/ZN
 _10811_/ZN
 _10812_/ZN
 _10813_/ZN
 _10814_/ZN
 _10815_/ZN
 _10816_/ZN
 _10817_/Z
 _10818_/Z
 _10819_/Z
 _10820_/Z
 _10821_/ZN
 _10822_/ZN
 _10823_/Z
 _10824_/ZN
 _10825_/ZN
 _10826_/Z
 _10827_/ZN
 _10828_/ZN
 _10829_/ZN
 _10830_/Z
 _10831_/ZN
 _10832_/Z
 _10833_/ZN
 _10834_/ZN
 _10835_/ZN
 _10836_/ZN
 _10837_/Z
 _10838_/Z
 _10839_/Z
 _10840_/ZN
 _10841_/ZN
 _10842_/ZN
 _10843_/Z
 _10844_/ZN
 _10845_/ZN
 _10846_/ZN
 _10847_/ZN
 _10848_/Z
 _10849_/Z
 _10850_/Z
 _10851_/ZN
 _10852_/ZN
 _10853_/ZN
 _10854_/Z
 _10855_/Z
 _10856_/ZN
 _10857_/ZN
 _10858_/ZN
 _10859_/Z
 _10860_/ZN
 _10861_/ZN
 _10862_/ZN
 _10863_/ZN
 _10864_/Z
 _10865_/ZN
 _10866_/ZN
 _10867_/ZN
 _10868_/ZN
 _10869_/Z
 _10870_/Z
 _10871_/Z
 _10872_/ZN
 _10873_/ZN
 _10874_/ZN
 _10875_/ZN
 _10876_/Z
 _10877_/Z
 _10878_/ZN
 _10879_/ZN
 _10880_/ZN
 _10881_/ZN
 _10882_/ZN
 _10883_/ZN
 _10884_/ZN
 _10885_/ZN
 _10886_/Z
 _10887_/Z
 _10888_/ZN
 _10889_/ZN
 _10890_/ZN
 _10891_/ZN
 _10892_/Z
 _10893_/Z
 _10894_/Z
 _10895_/ZN
 _10896_/ZN
 _10897_/ZN
 _10898_/Z
 _10899_/Z
 _10900_/Z
 _10901_/ZN
 _10902_/ZN
 _10903_/Z
 _10904_/ZN
 _10905_/ZN
 _10906_/ZN
 _10907_/ZN
 _10908_/ZN
 _10909_/ZN
 _10910_/Z
 _10911_/Z
 _10912_/Z
 _10913_/ZN
 _10914_/Z
 _10915_/ZN
 _10916_/ZN
 _10917_/ZN
 _10918_/ZN
 _10919_/Z
 _10920_/ZN
 _10921_/ZN
 _10922_/ZN
 _10923_/Z
 _10924_/ZN
 _10925_/Z
 _10926_/Z
 _10927_/Z
 _10928_/ZN
 _10929_/ZN
 _10930_/ZN
 _10931_/Z
 _10932_/ZN
 _10933_/ZN
 _10934_/ZN
 _10935_/ZN
 _10936_/Z
 _10937_/ZN
 _10938_/ZN
 _10939_/Z
 _10940_/Z
 _10941_/Z
 _10942_/Z
 _10943_/Z
 _10944_/Z
 _10945_/ZN
 _10946_/ZN
 _10947_/ZN
 _10948_/ZN
 _10949_/ZN
 _10950_/Z
 _10951_/Z
 _10952_/Z
 _10953_/Z
 _10954_/Z
 _10955_/ZN
 _10956_/ZN
 _10957_/ZN
 _10958_/ZN
 _10959_/ZN
 _10960_/Z
 _10961_/ZN
 _10962_/ZN
 _10963_/ZN
 _10964_/Z
 _10965_/Z
 _10966_/ZN
 _10967_/ZN
 _10968_/ZN
 _10969_/Z
 _10970_/ZN
 _10971_/Z
 _10972_/Z
 _10973_/ZN
 _10974_/ZN
 _10975_/ZN
 _10976_/Z
 _10977_/ZN
 _10978_/ZN
 _10979_/ZN
 _10980_/ZN
 _10981_/Z
 _10982_/ZN
 _10983_/Z
 _10984_/Z
 _10985_/ZN
 _10986_/ZN
 _10987_/ZN
 _10988_/Z
 _10989_/ZN
 _10990_/ZN
 _10991_/ZN
 _10992_/ZN
 _10993_/ZN
 _10994_/ZN
 _10995_/Z
 _10996_/Z
 _10997_/Z
 _10998_/Z
 _10999_/Z
 _11000_/ZN
 _11001_/ZN
 _11002_/ZN
 _11003_/ZN
 _11004_/Z
 _11005_/Z
 _11006_/ZN
 _11007_/Z
 _11008_/Z
 _11009_/ZN
 _11010_/ZN
 _11011_/ZN
 _11012_/Z
 _11013_/ZN
 _11014_/ZN
 _11015_/ZN
 _11016_/ZN
 _11017_/Z
 _11018_/Z
 _11019_/ZN
 _11020_/ZN
 _11021_/ZN
 _11022_/ZN
 _11023_/Z
 _11024_/ZN
 _11025_/ZN
 _11026_/ZN
 _11027_/Z
 _11028_/Z
 _11029_/ZN
 _11030_/ZN
 _11031_/ZN
 _11032_/ZN
 _11033_/Z
 _11034_/ZN
 _11035_/ZN
 _11036_/ZN
 _11037_/Z
 _11038_/Z
 _11039_/ZN
 _11040_/ZN
 _11041_/ZN
 _11042_/ZN
 _11043_/Z
 _11044_/ZN
 _11045_/ZN
 _11046_/ZN
 _11047_/Z
 _11048_/ZN
 _11049_/ZN
 _11050_/ZN
 _11051_/Z
 _11052_/ZN
 _11053_/ZN
 _11054_/ZN
 _11055_/Z
 _11056_/Z
 _11057_/ZN
 _11058_/ZN
 _11059_/ZN
 _11060_/ZN
 _11061_/Z
 _11062_/ZN
 _11063_/ZN
 _11064_/ZN
 _11065_/Z
 _11066_/Z
 _11067_/ZN
 _11068_/ZN
 _11069_/ZN
 _11070_/ZN
 _11071_/Z
 _11072_/Z
 _11073_/Z
 _11074_/ZN
 _11075_/ZN
 _11076_/Z
 _11077_/ZN
 _11078_/ZN
 _11079_/ZN
 _11080_/ZN
 _11081_/ZN
 _11082_/ZN
 _11083_/ZN
 _11084_/Z
 _11085_/ZN
 _11086_/Z
 _11087_/ZN
 _11088_/ZN
 _11089_/Z
 _11090_/ZN
 _11091_/ZN
 _11092_/Z
 _11093_/Z
 _11094_/Z
 _11095_/ZN
 _11096_/ZN
 _11097_/Z
 _11098_/ZN
 _11099_/Z
 _11100_/Z
 _11101_/Z
 _11102_/ZN
 _11103_/ZN
 _11104_/ZN
 _11105_/ZN
 _11106_/Z
 _11107_/Z
 _11108_/ZN
 _11109_/ZN
 _11110_/ZN
 _11111_/ZN
 _11112_/ZN
 _11113_/ZN
 _11114_/Z
 _11115_/Z
 _11116_/ZN
 _11117_/ZN
 _11118_/ZN
 _11119_/ZN
 _11120_/ZN
 _11121_/ZN
 _11122_/Z
 _11123_/Z
 _11124_/ZN
 _11125_/ZN
 _11126_/ZN
 _11127_/ZN
 _11128_/Z
 _11129_/Z
 _11130_/ZN
 _11131_/ZN
 _11132_/ZN
 _11133_/Z
 _11134_/ZN
 _11135_/ZN
 _11136_/ZN
 _11137_/ZN
 _11138_/ZN
 _11139_/ZN
 _11140_/ZN
 _11141_/Z
 _11142_/Z
 _11143_/ZN
 _11144_/ZN
 _11145_/ZN
 _11146_/Z
 _11147_/ZN
 _11148_/Z
 _11149_/Z
 _11150_/ZN
 _11151_/ZN
 _11152_/ZN
 _11153_/Z
 _11154_/ZN
 _11155_/ZN
 _11156_/ZN
 _11157_/ZN
 _11158_/Z
 _11159_/ZN
 _11160_/ZN
 _11161_/ZN
 _11162_/ZN
 _11163_/Z
 _11164_/ZN
 _11165_/ZN
 _11166_/ZN
 _11167_/ZN
 _11168_/ZN
 _11169_/ZN
 _11170_/ZN
 _11171_/ZN
 _11172_/ZN
 _11173_/ZN
 _11174_/ZN
 _11175_/ZN
 _11176_/ZN
 _11177_/ZN
 _11178_/ZN
 _11179_/ZN
 _11180_/Z
 _11181_/Z
 _11182_/Z
 _11183_/ZN
 _11184_/ZN
 _11185_/ZN
 _11186_/ZN
 _11187_/Z
 _11188_/ZN
 _11189_/ZN
 _11190_/ZN
 _11191_/ZN
 _11192_/Z
 _11193_/ZN
 _11194_/ZN
 _11195_/ZN
 _11196_/ZN
 _11197_/Z
 _11198_/ZN
 _11199_/ZN
 _11200_/ZN
 _11201_/Z
 _11202_/ZN
 _11203_/ZN
 _11204_/ZN
 _11205_/ZN
 _11206_/Z
 _11207_/ZN
 _11208_/ZN
 _11209_/ZN
 _11210_/ZN
 _11211_/ZN
 _11212_/ZN
 _11213_/ZN
 _11214_/ZN
 _11215_/Z
 _11216_/ZN
 _11217_/Z
 _11218_/ZN
 _11219_/ZN
 _11220_/Z
 _11221_/ZN
 _11222_/Z
 _11223_/ZN
 _11224_/ZN
 _11225_/Z
 _11226_/ZN
 _11227_/Z
 _11228_/ZN
 _11229_/ZN
 _11230_/Z
 _11231_/ZN
 _11232_/ZN
 _11233_/Z
 _11234_/ZN
 _11235_/ZN
 _11236_/Z
 _11237_/ZN
 _11238_/ZN
 _11239_/Z
 _11240_/ZN
 _11241_/ZN
 _11242_/Z
 _11243_/ZN
 _11244_/ZN
 _11245_/Z
 _11246_/ZN
 _11247_/ZN
 _11248_/ZN
 _11249_/ZN
 _11250_/ZN
 _11251_/Z
 _11252_/ZN
 _11253_/ZN
 _11254_/Z
 _11255_/ZN
 _11256_/ZN
 _11257_/Z
 _11258_/ZN
 _11259_/ZN
 _11260_/Z
 _11261_/ZN
 _11262_/ZN
 _11263_/Z
 _11264_/ZN
 _11265_/ZN
 _11266_/Z
 _11267_/ZN
 _11268_/ZN
 _11269_/Z
 _11270_/Z
 _11271_/ZN
 _11272_/ZN
 _11273_/Z
 _11274_/ZN
 _11275_/ZN
 _11276_/ZN
 _11277_/ZN
 _11278_/ZN
 _11279_/Z
 _11280_/ZN
 _11281_/ZN
 _11282_/ZN
 _11283_/ZN
 _11284_/ZN
 _11285_/ZN
 _11286_/ZN
 _11287_/ZN
 _11288_/Z
 _11289_/Z
 _11290_/ZN
 _11291_/ZN
 _11292_/ZN
 _11293_/ZN
 _11294_/ZN
 _11295_/ZN
 _11296_/ZN
 _11297_/ZN
 _11298_/Z
 _11299_/Z
 _11300_/ZN
 _11301_/ZN
 _11302_/ZN
 _11303_/ZN
 _11304_/ZN
 _11305_/ZN
 _11306_/ZN
 _11307_/ZN
 _11308_/Z
 _11309_/Z
 _11310_/ZN
 _11311_/ZN
 _11312_/ZN
 _11313_/ZN
 _11314_/ZN
 _11315_/ZN
 _11316_/ZN
 _11317_/ZN
 _11318_/Z
 _11319_/Z
 _11320_/ZN
 _11321_/ZN
 _11322_/ZN
 _11323_/ZN
 _11324_/ZN
 _11325_/ZN
 _11326_/ZN
 _11327_/ZN
 _11328_/Z
 _11329_/Z
 _11330_/ZN
 _11331_/ZN
 _11332_/ZN
 _11333_/ZN
 _11334_/ZN
 _11335_/ZN
 _11336_/ZN
 _11337_/ZN
 _11338_/Z
 _11339_/Z
 _11340_/ZN
 _11341_/ZN
 _11342_/ZN
 _11343_/ZN
 _11344_/ZN
 _11345_/ZN
 _11346_/ZN
 _11347_/ZN
 _11348_/Z
 _11349_/Z
 _11350_/ZN
 _11351_/ZN
 _11352_/Z
 _11353_/ZN
 _11354_/ZN
 _11355_/ZN
 _11356_/ZN
 _11357_/ZN
 _11358_/ZN
 _11359_/ZN
 _11360_/ZN
 _11361_/ZN
 _11362_/Z
 _11363_/ZN
 _11364_/ZN
 _11365_/ZN
 _11366_/ZN
 _11367_/ZN
 _11368_/ZN
 _11369_/ZN
 _11370_/ZN
 _11371_/ZN
 _11372_/ZN
 _11373_/ZN
 _11374_/ZN
 _11375_/ZN
 _11376_/ZN
 _11377_/ZN
 _11378_/ZN
 _11379_/ZN
 _11380_/ZN
 _11381_/ZN
 _11382_/ZN
 _11383_/ZN
 _11384_/ZN
 _11385_/ZN
 _11386_/ZN
 _11387_/ZN
 _11388_/ZN
 _11389_/ZN
 _11390_/ZN
 _11391_/ZN
 _11392_/ZN
 _11393_/ZN
 _11394_/ZN
 _11395_/ZN
 _11396_/ZN
 _11397_/ZN
 _11398_/ZN
 _11399_/ZN
 _11400_/ZN
 _11401_/ZN
 _11402_/ZN
 _11403_/ZN
 _11404_/ZN
 _11405_/ZN
 _11406_/ZN
 _11407_/ZN
 _11408_/ZN
 _11409_/ZN
 _11410_/ZN
 _11411_/ZN
 _11412_/ZN
 _11413_/ZN
 _11414_/ZN
 _11415_/ZN
 _11416_/ZN
 _11417_/ZN
 _11418_/ZN
 _11419_/ZN
 _11420_/ZN
 _11421_/ZN
 _11422_/ZN
 _11423_/ZN
 _11424_/ZN
 _11425_/ZN
 _11426_/ZN
 _11427_/ZN
 _11428_/ZN
 _11429_/ZN
 _11430_/ZN
 _11431_/ZN
 _11432_/ZN
 _11433_/ZN
 _11434_/ZN
 _11435_/ZN
 _11436_/ZN
 _11437_/ZN
 _11438_/ZN
 _11439_/ZN
 _11440_/ZN
 _11441_/ZN
 _11442_/ZN
 _11443_/ZN
 _11444_/ZN
 _11445_/ZN
 _11446_/ZN
 _11447_/ZN
 _11448_/ZN
 _11449_/ZN
 _11450_/ZN
 _11451_/ZN
 _11452_/ZN
 _11453_/ZN
 _11454_/ZN
 _11455_/ZN
 _11456_/ZN
 _11457_/ZN
 _11458_/ZN
 _11459_/ZN
 _11460_/ZN
 _11461_/ZN
 _11462_/ZN
 _11463_/ZN
 _11464_/ZN
 _11465_/ZN
 _11466_/ZN
 _11467_/ZN
 _11468_/ZN
 _11469_/ZN
 _11470_/ZN
 _11471_/ZN
 _11472_/ZN
 _11473_/ZN
 _11474_/ZN
 _11475_/ZN
 _11476_/ZN
 _11477_/ZN
 _11478_/ZN
 _11479_/ZN
 _11480_/ZN
 _11481_/ZN
 _11482_/ZN
 _11483_/ZN
 _11484_/ZN
 _11485_/ZN
 _11486_/ZN
 _11487_/ZN
 _11488_/ZN
 _11489_/ZN
 _11490_/ZN
 _11491_/ZN
 _11492_/ZN
 _11493_/ZN
 _11494_/ZN
 _11495_/ZN
 _11496_/ZN
 _11497_/ZN
 _11498_/ZN
 _11499_/ZN
 _11500_/ZN
 _11501_/ZN
 _11502_/ZN
 _11503_/ZN
 _11504_/ZN
 _11505_/ZN
 _11506_/ZN
 _11507_/ZN
 _11508_/ZN
 _11509_/ZN
 _11510_/ZN
 _11511_/ZN
 _11512_/ZN
 _11513_/ZN
 _11514_/ZN
 _11515_/ZN
 _11516_/ZN
 _11517_/ZN
 _11518_/ZN
 _11519_/ZN
 _11520_/ZN
 _11521_/ZN
 _11522_/ZN
 _11523_/ZN
 _11524_/ZN
 _11525_/ZN
 _11526_/ZN
 _11527_/ZN
 _11528_/ZN
 _11529_/ZN
 _11530_/ZN
 _11531_/ZN
 _11532_/ZN
 _11533_/ZN
 _11534_/ZN
 _11535_/ZN
 _11536_/ZN
 _11537_/ZN
 _11538_/ZN
 _11539_/ZN
 _11540_/ZN
 _11541_/ZN
 _11542_/ZN
 _11543_/ZN
 _11544_/ZN
 _11545_/ZN
 _11546_/ZN
 _11547_/ZN
 _11548_/ZN
 _11549_/ZN
 _11550_/ZN
 _11551_/ZN
 _11552_/ZN
 _11553_/ZN
 _11554_/ZN
 _11555_/ZN
 _11556_/ZN
 _11557_/ZN
 _11558_/ZN
 _11559_/ZN
 _11560_/ZN
 _11561_/ZN
 _11562_/ZN
 _11563_/ZN
 _11564_/ZN
 _11565_/ZN
 _11566_/ZN
 _11567_/ZN
 _11568_/ZN
 _11569_/ZN
 _11570_/ZN
 _11571_/ZN
 _11572_/ZN
 _11573_/ZN
 _11574_/ZN
 _11575_/ZN
 _11576_/ZN
 _11577_/ZN
 _11578_/ZN
 _11579_/ZN
 _11580_/ZN
 _11581_/ZN
 _11582_/ZN
 _11583_/ZN
 _11584_/ZN
 _11585_/ZN
 _11586_/ZN
 _11587_/ZN
 _11588_/ZN
 _11589_/ZN
 _11590_/ZN
 _11591_/ZN
 _11592_/ZN
 _11593_/ZN
 _11594_/ZN
 _11595_/ZN
 _11596_/ZN
 _11597_/ZN
 _11598_/ZN
 _11599_/ZN
 _11600_/ZN
 _11601_/ZN
 _11602_/ZN
 _11603_/ZN
 _11604_/ZN
 _11605_/ZN
 _11606_/ZN
 _11607_/ZN
 _11608_/ZN
 _11609_/ZN
 _11610_/ZN
 _11611_/ZN
 _11612_/ZN
 _11613_/ZN
 _11614_/ZN
 _11615_/ZN
 _11616_/ZN
 _11617_/ZN
 _11618_/ZN
 _11619_/ZN
 _11620_/ZN
 _11621_/ZN
 _11622_/ZN
 _11623_/ZN
 _11624_/ZN
 _11625_/ZN
 _11626_/ZN
 _11627_/ZN
 _11628_/ZN
 _11629_/ZN
 _11630_/ZN
 _11631_/ZN
 _11632_/ZN
 _11633_/ZN
 _11634_/ZN
 _11635_/ZN
 _11636_/ZN
 _11637_/ZN
 _11638_/ZN
 _11639_/ZN
 _11640_/ZN
 _11641_/ZN
 _11642_/ZN
 _11643_/ZN
 _11644_/ZN
 _11645_/ZN
 _11646_/ZN
 _11647_/ZN
 _11648_/ZN
 _11649_/ZN
 _11650_/ZN
 _11651_/ZN
 _11652_/ZN
 _11653_/ZN
 _11654_/ZN
 _11655_/ZN
 _11656_/ZN
 _11657_/ZN
 _11658_/ZN
 _11659_/ZN
 _11660_/ZN
 _11661_/ZN
 _11662_/ZN
 _11663_/ZN
 _11664_/ZN
 _11665_/ZN
 _11666_/ZN
 _11667_/ZN
 _11668_/ZN
 _11669_/ZN
 _11670_/ZN
 _11671_/ZN
 _11672_/ZN
 _11673_/ZN
 _11674_/ZN
 _11675_/ZN
 _11676_/ZN
 _11677_/ZN
 _11678_/ZN
 _11679_/ZN
 _11680_/ZN
 _11681_/ZN
 _11682_/ZN
 _11683_/ZN
 _11684_/ZN
 _11685_/ZN
 _11686_/ZN
 _11687_/ZN
 _11688_/ZN
 _11689_/ZN
 _11690_/ZN
 _11691_/ZN
 _11692_/ZN
 _11693_/ZN
 _11694_/ZN
 _11695_/ZN
 _11696_/Z
 _11697_/Z
 _11698_/ZN
 _11699_/Z
 _11700_/Z
 _11701_/Z
 _11702_/ZN
 _11703_/Z
 _11704_/Z
 _11705_/Z
 _11706_/Z
 _11707_/Z
 _11708_/Z
 _11709_/Z
 _11710_/Z
 _11711_/Z
 _11712_/Z
 _11713_/Z
 _11714_/Z
 _11715_/ZN
 _11716_/Z
 _11717_/Z
 _11718_/Z
 _11719_/ZN
 _11720_/Z
 _11721_/ZN
 _11722_/Z
 _11723_/Z
 _11724_/Z
 _11725_/Z
 _11726_/Z
 _11727_/Z
 _11728_/Z
 _11729_/Z
 _11730_/Z
 _11731_/Z
 _11732_/Z
 _11733_/Z
 _11734_/Z
 _11735_/Z
 _11736_/ZN
 _11737_/Z
 _11738_/Z
 _11739_/Z
 _11740_/Z
 _11741_/Z
 _11742_/Z
 _11743_/Z
 _11744_/ZN
 _11745_/Z
 _11746_/Z
 _11747_/Z
 _11748_/Z
 _11749_/Z
 _11750_/Z
 _11751_/Z
 _11752_/Z
 _11753_/Z
 _11754_/Z
 _11755_/Z
 _11756_/Z
 _11757_/Z
 _11758_/ZN
 _11759_/ZN
 _11760_/Z
 _11761_/Z
 _11762_/Z
 _11763_/Z
 _11764_/ZN
 _11765_/Z
 _11766_/Z
 _11767_/ZN
 _11768_/ZN
 _11769_/Z
 _11770_/Z
 _11771_/Z
 _11772_/Z
 _11773_/Z
 _11774_/Z
 _11775_/ZN
 _11776_/Z
 _11777_/Z
 _11778_/Z
 _11779_/Z
 _11780_/Z
 _11781_/Z
 _11782_/Z
 _11783_/Z
 _11784_/Z
 _11785_/Z
 _11786_/Z
 _11787_/Z
 _11788_/Z
 _11789_/Z
 _11790_/Z
 _11791_/Z
 _11792_/Z
 _11793_/Z
 _11794_/ZN
 _11795_/Z
 _11796_/Z
 _11797_/Z
 _11798_/Z
 _11799_/Z
 _11800_/Z
 _11801_/Z
 _11802_/Z
 _11803_/Z
 _11804_/Z
 _11805_/Z
 _11806_/Z
 _11807_/ZN
 _11808_/ZN
 _11809_/Z
 _11810_/Z
 _11811_/Z
 _11812_/Z
 _11813_/Z
 _11814_/Z
 _11815_/Z
 _11816_/Z
 _11817_/Z
 _11818_/Z
 _11819_/Z
 _11820_/Z
 _11821_/Z
 _11822_/Z
 _11823_/Z
 _11824_/Z
 _11825_/ZN
 _11826_/ZN
 _11827_/ZN
 _11828_/ZN
 _11829_/ZN
 _11830_/ZN
 _11831_/ZN
 _11832_/ZN
 _11833_/ZN
 _11834_/ZN
 _11835_/ZN
 _11836_/ZN
 _11837_/ZN
 _11838_/ZN
 _11839_/ZN
 _11840_/ZN
 _11841_/ZN
 _11842_/ZN
 _11843_/ZN
 _11844_/ZN
 _11845_/ZN
 _11846_/ZN
 _11847_/ZN
 _11848_/ZN
 _11849_/ZN
 _11850_/ZN
 _11851_/ZN
 _11852_/ZN
 _11853_/ZN
 _11854_/ZN
 _11855_/ZN
 _11856_/ZN
 _11857_/ZN
 _11858_/ZN
 _11859_/ZN
 _11860_/ZN
 _11861_/ZN
 _11862_/ZN
 _11863_/ZN
 _11864_/ZN
 _11865_/ZN
 _11866_/ZN
 _11867_/ZN
 _11868_/ZN
 _11869_/ZN
 _11870_/ZN
 _11871_/ZN
 _11872_/ZN
 _11873_/ZN
 _11874_/ZN
 _11875_/ZN
 _11876_/ZN
 _11877_/ZN
 _11878_/Z
 _11879_/ZN
 _11880_/Z
 _11881_/ZN
 _11882_/ZN
 _11883_/ZN
 _11884_/ZN
 _11885_/ZN
 _11886_/ZN
 _11887_/Z
 _11888_/ZN
 _11889_/ZN
 _11890_/ZN
 _11891_/ZN
 _11892_/ZN
 _11893_/ZN
 _11894_/ZN
 _11895_/ZN
 _11896_/Z
 _11897_/ZN
 _11898_/ZN
 _11899_/ZN
 _11900_/ZN
 _11901_/ZN
 _11902_/ZN
 _11903_/ZN
 _11904_/ZN
 _11905_/ZN
 _11906_/ZN
 _11907_/ZN
 _11908_/ZN
 _11909_/ZN
 _11910_/ZN
 _11911_/ZN
 _11912_/ZN
 _11913_/ZN
 _11914_/ZN
 _11915_/ZN
 _11916_/ZN
 _11917_/ZN
 _11918_/ZN
 _11919_/ZN
 _11920_/ZN
 _11921_/ZN
 _11922_/ZN
 _11923_/ZN
 _11924_/ZN
 _11925_/Z
 _11926_/ZN
 _11927_/ZN
 _11928_/ZN
 _11929_/ZN
 _11930_/ZN
 _11931_/ZN
 _11932_/ZN
 _11933_/ZN
 _11934_/ZN
 _11935_/ZN
 _11936_/ZN
 _11937_/ZN
 _11938_/ZN
 _11939_/ZN
 _11940_/ZN
 _11941_/ZN
 _11942_/ZN
 _11943_/ZN
 _11944_/ZN
 _11945_/ZN
 _11946_/ZN
 _11947_/ZN
 _11948_/ZN
 _11949_/ZN
 _11950_/ZN
 _11951_/ZN
 _11952_/ZN
 _11953_/ZN
 _11954_/ZN
 _11955_/ZN
 _11956_/ZN
 _11957_/ZN
 _11958_/ZN
 _11959_/ZN
 _11960_/ZN
 _11961_/ZN
 _11962_/ZN
 _11963_/ZN
 _11964_/ZN
 _11965_/ZN
 _11966_/ZN
 _11967_/ZN
 _11968_/ZN
 _11969_/ZN
 _11970_/ZN
 _11971_/ZN
 _11972_/ZN
 _11973_/ZN
 _11974_/ZN
 _11975_/ZN
 _11976_/ZN
 _11977_/ZN
 _11978_/ZN
 _11979_/ZN
 _11980_/ZN
 _11981_/ZN
 _11982_/ZN
 _11983_/ZN
 _11984_/ZN
 _11985_/ZN
 _11986_/ZN
 _11987_/ZN
 _11988_/ZN
 _11989_/ZN
 _11990_/ZN
 _11991_/ZN
 _11992_/ZN
 _11993_/ZN
 _11994_/ZN
 _11995_/ZN
 _11996_/ZN
 _11997_/ZN
 _11998_/ZN
 _11999_/ZN
 _12000_/ZN
 _12001_/ZN
 _12002_/ZN
 _12003_/ZN
 _12004_/Z
 _12005_/Z
 _12006_/Z
 _12007_/Z
 _12008_/Z
 _12009_/Z
 _12010_/Z
 _12011_/Z
 _12012_/Z
 _12013_/Z
 _12014_/Z
 _12015_/Z
 _12016_/Z
 _12017_/Z
 _12018_/Z
 _12019_/Z
 _12020_/Z
 _12021_/Z
 _12022_/Z
 _12023_/Z
 _12024_/Z
 _12025_/Z
 _12026_/Z
 _12027_/Z
 _12028_/Z
 _12029_/Z
 _12030_/Z
 _12031_/Z
 _12032_/Z
 _12033_/Z
 _12034_/Z
 _12035_/Z
 _12036_/Z
 _12037_/Z
 _12038_/Z
 _12039_/Z
 _12040_/Z
 _12041_/Z
 _12042_/Z
 _12043_/Z
 _12044_/Z
 _12045_/Z
 _12046_/Z
 _12047_/Z
 _12048_/Z
 _12049_/Z
 _12050_/Z
 _12051_/Z
 _12052_/Z
 _12053_/Z
 _12054_/Z
 _12055_/Z
 _12056_/Z
 _12057_/Z
 _12058_/Z
 _12059_/Z
 _12060_/Z
 _12061_/Z
 _12062_/Z
 _12063_/Z
 _12064_/Z
 _12065_/Z
 _12066_/Z
 _12067_/ZN
 _12068_/ZN
 _12069_/ZN
 _12070_/ZN
 _12071_/ZN
 _12072_/ZN
 _12073_/Z
 _12074_/ZN
 _12075_/ZN
 _12076_/Z
 _12077_/ZN
 _12078_/ZN
 _12079_/Z
 _12080_/ZN
 _12081_/ZN
 _12082_/Z
 _12083_/ZN
 _12084_/ZN
 _12085_/ZN
 _12086_/Z
 _12087_/ZN
 _12088_/Z
 _12089_/Z
 _12090_/ZN
 _12091_/ZN
 _12092_/ZN
 _12093_/Z
 _12094_/ZN
 _12095_/ZN
 _12096_/Z
 _12097_/Z
 _12098_/ZN
 _12099_/ZN
 _12100_/ZN
 _12101_/Z
 _12102_/ZN
 _12103_/Z
 _12104_/Z
 _12105_/ZN
 _12106_/ZN
 _12107_/Z
 _12108_/ZN
 _12109_/Z
 _12110_/Z
 _12111_/ZN
 _12112_/ZN
 _12113_/ZN
 _12114_/Z
 _12115_/ZN
 _12116_/Z
 _12117_/Z
 _12118_/ZN
 _12119_/ZN
 _12120_/ZN
 _12121_/Z
 _12122_/ZN
 _12123_/Z
 _12124_/Z
 _12125_/ZN
 _12126_/Z
 _12127_/ZN
 _12128_/Z
 _12129_/Z
 _12130_/Z
 _12131_/ZN
 _12132_/Z
 _12133_/ZN
 _12134_/Z
 _12135_/Z
 _12136_/ZN
 _12137_/ZN
 _12138_/ZN
 _12139_/Z
 _12140_/Z
 _12141_/ZN
 _12142_/ZN
 _12143_/ZN
 _12144_/Z
 _12145_/Z
 _12146_/ZN
 _12147_/ZN
 _12148_/ZN
 _12149_/Z
 _12150_/Z
 _12151_/ZN
 _12152_/ZN
 _12153_/ZN
 _12154_/Z
 _12155_/Z
 _12156_/ZN
 _12157_/ZN
 _12158_/ZN
 _12159_/Z
 _12160_/Z
 _12161_/ZN
 _12162_/ZN
 _12163_/ZN
 _12164_/Z
 _12165_/Z
 _12166_/ZN
 _12167_/ZN
 _12168_/ZN
 _12169_/Z
 _12170_/Z
 _12171_/ZN
 _12172_/ZN
 _12173_/ZN
 _12174_/Z
 _12175_/Z
 _12176_/ZN
 _12177_/ZN
 _12178_/ZN
 _12179_/Z
 _12180_/Z
 _12181_/ZN
 _12182_/ZN
 _12183_/ZN
 _12184_/Z
 _12185_/Z
 _12186_/ZN
 _12187_/ZN
 _12188_/ZN
 _12189_/Z
 _12190_/Z
 _12191_/ZN
 _12192_/ZN
 _12193_/ZN
 _12194_/Z
 _12195_/Z
 _12196_/ZN
 _12197_/ZN
 _12198_/ZN
 _12199_/Z
 _12200_/Z
 _12201_/ZN
 _12202_/ZN
 _12203_/ZN
 _12204_/Z
 _12205_/Z
 _12206_/ZN
 _12207_/ZN
 _12208_/ZN
 _12209_/Z
 _12210_/Z
 _12211_/ZN
 _12212_/ZN
 _12213_/ZN
 _12214_/Z
 _12215_/Z
 _12216_/ZN
 _12217_/ZN
 _12218_/ZN
 _12219_/Z
 _12220_/Z
 _12221_/ZN
 _12222_/ZN
 _12223_/ZN
 _12224_/Z
 _12225_/Z
 _12226_/ZN
 _12227_/ZN
 _12228_/ZN
 _12229_/Z
 _12230_/Z
 _12231_/ZN
 _12232_/ZN
 _12233_/ZN
 _12234_/Z
 _12235_/Z
 _12236_/ZN
 _12237_/ZN
 _12238_/ZN
 _12239_/Z
 _12240_/Z
 _12241_/ZN
 _12242_/ZN
 _12243_/ZN
 _12244_/Z
 _12245_/Z
 _12246_/ZN
 _12247_/ZN
 _12248_/ZN
 _12249_/Z
 _12250_/Z
 _12251_/ZN
 _12252_/ZN
 _12253_/ZN
 _12254_/Z
 _12255_/Z
 _12256_/ZN
 _12257_/ZN
 _12258_/ZN
 _12259_/Z
 _12260_/Z
 _12261_/ZN
 _12262_/ZN
 _12263_/ZN
 _12264_/Z
 _12265_/Z
 _12266_/ZN
 _12267_/ZN
 _12268_/ZN
 _12269_/Z
 _12270_/Z
 _12271_/ZN
 _12272_/ZN
 _12273_/ZN
 _12274_/Z
 _12275_/Z
 _12276_/ZN
 _12277_/ZN
 _12278_/ZN
 _12279_/Z
 _12280_/Z
 _12281_/ZN
 _12282_/ZN
 _12283_/ZN
 _12284_/Z
 _12285_/Z
 _12286_/ZN
 _12287_/ZN
 _12288_/ZN
 _12289_/Z
 _12290_/Z
 _12291_/ZN
 _12292_/ZN
 _12293_/ZN
 _12294_/Z
 _12295_/Z
 _12296_/ZN
 _12297_/ZN
 _12298_/ZN
 _12299_/Z
 _12300_/Z
 _12301_/ZN
 _12302_/ZN
 _12303_/ZN
 _12304_/Z
 _12305_/Z
 _12306_/ZN
 _12307_/ZN
 _12308_/ZN
 _12309_/Z
 _12310_/Z
 _12311_/ZN
 _12312_/ZN
 _12313_/ZN
 _12314_/Z
 _12315_/Z
 _12316_/ZN
 _12317_/ZN
 _12318_/ZN
 _12319_/Z
 _12320_/Z
 _12321_/ZN
 _12322_/ZN
 _12323_/ZN
 _12324_/Z
 _12325_/Z
 _12326_/ZN
 _12327_/ZN
 _12328_/ZN
 _12329_/Z
 _12330_/Z
 _12331_/ZN
 _12332_/ZN
 _12333_/ZN
 _12334_/Z
 _12335_/Z
 _12336_/ZN
 _12337_/ZN
 _12338_/ZN
 _12339_/Z
 _12340_/Z
 _12341_/ZN
 _12342_/ZN
 _12343_/ZN
 _12344_/Z
 _12345_/Z
 _12346_/ZN
 _12347_/ZN
 _12348_/ZN
 _12349_/Z
 _12350_/Z
 _12351_/ZN
 _12352_/ZN
 _12353_/ZN
 _12354_/Z
 _12355_/Z
 _12356_/ZN
 _12357_/ZN
 _12358_/ZN
 _12359_/Z
 _12360_/Z
 _12361_/ZN
 _12362_/ZN
 _12363_/ZN
 _12364_/Z
 _12365_/Z
 _12366_/ZN
 _12367_/ZN
 _12368_/ZN
 _12369_/Z
 _12370_/Z
 _12371_/ZN
 _12372_/ZN
 _12373_/ZN
 _12374_/Z
 _12375_/Z
 _12376_/ZN
 _12377_/ZN
 _12378_/ZN
 _12379_/Z
 _12380_/Z
 _12381_/ZN
 _12382_/ZN
 _12383_/ZN
 _12384_/Z
 _12385_/Z
 _12386_/ZN
 _12387_/ZN
 _12388_/ZN
 _12389_/Z
 _12390_/Z
 _12391_/ZN
 _12392_/ZN
 _12393_/ZN
 _12394_/Z
 _12395_/Z
 _12396_/ZN
 _12397_/ZN
 _12398_/ZN
 _12399_/Z
 _12400_/Z
 _12401_/ZN
 _12402_/ZN
 _12403_/ZN
 _12404_/Z
 _12405_/Z
 _12406_/ZN
 _12407_/ZN
 _12408_/ZN
 _12409_/Z
 _12410_/Z
 _12411_/ZN
 _12412_/ZN
 _12413_/ZN
 _12414_/Z
 _12415_/Z
 _12416_/ZN
 _12417_/ZN
 _12418_/ZN
 _12419_/ZN
 _12420_/ZN
 _12421_/Z
 _12422_/ZN
 _12423_/ZN
 _12424_/ZN
 _12425_/ZN
 _12426_/Z
 _12427_/ZN
 _12428_/ZN
 _12429_/ZN
 _12430_/ZN
 _12431_/ZN
 _12432_/Z
 _12433_/ZN
 _12434_/ZN
 _12435_/ZN
 _12436_/ZN
 _12437_/ZN
 _12438_/Z
 _12439_/ZN
 _12440_/ZN
 _12441_/ZN
 _12442_/ZN
 _12443_/ZN
 _12444_/Z
 _12445_/ZN
 _12446_/ZN
 _12447_/ZN
 _12448_/ZN
 _12449_/ZN
 _12450_/Z
 _12451_/ZN
 _12452_/ZN
 _12453_/ZN
 _12454_/ZN
 _12455_/ZN
 _12456_/Z
 _12457_/ZN
 _12458_/ZN
 _12459_/ZN
 _12460_/ZN
 _12461_/ZN
 _12462_/Z
 _12463_/ZN
 _12464_/ZN
 _12465_/ZN
 _12466_/ZN
 _12467_/ZN
 _12468_/ZN
 _12469_/ZN
 _12470_/Z
 _12471_/ZN
 _12472_/ZN
 _12473_/ZN
 _12474_/ZN
 _12475_/ZN
 _12476_/ZN
 _12477_/ZN
 _12478_/ZN
 _12479_/ZN
 _12480_/ZN
 _12481_/ZN
 _12482_/ZN
 _12483_/ZN
 _12484_/Z
 _12485_/Z
 _12486_/ZN
 _12487_/ZN
 _12488_/ZN
 _12489_/ZN
 _12490_/ZN
 _12491_/ZN
 _12492_/ZN
 _12493_/Z
 _12494_/Z
 _12495_/ZN
 _12496_/ZN
 _12497_/ZN
 _12498_/ZN
 _12499_/ZN
 _12500_/ZN
 _12501_/ZN
 _12502_/Z
 _12503_/Z
 _12504_/ZN
 _12505_/ZN
 _12506_/ZN
 _12507_/ZN
 _12508_/ZN
 _12509_/ZN
 _12510_/ZN
 _12511_/ZN
 _12512_/ZN
 _12513_/ZN
 _12514_/ZN
 _12515_/ZN
 _12516_/ZN
 _12517_/Z
 _12518_/Z
 _12519_/ZN
 _12520_/ZN
 _12521_/ZN
 _12522_/ZN
 _12523_/ZN
 _12524_/ZN
 _12525_/ZN
 _12526_/ZN
 _12527_/ZN
 _12528_/ZN
 _12529_/ZN
 _12530_/ZN
 _12531_/ZN
 _12532_/ZN
 _12533_/ZN
 _12534_/ZN
 _12535_/ZN
 _12536_/ZN
 _12537_/ZN
 _12538_/ZN
 _12539_/ZN
 _12540_/ZN
 _12541_/ZN
 _12542_/ZN
 _12543_/Z
 _12544_/Z
 _12545_/ZN
 _12546_/ZN
 _12547_/ZN
 _12548_/ZN
 _12549_/ZN
 _12550_/ZN
 _12551_/ZN
 _12552_/ZN
 _12553_/ZN
 _12554_/ZN
 _12555_/ZN
 _12556_/ZN
 _12557_/ZN
 _12558_/ZN
 _12559_/ZN
 _12560_/ZN
 _12561_/ZN
 _12562_/ZN
 _12563_/ZN
 _12564_/ZN
 _12565_/ZN
 _12566_/ZN
 _12567_/ZN
 _12568_/ZN
 _12569_/ZN
 _12570_/ZN
 _12571_/ZN
 _12572_/ZN
 _12573_/ZN
 _12574_/ZN
 _12575_/ZN
 _12576_/ZN
 _12577_/ZN
 _12578_/ZN
 _12579_/ZN
 _12580_/ZN
 _12581_/ZN
 _12582_/ZN
 _12583_/ZN
 _12584_/ZN
 _12585_/ZN
 _12586_/ZN
 _12587_/ZN
 _12588_/ZN
 _12589_/ZN
 _12590_/ZN
 _12591_/ZN
 _12592_/ZN
 _12593_/ZN
 _12594_/ZN
 _12595_/ZN
 _12596_/ZN
 _12597_/ZN
 _12598_/ZN
 _12599_/ZN
 _12600_/ZN
 _12601_/ZN
 _12602_/ZN
 _12603_/ZN
 _12604_/ZN
 _12605_/ZN
 _12606_/ZN
 _12607_/ZN
 _12608_/ZN
 _12609_/ZN
 _12610_/ZN
 _12611_/ZN
 _12612_/ZN
 _12613_/ZN
 _12614_/ZN
 _12615_/ZN
 _12616_/ZN
 _12617_/ZN
 _12618_/ZN
 _12619_/ZN
 _12620_/ZN
 _12621_/ZN
 _12622_/ZN
 _12623_/ZN
 _12624_/ZN
 _12625_/ZN
 _12626_/ZN
 _12627_/ZN
 _12628_/ZN
 _12629_/ZN
 _12630_/ZN
 _12631_/ZN
 _12632_/ZN
 _12633_/ZN
 _12634_/ZN
 _12635_/ZN
 _12636_/ZN
 _12637_/ZN
 _12638_/ZN
 _12639_/ZN
 _12640_/ZN
 _12641_/ZN
 _12642_/ZN
 _12643_/ZN
 _12644_/ZN
 _12645_/ZN
 _12646_/ZN
 _12647_/ZN
 _12648_/ZN
 _12649_/ZN
 _12650_/ZN
 _12651_/ZN
 _12652_/ZN
 _12653_/ZN
 _12654_/ZN
 _12655_/ZN
 _12656_/ZN
 _12657_/ZN
 _12658_/ZN
 _12659_/ZN
 _12660_/ZN
 _12661_/ZN
 _12662_/ZN
 _12663_/ZN
 _12664_/ZN
 _12665_/ZN
 _12666_/ZN
 _12667_/ZN
 _12668_/ZN
 _12669_/ZN
 _12670_/ZN
 _12671_/ZN
 _12672_/ZN
 _12673_/ZN
 _12674_/ZN
 _12675_/ZN
 _12676_/ZN
 _12677_/ZN
 _12678_/ZN
 _12679_/ZN
 _12680_/ZN
 _12681_/ZN
 _12682_/ZN
 _12683_/ZN
 _12684_/ZN
 _12685_/ZN
 _12686_/ZN
 _12687_/ZN
 _12688_/ZN
 _12689_/ZN
 _12690_/ZN
 _12691_/ZN
 _12692_/ZN
 _12693_/ZN
 _12694_/ZN
 _12695_/ZN
 _12696_/ZN
 _12697_/ZN
 _12698_/ZN
 _12699_/ZN
 _12700_/ZN
 _12701_/ZN
 _12702_/ZN
 _12703_/ZN
 _12704_/ZN
 _12705_/ZN
 _12706_/ZN
 _12707_/ZN
 _12708_/ZN
 _12709_/ZN
 _12710_/ZN
 _12711_/ZN
 _12712_/Z
 _12713_/ZN
 _12714_/ZN
 _12715_/ZN
 _12716_/ZN
 _12717_/ZN
 _12718_/Z
 _12719_/ZN
 _12720_/ZN
 _12721_/ZN
 _12722_/Z
 _12723_/ZN
 _12724_/ZN
 _12725_/ZN
 _12726_/ZN
 _12727_/ZN
 _12728_/Z
 _12729_/Z
 _12730_/ZN
 _12731_/ZN
 _12732_/ZN
 _12733_/Z
 _12734_/ZN
 _12735_/ZN
 _12736_/ZN
 _12737_/ZN
 _12738_/ZN
 _12739_/Z
 _12740_/Z
 _12741_/ZN
 _12742_/ZN
 _12743_/ZN
 _12744_/Z
 _12745_/ZN
 _12746_/ZN
 _12747_/ZN
 _12748_/ZN
 _12749_/ZN
 _12750_/Z
 _12751_/ZN
 _12752_/ZN
 _12753_/ZN
 _12754_/ZN
 _12755_/ZN
 _12756_/Z
 _12757_/ZN
 _12758_/ZN
 _12759_/ZN
 _12760_/ZN
 _12761_/ZN
 _12762_/ZN
 _12763_/ZN
 _12764_/ZN
 _12765_/ZN
 _12766_/ZN
 _12767_/ZN
 _12768_/Z
 _12769_/ZN
 _12770_/ZN
 _12771_/ZN
 _12772_/ZN
 _12773_/ZN
 _12774_/Z
 _12775_/ZN
 _12776_/ZN
 _12777_/ZN
 _12778_/ZN
 _12779_/ZN
 _12780_/Z
 _12781_/ZN
 _12782_/ZN
 _12783_/ZN
 _12784_/ZN
 _12785_/ZN
 _12786_/Z
 _12787_/ZN
 _12788_/ZN
 _12789_/ZN
 _12790_/ZN
 _12791_/ZN
 _12792_/Z
 _12793_/ZN
 _12794_/ZN
 _12795_/ZN
 _12796_/ZN
 _12797_/ZN
 _12798_/ZN
 _12799_/Z
 _12800_/ZN
 _12801_/ZN
 _12802_/ZN
 _12803_/ZN
 _12804_/Z
 _12805_/ZN
 _12806_/ZN
 _12807_/ZN
 _12808_/ZN
 _12809_/Z
 _12810_/ZN
 _12811_/ZN
 _12812_/Z
 _12813_/ZN
 _12814_/ZN
 _12815_/Z
 _12816_/ZN
 _12817_/ZN
 _12818_/ZN
 _12819_/ZN
 _12820_/ZN
 _12821_/ZN
 _12822_/ZN
 _12823_/Z
 _12824_/Z
 _12825_/ZN
 _12826_/ZN
 _12827_/ZN
 _12828_/Z
 _12829_/ZN
 _12830_/ZN
 _12831_/ZN
 _12832_/ZN
 _12833_/ZN
 _12834_/ZN
 _12835_/Z
 _12836_/ZN
 _12837_/ZN
 _12838_/ZN
 _12839_/ZN
 _12840_/ZN
 _12841_/ZN
 _12842_/ZN
 _12843_/Z
 _12844_/ZN
 _12845_/Z
 _12846_/ZN
 _12847_/ZN
 _12848_/ZN
 _12849_/ZN
 _12850_/Z
 _12851_/ZN
 _12852_/Z
 _12853_/ZN
 _12854_/ZN
 _12855_/ZN
 _12856_/ZN
 _12857_/ZN
 _12858_/Z
 _12859_/ZN
 _12860_/ZN
 _12861_/ZN
 _12862_/ZN
 _12863_/ZN
 _12864_/Z
 _12865_/Z
 _12866_/ZN
 _12867_/ZN
 _12868_/ZN
 _12869_/ZN
 _12870_/ZN
 _12871_/Z
 _12872_/ZN
 _12873_/ZN
 _12874_/ZN
 _12875_/Z
 _12876_/ZN
 _12877_/Z
 _12878_/ZN
 _12879_/ZN
 _12880_/ZN
 _12881_/ZN
 _12882_/ZN
 _12883_/Z
 _12884_/Z
 _12885_/ZN
 _12886_/ZN
 _12887_/ZN
 _12888_/ZN
 _12889_/Z
 _12890_/Z
 _12891_/ZN
 _12892_/ZN
 _12893_/ZN
 _12894_/ZN
 _12895_/ZN
 _12896_/Z
 _12897_/ZN
 _12898_/ZN
 _12899_/ZN
 _12900_/ZN
 _12901_/ZN
 _12902_/ZN
 _12903_/Z
 _12904_/Z
 _12905_/ZN
 _12906_/ZN
 _12907_/ZN
 _12908_/ZN
 _12909_/Z
 _12910_/ZN
 _12911_/ZN
 _12912_/ZN
 _12913_/ZN
 _12914_/ZN
 _12915_/ZN
 _12916_/Z
 _12917_/Z
 _12918_/ZN
 _12919_/ZN
 _12920_/ZN
 _12921_/ZN
 _12922_/Z
 _12923_/ZN
 _12924_/ZN
 _12925_/ZN
 _12926_/ZN
 _12927_/ZN
 _12928_/ZN
 _12929_/ZN
 _12930_/ZN
 _12931_/ZN
 _12932_/Z
 _12933_/ZN
 _12934_/ZN
 _12935_/Z
 _12936_/ZN
 _12937_/ZN
 _12938_/ZN
 _12939_/ZN
 _12940_/ZN
 _12941_/Z
 _12942_/ZN
 _12943_/ZN
 _12944_/ZN
 _12945_/ZN
 _12946_/ZN
 _12947_/ZN
 _12948_/Z
 _12949_/ZN
 _12950_/ZN
 _12951_/ZN
 _12952_/ZN
 _12953_/ZN
 _12954_/ZN
 _12955_/ZN
 _12956_/Z
 _12957_/ZN
 _12958_/ZN
 _12959_/ZN
 _12960_/ZN
 _12961_/ZN
 _12962_/Z
 _12963_/ZN
 _12964_/ZN
 _12965_/ZN
 _12966_/ZN
 _12967_/ZN
 _12968_/ZN
 _12969_/Z
 _12970_/ZN
 _12971_/ZN
 _12972_/ZN
 _12973_/ZN
 _12974_/ZN
 _12975_/ZN
 _12976_/Z
 _12977_/ZN
 _12978_/ZN
 _12979_/ZN
 _12980_/ZN
 _12981_/ZN
 _12982_/ZN
 _12983_/Z
 _12984_/ZN
 _12985_/ZN
 _12986_/ZN
 _12987_/ZN
 _12988_/ZN
 _12989_/Z
 _12990_/ZN
 _12991_/ZN
 _12992_/Z
 _12993_/ZN
 _12994_/ZN
 _12995_/ZN
 _12996_/ZN
 _12997_/ZN
 _12998_/Z
 _12999_/Z
 _13000_/ZN
 _13001_/ZN
 _13002_/ZN
 _13003_/Z
 _13004_/Z
 _13005_/ZN
 _13006_/ZN
 _13007_/ZN
 _13008_/Z
 _13009_/ZN
 _13010_/ZN
 _13011_/ZN
 _13012_/ZN
 _13013_/ZN
 _13014_/Z
 _13015_/Z
 _13016_/ZN
 _13017_/ZN
 _13018_/ZN
 _13019_/Z
 _13020_/ZN
 _13021_/ZN
 _13022_/ZN
 _13023_/ZN
 _13024_/ZN
 _13025_/Z
 _13026_/Z
 _13027_/ZN
 _13028_/ZN
 _13029_/ZN
 _13030_/Z
 _13031_/Z
 _13032_/ZN
 _13033_/ZN
 _13034_/ZN
 _13035_/ZN
 _13036_/ZN
 _13037_/ZN
 _13038_/ZN
 _13039_/ZN
 _13040_/ZN
 _13041_/Z
 _13042_/ZN
 _13043_/ZN
 _13044_/ZN
 _13045_/ZN
 _13046_/ZN
 _13047_/Z
 _13048_/ZN
 _13049_/ZN
 _13050_/ZN
 _13051_/ZN
 _13052_/ZN
 _13053_/Z
 _13054_/ZN
 _13055_/ZN
 _13056_/ZN
 _13057_/ZN
 _13058_/ZN
 _13059_/Z
 _13060_/ZN
 _13061_/ZN
 _13062_/ZN
 _13063_/ZN
 _13064_/ZN
 _13065_/Z
 _13066_/ZN
 _13067_/ZN
 _13068_/ZN
 _13069_/ZN
 _13070_/ZN
 _13071_/Z
 _13072_/ZN
 _13073_/ZN
 _13074_/ZN
 _13075_/ZN
 _13076_/ZN
 _13077_/Z
 _13078_/ZN
 _13079_/ZN
 _13080_/ZN
 _13081_/ZN
 _13082_/ZN
 _13083_/ZN
 _13084_/ZN
 _13085_/ZN
 _13086_/ZN
 _13087_/ZN
 _13088_/ZN
 _13089_/ZN
 _13090_/ZN
 _13091_/ZN
 _13092_/ZN
 _13093_/ZN
 _13094_/ZN
 _13095_/ZN
 _13096_/ZN
 _13097_/ZN
 _13098_/ZN
 _13099_/ZN
 _13100_/ZN
 _13101_/ZN
 _13102_/ZN
 _13103_/ZN
 _13104_/ZN
 _13105_/ZN
 _13106_/ZN
 _13107_/ZN
 _13108_/ZN
 _13109_/ZN
 _13110_/ZN
 _13111_/ZN
 _13112_/ZN
 _13113_/ZN
 _13114_/ZN
 _13115_/ZN
 _13116_/ZN
 _13117_/ZN
 _13118_/ZN
 _13119_/ZN
 _13120_/ZN
 _13121_/ZN
 _13122_/ZN
 _13123_/ZN
 _13124_/ZN
 _13125_/ZN
 _13126_/ZN
 _13127_/ZN
 _13128_/ZN
 _13129_/ZN
 _13130_/ZN
 _13131_/ZN
 _13132_/ZN
 _13133_/ZN
 _13134_/ZN
 _13135_/ZN
 _13136_/Z
 _13137_/ZN
 _13138_/ZN
 _13139_/ZN
 _13140_/ZN
 _13141_/ZN
 _13142_/ZN
 _13143_/ZN
 _13144_/ZN
 _13145_/ZN
 _13146_/ZN
 _13147_/ZN
 _13148_/ZN
 _13149_/ZN
 _13150_/ZN
 _13151_/ZN
 _13152_/ZN
 _13153_/ZN
 _13154_/ZN
 _13155_/ZN
 _13156_/ZN
 _13157_/ZN
 _13158_/ZN
 _13159_/ZN
 _13160_/ZN
 _13161_/ZN
 _13162_/ZN
 _13163_/ZN
 _13164_/ZN
 _13165_/ZN
 _13166_/ZN
 _13167_/ZN
 _13168_/ZN
 _13169_/ZN
 _13170_/ZN
 _13171_/ZN
 _13172_/ZN
 _13173_/ZN
 _13174_/ZN
 _13175_/ZN
 _13176_/Z
 _13177_/Z
 _13178_/ZN
 _13179_/ZN
 _13180_/ZN
 _13181_/ZN
 _13182_/ZN
 _13183_/ZN
 _13184_/ZN
 _13185_/ZN
 _13186_/ZN
 _13187_/ZN
 _13188_/ZN
 _13189_/ZN
 _13190_/ZN
 _13191_/ZN
 _13192_/ZN
 _13193_/ZN
 _13194_/ZN
 _13195_/ZN
 _13196_/Z
 _13197_/ZN
 _13198_/ZN
 _13199_/ZN
 _13200_/ZN
 _13201_/ZN
 _13202_/Z
 _13203_/ZN
 _13204_/ZN
 _13205_/ZN
 _13206_/ZN
 _13207_/ZN
 _13208_/ZN
 _13209_/ZN
 _13210_/ZN
 _13211_/ZN
 _13212_/ZN
 _13213_/ZN
 _13214_/ZN
 _13215_/ZN
 _13216_/ZN
 _13217_/ZN
 _13218_/ZN
 _13219_/ZN
 _13220_/ZN
 _13221_/ZN
 _13222_/ZN
 _13223_/ZN
 _13224_/ZN
 _13225_/ZN
 _13226_/ZN
 _13227_/ZN
 _13228_/ZN
 _13229_/ZN
 _13230_/Z
 _13231_/ZN
 _13232_/ZN
 _13233_/Z
 _13234_/ZN
 _13235_/ZN
 _13236_/Z
 _13237_/ZN
 _13238_/ZN
 _13239_/Z
 _13240_/ZN
 _13241_/ZN
 _13242_/Z
 _13243_/ZN
 _13244_/ZN
 _13245_/Z
 _13246_/ZN
 _13247_/ZN
 _13248_/Z
 _13249_/ZN
 _13250_/ZN
 _13251_/Z
 _13252_/ZN
 _13253_/ZN
 _13254_/ZN
 _13255_/Z
 _13256_/ZN
 _13257_/ZN
 _13258_/Z
 _13259_/ZN
 _13260_/ZN
 _13261_/Z
 _13262_/ZN
 _13263_/ZN
 _13264_/Z
 _13265_/ZN
 _13266_/ZN
 _13267_/Z
 _13268_/ZN
 _13269_/ZN
 _13270_/Z
 _13271_/ZN
 _13272_/ZN
 _13273_/Z
 _13274_/ZN
 _13275_/ZN
 _13276_/ZN
 _13277_/Z
 _13278_/ZN
 _13279_/ZN
 _13280_/Z
 _13281_/ZN
 _13282_/Z
 _13283_/ZN
 _13284_/ZN
 _13285_/Z
 _13286_/ZN
 _13287_/ZN
 _13288_/ZN
 _13289_/ZN
 _13290_/ZN
 _13291_/ZN
 _13292_/Z
 _13293_/ZN
 _13294_/ZN
 _13295_/Z
 _13296_/ZN
 _13297_/ZN
 _13298_/ZN
 _13299_/Z
 _13300_/ZN
 _13301_/Z
 _13302_/ZN
 _13303_/ZN
 _13304_/Z
 _13305_/ZN
 _13306_/ZN
 _13307_/Z
 _13308_/ZN
 _13309_/ZN
 _13310_/Z
 _13311_/ZN
 _13312_/ZN
 _13313_/Z
 _13314_/ZN
 _13315_/ZN
 _13316_/Z
 _13317_/ZN
 _13318_/ZN
 _13319_/Z
 _13320_/ZN
 _13321_/ZN
 _13322_/ZN
 _13323_/ZN
 _13324_/Z
 _13325_/ZN
 _13326_/ZN
 _13327_/Z
 _13328_/ZN
 _13329_/ZN
 _13330_/Z
 _13331_/ZN
 _13332_/ZN
 _13333_/Z
 _13334_/ZN
 _13335_/ZN
 _13336_/Z
 _13337_/ZN
 _13338_/ZN
 _13339_/Z
 _13340_/ZN
 _13341_/ZN
 _13342_/Z
 _13343_/ZN
 _13344_/ZN
 _13345_/ZN
 _13346_/Z
 _13347_/ZN
 _13348_/Z
 _13349_/ZN
 _13350_/ZN
 _13351_/Z
 _13352_/ZN
 _13353_/ZN
 _13354_/Z
 _13355_/ZN
 _13356_/ZN
 _13357_/Z
 _13358_/ZN
 _13359_/ZN
 _13360_/Z
 _13361_/ZN
 _13362_/ZN
 _13363_/Z
 _13364_/ZN
 _13365_/ZN
 _13366_/Z
 _13367_/ZN
 _13368_/ZN
 _13369_/ZN
 _13370_/ZN
 _13371_/ZN
 _13372_/ZN
 _13373_/Z
 _13374_/ZN
 _13375_/ZN
 _13376_/ZN
 _13377_/ZN
 _13378_/Z
 _13379_/ZN
 _13380_/ZN
 _13381_/ZN
 _13382_/ZN
 _13383_/ZN
 _13384_/Z
 _13385_/ZN
 _13386_/ZN
 _13387_/Z
 _13388_/ZN
 _13389_/ZN
 _13390_/Z
 _13391_/ZN
 _13392_/ZN
 _13393_/ZN
 _13394_/ZN
 _13395_/ZN
 _13396_/Z
 _13397_/ZN
 _13398_/ZN
 _13399_/Z
 _13400_/ZN
 _13401_/ZN
 _13402_/Z
 _13403_/ZN
 _13404_/ZN
 _13405_/Z
 _13406_/ZN
 _13407_/ZN
 _13408_/Z
 _13409_/ZN
 _13410_/ZN
 _13411_/Z
 _13412_/ZN
 _13413_/ZN
 _13414_/Z
 _13415_/ZN
 _13416_/ZN
 _13417_/ZN
 _13418_/ZN
 _13419_/ZN
 _13420_/ZN
 _13421_/ZN
 _13422_/ZN
 _13423_/Z
 _13424_/ZN
 _13425_/ZN
 _13426_/Z
 _13427_/ZN
 _13428_/ZN
 _13429_/ZN
 _13430_/ZN
 _13431_/ZN
 _13432_/ZN
 _13433_/ZN
 _13434_/ZN
 _13435_/Z
 _13436_/ZN
 _13437_/ZN
 _13438_/Z
 _13439_/ZN
 _13440_/ZN
 _13441_/ZN
 _13442_/ZN
 _13443_/ZN
 _13444_/ZN
 _13445_/ZN
 _13446_/ZN
 _13447_/ZN
 _13448_/ZN
 _13449_/ZN
 _13450_/Z
 _13451_/ZN
 _13452_/ZN
 _13453_/ZN
 _13454_/ZN
 _13455_/ZN
 _13456_/Z
 _13457_/ZN
 _13458_/ZN
 _13459_/ZN
 _13460_/ZN
 _13461_/ZN
 _13462_/Z
 _13463_/ZN
 _13464_/ZN
 _13465_/ZN
 _13466_/Z
 _13467_/ZN
 _13468_/Z
 _13469_/ZN
 _13470_/ZN
 _13471_/Z
 _13472_/ZN
 _13473_/ZN
 _13474_/Z
 _13475_/ZN
 _13476_/ZN
 _13477_/Z
 _13478_/ZN
 _13479_/ZN
 _13480_/Z
 _13481_/ZN
 _13482_/ZN
 _13483_/Z
 _13484_/ZN
 _13485_/ZN
 _13486_/Z
 _13487_/ZN
 _13488_/ZN
 _13489_/ZN
 _13490_/ZN
 _13491_/ZN
 _13492_/ZN
 _13493_/ZN
 _13494_/ZN
 _13495_/ZN
 _13496_/ZN
 _13497_/ZN
 _13498_/Z
 _13499_/ZN
 _13500_/ZN
 _13501_/ZN
 _13502_/ZN
 _13503_/ZN
 _13504_/Z
 _13505_/ZN
 _13506_/ZN
 _13507_/ZN
 _13508_/ZN
 _13509_/ZN
 _13510_/ZN
 _13511_/ZN
 _13512_/ZN
 _13513_/ZN
 _13514_/Z
 _13515_/ZN
 _13516_/Z
 _13517_/ZN
 _13518_/ZN
 _13519_/Z
 _13520_/ZN
 _13521_/ZN
 _13522_/Z
 _13523_/ZN
 _13524_/ZN
 _13525_/Z
 _13526_/ZN
 _13527_/ZN
 _13528_/Z
 _13529_/ZN
 _13530_/ZN
 _13531_/Z
 _13532_/ZN
 _13533_/ZN
 _13534_/Z
 _13535_/ZN
 _13536_/ZN
 _13537_/ZN
 _13538_/Z
 _13539_/ZN
 _13540_/ZN
 _13541_/Z
 _13542_/ZN
 _13543_/ZN
 _13544_/Z
 _13545_/ZN
 _13546_/ZN
 _13547_/Z
 _13548_/ZN
 _13549_/ZN
 _13550_/Z
 _13551_/ZN
 _13552_/ZN
 _13553_/Z
 _13554_/ZN
 _13555_/ZN
 _13556_/Z
 _13557_/ZN
 _13558_/ZN
 _13559_/Z
 _13560_/ZN
 _13561_/ZN
 _13562_/ZN
 _13563_/ZN
 _13564_/ZN
 _13565_/Z
 _13566_/ZN
 _13567_/ZN
 _13568_/Z
 _13569_/ZN
 _13570_/ZN
 _13571_/ZN
 _13572_/ZN
 _13573_/ZN
 _13574_/Z
 _13575_/ZN
 _13576_/ZN
 _13577_/Z
 _13578_/ZN
 _13579_/ZN
 _13580_/Z
 _13581_/ZN
 _13582_/ZN
 _13583_/Z
 _13584_/ZN
 _13585_/ZN
 _13586_/ZN
 _13587_/ZN
 _13588_/ZN
 _13589_/ZN
 _13590_/ZN
 _13591_/ZN
 _13592_/ZN
 _13593_/ZN
 _13594_/ZN
 _13595_/ZN
 _13596_/ZN
 _13597_/ZN
 _13598_/ZN
 _13599_/ZN
 _13600_/ZN
 _13601_/ZN
 _13602_/ZN
 _13603_/ZN
 _13604_/ZN
 _13605_/ZN
 _13606_/ZN
 _13607_/ZN
 _13608_/ZN
 _13609_/ZN
 _13610_/ZN
 _13611_/ZN
 _13612_/ZN
 _13613_/ZN
 _13614_/ZN
 _13615_/ZN
 _13616_/ZN
 _13617_/ZN
 _13618_/ZN
 _13619_/ZN
 _13620_/ZN
 _13621_/ZN
 _13622_/ZN
 _13623_/ZN
 _13624_/ZN
 _13625_/ZN
 _13626_/ZN
 _13627_/ZN
 _13628_/ZN
 _13629_/ZN
 _13630_/ZN
 _13631_/ZN
 _13632_/ZN
 _13633_/ZN
 _13634_/ZN
 _13635_/ZN
 _13636_/ZN
 _13637_/ZN
 _13638_/ZN
 _13639_/ZN
 _13640_/ZN
 _13641_/ZN
 _13642_/ZN
 _13643_/ZN
 _13644_/ZN
 _13645_/ZN
 _13646_/ZN
 _13647_/ZN
 _13648_/ZN
 _13649_/ZN
 _13650_/ZN
 _13651_/ZN
 _13652_/ZN
 _13653_/ZN
 _13654_/ZN
 _13655_/ZN
 _13656_/ZN
 _13657_/ZN
 _13658_/ZN
 _13659_/ZN
 _13660_/ZN
 _13661_/ZN
 _13662_/ZN
 _13663_/ZN
 _13664_/ZN
 _13665_/ZN
 _13666_/ZN
 _13667_/ZN
 _13668_/ZN
 _13669_/ZN
 _13670_/ZN
 _13671_/ZN
 _13672_/ZN
 _13673_/ZN
 _13674_/ZN
 _13675_/ZN
 _13676_/ZN
 _13677_/ZN
 _13678_/ZN
 _13679_/ZN
 _13680_/ZN
 _13681_/ZN
 _13682_/ZN
 _13683_/ZN
 _13684_/ZN
 _13685_/ZN
 _13686_/ZN
 _13687_/ZN
 _13688_/ZN
 _13689_/ZN
 _13690_/ZN
 _13691_/ZN
 _13692_/ZN
 _13693_/ZN
 _13694_/ZN
 _13695_/ZN
 _13696_/ZN
 _13697_/ZN
 _13698_/ZN
 _13699_/ZN
 _13700_/ZN
 _13701_/ZN
 _13702_/ZN
 _13703_/ZN
 _13704_/ZN
 _13705_/ZN
 _13706_/ZN
 _13707_/ZN
 _13708_/ZN
 _13709_/ZN
 _13710_/ZN
 _13711_/ZN
 _13712_/ZN
 _13713_/ZN
 _13714_/ZN
 _13715_/ZN
 _13716_/ZN
 _13717_/ZN
 _13718_/ZN
 _13719_/ZN
 _13720_/ZN
 _13721_/ZN
 _13722_/ZN
 _13723_/ZN
 _13724_/ZN
 _13725_/ZN
 _13726_/ZN
 _13727_/ZN
 _13728_/ZN
 _13729_/ZN
 _13730_/ZN
 _13731_/ZN
 _13732_/ZN
 _13733_/ZN
 _13734_/ZN
 _13735_/ZN
 _13736_/ZN
 _13737_/ZN
 _13738_/ZN
 _13739_/ZN
 _13740_/ZN
 _13741_/ZN
 _13742_/ZN
 _13743_/ZN
 _13744_/ZN
 _13745_/ZN
 _13746_/ZN
 _13747_/ZN
 _13748_/ZN
 _13749_/ZN
 _13750_/ZN
 _13751_/ZN
 _13752_/ZN
 _13753_/ZN
 _13754_/ZN
 _13755_/ZN
 _13756_/ZN
 _13757_/ZN
 _13758_/ZN
 _13759_/ZN
 _13760_/ZN
 _13761_/ZN
 _13762_/ZN
 _13763_/ZN
 _13764_/ZN
 _13765_/ZN
 _13766_/ZN
 _13767_/ZN
 _13768_/ZN
 _13769_/ZN
 _13770_/ZN
 _13771_/ZN
 _13772_/ZN
 _13773_/ZN
 _13774_/ZN
 _13775_/ZN
 _13776_/ZN
 _13777_/ZN
 _13778_/ZN
 _13779_/ZN
 _13780_/ZN
 _13781_/ZN
 _13782_/ZN
 _13783_/ZN
 _13784_/ZN
 _13785_/ZN
 _13786_/ZN
 _13787_/ZN
 _13788_/ZN
 _13789_/ZN
 _13790_/ZN
 _13791_/ZN
 _13792_/ZN
 _13793_/ZN
 _13794_/ZN
 _13795_/ZN
 _13796_/ZN
 _13797_/ZN
 _13798_/ZN
 _13799_/ZN
 _13800_/ZN
 _13801_/ZN
 _13802_/ZN
 _13803_/ZN
 _13804_/ZN
 _13805_/ZN
 _13806_/ZN
 _13807_/ZN
 _13808_/ZN
 _13809_/ZN
 _13810_/ZN
 _13811_/ZN
 _13812_/ZN
 _13813_/ZN
 _13814_/ZN
 _13815_/ZN
 _13816_/ZN
 _13817_/ZN
 _13818_/ZN
 _13819_/ZN
 _13820_/ZN
 _13821_/ZN
 _13822_/ZN
 _13823_/ZN
 _13824_/ZN
 _13825_/ZN
 _13826_/ZN
 _13827_/ZN
 _13828_/ZN
 _13829_/ZN
 _13830_/ZN
 _13831_/ZN
 _13832_/ZN
 _13833_/ZN
 _13834_/ZN
 _13835_/ZN
 _13836_/ZN
 _13837_/ZN
 _13838_/ZN
 _13839_/ZN
 _13840_/ZN
 _13841_/ZN
 _13842_/ZN
 _13843_/ZN
 _13844_/ZN
 _13845_/ZN
 _13846_/ZN
 _13847_/ZN
 _13848_/ZN
 _13849_/Z
 _13850_/ZN
 _13851_/ZN
 _13852_/ZN
 _13853_/ZN
 _13854_/ZN
 _13855_/ZN
 _13856_/ZN
 _13857_/ZN
 _13858_/ZN
 _13859_/ZN
 _13860_/ZN
 _13861_/ZN
 _13862_/ZN
 _13863_/ZN
 _13864_/Z
 _13865_/Z
 _13866_/Z
 _13867_/Z
 _13868_/Z
 _13869_/Z
 _13870_/Z
 _13871_/Z
 _13872_/ZN
 _13873_/ZN
 _13874_/Z
 _13875_/Z
 _13876_/Z
 _13877_/Z
 _13878_/Z
 _13879_/Z
 _13880_/Z
 _13881_/ZN
 _13882_/ZN
 _13883_/Z
 _13884_/Z
 _13885_/Z
 _13886_/Z
 _13887_/Z
 _13888_/Z
 _13889_/Z
 _13890_/Z
 _13891_/ZN
 _13892_/ZN
 _13893_/ZN
 _13894_/ZN
 _13895_/ZN
 _13896_/ZN
 _13897_/ZN
 _13898_/ZN
 _13899_/ZN
 _13900_/ZN
 _13901_/ZN
 _13902_/ZN
 _13903_/ZN
 _13904_/ZN
 _13905_/ZN
 _13906_/ZN
 _13907_/ZN
 _13908_/ZN
 _13909_/ZN
 _13910_/ZN
 _13911_/ZN
 _13912_/ZN
 _13913_/ZN
 _13914_/ZN
 _13915_/ZN
 _13916_/ZN
 _13917_/ZN
 _13918_/ZN
 _13919_/ZN
 _13920_/ZN
 _13921_/Z
 _13922_/ZN
 _13923_/ZN
 _13924_/ZN
 _13925_/ZN
 _13926_/ZN
 _13927_/ZN
 _13928_/ZN
 _13929_/ZN
 _13930_/ZN
 _13931_/ZN
 _13932_/ZN
 _13933_/ZN
 _13934_/ZN
 _13935_/ZN
 _13936_/ZN
 _13937_/ZN
 _13938_/ZN
 _13939_/ZN
 _13940_/Z
 _13941_/ZN
 _13942_/ZN
 _13943_/Z
 _13944_/ZN
 _13945_/ZN
 _13946_/ZN
 _13947_/ZN
 _13948_/ZN
 _13949_/ZN
 _13950_/ZN
 _13951_/ZN
 _13952_/Z
 _13953_/Z
 _13954_/Z
 _13955_/Z
 _13956_/Z
 _13957_/Z
 _13958_/Z
 _13959_/ZN
 _13960_/ZN
 _13961_/Z
 _13962_/ZN
 _13963_/ZN
 _13964_/ZN
 _13965_/ZN
 _13966_/Z
 _13967_/Z
 _13968_/ZN
 _13969_/ZN
 _13970_/ZN
 _13971_/ZN
 _13972_/ZN
 _13973_/ZN
 _13974_/Z
 _13975_/Z
 _13976_/ZN
 _13977_/ZN
 _13978_/Z
 _13979_/ZN
 _13980_/ZN
 _13981_/Z
 _13982_/ZN
 _13983_/ZN
 _13984_/Z
 _13985_/Z
 _13986_/Z
 _13987_/Z
 _13988_/Z
 _13989_/Z
 _13990_/Z
 _13991_/Z
 _13992_/ZN
 _13993_/ZN
 _13994_/Z
 _13995_/Z
 _13996_/ZN
 _13997_/ZN
 _13998_/Z
 _13999_/ZN
 _14000_/ZN
 _14001_/Z
 _14002_/Z
 _14003_/ZN
 _14004_/ZN
 _14005_/Z
 _14006_/Z
 _14007_/Z
 _14008_/Z
 _14009_/Z
 _14010_/Z
 _14011_/Z
 _14012_/Z
 _14013_/ZN
 _14014_/ZN
 _14015_/ZN
 _14016_/ZN
 _14017_/ZN
 _14018_/ZN
 _14019_/ZN
 _14020_/ZN
 _14021_/ZN
 _14022_/ZN
 _14023_/ZN
 _14024_/ZN
 _14025_/ZN
 _14026_/ZN
 _14027_/ZN
 _14028_/ZN
 _14029_/Z
 _14030_/Z
 _14031_/Z
 _14032_/Z
 _14033_/Z
 _14034_/Z
 _14035_/Z
 _14036_/Z
 _14037_/ZN
 _14038_/ZN
 _14039_/ZN
 _14040_/ZN
 _14041_/Z
 _14042_/Z
 _14043_/ZN
 _14044_/ZN
 _14045_/ZN
 _14046_/ZN
 _14047_/ZN
 _14048_/ZN
 _14049_/ZN
 _14050_/ZN
 _14051_/ZN
 _14052_/ZN
 _14053_/ZN
 _14054_/ZN
 _14055_/ZN
 _14056_/ZN
 _14057_/ZN
 _14058_/ZN
 _14059_/ZN
 _14060_/ZN
 _14061_/ZN
 _14062_/ZN
 _14063_/ZN
 _14064_/ZN
 _14065_/ZN
 _14066_/ZN
 _14067_/ZN
 _14068_/ZN
 _14069_/ZN
 _14070_/ZN
 _14071_/ZN
 _14072_/ZN
 _14073_/ZN
 _14074_/ZN
 _14075_/ZN
 _14076_/ZN
 _14077_/ZN
 _14078_/ZN
 _14079_/ZN
 _14080_/ZN
 _14081_/ZN
 _14082_/ZN
 _14083_/ZN
 _14084_/ZN
 _14085_/ZN
 _14086_/ZN
 _14087_/ZN
 _14088_/ZN
 _14089_/ZN
 _14090_/ZN
 _14091_/ZN
 _14092_/ZN
 _14093_/ZN
 _14094_/ZN
 _14095_/ZN
 _14096_/ZN
 _14097_/ZN
 _14098_/ZN
 _14099_/ZN
 _14100_/ZN
 _14101_/ZN
 _14102_/ZN
 _14103_/ZN
 _14104_/ZN
 _14105_/ZN
 _14106_/ZN
 _14107_/ZN
 _14108_/ZN
 _14109_/ZN
 _14110_/ZN
 _14111_/ZN
 _14112_/ZN
 _14113_/ZN
 _14114_/ZN
 _14115_/ZN
 _14116_/ZN
 _14117_/ZN
 _14118_/ZN
 _14119_/ZN
 _14120_/ZN
 _14121_/ZN
 _14122_/ZN
 _14123_/ZN
 _14124_/ZN
 _14125_/ZN
 _14126_/ZN
 _14127_/ZN
 _14128_/ZN
 _14129_/ZN
 _14130_/ZN
 _14131_/ZN
 _14132_/ZN
 _14133_/ZN
 _14134_/ZN
 _14135_/ZN
 _14136_/ZN
 _14137_/ZN
 _14138_/ZN
 _14139_/ZN
 _14140_/ZN
 _14141_/ZN
 _14142_/ZN
 _14143_/ZN
 _14144_/ZN
 _14145_/ZN
 _14146_/ZN
 _14147_/ZN
 _14148_/ZN
 _14149_/ZN
 _14150_/ZN
 _14151_/ZN
 _14152_/ZN
 _14153_/ZN
 _14154_/ZN
 _14155_/ZN
 _14156_/ZN
 _14157_/ZN
 _14158_/ZN
 _14159_/ZN
 _14160_/ZN
 _14161_/ZN
 _14162_/ZN
 _14163_/ZN
 _14164_/ZN
 _14165_/ZN
 _14166_/ZN
 _14167_/ZN
 _14168_/ZN
 _14169_/ZN
 _14170_/ZN
 _14171_/ZN
 _14172_/ZN
 _14173_/ZN
 _14174_/ZN
 _14175_/ZN
 _14176_/ZN
 _14177_/ZN
 _14178_/ZN
 _14179_/ZN
 _14180_/Z
 _14181_/ZN
 _14182_/ZN
 _14183_/ZN
 _14184_/ZN
 _14185_/ZN
 _14186_/ZN
 _14187_/Z
 _14188_/Z
 _14189_/Z
 _14190_/Z
 _14191_/Z
 _14192_/Z
 _14193_/Z
 _14194_/ZN
 _14195_/ZN
 _14196_/Z
 _14197_/Z
 _14198_/Z
 _14199_/Z
 _14200_/Z
 _14201_/Z
 _14202_/Z
 _14203_/Z
 _14204_/Z
 _14205_/Z
 _14206_/Z
 _14207_/Z
 _14208_/Z
 _14209_/Z
 _14210_/Z
 _14211_/Z
 _14212_/Z
 _14213_/Z
 _14214_/Z
 _14215_/Z
 _14216_/Z
 _14217_/Z
 _14218_/Z
 _14219_/Z
 _14220_/Z
 _14221_/Z
 _14222_/Z
 _14223_/Z
 _14224_/Z
 _14225_/Z
 _14226_/ZN
 _14227_/ZN
 _14228_/Z
 _14229_/Z
 _14230_/Z
 _14231_/Z
 _14232_/Z
 _14233_/ZN
 _14234_/Z
 _14235_/ZN
 _14236_/ZN
 _14237_/Z
 _14238_/Z
 _14239_/Z
 _14240_/Z
 _14241_/Z
 _14242_/Z
 _14243_/Z
 _14244_/Z
 _14245_/Z
 _14246_/Z
 _14247_/Z
 _14248_/Z
 _14249_/Z
 _14250_/Z
 _14251_/Z
 _14252_/Z
 _14253_/Z
 _14254_/Z
 _14255_/Z
 _14256_/Z
 _14257_/Z
 _14258_/Z
 _14259_/Z
 _14260_/Z
 _14261_/Z
 _14262_/Z
 _14263_/Z
 _14264_/Z
 _14265_/Z
 _14266_/Z
 _14267_/Z
 _14268_/Z
 _14269_/Z
 _14270_/Z
 _14271_/Z
 _14272_/Z
 _14273_/Z
 _14274_/Z
 _14275_/Z
 _14276_/Z
 _14277_/Z
 _14278_/Z
 _14279_/ZN
 _14280_/ZN
 _14281_/ZN
 _14282_/ZN
 _14283_/ZN
 _14284_/ZN
 _14285_/ZN
 _14286_/ZN
 _14287_/ZN
 _14288_/ZN
 _14289_/ZN
 _14290_/ZN
 _14291_/ZN
 _14292_/ZN
 _14293_/ZN
 _14294_/ZN
 _14295_/ZN
 _14296_/ZN
 _14297_/ZN
 _14298_/ZN
 _14299_/ZN
 _14300_/ZN
 _14301_/ZN
 _14302_/ZN
 _14303_/ZN
 _14304_/ZN
 _14305_/ZN
 _14306_/ZN
 _14307_/ZN
 _14308_/ZN
 _14309_/ZN
 _14310_/ZN
 _14311_/ZN
 _14312_/ZN
 _14313_/ZN
 _14314_/ZN
 _14315_/ZN
 _14316_/ZN
 _14317_/ZN
 _14318_/ZN
 _14319_/ZN
 _14320_/ZN
 _14321_/ZN
 _14322_/ZN
 _14323_/ZN
 _14324_/ZN
 _14325_/ZN
 _14326_/ZN
 _14327_/ZN
 _14328_/ZN
 _14329_/ZN
 _14330_/ZN
 _14331_/ZN
 _14332_/ZN
 _14333_/ZN
 _14334_/ZN
 _14335_/ZN
 _14336_/ZN
 _14337_/ZN
 _14338_/ZN
 _14339_/ZN
 _14340_/ZN
 _14341_/ZN
 _14342_/ZN
 _14343_/ZN
 _14344_/Z
 _14345_/Z
 _14346_/Z
 _14347_/Z
 _14348_/Z
 _14349_/ZN
 _14350_/ZN
 _14351_/ZN
 _14352_/ZN
 _14353_/Z
 _14354_/Z
 _14355_/Z
 _14356_/Z
 _14357_/Z
 _14358_/Z
 _14359_/Z
 _14360_/Z
 _14361_/Z
 _14362_/Z
 _14363_/Z
 _14364_/Z
 _14365_/Z
 _14366_/Z
 _14367_/Z
 _14368_/Z
 _14369_/Z
 _14370_/Z
 _14371_/Z
 _14372_/Z
 _14373_/Z
 _14374_/Z
 _14375_/Z
 _14376_/Z
 _14377_/Z
 _14378_/Z
 _14379_/Z
 _14380_/Z
 _14381_/Z
 _14382_/Z
 _14383_/Z
 _14384_/Z
 _14385_/ZN
 _14386_/ZN
 _14387_/ZN
 _14388_/ZN
 _14389_/ZN
 _14390_/ZN
 _14391_/Z
 _14392_/Z
 _14393_/Z
 _14394_/Z
 _14395_/Z
 _14396_/ZN
 _14397_/ZN
 _14398_/ZN
 _14399_/ZN
 _14400_/ZN
 _14401_/ZN
 _14402_/ZN
 _14403_/ZN
 _14404_/ZN
 _14405_/ZN
 _14406_/Z
 _14407_/Z
 _14408_/Z
 _14409_/Z
 _14410_/Z
 _14411_/Z
 _14412_/Z
 _14413_/Z
 _14414_/Z
 _14415_/Z
 _14416_/Z
 _14417_/Z
 _14418_/Z
 _14419_/Z
 _14420_/Z
 _14421_/Z
 _14422_/Z
 _14423_/Z
 _14424_/Z
 _14425_/Z
 _14426_/Z
 _14427_/Z
 _14428_/Z
 _14429_/Z
 _14430_/Z
 _14431_/Z
 _14432_/Z
 _14433_/Z
 _14434_/Z
 _14435_/Z
 _14436_/Z
 _14437_/Z
 _14438_/ZN
 _14439_/Z
 _14440_/ZN
 _14441_/Z
 _14442_/ZN
 _14443_/Z
 _14444_/ZN
 _14445_/ZN
 _14446_/ZN
 _14447_/ZN
 _14448_/ZN
 _14449_/Z
 _14450_/ZN
 _14451_/ZN
 _14452_/ZN
 _14453_/ZN
 _14454_/Z
 _14455_/ZN
 _14456_/ZN
 _14457_/ZN
 _14458_/ZN
 _14459_/ZN
 _14460_/Z
 _14461_/ZN
 _14462_/ZN
 _14463_/ZN
 _14464_/ZN
 _14465_/ZN
 _14466_/Z
 _14467_/ZN
 _14468_/ZN
 _14469_/ZN
 _14470_/ZN
 _14471_/ZN
 _14472_/Z
 _14473_/ZN
 _14474_/ZN
 _14475_/ZN
 _14476_/ZN
 _14477_/ZN
 _14478_/Z
 _14479_/ZN
 _14480_/ZN
 _14481_/ZN
 _14482_/ZN
 _14483_/ZN
 _14484_/ZN
 _14485_/ZN
 _14486_/ZN
 _14487_/ZN
 _14488_/ZN
 _14489_/ZN
 _14490_/Z
 _14491_/ZN
 _14492_/ZN
 _14493_/ZN
 _14494_/ZN
 _14495_/Z
 _14496_/ZN
 _14497_/ZN
 _14498_/ZN
 _14499_/ZN
 _14500_/ZN
 _14501_/ZN
 _14502_/ZN
 _14503_/ZN
 _14504_/ZN
 _14505_/ZN
 _14506_/ZN
 _14507_/Z
 _14508_/ZN
 _14509_/ZN
 _14510_/ZN
 _14511_/ZN
 _14512_/ZN
 _14513_/ZN
 _14514_/ZN
 _14515_/ZN
 _14516_/ZN
 _14517_/ZN
 _14518_/Z
 _14519_/ZN
 _14520_/ZN
 _14521_/ZN
 _14522_/ZN
 _14523_/Z
 _14524_/ZN
 _14525_/ZN
 _14526_/ZN
 _14527_/ZN
 _14528_/ZN
 _14529_/ZN
 _14530_/ZN
 _14531_/ZN
 _14532_/ZN
 _14533_/ZN
 _14534_/Z
 _14535_/ZN
 _14536_/ZN
 _14537_/ZN
 _14538_/ZN
 _14539_/ZN
 _14540_/Z
 _14541_/ZN
 _14542_/ZN
 _14543_/ZN
 _14544_/ZN
 _14545_/Z
 _14546_/ZN
 _14547_/ZN
 _14548_/ZN
 _14549_/ZN
 _14550_/ZN
 _14551_/ZN
 _14552_/ZN
 _14553_/ZN
 _14554_/ZN
 _14555_/ZN
 _14556_/ZN
 _14557_/Z
 _14558_/ZN
 _14559_/ZN
 _14560_/ZN
 _14561_/ZN
 _14562_/Z
 _14563_/ZN
 _14564_/ZN
 _14565_/ZN
 _14566_/ZN
 _14567_/Z
 _14568_/ZN
 _14569_/ZN
 _14570_/ZN
 _14571_/ZN
 _14572_/ZN
 _14573_/ZN
 _14574_/ZN
 _14575_/ZN
 _14576_/ZN
 _14577_/ZN
 _14578_/ZN
 _14579_/Z
 _14580_/ZN
 _14581_/ZN
 _14582_/ZN
 _14583_/ZN
 _14584_/Z
 _14585_/ZN
 _14586_/ZN
 _14587_/ZN
 _14588_/ZN
 _14589_/Z
 _14590_/ZN
 _14591_/ZN
 _14592_/ZN
 _14593_/ZN
 _14594_/ZN
 _14595_/Z
 _14596_/ZN
 _14597_/ZN
 _14598_/ZN
 _14599_/ZN
 _14600_/Z
 _14601_/ZN
 _14602_/ZN
 _14603_/ZN
 _14604_/ZN
 _14605_/Z
 _14606_/ZN
 _14607_/ZN
 _14608_/ZN
 _14609_/ZN
 _14610_/Z
 _14611_/ZN
 _14612_/ZN
 _14613_/ZN
 _14614_/ZN
 _14615_/ZN
 _14616_/ZN
 _14617_/ZN
 _14618_/ZN
 _14619_/ZN
 _14620_/ZN
 _14621_/ZN
 _14622_/Z
 _14623_/ZN
 _14624_/ZN
 _14625_/ZN
 _14626_/ZN
 _14627_/ZN
 _14628_/Z
 _14629_/ZN
 _14630_/ZN
 _14631_/ZN
 _14632_/ZN
 _14633_/Z
 _14634_/Z
 _14635_/Z
 _14636_/Z
 _14637_/Z
 _14638_/Z
 _14639_/Z
 _14640_/Z
 _14641_/Z
 _14642_/Z
 _14643_/Z
 _14644_/Z
 _14645_/Z
 _14646_/Z
 _14647_/Z
 _14648_/Z
 _14649_/Z
 _14650_/Z
 _14651_/Z
 _14652_/Z
 _14653_/Z
 _14654_/Z
 _14655_/Z
 _14656_/Z
 _14657_/Z
 _14658_/Z
 _14659_/Z
 _14660_/Z
 _14661_/Z
 _14662_/Z
 _14663_/Z
 _14664_/Z
 _14665_/ZN
 _14666_/ZN
 _14667_/Z
 _14668_/Z
 _14669_/Z
 _14670_/Z
 _14671_/Z
 _14672_/Z
 _14673_/Z
 _14674_/Z
 _14675_/Z
 _14676_/Z
 _14677_/Z
 _14678_/Z
 _14679_/Z
 _14680_/Z
 _14681_/Z
 _14682_/Z
 _14683_/Z
 _14684_/Z
 _14685_/Z
 _14686_/Z
 _14687_/Z
 _14688_/Z
 _14689_/Z
 _14690_/Z
 _14691_/Z
 _14692_/Z
 _14693_/Z
 _14694_/Z
 _14695_/Z
 _14696_/Z
 _14697_/Z
 _14698_/Z
 _14699_/ZN
 _14700_/ZN
 _14701_/Z
 _14702_/Z
 _14703_/Z
 _14704_/Z
 _14705_/Z
 _14706_/Z
 _14707_/Z
 _14708_/Z
 _14709_/Z
 _14710_/Z
 _14711_/Z
 _14712_/Z
 _14713_/Z
 _14714_/Z
 _14715_/Z
 _14716_/Z
 _14717_/Z
 _14718_/Z
 _14719_/Z
 _14720_/Z
 _14721_/Z
 _14722_/Z
 _14723_/Z
 _14724_/Z
 _14725_/Z
 _14726_/Z
 _14727_/Z
 _14728_/Z
 _14729_/Z
 _14730_/Z
 _14731_/Z
 _14732_/Z
 _14733_/ZN
 _14734_/Z
 _14735_/Z
 _14736_/Z
 _14737_/Z
 _14738_/Z
 _14739_/Z
 _14740_/Z
 _14741_/Z
 _14742_/Z
 _14743_/Z
 _14744_/Z
 _14745_/Z
 _14746_/Z
 _14747_/Z
 _14748_/Z
 _14749_/Z
 _14750_/Z
 _14751_/Z
 _14752_/Z
 _14753_/Z
 _14754_/Z
 _14755_/Z
 _14756_/Z
 _14757_/Z
 _14758_/Z
 _14759_/Z
 _14760_/Z
 _14761_/Z
 _14762_/Z
 _14763_/Z
 _14764_/Z
 _14765_/Z
 _14766_/ZN
 _14767_/ZN
 _14768_/ZN
 _14769_/ZN
 _14770_/Z
 _14771_/Z
 _14772_/Z
 _14773_/Z
 _14774_/Z
 _14775_/Z
 _14776_/Z
 _14777_/Z
 _14778_/Z
 _14779_/Z
 _14780_/Z
 _14781_/Z
 _14782_/Z
 _14783_/Z
 _14784_/Z
 _14785_/Z
 _14786_/Z
 _14787_/Z
 _14788_/Z
 _14789_/Z
 _14790_/Z
 _14791_/Z
 _14792_/Z
 _14793_/Z
 _14794_/Z
 _14795_/Z
 _14796_/Z
 _14797_/Z
 _14798_/Z
 _14799_/Z
 _14800_/Z
 _14801_/ZN
 _14802_/ZN
 _14803_/ZN
 _14804_/Z
 _14805_/Z
 _14806_/Z
 _14807_/Z
 _14808_/Z
 _14809_/Z
 _14810_/Z
 _14811_/Z
 _14812_/Z
 _14813_/Z
 _14814_/Z
 _14815_/Z
 _14816_/Z
 _14817_/Z
 _14818_/Z
 _14819_/Z
 _14820_/Z
 _14821_/Z
 _14822_/Z
 _14823_/Z
 _14824_/Z
 _14825_/Z
 _14826_/Z
 _14827_/Z
 _14828_/Z
 _14829_/Z
 _14830_/Z
 _14831_/Z
 _14832_/Z
 _14833_/Z
 _14834_/Z
 _14835_/ZN
 _14836_/Z
 _14837_/Z
 _14838_/Z
 _14839_/Z
 _14840_/Z
 _14841_/Z
 _14842_/Z
 _14843_/Z
 _14844_/Z
 _14845_/Z
 _14846_/Z
 _14847_/Z
 _14848_/Z
 _14849_/Z
 _14850_/Z
 _14851_/Z
 _14852_/Z
 _14853_/Z
 _14854_/Z
 _14855_/Z
 _14856_/Z
 _14857_/Z
 _14858_/Z
 _14859_/Z
 _14860_/Z
 _14861_/Z
 _14862_/Z
 _14863_/Z
 _14864_/Z
 _14865_/Z
 _14866_/Z
 _14867_/Z
 _14868_/ZN
 _14869_/Z
 _14870_/ZN
 _14871_/ZN
 _14872_/Z
 _14873_/Z
 _14874_/Z
 _14875_/Z
 _14876_/Z
 _14877_/Z
 _14878_/Z
 _14879_/Z
 _14880_/Z
 _14881_/Z
 _14882_/Z
 _14883_/Z
 _14884_/Z
 _14885_/Z
 _14886_/Z
 _14887_/Z
 _14888_/Z
 _14889_/Z
 _14890_/Z
 _14891_/Z
 _14892_/Z
 _14893_/Z
 _14894_/Z
 _14895_/Z
 _14896_/Z
 _14897_/Z
 _14898_/Z
 _14899_/Z
 _14900_/Z
 _14901_/Z
 _14902_/ZN
 _14903_/ZN
 _14904_/ZN
 _14905_/Z
 _14906_/ZN
 _14907_/ZN
 _14908_/Z
 _14909_/Z
 _14910_/Z
 _14911_/Z
 _14912_/Z
 _14913_/Z
 _14914_/Z
 _14915_/Z
 _14916_/Z
 _14917_/Z
 _14918_/Z
 _14919_/Z
 _14920_/Z
 _14921_/Z
 _14922_/Z
 _14923_/Z
 _14924_/Z
 _14925_/Z
 _14926_/Z
 _14927_/Z
 _14928_/Z
 _14929_/Z
 _14930_/Z
 _14931_/Z
 _14932_/Z
 _14933_/Z
 _14934_/Z
 _14935_/Z
 _14936_/Z
 _14937_/Z
 _14938_/Z
 _14939_/Z
 _14940_/ZN
 _14941_/ZN
 _14942_/Z
 _14943_/Z
 _14944_/Z
 _14945_/Z
 _14946_/Z
 _14947_/Z
 _14948_/Z
 _14949_/Z
 _14950_/Z
 _14951_/Z
 _14952_/Z
 _14953_/Z
 _14954_/Z
 _14955_/Z
 _14956_/Z
 _14957_/Z
 _14958_/Z
 _14959_/Z
 _14960_/Z
 _14961_/Z
 _14962_/Z
 _14963_/Z
 _14964_/Z
 _14965_/Z
 _14966_/Z
 _14967_/Z
 _14968_/Z
 _14969_/Z
 _14970_/Z
 _14971_/Z
 _14972_/Z
 _14973_/Z
 _14974_/ZN
 _14975_/ZN
 _14976_/Z
 _14977_/Z
 _14978_/Z
 _14979_/Z
 _14980_/Z
 _14981_/Z
 _14982_/Z
 _14983_/Z
 _14984_/Z
 _14985_/Z
 _14986_/Z
 _14987_/Z
 _14988_/Z
 _14989_/Z
 _14990_/Z
 _14991_/Z
 _14992_/Z
 _14993_/Z
 _14994_/Z
 _14995_/Z
 _14996_/Z
 _14997_/Z
 _14998_/Z
 _14999_/Z
 _15000_/Z
 _15001_/Z
 _15002_/Z
 _15003_/Z
 _15004_/Z
 _15005_/Z
 _15006_/Z
 _15007_/ZN
 _15008_/ZN
 _15009_/ZN
 _15010_/Z
 _15011_/Z
 _15012_/Z
 _15013_/Z
 _15014_/Z
 _15015_/Z
 _15016_/Z
 _15017_/Z
 _15018_/Z
 _15019_/Z
 _15020_/Z
 _15021_/Z
 _15022_/Z
 _15023_/Z
 _15024_/Z
 _15025_/Z
 _15026_/Z
 _15027_/Z
 _15028_/Z
 _15029_/Z
 _15030_/Z
 _15031_/Z
 _15032_/Z
 _15033_/Z
 _15034_/Z
 _15035_/Z
 _15036_/Z
 _15037_/Z
 _15038_/Z
 _15039_/Z
 _15040_/Z
 _15041_/ZN
 _15042_/Z
 _15043_/Z
 _15044_/Z
 _15045_/Z
 _15046_/Z
 _15047_/Z
 _15048_/Z
 _15049_/Z
 _15050_/Z
 _15051_/Z
 _15052_/Z
 _15053_/Z
 _15054_/Z
 _15055_/Z
 _15056_/Z
 _15057_/Z
 _15058_/Z
 _15059_/Z
 _15060_/Z
 _15061_/Z
 _15062_/Z
 _15063_/Z
 _15064_/Z
 _15065_/Z
 _15066_/Z
 _15067_/Z
 _15068_/Z
 _15069_/Z
 _15070_/Z
 _15071_/Z
 _15072_/Z
 _15073_/Z
 _15074_/ZN
 _15075_/Z
 _15076_/Z
 _15077_/Z
 _15078_/Z
 _15079_/Z
 _15080_/Z
 _15081_/Z
 _15082_/Z
 _15083_/Z
 _15084_/Z
 _15085_/Z
 _15086_/Z
 _15087_/Z
 _15088_/Z
 _15089_/Z
 _15090_/Z
 _15091_/Z
 _15092_/Z
 _15093_/Z
 _15094_/Z
 _15095_/Z
 _15096_/Z
 _15097_/Z
 _15098_/Z
 _15099_/Z
 _15100_/Z
 _15101_/Z
 _15102_/Z
 _15103_/Z
 _15104_/Z
 _15105_/Z
 _15106_/Z
 _15107_/ZN
 _15108_/Z
 _15109_/Z
 _15110_/Z
 _15111_/Z
 _15112_/Z
 _15113_/Z
 _15114_/Z
 _15115_/Z
 _15116_/Z
 _15117_/Z
 _15118_/Z
 _15119_/Z
 _15120_/Z
 _15121_/Z
 _15122_/Z
 _15123_/Z
 _15124_/Z
 _15125_/Z
 _15126_/Z
 _15127_/Z
 _15128_/Z
 _15129_/Z
 _15130_/Z
 _15131_/Z
 _15132_/Z
 _15133_/Z
 _15134_/Z
 _15135_/Z
 _15136_/Z
 _15137_/Z
 _15138_/Z
 _15139_/Z
 _15140_/Z
 _15141_/Z
 _15142_/Z
 _15143_/Z
 _15144_/Z
 _15145_/Z
 _15146_/Z
 _15147_/Z
 _15148_/Z
 _15149_/Z
 _15150_/Z
 _15151_/Z
 _15152_/Z
 _15153_/Z
 _15154_/Z
 _15155_/Z
 _15156_/Z
 _15157_/Z
 _15158_/Z
 _15159_/Z
 _15160_/Z
 _15161_/Z
 _15162_/Z
 _15163_/Z
 _15164_/Z
 _15165_/Z
 _15166_/Z
 _15167_/Z
 _15168_/Z
 _15169_/Z
 _15170_/Z
 _15171_/Z
 _15172_/Z
 _15173_/Z
 _15174_/Z
 _15175_/Z
 _15176_/Z
 _15177_/Z
 _15178_/Z
 _15179_/Z
 _15180_/Z
 _15181_/Z
 _15182_/Z
 _15183_/Z
 _15184_/Z
 _15185_/Z
 _15186_/Z
 _15187_/Z
 _15188_/Z
 _15189_/Z
 _15190_/Z
 _15191_/Z
 _15192_/Z
 _15193_/Z
 _15194_/Z
 _15195_/Z
 _15196_/Z
 _15197_/Z
 _15198_/Z
 _15199_/Z
 _15200_/Z
 _15201_/Z
 _15202_/Z
 _15203_/Z
 _15204_/Z
 _15205_/Z
 _15206_/Z
 _15207_/Z
 _15208_/Z
 _15209_/Z
 _15210_/Z
 _15211_/Z
 _15212_/Z
 _15213_/Z
 _15214_/Z
 _15215_/Z
 _15216_/Z
 _15217_/Z
 _15218_/Z
 _15219_/Z
 _15220_/Z
 _15221_/Z
 _15222_/Z
 _15223_/Z
 _15224_/Z
 _15225_/Z
 _15226_/Z
 _15227_/Z
 _15228_/Z
 _15229_/Z
 _15230_/Z
 _15231_/Z
 _15232_/Z
 _15233_/Z
 _15234_/Z
 _15235_/Z
 _15236_/Z
 _15237_/Z
 _15238_/Z
 _15239_/Z
 _15240_/Z
 _15241_/Z
 _15242_/Z
 _15243_/Z
 _15244_/Z
 _15245_/Z
 _15246_/Z
 _15247_/Z
 _15248_/Z
 _15249_/Z
 _15250_/Z
 _15251_/Z
 _15252_/Z
 _15253_/Z
 _15254_/Z
 _15255_/Z
 _15256_/Z
 _15257_/Z
 _15258_/Z
 _15259_/Z
 _15260_/Z
 _15261_/Z
 _15262_/Z
 _15263_/Z
 _15264_/Z
 _15265_/Z
 _15266_/Z
 _15267_/Z
 _15268_/Z
 _15269_/Z
 _15270_/Z
 _15271_/Z
 _15272_/Z
 _15273_/Z
 _15274_/Z
 _15275_/Z
 _15276_/Z
 _15277_/Z
 _15278_/Z
 _15279_/Z
 _15280_/Z
 _15281_/Z
 _15282_/Z
 _15283_/Z
 _15284_/Z
 _15285_/Z
 _15286_/Z
 _15287_/Z
 _15288_/Z
 _15289_/Z
 _15290_/Z
 _15291_/Z
 _15292_/Z
 _15293_/Z
 _15294_/Z
 _15295_/Z
 _15296_/Z
 _15297_/Z
 _15298_/Z
 _15299_/Z
 _15300_/Z
 _15301_/Z
 _15302_/Z
 _15303_/Z
 _15304_/Z
 _15305_/Z
 _15306_/Z
 _15307_/Z
 _15308_/Z
 _15309_/Z
 _15310_/Z
 _15311_/Z
 _15312_/Z
 _15313_/Z
 _15314_/Z
 _15315_/Z
 _15316_/Z
 _15317_/Z
 _15318_/Z
 _15319_/Z
 _15320_/Z
 _15321_/Z
 _15322_/Z
 _15323_/Z
 _15324_/Z
 _15325_/Z
 _15326_/Z
 _15327_/Z
 _15328_/Z
 _15329_/Z
 _15330_/Z
 _15331_/Z
 _15332_/Z
 _15333_/Z
 _15334_/Z
 _15335_/Z
 _15336_/Z
 _15337_/Z
 _15338_/Z
 _15339_/Z
 _15340_/Z
 _15341_/Z
 _15342_/Z
 _15343_/Z
 _15344_/Z
 _15345_/Z
 _15346_/Z
 _15347_/Z
 _15348_/Z
 _15349_/Z
 _15350_/Z
 _15351_/Z
 _15352_/Z
 _15353_/Z
 _15354_/Z
 _15355_/Z
 _15356_/Z
 _15357_/Z
 _15358_/Z
 _15359_/Z
 _15360_/Z
 _15361_/Z
 _15362_/Z
 _15363_/Z
 _15364_/Z
 _15365_/Z
 _15366_/Z
 _15367_/Z
 _15368_/Z
 _15369_/Z
 _15370_/Z
 _15371_/Z
 _15372_/Z
 _15373_/Z
 _15374_/Z
 _15375_/Z
 _15376_/Z
 _15377_/Z
 _15378_/Z
 _15379_/Z
 _15380_/Z
 _15381_/Z
 _15382_/Z
 _15383_/Z
 _15384_/Z
 _15385_/Z
 _15386_/Z
 _15387_/Z
 _15388_/Z
 _15389_/Z
 _15390_/Z
 _15391_/Z
 _15392_/Z
 _15393_/Z
 _15394_/Z
 _15395_/Z
 _15396_/Z
 _15397_/Z
 _15398_/Z
 _15399_/Z
 _15400_/Z
 _15401_/Z
 _15402_/Z
 _15403_/Z
 _15404_/Z
 _15405_/Z
 _15406_/Z
 _15407_/Z
 _15408_/Z
 _15409_/Z
 _15410_/Z
 _15411_/Z
 _15412_/Z
 _15413_/Z
 _15414_/Z
 _15415_/Z
 _15416_/Z
 _15417_/Z
 _15418_/Z
 _15419_/Z
 _15420_/Z
 _15421_/Z
 _15422_/Z
 _15423_/Z
 _15424_/Z
 _15425_/Z
 _15426_/Z
 _15427_/Z
 _15428_/Z
 _15429_/Z
 _15430_/Z
 _15431_/Z
 _15432_/Z
 _15433_/Z
 _15434_/Z
 _15435_/Z
 _15436_/Z
 _15437_/Z
 _15438_/ZN
 _15439_/ZN
 _15440_/ZN
 _15441_/ZN
 _15442_/ZN
 _15443_/ZN
 _15444_/ZN
 _15445_/ZN
 _15446_/ZN
 _15447_/ZN
 _15448_/ZN
 _15449_/ZN
 _15450_/Z
 _15451_/Z
 _15452_/ZN
 _15453_/ZN
 _15454_/ZN
 _15455_/ZN
 _15456_/ZN
 _15457_/ZN
 _15458_/ZN
 _15459_/ZN
 _15460_/Z
 _15461_/ZN
 _15462_/ZN
 _15463_/Z
 _15464_/Z
 _15465_/Z
 _15466_/Z
 _15467_/Z
 _15468_/Z
 _15469_/Z
 _15470_/Z
 _15471_/Z
 _15472_/Z
 _15473_/Z
 _15474_/Z
 _15475_/Z
 _15476_/Z
 _15477_/Z
 _15478_/Z
 _15479_/Z
 _15480_/Z
 _15481_/Z
 _15482_/Z
 _15483_/Z
 _15484_/Z
 _15485_/Z
 _15486_/Z
 _15487_/Z
 _15488_/Z
 _15489_/Z
 _15490_/Z
 _15491_/Z
 _15492_/Z
 _15493_/Z
 _15494_/ZN
 _15495_/ZN
 _15496_/ZN
 _15497_/ZN
 _15498_/ZN
 _15499_/ZN
 _15500_/ZN
 _15501_/ZN
 _15502_/ZN
 _15503_/ZN
 _15504_/ZN
 _15505_/ZN
 _15506_/ZN
 _15507_/ZN
 _15508_/ZN
 _15509_/ZN
 _15510_/ZN
 _15511_/ZN
 _15512_/ZN
 _15513_/ZN
 _15514_/ZN
 _15515_/ZN
 _15516_/ZN
 _15517_/ZN
 _15518_/ZN
 _15519_/ZN
 _15520_/ZN
 _15521_/ZN
 _15522_/ZN
 _15523_/ZN
 _15524_/ZN
 _15525_/ZN
 _15526_/ZN
 _15527_/ZN
 _15528_/ZN
 _15529_/ZN
 _15530_/ZN
 _15531_/ZN
 _15532_/ZN
 _15533_/ZN
 _15534_/ZN
 _15535_/ZN
 _15536_/ZN
 _15537_/ZN
 _15538_/ZN
 _15539_/ZN
 _15540_/ZN
 _15541_/ZN
 _15542_/ZN
 _15543_/ZN
 _15544_/ZN
 _15545_/ZN
 _15546_/ZN
 _15547_/ZN
 _15548_/ZN
 _15549_/ZN
 _15550_/ZN
 _15551_/ZN
 _15552_/ZN
 _15553_/ZN
 _15554_/ZN
 _15555_/ZN
 _15556_/ZN
 _15557_/ZN
 _15558_/ZN
 _15559_/ZN
 _15560_/ZN
 _15561_/ZN
 _15562_/ZN
 _15563_/ZN
 _15564_/ZN
 _15565_/ZN
 _15566_/ZN
 _15567_/ZN
 _15568_/ZN
 _15569_/ZN
 _15570_/ZN
 _15571_/ZN
 _15572_/ZN
 _15573_/ZN
 _15574_/ZN
 _15575_/ZN
 _15576_/ZN
 _15577_/ZN
 _15578_/ZN
 _15579_/ZN
 _15580_/ZN
 _15581_/ZN
 _15582_/ZN
 _15583_/ZN
 _15584_/ZN
 _15585_/ZN
 _15586_/ZN
 _15587_/ZN
 _15588_/ZN
 _15589_/ZN
 _15590_/ZN
 _15591_/ZN
 _15592_/ZN
 _15593_/ZN
 _15594_/ZN
 _15595_/ZN
 _15596_/ZN
 _15597_/ZN
 _15598_/ZN
 _15599_/ZN
 _15600_/ZN
 _15601_/ZN
 _15602_/ZN
 _15603_/ZN
 _15604_/ZN
 _15605_/ZN
 _15606_/ZN
 _15607_/ZN
 _15608_/ZN
 _15609_/ZN
 _15610_/ZN
 _15611_/ZN
 _15612_/ZN
 _15613_/ZN
 _15614_/ZN
 _15615_/ZN
 _15616_/ZN
 _15617_/ZN
 _15618_/ZN
 _15619_/ZN
 _15620_/ZN
 _15621_/ZN
 _15622_/ZN
 _15623_/ZN
 _15624_/ZN
 _15625_/ZN
 _15626_/ZN
 _15627_/ZN
 _15628_/ZN
 _15629_/ZN
 _15630_/ZN
 _15631_/ZN
 _15632_/ZN
 _15633_/ZN
 _15634_/ZN
 _15635_/ZN
 _15636_/ZN
 _15637_/ZN
 _15638_/ZN
 _15639_/ZN
 _15640_/ZN
 _15641_/ZN
 _15642_/ZN
 _15643_/ZN
 _15644_/ZN
 _15645_/ZN
 _15646_/ZN
 _15647_/ZN
 _15648_/ZN
 _15649_/ZN
 _15650_/ZN
 _15651_/ZN
 _15652_/ZN
 _15653_/ZN
 _15654_/ZN
 _15655_/ZN
 _15656_/ZN
 _15657_/ZN
 _15658_/ZN
 _15659_/ZN
 _15660_/ZN
 _15661_/ZN
 _15662_/ZN
 _15663_/ZN
 _15664_/ZN
 _15665_/ZN
 _15666_/ZN
 _15667_/ZN
 _15668_/ZN
 _15669_/ZN
 _15670_/ZN
 _15671_/ZN
 _15672_/ZN
 _15673_/ZN
 _15674_/ZN
 _15675_/ZN
 _15676_/ZN
 _15677_/ZN
 _15678_/ZN
 _15679_/ZN
 _15680_/ZN
 _15681_/ZN
 _15682_/ZN
 _15683_/ZN
 _15684_/ZN
 _15685_/ZN
 _15686_/ZN
 _15687_/ZN
 _15688_/ZN
 _15689_/ZN
 _15690_/ZN
 _15691_/ZN
 _15692_/ZN
 _15693_/ZN
 _15694_/ZN
 _15695_/ZN
 _15696_/ZN
 _15697_/ZN
 _15698_/ZN
 _15699_/ZN
 _15700_/ZN
 _15701_/ZN
 _15702_/ZN
 _15703_/ZN
 _15704_/ZN
 _15705_/ZN
 _15706_/ZN
 _15707_/ZN
 _15708_/ZN
 _15709_/ZN
 _15710_/ZN
 _15711_/ZN
 _15712_/ZN
 _15713_/ZN
 _15714_/ZN
 _15715_/ZN
 _15716_/ZN
 _15717_/ZN
 _15718_/ZN
 _15719_/ZN
 _15720_/ZN
 _15721_/ZN
 _15722_/ZN
 _15723_/ZN
 _15724_/ZN
 _15725_/ZN
 _15726_/ZN
 _15727_/ZN
 _15728_/ZN
 _15729_/ZN
 _15730_/ZN
 _15731_/ZN
 _15732_/ZN
 _15733_/ZN
 _15734_/ZN
 _15735_/ZN
 _15736_/ZN
 _15737_/ZN
 _15738_/ZN
 _15739_/ZN
 _15740_/ZN
 _15741_/ZN
 _15742_/ZN
 _15743_/ZN
 _15744_/ZN
 _15745_/ZN
 _15746_/ZN
 _15747_/ZN
 _15748_/ZN
 _15749_/Z
 _15750_/ZN
 _15751_/ZN
 _15752_/ZN
 _15753_/Z
 _15754_/ZN
 _15755_/ZN
 _15756_/ZN
 _15757_/Z
 _15758_/ZN
 _15759_/ZN
 _15760_/ZN
 _15761_/Z
 _15762_/ZN
 _15763_/ZN
 _15764_/ZN
 _15765_/Z
 _15766_/ZN
 _15767_/ZN
 _15768_/ZN
 _15769_/Z
 _15770_/ZN
 _15771_/ZN
 _15772_/ZN
 _15773_/Z
 _15774_/ZN
 _15775_/ZN
 _15776_/ZN
 _15777_/Z
 _15778_/ZN
 _15779_/ZN
 _15780_/Z
 _15781_/ZN
 _15782_/ZN
 _15783_/ZN
 _15784_/Z
 _15785_/ZN
 _15786_/ZN
 _15787_/ZN
 _15788_/Z
 _15789_/ZN
 _15790_/ZN
 _15791_/ZN
 _15792_/Z
 _15793_/ZN
 _15794_/ZN
 _15795_/ZN
 _15796_/Z
 _15797_/ZN
 _15798_/ZN
 _15799_/ZN
 _15800_/Z
 _15801_/ZN
 _15802_/ZN
 _15803_/ZN
 _15804_/Z
 _15805_/ZN
 _15806_/ZN
 _15807_/ZN
 _15808_/Z
 _15809_/ZN
 _15810_/ZN
 _15811_/ZN
 _15812_/Z
 _15813_/ZN
 _15814_/ZN
 _15815_/ZN
 _15816_/Z
 _15817_/ZN
 _15818_/ZN
 _15819_/ZN
 _15820_/Z
 _15821_/ZN
 _15822_/ZN
 _15823_/ZN
 _15824_/Z
 _15825_/ZN
 _15826_/ZN
 _15827_/ZN
 _15828_/Z
 _15829_/ZN
 _15830_/ZN
 _15831_/ZN
 _15832_/Z
 _15833_/ZN
 _15834_/ZN
 _15835_/ZN
 _15836_/Z
 _15837_/ZN
 _15838_/ZN
 _15839_/ZN
 _15840_/Z
 _15841_/ZN
 _15842_/ZN
 _15843_/ZN
 _15844_/Z
 _15845_/ZN
 _15846_/ZN
 _15847_/ZN
 _15848_/Z
 _15849_/ZN
 _15850_/ZN
 _15851_/ZN
 _15852_/Z
 _15853_/ZN
 _15854_/ZN
 _15855_/ZN
 _15856_/Z
 _15857_/ZN
 _15858_/ZN
 _15859_/ZN
 _15860_/Z
 _15861_/ZN
 _15862_/ZN
 _15863_/ZN
 _15864_/Z
 _15865_/ZN
 _15866_/ZN
 _15867_/ZN
 _15868_/Z
 _15869_/ZN
 _15870_/ZN
 _15871_/ZN
 _15872_/Z
 _15873_/ZN
 _15874_/ZN
 _15875_/ZN
 _15876_/Z
 _15877_/ZN
 _15878_/ZN
 _15879_/ZN
 _15880_/Z
 _15881_/ZN
 _15882_/ZN
 _15883_/ZN
 _15884_/Z
 _15885_/ZN
 _15886_/ZN
 _15887_/ZN
 _15888_/Z
 _15889_/ZN
 _15890_/ZN
 _15891_/ZN
 _15892_/Z
 _15893_/ZN
 _15894_/ZN
 _15895_/ZN
 _15896_/Z
 _15897_/ZN
 _15898_/ZN
 _15899_/ZN
 _15900_/Z
 _15901_/ZN
 _15902_/ZN
 _15903_/ZN
 _15904_/Z
 _15905_/ZN
 _15906_/ZN
 _15907_/ZN
 _15908_/Z
 _15909_/ZN
 _15910_/ZN
 _15911_/ZN
 _15912_/Z
 _15913_/ZN
 _15914_/ZN
 _15915_/ZN
 _15916_/Z
 _15917_/ZN
 _15918_/ZN
 _15919_/ZN
 _15920_/Z
 _15921_/ZN
 _15922_/ZN
 _15923_/ZN
 _15924_/Z
 _15925_/ZN
 _15926_/ZN
 _15927_/ZN
 _15928_/Z
 _15929_/ZN
 _15930_/ZN
 _15931_/ZN
 _15932_/Z
 _15933_/ZN
 _15934_/ZN
 _15935_/ZN
 _15936_/Z
 _15937_/ZN
 _15938_/ZN
 _15939_/ZN
 _15940_/Z
 _15941_/ZN
 _15942_/ZN
 _15943_/ZN
 _15944_/Z
 _15945_/ZN
 _15946_/ZN
 _15947_/ZN
 _15948_/Z
 _15949_/ZN
 _15950_/ZN
 _15951_/ZN
 _15952_/Z
 _15953_/ZN
 _15954_/ZN
 _15955_/ZN
 _15956_/Z
 _15957_/ZN
 _15958_/ZN
 _15959_/ZN
 _15960_/Z
 _15961_/ZN
 _15962_/ZN
 _15963_/ZN
 _15964_/Z
 _15965_/ZN
 _15966_/ZN
 _15967_/ZN
 _15968_/Z
 _15969_/ZN
 _15970_/ZN
 _15971_/ZN
 _15972_/Z
 _15973_/ZN
 _15974_/ZN
 _15975_/ZN
 _15976_/Z
 _15977_/ZN
 _15978_/ZN
 _15979_/ZN
 _15980_/Z
 _15981_/ZN
 _15982_/ZN
 _15983_/ZN
 _15984_/Z
 _15985_/ZN
 _15986_/ZN
 _15987_/ZN
 _15988_/Z
 _15989_/ZN
 _15990_/ZN
 _15991_/ZN
 _15992_/Z
 _15993_/ZN
 _15994_/ZN
 _15995_/ZN
 _15996_/Z
 _15997_/ZN
 _15998_/ZN
 _15999_/ZN
 _16000_/Z
 _16001_/ZN
 _16002_/ZN
 _16003_/ZN
 _16004_/ZN
 _16005_/ZN
 _16006_/ZN
 _16007_/ZN
 _16008_/ZN
 _16009_/ZN
 _16010_/ZN
 _16011_/ZN
 _16012_/ZN
 _16013_/ZN
 _16014_/ZN
 _16015_/ZN
 _16016_/ZN
 _16017_/ZN
 _16018_/ZN
 _16019_/ZN
 _16020_/ZN
 _16021_/ZN
 _16022_/ZN
 _16023_/ZN
 _16024_/ZN
 _16025_/ZN
 _16026_/ZN
 _16027_/ZN
 _16028_/ZN
 _16029_/ZN
 _16030_/ZN
 _16031_/ZN
 _16032_/ZN
 _16033_/ZN
 _16034_/ZN
 _16035_/ZN
 _16036_/ZN
 _16037_/ZN
 _16038_/ZN
 _16039_/ZN
 _16040_/ZN
 _16041_/ZN
 _16042_/ZN
 _16043_/ZN
 _16044_/ZN
 _16045_/ZN
 _16046_/ZN
 _16047_/ZN
 _16048_/ZN
 _16049_/ZN
 _16050_/ZN
 _16051_/ZN
 _16052_/ZN
 _16053_/ZN
 _16054_/ZN
 _16055_/ZN
 _16056_/ZN
 _16057_/ZN
 _16058_/ZN
 _16059_/ZN
 _16060_/ZN
 _16061_/ZN
 _16062_/ZN
 _16063_/ZN
 _16064_/ZN
 _16065_/ZN
 _16066_/ZN
 _16067_/ZN
 _16068_/ZN
 _16069_/ZN
 _16070_/ZN
 _16071_/ZN
 _16072_/ZN
 _16073_/ZN
 _16074_/ZN
 _16075_/ZN
 _16076_/ZN
 _16077_/ZN
 _16078_/ZN
 _16079_/ZN
 _16080_/ZN
 _16081_/ZN
 _16082_/ZN
 _16083_/ZN
 _16084_/ZN
 _16085_/ZN
 _16086_/ZN
 _16087_/ZN
 _16088_/ZN
 _16089_/ZN
 _16090_/ZN
 _16091_/ZN
 _16092_/ZN
 _16093_/ZN
 _16094_/ZN
 _16095_/ZN
 _16096_/ZN
 _16097_/ZN
 _16098_/ZN
 _16099_/ZN
 _16100_/ZN
 _16101_/ZN
 _16102_/ZN
 _16103_/ZN
 _16104_/ZN
 _16105_/ZN
 _16106_/ZN
 _16107_/ZN
 _16108_/ZN
 _16109_/ZN
 _16110_/ZN
 _16111_/ZN
 _16112_/ZN
 _16113_/ZN
 _16114_/ZN
 _16115_/ZN
 _16116_/ZN
 _16117_/ZN
 _16118_/ZN
 _16119_/ZN
 _16120_/ZN
 _16121_/ZN
 _16122_/ZN
 _16123_/ZN
 _16124_/ZN
 _16125_/ZN
 _16126_/ZN
 _16127_/ZN
 _16128_/ZN
 _16129_/ZN
 _16130_/ZN
 _16131_/ZN
 _16132_/ZN
 _16133_/ZN
 _16134_/ZN
 _16135_/ZN
 _16136_/ZN
 _16137_/ZN
 _16138_/ZN
 _16139_/ZN
 _16140_/ZN
 _16141_/ZN
 _16142_/ZN
 _16143_/ZN
 _16144_/ZN
 _16145_/ZN
 _16146_/ZN
 _16147_/ZN
 _16148_/ZN
 _16149_/ZN
 _16150_/ZN
 _16151_/ZN
 _16152_/ZN
 _16153_/ZN
 _16154_/ZN
 _16155_/ZN
 _16156_/ZN
 _16157_/ZN
 _16158_/ZN
 _16159_/ZN
 _16160_/ZN
 _16161_/ZN
 _16162_/ZN
 _16163_/ZN
 _16164_/ZN
 _16165_/ZN
 _16166_/ZN
 _16167_/ZN
 _16168_/ZN
 _16169_/ZN
 _16170_/ZN
 _16171_/ZN
 _16172_/ZN
 _16173_/ZN
 _16174_/ZN
 _16175_/ZN
 _16176_/ZN
 _16177_/ZN
 _16178_/ZN
 _16179_/ZN
 _16180_/ZN
 _16181_/ZN
 _16182_/ZN
 _16183_/ZN
 _16184_/ZN
 _16185_/ZN
 _16186_/ZN
 _16187_/ZN
 _16188_/ZN
 _16189_/ZN
 _16190_/ZN
 _16191_/ZN
 _16192_/ZN
 _16193_/ZN
 _16194_/ZN
 _16195_/ZN
 _16196_/ZN
 _16197_/ZN
 _16198_/ZN
 _16199_/ZN
 _16200_/ZN
 _16201_/ZN
 _16202_/ZN
 _16203_/ZN
 _16204_/ZN
 _16205_/ZN
 _16206_/ZN
 _16207_/ZN
 _16208_/ZN
 _16209_/ZN
 _16210_/ZN
 _16211_/ZN
 _16212_/ZN
 _16213_/ZN
 _16214_/ZN
 _16215_/ZN
 _16216_/ZN
 _16217_/ZN
 _16218_/ZN
 _16219_/ZN
 _16220_/ZN
 _16221_/ZN
 _16222_/ZN
 _16223_/ZN
 _16224_/ZN
 _16225_/ZN
 _16226_/ZN
 _16227_/ZN
 _16228_/ZN
 _16229_/ZN
 _16230_/ZN
 _16231_/ZN
 _16232_/ZN
 _16233_/ZN
 _16234_/ZN
 _16235_/ZN
 _16236_/ZN
 _16237_/ZN
 _16238_/ZN
 _16239_/ZN
 _16240_/ZN
 _16241_/ZN
 _16242_/ZN
 _16243_/ZN
 _16244_/ZN
 _16245_/ZN
 _16246_/ZN
 _16247_/ZN
 _16248_/ZN
 _16249_/ZN
 _16250_/ZN
 _16251_/ZN
 _16252_/ZN
 _16253_/ZN
 _16254_/ZN
 _16255_/ZN
 _16256_/ZN
 _16257_/Z
 _16258_/ZN
 _16259_/ZN
 _16260_/ZN
 _16261_/Z
 _16262_/ZN
 _16263_/ZN
 _16264_/ZN
 _16265_/Z
 _16266_/ZN
 _16267_/ZN
 _16268_/ZN
 _16269_/Z
 _16270_/ZN
 _16271_/ZN
 _16272_/ZN
 _16273_/Z
 _16274_/ZN
 _16275_/ZN
 _16276_/ZN
 _16277_/Z
 _16278_/ZN
 _16279_/ZN
 _16280_/ZN
 _16281_/Z
 _16282_/ZN
 _16283_/ZN
 _16284_/ZN
 _16285_/Z
 _16286_/ZN
 _16287_/ZN
 _16288_/ZN
 _16289_/Z
 _16290_/ZN
 _16291_/ZN
 _16292_/ZN
 _16293_/Z
 _16294_/ZN
 _16295_/ZN
 _16296_/ZN
 _16297_/Z
 _16298_/ZN
 _16299_/ZN
 _16300_/ZN
 _16301_/Z
 _16302_/ZN
 _16303_/ZN
 _16304_/ZN
 _16305_/Z
 _16306_/ZN
 _16307_/ZN
 _16308_/ZN
 _16309_/Z
 _16310_/ZN
 _16311_/ZN
 _16312_/ZN
 _16313_/Z
 _16314_/ZN
 _16315_/ZN
 _16316_/ZN
 _16317_/Z
 _16318_/ZN
 _16319_/ZN
 _16320_/ZN
 _16321_/Z
 _16322_/ZN
 _16323_/ZN
 _16324_/ZN
 _16325_/Z
 _16326_/ZN
 _16327_/ZN
 _16328_/ZN
 _16329_/Z
 _16330_/ZN
 _16331_/ZN
 _16332_/ZN
 _16333_/Z
 _16334_/ZN
 _16335_/ZN
 _16336_/ZN
 _16337_/Z
 _16338_/ZN
 _16339_/ZN
 _16340_/ZN
 _16341_/Z
 _16342_/ZN
 _16343_/ZN
 _16344_/ZN
 _16345_/Z
 _16346_/ZN
 _16347_/ZN
 _16348_/ZN
 _16349_/Z
 _16350_/ZN
 _16351_/ZN
 _16352_/ZN
 _16353_/Z
 _16354_/ZN
 _16355_/ZN
 _16356_/ZN
 _16357_/Z
 _16358_/ZN
 _16359_/ZN
 _16360_/ZN
 _16361_/Z
 _16362_/ZN
 _16363_/ZN
 _16364_/ZN
 _16365_/Z
 _16366_/ZN
 _16367_/ZN
 _16368_/ZN
 _16369_/Z
 _16370_/ZN
 _16371_/ZN
 _16372_/ZN
 _16373_/Z
 _16374_/ZN
 _16375_/ZN
 _16376_/ZN
 _16377_/Z
 _16378_/ZN
 _16379_/ZN
 _16380_/ZN
 _16381_/Z
 _16382_/ZN
 _16383_/ZN
 _16384_/ZN
 _16385_/Z
 _16386_/ZN
 _16387_/ZN
 _16388_/ZN
 _16389_/Z
 _16390_/ZN
 _16391_/ZN
 _16392_/ZN
 _16393_/Z
 _16394_/ZN
 _16395_/ZN
 _16396_/ZN
 _16397_/Z
 _16398_/ZN
 _16399_/ZN
 _16400_/ZN
 _16401_/Z
 _16402_/ZN
 _16403_/ZN
 _16404_/ZN
 _16405_/Z
 _16406_/ZN
 _16407_/ZN
 _16408_/ZN
 _16409_/Z
 _16410_/ZN
 _16411_/ZN
 _16412_/ZN
 _16413_/Z
 _16414_/ZN
 _16415_/ZN
 _16416_/ZN
 _16417_/Z
 _16418_/ZN
 _16419_/ZN
 _16420_/ZN
 _16421_/Z
 _16422_/ZN
 _16423_/ZN
 _16424_/ZN
 _16425_/Z
 _16426_/ZN
 _16427_/ZN
 _16428_/ZN
 _16429_/Z
 _16430_/ZN
 _16431_/ZN
 _16432_/ZN
 _16433_/Z
 _16434_/ZN
 _16435_/ZN
 _16436_/ZN
 _16437_/Z
 _16438_/ZN
 _16439_/ZN
 _16440_/ZN
 _16441_/Z
 _16442_/ZN
 _16443_/ZN
 _16444_/ZN
 _16445_/Z
 _16446_/ZN
 _16447_/ZN
 _16448_/ZN
 _16449_/Z
 _16450_/ZN
 _16451_/ZN
 _16452_/ZN
 _16453_/Z
 _16454_/ZN
 _16455_/ZN
 _16456_/ZN
 _16457_/Z
 _16458_/ZN
 _16459_/ZN
 _16460_/ZN
 _16461_/Z
 _16462_/ZN
 _16463_/ZN
 _16464_/ZN
 _16465_/Z
 _16466_/ZN
 _16467_/ZN
 _16468_/ZN
 _16469_/Z
 _16470_/ZN
 _16471_/ZN
 _16472_/ZN
 _16473_/Z
 _16474_/ZN
 _16475_/ZN
 _16476_/ZN
 _16477_/Z
 _16478_/ZN
 _16479_/ZN
 _16480_/ZN
 _16481_/Z
 _16482_/ZN
 _16483_/ZN
 _16484_/ZN
 _16485_/Z
 _16486_/ZN
 _16487_/ZN
 _16488_/ZN
 _16489_/Z
 _16490_/ZN
 _16491_/ZN
 _16492_/ZN
 _16493_/Z
 _16494_/ZN
 _16495_/ZN
 _16496_/ZN
 _16497_/Z
 _16498_/ZN
 _16499_/ZN
 _16500_/ZN
 _16501_/Z
 _16502_/ZN
 _16503_/ZN
 _16504_/ZN
 _16505_/Z
 _16506_/ZN
 _16507_/ZN
 _16508_/ZN
 _16509_/Z
 _16510_/ZN
 _16511_/ZN
 _16512_/ZN
 _16513_/ZN
 _16514_/Z
 _16515_/Z
 _16516_/ZN
 _16517_/Z
 _16518_/ZN
 _16519_/ZN
 _16520_/Z
 _16521_/ZN
 _16522_/ZN
 _16523_/ZN
 _16524_/Z
 _16525_/ZN
 _16526_/Z
 _16527_/Z
 _16528_/Z
 _16529_/ZN
 _16530_/ZN
 _16531_/ZN
 _16532_/ZN
 _16533_/ZN
 _16534_/ZN
 _16535_/Z
 _16536_/ZN
 _16537_/ZN
 _16538_/ZN
 _16539_/ZN
 _16540_/ZN
 _16541_/Z
 _16542_/ZN
 _16543_/ZN
 _16544_/ZN
 _16545_/ZN
 _16546_/ZN
 _16547_/ZN
 _16548_/Z
 _16549_/ZN
 _16550_/ZN
 _16551_/ZN
 _16552_/Z
 _16553_/Z
 _16554_/Z
 _16555_/ZN
 _16556_/ZN
 _16557_/ZN
 _16558_/ZN
 _16559_/ZN
 _16560_/ZN
 _16561_/ZN
 _16562_/ZN
 _16563_/ZN
 _16564_/ZN
 _16565_/Z
 _16566_/ZN
 _16567_/ZN
 _16568_/ZN
 _16569_/ZN
 _16570_/ZN
 _16571_/ZN
 _16572_/ZN
 _16573_/ZN
 _16574_/ZN
 _16575_/ZN
 _16576_/ZN
 _16577_/Z
 _16578_/Z
 _16579_/ZN
 _16580_/ZN
 _16581_/ZN
 _16582_/ZN
 _16583_/ZN
 _16584_/ZN
 _16585_/ZN
 _16586_/Z
 _16587_/ZN
 _16588_/Z
 _16589_/Z
 _16590_/Z
 _16591_/ZN
 _16592_/ZN
 _16593_/ZN
 _16594_/ZN
 _16595_/ZN
 _16596_/ZN
 _16597_/ZN
 _16598_/ZN
 _16599_/ZN
 _16600_/ZN
 _16601_/Z
 _16602_/Z
 _16603_/ZN
 _16604_/ZN
 _16605_/ZN
 _16606_/ZN
 _16607_/ZN
 _16608_/ZN
 _16609_/Z
 _16610_/Z
 _16611_/ZN
 _16612_/ZN
 _16613_/ZN
 _16614_/ZN
 _16615_/ZN
 _16616_/ZN
 _16617_/ZN
 _16618_/ZN
 _16619_/ZN
 _16620_/ZN
 _16621_/ZN
 _16622_/ZN
 _16623_/ZN
 _16624_/Z
 _16625_/ZN
 _16626_/ZN
 _16627_/ZN
 _16628_/Z
 _16629_/ZN
 _16630_/ZN
 _16631_/ZN
 _16632_/ZN
 _16633_/ZN
 _16634_/ZN
 _16635_/ZN
 _16636_/ZN
 _16637_/ZN
 _16638_/ZN
 _16639_/ZN
 _16640_/ZN
 _16641_/ZN
 _16642_/ZN
 _16643_/ZN
 _16644_/ZN
 _16645_/ZN
 _16646_/Z
 _16647_/ZN
 _16648_/ZN
 _16649_/ZN
 _16650_/Z
 _16651_/ZN
 _16652_/ZN
 _16653_/ZN
 _16654_/ZN
 _16655_/ZN
 _16656_/ZN
 _16657_/ZN
 _16658_/ZN
 _16659_/ZN
 _16660_/ZN
 _16661_/Z
 _16662_/ZN
 _16663_/ZN
 _16664_/ZN
 _16665_/ZN
 _16666_/ZN
 _16667_/ZN
 _16668_/ZN
 _16669_/ZN
 _16670_/ZN
 _16671_/ZN
 _16672_/Z
 _16673_/ZN
 _16674_/ZN
 _16675_/ZN
 _16676_/ZN
 _16677_/ZN
 _16678_/ZN
 _16679_/ZN
 _16680_/ZN
 _16681_/ZN
 _16682_/ZN
 _16683_/Z
 _16684_/ZN
 _16685_/ZN
 _16686_/ZN
 _16687_/ZN
 _16688_/ZN
 _16689_/ZN
 _16690_/ZN
 _16691_/ZN
 _16692_/ZN
 _16693_/ZN
 _16694_/ZN
 _16695_/ZN
 _16696_/Z
 _16697_/ZN
 _16698_/ZN
 _16699_/ZN
 _16700_/Z
 _16701_/ZN
 _16702_/ZN
 _16703_/Z
 _16704_/ZN
 _16705_/ZN
 _16706_/ZN
 _16707_/ZN
 _16708_/Z
 _16709_/ZN
 _16710_/ZN
 _16711_/ZN
 _16712_/ZN
 _16713_/ZN
 _16714_/Z
 _16715_/ZN
 _16716_/ZN
 _16717_/ZN
 _16718_/ZN
 _16719_/Z
 _16720_/ZN
 _16721_/ZN
 _16722_/ZN
 _16723_/ZN
 _16724_/ZN
 _16725_/Z
 _16726_/ZN
 _16727_/ZN
 _16728_/ZN
 _16729_/ZN
 _16730_/Z
 _16731_/ZN
 _16732_/ZN
 _16733_/ZN
 _16734_/ZN
 _16735_/ZN
 _16736_/Z
 _16737_/ZN
 _16738_/ZN
 _16739_/ZN
 _16740_/ZN
 _16741_/Z
 _16742_/ZN
 _16743_/ZN
 _16744_/ZN
 _16745_/ZN
 _16746_/ZN
 _16747_/ZN
 _16748_/Z
 _16749_/ZN
 _16750_/ZN
 _16751_/ZN
 _16752_/ZN
 _16753_/Z
 _16754_/ZN
 _16755_/ZN
 _16756_/ZN
 _16757_/ZN
 _16758_/ZN
 _16759_/Z
 _16760_/ZN
 _16761_/ZN
 _16762_/ZN
 _16763_/ZN
 _16764_/Z
 _16765_/ZN
 _16766_/ZN
 _16767_/ZN
 _16768_/ZN
 _16769_/ZN
 _16770_/Z
 _16771_/ZN
 _16772_/ZN
 _16773_/ZN
 _16774_/ZN
 _16775_/ZN
 _16776_/ZN
 _16777_/ZN
 _16778_/ZN
 _16779_/ZN
 _16780_/ZN
 _16781_/ZN
 _16782_/Z
 _16783_/ZN
 _16784_/ZN
 _16785_/Z
 _16786_/ZN
 _16787_/ZN
 _16788_/ZN
 _16789_/ZN
 _16790_/ZN
 _16791_/Z
 _16792_/ZN
 _16793_/ZN
 _16794_/Z
 _16795_/ZN
 _16796_/ZN
 _16797_/ZN
 _16798_/ZN
 _16799_/ZN
 _16800_/Z
 _16801_/ZN
 _16802_/ZN
 _16803_/Z
 _16804_/ZN
 _16805_/ZN
 _16806_/ZN
 _16807_/ZN
 _16808_/ZN
 _16809_/Z
 _16810_/Z
 _16811_/ZN
 _16812_/ZN
 _16813_/ZN
 _16814_/ZN
 _16815_/ZN
 _16816_/Z
 _16817_/Z
 _16818_/ZN
 _16819_/ZN
 _16820_/ZN
 _16821_/ZN
 _16822_/ZN
 _16823_/Z
 _16824_/Z
 _16825_/ZN
 _16826_/ZN
 _16827_/ZN
 _16828_/ZN
 _16829_/ZN
 _16830_/Z
 _16831_/ZN
 _16832_/ZN
 _16833_/Z
 _16834_/ZN
 _16835_/ZN
 _16836_/ZN
 _16837_/ZN
 _16838_/ZN
 _16839_/ZN
 _16840_/ZN
 _16841_/ZN
 _16842_/Z
 _16843_/ZN
 _16844_/ZN
 _16845_/ZN
 _16846_/ZN
 _16847_/ZN
 _16848_/Q
 _16849_/Q
 _16850_/Q
 _16851_/Q
 _16852_/Q
 _16853_/Q
 _16854_/Q
 _16855_/Q
 _16856_/Q
 _16857_/Q
 _16858_/Q
 _16859_/Q
 _16860_/Q
 _16861_/Q
 _16862_/Q
 _16863_/Q
 _16864_/Q
 _16865_/Q
 _16866_/Q
 _16867_/Q
 _16868_/Q
 _16869_/Q
 _16870_/Q
 _16871_/Q
 _16872_/Q
 _16873_/Q
 _16874_/Q
 _16875_/Q
 _16876_/Q
 _16877_/Q
 _16878_/Q
 _16879_/Q
 _16880_/Q
 _16881_/Q
 _16882_/Q
 _16883_/Q
 _16884_/Q
 _16885_/Q
 _16886_/Q
 _16887_/Q
 _16888_/Q
 _16889_/Q
 _16890_/Q
 _16891_/Q
 _16892_/Q
 _16893_/Q
 _16894_/Q
 _16895_/Q
 _16896_/Q
 _16897_/Q
 _16898_/Q
 _16899_/Q
 _16900_/Q
 _16901_/Q
 _16902_/Q
 _16903_/Q
 _16904_/Q
 _16905_/Q
 _16906_/Q
 _16907_/Q
 _16908_/Q
 _16909_/Q
 _16910_/Q
 _16911_/Q
 _16912_/Q
 _16913_/Q
 _16914_/Q
 _16915_/Q
 _16916_/Q
 _16917_/Q
 _16918_/Q
 _16919_/Q
 _16920_/Q
 _16921_/Q
 _16922_/Q
 _16923_/Q
 _16924_/Q
 _16925_/Q
 _16926_/Q
 _16927_/Q
 _16928_/Q
 _16929_/Q
 _16930_/Q
 _16931_/Q
 _16932_/Q
 _16933_/Q
 _16934_/Q
 _16935_/Q
 _16936_/Q
 _16937_/Q
 _16938_/Q
 _16939_/Q
 _16940_/Q
 _16941_/Q
 _16942_/Q
 _16943_/Q
 _16944_/Q
 _16945_/Q
 _16946_/Q
 _16947_/Q
 _16948_/Q
 _16949_/Q
 _16950_/Q
 _16951_/Q
 _16952_/Q
 _16953_/Q
 _16954_/Q
 _16955_/Q
 _16956_/Q
 _16957_/Q
 _16958_/Q
 _16959_/Q
 _16960_/Q
 _16961_/Q
 _16962_/Q
 _16963_/Q
 _16964_/Q
 _16965_/Q
 _16966_/Q
 _16967_/Q
 _16968_/Q
 _16969_/Q
 _16970_/Q
 _16971_/Q
 _16972_/Q
 _16973_/Q
 _16974_/Q
 _16975_/Q
 _16976_/Q
 _16977_/Q
 _16978_/Q
 _16979_/Q
 _16980_/Q
 _16981_/Q
 _16982_/Q
 _16983_/Q
 _16984_/Q
 _16985_/Q
 _16986_/Q
 _16987_/Q
 _16988_/Q
 _16989_/Q
 _16990_/Q
 _16991_/Q
 _16992_/Q
 _16993_/Q
 _16994_/Q
 _16995_/Q
 _16996_/Q
 _16997_/Q
 _16998_/Q
 _16999_/Q
 _17000_/Q
 _17001_/Q
 _17002_/Q
 _17003_/Q
 _17004_/Q
 _17005_/Q
 _17006_/Q
 _17007_/Q
 _17008_/Q
 _17009_/Q
 _17010_/Q
 _17011_/Q
 _17012_/Q
 _17013_/Q
 _17014_/Q
 _17015_/Q
 _17016_/Q
 _17017_/Q
 _17018_/Q
 _17019_/Q
 _17020_/Q
 _17021_/Q
 _17022_/Q
 _17023_/Q
 _17024_/Q
 _17025_/Q
 _17026_/Q
 _17027_/Q
 _17028_/Q
 _17029_/Q
 _17030_/Q
 _17031_/Q
 _17032_/Q
 _17033_/Q
 _17034_/Q
 _17035_/Q
 _17036_/Q
 _17037_/Q
 _17038_/Q
 _17039_/Q
 _17040_/Q
 _17041_/Q
 _17042_/Q
 _17043_/Q
 _17044_/Q
 _17045_/Q
 _17046_/Q
 _17047_/Q
 _17048_/Q
 _17049_/Q
 _17050_/Q
 _17051_/Q
 _17052_/Q
 _17053_/Q
 _17054_/Q
 _17055_/Q
 _17056_/Q
 _17057_/Q
 _17058_/Q
 _17059_/Q
 _17060_/Q
 _17061_/Q
 _17062_/Q
 _17063_/Q
 _17064_/Q
 _17065_/Q
 _17066_/Q
 _17067_/Q
 _17068_/Q
 _17069_/Q
 _17070_/Q
 _17071_/Q
 _17072_/Q
 _17073_/Q
 _17074_/Q
 _17075_/Q
 _17076_/Q
 _17077_/Q
 _17078_/Q
 _17079_/Q
 _17080_/Q
 _17081_/Q
 _17082_/Q
 _17083_/Q
 _17084_/Q
 _17085_/Q
 _17086_/Q
 _17087_/Q
 _17088_/Q
 _17089_/Q
 _17090_/Q
 _17091_/Q
 _17092_/Q
 _17093_/Q
 _17094_/Q
 _17095_/Q
 _17096_/Q
 _17097_/Q
 _17098_/Q
 _17099_/Q
 _17100_/Q
 _17101_/Q
 _17102_/Q
 _17103_/Q
 _17104_/Q
 _17105_/Q
 _17106_/Q
 _17107_/Q
 _17108_/Q
 _17109_/Q
 _17110_/Q
 _17111_/Q
 _17112_/Q
 _17113_/Q
 _17114_/Q
 _17115_/Q
 _17116_/Q
 _17117_/Q
 _17118_/Q
 _17119_/Q
 _17120_/Q
 _17121_/Q
 _17122_/Q
 _17123_/Q
 _17124_/Q
 _17125_/Q
 _17126_/Q
 _17127_/Q
 _17128_/Q
 _17129_/Q
 _17130_/Q
 _17131_/Q
 _17132_/Q
 _17133_/Q
 _17134_/Q
 _17135_/Q
 _17136_/Q
 _17137_/Q
 _17138_/Q
 _17139_/Q
 _17140_/Q
 _17141_/Q
 _17142_/Q
 _17143_/Q
 _17144_/Q
 _17145_/Q
 _17146_/Q
 _17147_/Q
 _17148_/Q
 _17149_/Q
 _17150_/Q
 _17151_/Q
 _17152_/Q
 _17153_/Q
 _17154_/Q
 _17155_/Q
 _17156_/Q
 _17157_/Q
 _17158_/Q
 _17159_/Q
 _17160_/Q
 _17161_/Q
 _17162_/Q
 _17163_/Q
 _17164_/Q
 _17165_/Q
 _17166_/Q
 _17167_/Q
 _17168_/Q
 _17169_/Q
 _17170_/Q
 _17171_/Q
 _17172_/Q
 _17173_/Q
 _17174_/Q
 _17175_/Q
 _17176_/Q
 _17177_/Q
 _17178_/Q
 _17179_/Q
 _17180_/Q
 _17181_/Q
 _17182_/Q
 _17183_/Q
 _17184_/Q
 _17185_/Q
 _17186_/Q
 _17187_/Q
 _17188_/Q
 _17189_/Q
 _17190_/Q
 _17191_/Q
 _17192_/Q
 _17193_/Q
 _17194_/Q
 _17195_/Q
 _17196_/Q
 _17197_/Q
 _17198_/Q
 _17199_/Q
 _17200_/Q
 _17201_/Q
 _17202_/Q
 _17203_/Q
 _17204_/Q
 _17205_/Q
 _17206_/Q
 _17207_/Q
 _17208_/Q
 _17209_/Q
 _17210_/Q
 _17211_/Q
 _17212_/Q
 _17213_/Q
 _17214_/Q
 _17215_/Q
 _17216_/Q
 _17217_/Q
 _17218_/Q
 _17219_/Q
 _17220_/Q
 _17221_/Q
 _17222_/Q
 _17223_/Q
 _17224_/Q
 _17225_/Q
 _17226_/Q
 _17227_/Q
 _17228_/Q
 _17229_/Q
 _17230_/Q
 _17231_/Q
 _17232_/Q
 _17233_/Q
 _17234_/Q
 _17235_/Q
 _17236_/Q
 _17237_/Q
 _17238_/Q
 _17239_/Q
 _17240_/Q
 _17241_/Q
 _17242_/Q
 _17243_/Q
 _17244_/Q
 _17245_/Q
 _17246_/Q
 _17247_/Q
 _17248_/Q
 _17249_/Q
 _17250_/Q
 _17251_/Q
 _17252_/Q
 _17253_/Q
 _17254_/Q
 _17255_/Q
 _17256_/Q
 _17257_/Q
 _17258_/Q
 _17259_/Q
 _17260_/Q
 _17261_/Q
 _17262_/Q
 _17263_/Q
 _17264_/Q
 _17265_/Q
 _17266_/Q
 _17267_/Q
 _17268_/Q
 _17269_/Q
 _17270_/Q
 _17271_/Q
 _17272_/Q
 _17273_/Q
 _17274_/Q
 _17275_/Q
 _17276_/Q
 _17277_/Q
 _17278_/Q
 _17279_/Q
 _17280_/Q
 _17281_/Q
 _17282_/Q
 _17283_/Q
 _17284_/Q
 _17285_/Q
 _17286_/Q
 _17287_/Q
 _17288_/Q
 _17289_/Q
 _17290_/Q
 _17291_/Q
 _17292_/Q
 _17293_/Q
 _17294_/Q
 _17295_/Q
 _17296_/Q
 _17297_/Q
 _17298_/Q
 _17299_/Q
 _17300_/Q
 _17301_/Q
 _17302_/Q
 _17303_/Q
 _17304_/Q
 _17305_/Q
 _17306_/Q
 _17307_/Q
 _17308_/Q
 _17309_/Q
 _17310_/Q
 _17311_/Q
 _17312_/Q
 _17313_/Q
 _17314_/Q
 _17315_/Q
 _17316_/Q
 _17317_/Q
 _17318_/Q
 _17319_/Q
 _17320_/Q
 _17321_/Q
 _17322_/Q
 _17323_/Q
 _17324_/Q
 _17325_/Q
 _17326_/Q
 _17327_/Q
 _17328_/Q
 _17329_/Q
 _17330_/Q
 _17331_/Q
 _17332_/Q
 _17333_/Q
 _17334_/Q
 _17335_/Q
 _17336_/Q
 _17337_/Q
 _17338_/Q
 _17339_/Q
 _17340_/Q
 _17341_/Q
 _17342_/Q
 _17343_/Q
 _17344_/Q
 _17345_/Q
 _17346_/Q
 _17347_/Q
 _17348_/Q
 _17349_/Q
 _17350_/Q
 _17351_/Q
 _17352_/Q
 _17353_/Q
 _17354_/Q
 _17355_/Q
 _17356_/Q
 _17357_/Q
 _17358_/Q
 _17359_/Q
 _17360_/Q
 _17361_/Q
 _17362_/Q
 _17363_/Q
 _17364_/Q
 _17365_/Q
 _17366_/Q
 _17367_/Q
 _17368_/Q
 _17369_/Q
 _17370_/Q
 _17371_/Q
 _17372_/Q
 _17373_/Q
 _17374_/Q
 _17375_/Q
 _17376_/Q
 _17377_/Q
 _17378_/Q
 _17379_/Q
 _17380_/Q
 _17381_/Q
 _17382_/Q
 _17383_/Q
 _17384_/Q
 _17385_/Q
 _17386_/Q
 _17387_/Q
 _17388_/Q
 _17389_/Q
 _17390_/Q
 _17391_/Q
 _17392_/Q
 _17393_/Q
 _17394_/Q
 _17395_/Q
 _17396_/Q
 _17397_/Q
 _17398_/Q
 _17399_/Q
 _17400_/Q
 _17401_/Q
 _17402_/Q
 _17403_/Q
 _17404_/Q
 _17405_/Q
 _17406_/Q
 _17407_/Q
 _17408_/Q
 _17409_/Q
 _17410_/Q
 _17411_/Q
 _17412_/Q
 _17413_/Q
 _17414_/Q
 _17415_/Q
 _17416_/Q
 _17417_/Q
 _17418_/Q
 _17419_/Q
 _17420_/Q
 _17421_/Q
 _17422_/Q
 _17423_/Q
 _17424_/Q
 _17425_/Q
 _17426_/Q
 _17427_/Q
 _17428_/Q
 _17429_/Q
 _17430_/Q
 _17431_/Q
 _17432_/Q
 _17433_/Q
 _17434_/Q
 _17435_/Q
 _17436_/Q
 _17437_/Q
 _17438_/Q
 _17439_/Q
 _17440_/Q
 _17441_/Q
 _17442_/Q
 _17443_/Q
 _17444_/Q
 _17445_/Q
 _17446_/Q
 _17447_/Q
 _17448_/Q
 _17449_/Q
 _17450_/Q
 _17451_/Q
 _17452_/Q
 _17453_/Q
 _17454_/Q
 _17455_/Q
 _17456_/Q
 _17457_/Q
 _17458_/Q
 _17459_/Q
 _17460_/Q
 _17461_/Q
 _17462_/Q
 _17463_/Q
 _17464_/Q
 _17465_/Q
 _17466_/Q
 _17467_/Q
 _17468_/Q
 _17469_/Q
 _17470_/Q
 _17471_/Q
 _17472_/Q
 _17473_/Q
 _17474_/Q
 _17475_/Q
 _17476_/Q
 _17477_/Q
 _17478_/Q
 _17479_/Q
 _17480_/Q
 _17481_/Q
 _17482_/Q
 _17483_/Q
 _17484_/Q
 _17485_/Q
 _17486_/Q
 _17487_/Q
 _17488_/Q
 _17489_/Q
 _17490_/Q
 _17491_/Q
 _17492_/Q
 _17493_/Q
 _17494_/Q
 _17495_/Q
 _17496_/Q
 _17497_/Q
 _17498_/Q
 _17499_/Q
 _17500_/Q
 _17501_/Q
 _17502_/Q
 _17503_/Q
 _17504_/Q
 _17505_/Q
 _17506_/Q
 _17507_/Q
 _17508_/Q
 _17509_/Q
 _17510_/Q
 _17511_/Q
 _17512_/Q
 _17513_/Q
 _17514_/Q
 _17515_/Q
 _17516_/Q
 _17517_/Q
 _17518_/Q
 _17519_/Q
 _17520_/Q
 _17521_/Q
 _17522_/Q
 _17523_/Q
 _17524_/Q
 _17525_/Q
 _17526_/Q
 _17527_/Q
 _17528_/Q
 _17529_/Q
 _17530_/Q
 _17531_/Q
 _17532_/Q
 _17533_/Q
 _17534_/Q
 _17535_/Q
 _17536_/Q
 _17537_/Q
 _17538_/Q
 _17539_/Q
 _17540_/Q
 _17541_/Q
 _17542_/Q
 _17543_/Q
 _17544_/Q
 _17545_/Q
 _17546_/Q
 _17547_/Q
 _17548_/Q
 _17549_/Q
 _17550_/Q
 _17551_/Q
 _17552_/Q
 _17553_/Q
 _17554_/Q
 _17555_/Q
 _17556_/Q
 _17557_/Q
 _17558_/Q
 _17559_/Q
 _17560_/Q
 _17561_/Q
 _17562_/Q
 _17563_/Q
 _17564_/Q
 _17565_/Q
 _17566_/Q
 _17567_/Q
 _17568_/Q
 _17569_/Q
 _17570_/Q
 _17571_/Q
 _17572_/Q
 _17573_/Q
 _17574_/Q
 _17575_/Q
 _17576_/Q
 _17577_/Q
 _17578_/Q
 _17579_/Q
 _17580_/Q
 _17581_/Q
 _17582_/Q
 _17583_/Q
 _17584_/Q
 _17585_/Q
 _17586_/Q
 _17587_/Q
 _17588_/Q
 _17589_/Q
 _17590_/Q
 _17591_/Q
 _17592_/Q
 _17593_/Q
 _17594_/Q
 _17595_/Q
 _17596_/Q
 _17597_/Q
 _17598_/Q
 _17599_/Q
 _17600_/Q
 _17601_/Q
 _17602_/Q
 _17603_/Q
 _17604_/Q
 _17605_/Q
 _17606_/Q
 _17607_/Q
 _17608_/Q
 _17609_/Q
 _17610_/Q
 _17611_/Q
 _17612_/Q
 _17613_/Q
 _17614_/Q
 _17615_/Q
 _17616_/Q
 _17617_/Q
 _17618_/Q
 _17619_/Q
 _17620_/Q
 _17621_/Q
 _17622_/Q
 _17623_/Q
 _17624_/Q
 _17625_/Q
 _17626_/Q
 _17627_/Q
 _17628_/Q
 _17629_/Q
 _17630_/Q
 _17631_/Q
 _17632_/Q
 _17633_/Q
 _17634_/Q
 _17635_/Q
 _17636_/Q
 _17637_/Q
 _17638_/Q
 _17639_/Q
 _17640_/Q
 _17641_/Q
 _17642_/Q
 _17643_/Q
 _17644_/Q
 _17645_/Q
 _17646_/Q
 _17647_/Q
 _17648_/Q
 _17649_/Q
 _17650_/Q
 _17651_/Q
 _17652_/Q
 _17653_/Q
 _17654_/Q
 _17655_/Q
 _17656_/Q
 _17657_/Q
 _17658_/Q
 _17659_/Q
 _17660_/Q
 _17661_/Q
 _17662_/Q
 _17663_/Q
 _17664_/Q
 _17665_/Q
 _17666_/Q
 _17667_/Q
 _17668_/Q
 _17669_/Q
 _17670_/Q
 _17671_/Q
 _17672_/Q
 _17673_/Q
 _17674_/Q
 _17675_/Q
 _17676_/Q
 _17677_/Q
 _17678_/Q
 _17679_/Q
 _17680_/Q
 _17681_/Q
 _17682_/Q
 _17683_/Q
 _17684_/Q
 _17685_/Q
 _17686_/Q
 _17687_/Q
 _17688_/Q
 _17689_/Q
 _17690_/Q
 _17691_/Q
 _17692_/Q
 _17693_/Q
 _17694_/Q
 _17695_/Q
 _17696_/Q
 _17697_/Q
 _17698_/Q
 _17699_/Q
 _17700_/Q
 _17701_/Q
 _17702_/Q
 _17703_/Q
 _17704_/Q
 _17705_/Q
 _17706_/Q
 _17707_/Q
 _17708_/Q
 _17709_/Q
 _17710_/Q
 _17711_/Q
 _17712_/Q
 _17713_/Q
 _17714_/Q
 _17715_/Q
 _17716_/Q
 _17717_/Q
 _17718_/Q
 _17719_/Q
 _17720_/Q
 _17721_/Q
 _17722_/Q
 _17723_/Q
 _17724_/Q
 _17725_/Q
 _17726_/Q
 _17727_/Q
 _17728_/Q
 _17729_/Q
 _17730_/Q
 _17731_/Q
 _17732_/Q
 _17733_/Q
 _17734_/Q
 _17735_/Q
 _17736_/Q
 _17737_/Q
 _17738_/Q
 _17739_/Q
 _17740_/Q
 _17741_/Q
 _17742_/Q
 _17743_/Q
 _17744_/Q
 _17745_/Q
 _17746_/Q
 _17747_/Q
 _17748_/Q
 _17749_/Q
 _17750_/Q
 _17751_/Q
 _17752_/Q
 _17753_/Q
 _17754_/Q
 _17755_/Q
 _17756_/Q
 _17757_/Q
 _17758_/Q
 _17759_/Q
 _17760_/Q
 _17761_/Q
 _17762_/Q
 _17763_/Q
 _17764_/Q
 _17765_/Q
 _17766_/Q
 _17767_/Q
 _17768_/Q
 _17769_/Q
 _17770_/Q
 _17771_/Q
 _17772_/Q
 _17773_/Q
 _17774_/Q
 _17775_/Q
 _17776_/Q
 _17777_/Q
 _17778_/Q
 _17779_/Q
 _17780_/Q
 _17781_/Q
 _17782_/Q
 _17783_/Q
 _17784_/Q
 _17785_/Q
 _17786_/Q
 _17787_/Q
 _17788_/Q
 _17789_/Q
 _17790_/Q
 _17791_/Q
 _17792_/Q
 _17793_/Q
 _17794_/Q
 _17795_/Q
 _17796_/Q
 _17797_/Q
 _17798_/Q
 _17799_/Q
 _17800_/Q
 _17801_/Q
 _17802_/Q
 _17803_/Q
 _17804_/Q
 _17805_/Q
 _17806_/Q
 _17807_/Q
 _17808_/Q
 _17809_/Q
 _17810_/Q
 _17811_/Q
 _17812_/Q
 _17813_/Q
 _17814_/Q
 _17815_/Q
 _17816_/Q
 _17817_/Q
 _17818_/Q
 _17819_/Q
 _17820_/Q
 _17821_/Q
 _17822_/Q
 _17823_/Q
 _17824_/Q
 _17825_/Q
 _17826_/Q
 _17827_/Q
 _17828_/Q
 _17829_/Q
 _17830_/Q
 _17831_/Q
 _17832_/Q
 _17833_/Q
 _17834_/Q
 _17835_/Q
 _17836_/Q
 _17837_/Q
 _17838_/Q
 _17839_/Q
 _17840_/Q
 _17841_/Q
 _17842_/Q
 _17843_/Q
 _17844_/Q
 _17845_/Q
 _17846_/Q
 _17847_/Q
 _17848_/Q
 _17849_/Q
 _17850_/Q
 _17851_/Q
 _17852_/Q
 _17853_/Q
 _17854_/Q
 _17855_/Q
 _17856_/Q
 _17857_/Q
 _17858_/Q
 _17859_/Q
 _17860_/Q
 _17861_/Q
 _17862_/Q
 _17863_/Q
 _17864_/Q
 _17865_/Q
 _17866_/Q
 _17867_/Q
 _17868_/Q
 _17869_/Q
 _17870_/Q
 _17871_/Q
 _17872_/Q
 _17873_/Q
 _17874_/Q
 _17875_/Q
 _17876_/Q
 _17877_/Q
 _17878_/Q
 _17879_/Q
 _17880_/Q
 _17881_/Q
 _17882_/Q
 _17883_/Q
 _17884_/Q
 _17885_/Q
 _17886_/Q
 _17887_/Q
 _17888_/Q
 _17889_/Q
 _17890_/Q
 _17891_/Q
 _17892_/Q
 _17893_/Q
 _17894_/Q
 _17895_/Q
 _17896_/Q
 _17897_/Q
 _17898_/Q
 _17899_/Q
 _17900_/Q
 _17901_/Q
 _17902_/Q
 _17903_/Q
 _17904_/Q
 _17905_/Q
 _17906_/Q
 _17907_/Q
 _17908_/Q
 _17909_/Q
 _17910_/Q
 _17911_/Q
 _17912_/Q
 _17913_/Q
 _17914_/Q
 _17915_/Q
 _17916_/Q
 _17917_/Q
 _17918_/Q
 _17919_/Q
 _17920_/Q
 _17921_/Q
 _17922_/Q
 _17923_/Q
 _17924_/Q
 _17925_/Q
 _17926_/Q
 _17927_/Q
 _17928_/Q
 _17929_/Q
 _17930_/Q
 _17931_/Q
 _17932_/Q
 _17933_/Q
 _17934_/Q
 _17935_/Q
 _17936_/Q
 _17937_/Q
 _17938_/Q
 _17939_/Q
 _17940_/Q
 _17941_/Q
 _17942_/Q
 _17943_/Q
 _17944_/Q
 _17945_/Q
 _17946_/Q
 _17947_/Q
 _17948_/Q
 _17949_/Q
 _17950_/Q
 _17951_/Q
 _17952_/Q
 _17953_/Q
 _17954_/Q
 _17955_/Q
 _17956_/Q
 _17957_/Q
 _17958_/Q
 _17959_/Q
 _17960_/Q
 _17961_/Q
 _17962_/Q
 _17963_/Q
 _17964_/Q
 _17965_/Q
 _17966_/Q
 _17967_/Q
 _17968_/Q
 _17969_/Q
 _17970_/Q
 _17971_/Q
 _17972_/Q
 _17973_/Q
 _17974_/Q
 _17975_/Q
 _17976_/Q
 _17977_/Q
 _17978_/Q
 _17979_/Q
 _17980_/Q
 _17981_/Q
 _17982_/Q
 _17983_/Q
 _17984_/Q
 _17985_/Q
 _17986_/Q
 _17987_/Q
 _17988_/Q
 _17989_/Q
 _17990_/Q
 _17991_/Q
 _17992_/Q
 _17993_/Q
 _17994_/Q
 _17995_/Q
 _17996_/Q
 _17997_/Q
 _17998_/Q
 _17999_/Q
 _18000_/Q
 _18001_/Q
 _18002_/Q
 _18003_/Q
 _18004_/Q
 _18005_/Q
 _18006_/Q
 _18007_/Q
 _18008_/Q
 _18009_/Q
 _18010_/Q
 _18011_/Q
 _18012_/Q
 _18013_/Q
 _18014_/Q
 _18015_/Q
 _18016_/Q
 _18017_/Q
 _18018_/Q
 _18019_/Q
 _18020_/Q
 _18021_/Q
 _18022_/Q
 _18023_/Q
 _18024_/Q
 _18025_/Q
 _18026_/Q
 _18027_/Q
 _18028_/Q
 _18029_/Q
 _18030_/Q
 _18031_/Q
 _18032_/Q
 _18033_/Q
 _18034_/Q
 _18035_/Q
 _18036_/Q
 _18037_/Q
 _18038_/Q
 _18039_/Q
 _18040_/Q
 _18041_/Q
 _18042_/Q
 _18043_/Q
 _18044_/Q
 _18045_/Q
 _18046_/Q
 _18047_/Q
 _18048_/Q
 _18049_/Q
 _18050_/Q
 _18051_/Q
 _18052_/Q
 _18053_/Q
 _18054_/Q
 _18055_/Q
 _18056_/Q
 _18057_/Q
 _18058_/Q
 _18059_/Q
 _18060_/Q
 _18061_/Q
 _18062_/Q
 _18063_/Q
 _18064_/Q
 _18065_/Q
 _18066_/Q
 _18067_/Q
 _18068_/Q
 _18069_/Q
 _18070_/Q
 _18071_/Q
 _18072_/Q
 _18073_/Q
 _18074_/Q
 _18075_/Q
 _18076_/Q
 _18077_/Q
 _18078_/Q
 _18079_/Q
 _18080_/Q
 _18081_/Q
 _18082_/Q
 _18083_/Q
 _18084_/Q
 _18085_/Q
 _18086_/Q
 _18087_/Q
 _18088_/Q
 _18089_/Q
 _18090_/Q
 _18091_/Q
 _18092_/Q
 _18093_/Q
 _18094_/Q
 _18095_/Q
 _18096_/Q
 _18097_/Q
 _18098_/Q
 _18099_/Q
 _18100_/Q
 _18101_/Q
 _18102_/Q
 _18103_/Q
 _18104_/Q
 _18105_/Q
 _18106_/Q
 _18107_/Q
 _18108_/Q
 _18109_/Q
 _18110_/Q
 _18111_/Q
 _18112_/Q
 _18113_/Q
 _18114_/Q
 _18115_/Q
 _18116_/Q
 _18117_/Q
 _18118_/Q
 _18119_/Q
 _18120_/Q
 _18121_/Q
 _18122_/Q
 _18123_/Q
 _18124_/Q
 _18125_/Q
 _18126_/Q
 _18127_/Q
 _18128_/Q
 _18129_/Q
 _18130_/Q
 _18131_/Q
 _18132_/Q
 _18133_/Q
 _18134_/Q
 _18135_/Q
 _18136_/Q
 _18137_/Q
 _18138_/Q
 _18139_/Q
 _18140_/Q
 _18141_/Q
 _18142_/Q
 _18143_/Q
 _18144_/Q
 _18145_/Q
 _18146_/Q
 _18147_/Q
 _18148_/Q
 _18149_/Q
 _18150_/Q
 _18151_/Q
 _18152_/Q
 _18153_/Q
 _18154_/Q
 _18155_/Q
 _18156_/Q
 _18157_/Q
 _18158_/Q
 _18159_/Q
 _18160_/Q
 _18161_/Q
 _18162_/Q
 _18163_/Q
 _18164_/Q
 _18165_/Q
 _18166_/Q
 _18167_/Q
 _18168_/Q
 _18169_/Q
 _18170_/Q
 _18171_/Q
 _18172_/Q
 _18173_/Q
 _18174_/Q
 _18175_/Q
 _18176_/Q
 _18177_/Q
 _18178_/Q
 _18179_/Q
 _18180_/Q
 _18181_/Q
 _18182_/Q
 _18183_/Q
 _18184_/Q
 _18185_/Q
 _18186_/Q
 _18187_/Q
 _18188_/Q
 _18189_/Q
 _18190_/Q
 _18191_/Q
 _18192_/Q
 _18193_/Q
 _18194_/Q
 _18195_/Q
 _18196_/Q
 _18197_/Q
 _18198_/Q
 _18199_/Q
 _18200_/Q
 _18201_/Q
 _18202_/Q
 _18203_/Q
 _18204_/Q
 _18205_/Q
 _18206_/Q
 _18207_/Q
 _18208_/Q
 _18209_/Q
 _18210_/Q
 _18211_/Q
 _18212_/Q
 _18213_/Q
 _18214_/Q
 _18215_/Q
 _18216_/Q
 _18217_/Q
 _18218_/Q
 _18219_/Q
 _18220_/Q
 _18221_/Q
 _18222_/Q
 _18223_/Q
 _18224_/Q
 _18225_/Q
 _18226_/Q
 _18227_/Q
 _18228_/Q
 _18229_/Q
 _18230_/Q
 _18231_/Q
 _18232_/Q
 _18233_/Q
 _18234_/Q
 _18235_/Q
 _18236_/Q
 _18237_/Q
 _18238_/Q
 _18239_/Q
 _18240_/Q
 _18241_/Q
 _18242_/Q
 _18243_/Q
 _18244_/Q
 _18245_/Q
 _18246_/Q
 _18247_/Q
 _18248_/Q
 _18249_/Q
 _18250_/Q
 _18251_/Q
 _18252_/Q
 _18253_/Q
 _18254_/Q
 _18255_/Q
 _18256_/Q
 _18257_/Q
 _18258_/Q
 _18259_/Q
 _18260_/Q
 _18261_/Q
 _18262_/Q
 _18263_/Q
 _18264_/Q
 _18265_/Q
 _18266_/Q
 _18267_/Q
 _18268_/Q
 _18269_/Q
 _18270_/Q
 _18271_/Q
 _18272_/Q
 _18273_/Q
 _18274_/Q
 _18275_/Q
 _18276_/Q
 _18277_/Q
 _18278_/Q
 _18279_/Q
 _18280_/Q
 _18281_/Q
 _18282_/Q
 _18283_/Q
 _18284_/Q
 _18285_/Q
 _18286_/Q
 _18287_/Q
 _18288_/Q
 _18289_/Q
 _18290_/Q
 _18291_/Q
 _18292_/Q
 _18293_/Q
 _18294_/Q
 _18295_/Q
 _18296_/Q
 _18297_/Q
 _18298_/Q
 _18299_/Q
 _18300_/Q
 _18301_/Q
 _18302_/Q
 _18303_/Q
 _18304_/Q
 _18305_/Q
 _18306_/Q
 _18307_/Q
 _18308_/Q
 _18309_/Q
 _18310_/Q
 _18311_/Q
 _18312_/Q
 _18313_/Q
 _18314_/Q
 _18315_/Q
 _18316_/Q
 _18317_/Q
 _18318_/Q
 _18319_/Q
 _18320_/Q
 _18321_/Q
 _18322_/Q
 _18323_/Q
 _18324_/Q
 _18325_/Q
 _18326_/Q
 _18327_/Q
 _18328_/Q
 _18329_/Q
 _18330_/Q
 _18331_/Q
 _18332_/Q
 _18333_/Q
 _18334_/Q
 _18335_/Q
 _18336_/Q
 _18337_/Q
 _18338_/Q
 _18339_/Q
 _18340_/Q
 _18341_/Q
 _18342_/Q
 _18343_/Q
 _18344_/Q
 _18345_/Q
 _18346_/Q
 _18347_/Q
 _18348_/Q
 _18349_/Q
 _18350_/Q
 _18351_/Q
 _18352_/Q
 _18353_/Q
 _18354_/Q
 _18355_/Q
 _18356_/Q
 _18357_/Q
 _18358_/Q
 _18359_/Q
 _18360_/Q
 _18361_/Q
 _18362_/Q
 _18363_/Q
 _18364_/Q
 _18365_/Q
 _18366_/Q
 _18367_/Q
 _18368_/Q
 _18369_/Q
 _18370_/Q
 _18371_/Q
 _18372_/Q
 _18373_/Q
 _18374_/Q
 _18375_/Q
 _18376_/Q
 _18377_/Q
 _18378_/Q
 _18379_/Q
 _18380_/Q
 _18381_/Q
 _18382_/Q
 _18383_/Q
 _18384_/Q
 _18385_/Q
 _18386_/Q
 _18387_/Q
 _18388_/Q
 _18389_/Q
 _18390_/Q
 _18391_/Q
 _18392_/Q
 _18393_/Q
 _18394_/Q
 _18395_/Q
 _18396_/Q
 _18397_/Q
 _18398_/Q
 _18399_/Q
 _18400_/Q
 _18401_/Q
 _18402_/Q
 _18403_/Q
 _18404_/Q
 _18405_/Q
 _18406_/Q
 _18407_/Q
 _18408_/Q
 _18409_/Q
 _18410_/Q
 _18411_/Q
 _18412_/Q
 _18413_/Q
 _18414_/Q
 _18415_/Q
 _18416_/Q
 _18417_/Q
 _18418_/Q
 _18419_/Q
 _18420_/Q
 _18421_/Q
 _18422_/Q
 _18423_/Q
 _18424_/Q
 _18425_/Q
 _18426_/Q
 _18427_/Q
 _18428_/Q
 _18429_/Q
 _18430_/Q
 _18431_/Q
 _18432_/Q
 _18433_/Q
 _18434_/Q
 _18435_/Q
 _18436_/Q
 _18437_/Q
 _18438_/Q
 _18439_/Q
 _18440_/Q
 _18441_/Q
 _18442_/Q
 _18443_/Q
 _18444_/Q
 _18445_/Q
 _18446_/Q
 _18447_/Q
 _18448_/Q
 _18449_/Q
 _18450_/Q
 _18451_/Q
 _18452_/Q
 _18453_/Q
 _18454_/Q
 _18455_/Q
 _18456_/Q
 _18457_/Q
 _18458_/Q
 _18459_/Q
 _18460_/Q
 _18461_/Q
 _18462_/Q
 _18463_/Q
 _18464_/Q
 _18465_/Q
 _18466_/Q
 _18467_/Q
 _18468_/Q
 _18469_/Q
 _18470_/Q
 _18471_/Q
 _18472_/Q
 _18473_/Q
 _18474_/Q
 _18475_/Q
 _18476_/Q
 _18477_/Q
 _18478_/Q
 _18479_/Q
 _18480_/Q
 _18481_/Q
 _18482_/Q
 _18483_/Q
 _18484_/Q
 _18485_/Q
 _18486_/Q
 _18487_/Q
 _18488_/Q
 _18489_/Q
 _18490_/Q
 _18491_/Q
 _18492_/Q
 _18493_/Q
 _18494_/Q
 _18495_/Q
 _18496_/Q
 _18497_/Q
 _18498_/Q
 _18499_/Q
 _18500_/Q
 _18501_/Q
 _18502_/Q
 _18503_/Q
 _18504_/Q
 _18505_/Q
 _18506_/Q
 _18507_/Q
 _18508_/Q
 _18509_/Q
 _18510_/Q
 _18511_/Q
 _18512_/Q
 _18513_/Q
 _18514_/Q
 _18515_/Q
 _18516_/Q
 _18517_/Q
 _18518_/Q
 _18519_/Q
 _18520_/Q
 _18521_/Q
 _18522_/Q
 _18523_/Q
 _18524_/Q
 _18525_/Q
 _18526_/Q
 _18527_/Q
 _18528_/Q
 _18529_/Q
 _18530_/Q
 _18531_/Q
 _18532_/Q
 _18533_/Q
 _18534_/Q
 _18535_/Q
 _18536_/Q
 _18537_/Q
 _18538_/Q
 _18539_/Q
 _18540_/Q
 _18541_/Q
 _18542_/Q
 _18543_/Q
 _18544_/Q
 _18545_/Q
 _18546_/Q
 _18547_/Q
 _18548_/Q
 _18549_/Q
 _18550_/Q
 _18551_/Q
 _18552_/Q
 _18553_/Q
 _18554_/Q
 _18555_/Q
 _18556_/Q
 _18557_/Q
 _18558_/Q
 _18559_/Q
 _18560_/Q
 _18561_/Q
 _18562_/Q
 _18563_/Q
 _18564_/Q
 _18565_/Q
 _18566_/Q
 _18567_/Q
 _18568_/Q
 _18569_/Q
 _18570_/Q
 _18571_/Q
 _18572_/Q
 _18573_/Q
 _18574_/Q
 _18575_/Q
 _18576_/Q
 _18577_/Q
 _18578_/Q
 _18579_/Q
 _18580_/Q
 _18581_/Q
 _18582_/Q
 _18583_/Q
 _18584_/Q
 _18585_/Q
 _18586_/Q
 _18587_/Q
 _18588_/Q
 _18589_/Q
 _18590_/Q
 _18591_/Q
 _18592_/Q
 _18593_/Q
 _18594_/Q
 _18595_/Q
 _18596_/Q
 _18597_/Q
 _18598_/Q
 _18599_/Q
 _18600_/Q
 _18601_/Q
 _18602_/Q
 _18603_/Q
 _18604_/Q
 _18605_/Q
 _18606_/Q
 _18607_/Q
 _18608_/Q
 _18609_/Q
 _18610_/Q
 _18611_/Q
 _18612_/Q
 _18613_/Q
 _18614_/Q
 _18615_/Q
 _18616_/Q
 _18617_/Q
 _18618_/Q
 _18619_/Q
 _18620_/Q
 _18621_/Q
 _18622_/Q
 _18623_/Q
 _18624_/Q
 _18625_/Q
 _18626_/Q
 _18627_/Q
 _18628_/Q
 _18629_/Q
 _18630_/Q
 _18631_/Q
 _18632_/Q
 _18633_/Q
 _18634_/Q
 _18635_/Q
 _18636_/Q
 _18637_/Q
 _18638_/Q
 _18639_/Q
 _18640_/Q
 _18641_/Q
 _18642_/Q
 _18643_/Q
 _18644_/Q
 _18645_/Q
 _18646_/Q
 _18647_/Q
 _18648_/Q
 _18649_/Q
 _18650_/Q
 _18651_/Q
 _18652_/Q
 _18653_/Q
 _18654_/Q
 _18655_/Q
 _18656_/Q
 _18657_/Q
 _18658_/Q
 _18659_/Q
 _18660_/Q
 _18661_/Q
 _18662_/Q
 _18663_/Q
 _18664_/Q
 _18665_/Q
 _18666_/Q
 _18667_/Q
 _18668_/Q
 _18669_/Q
 _18670_/Q
 _18671_/Q
 _18672_/Q
 _18673_/Q
 _18674_/Q
 _18675_/Q
 _18676_/Q
 _18677_/Q
 _18678_/Q
 _18679_/Q
 _18680_/Q
 _18681_/Q
 _18682_/Q
 _18683_/Q
 _18684_/Q
 _18685_/Q
 _18686_/Q
 _18687_/Q
 _18688_/Q
 _18689_/Q
 _18690_/Q
 _18691_/Q
 _18692_/Q
 _18693_/Q
 _18694_/Q
 _18695_/Q
 _18696_/Q
 _18697_/Q
 _18698_/Q
 _18699_/Q
 _18700_/Q
 _18701_/Q
 _18702_/Q
 _18703_/Q
 _18704_/Q
 _18705_/Q
 _18706_/Q
 _18707_/Q
 _18708_/Q
 _18709_/Q
 _18710_/Q
 _18711_/Q
 _18712_/Q
 _18713_/Q
 _18714_/Q
 _18715_/Q
 _18716_/Q
 _18717_/Q
 _18718_/Q
 _18719_/Q
 _18720_/Q
 _18721_/Q
 _18722_/Q
 _18723_/Q
 _18724_/Q
 _18725_/Q
 _18726_/Q
 _18727_/Q
 _18728_/Q
 _18729_/Q
 _18730_/Q
 _18731_/Q
 _18732_/Q
 _18733_/Q
 _18734_/Q
 _18735_/Q
 _18736_/Q
 _18737_/Q
 _18738_/Q
 _18739_/Q
 _18740_/Q
 _18741_/Q
 _18742_/Q
 _18743_/Q
 _18744_/Q
 _18745_/Q
 _18746_/Q
 _18747_/Q
 _18748_/Q
 _18749_/Q
 _18750_/Q
 _18751_/Q
 _18752_/Q
 _18753_/Q
 _18754_/Q
 _18755_/Q
 _18756_/Q
 _18757_/Q
 _18758_/Q
 _18759_/Q
 _18760_/Q
 _18761_/Q
 _18762_/Q
 _18763_/Q
 _18764_/Q
 _18765_/Q
 _18766_/Q
 _18767_/Q
 _18768_/Q
 _18769_/Q
 _18770_/Q
 _18771_/Q
 _18772_/Q
 _18773_/Q
 _18774_/Q
 _18775_/Q
 _18776_/Q
 _18777_/Q
 _18778_/Q
 _18779_/Q
 _18780_/Q
 _18781_/Q
 _18782_/Q
 _18783_/Q
 _18784_/Q
 _18785_/Q
 _18786_/Q
 _18787_/Q
 _18788_/Q
 _18789_/Q
 _18790_/Q
 _18791_/Q
 _18792_/Q
 _18793_/Q
 _18794_/Q
 _18795_/Q
 _18796_/Q
 _18797_/Q
 _18798_/Q
 _18799_/Q
 _18800_/Q
 _18801_/Q
 _18802_/Q
 _18803_/Q
 _18804_/Q
 _18805_/Q
 _18806_/Q
 _18807_/Q
 _18808_/Q
 _18809_/Q
 _18810_/Q
 _18811_/Q
 _18812_/Q
 _18813_/Q
 _18814_/Q
 _18815_/Q
 _18816_/Q
 _18817_/Q
 _18818_/Q
 _18819_/Q
 _18820_/Q
 _18821_/Q
 _18822_/Q
 _18823_/Q
 _18824_/Q
 _18825_/Q
 _18826_/Q
 _18827_/Q
 _18828_/Q
 _18829_/Q
 _18830_/Q
 _18831_/Q
 _18832_/Q
 _18833_/Q
 _18834_/Q
 _18835_/Q
 _18836_/Q
 _18837_/Q
 _18838_/Q
 _18839_/Q
 _18840_/Q
 _18841_/Q
 _18842_/Q
 _18843_/Q
 _18844_/Q
 _18845_/Q
 _18846_/Q
 _18847_/Q
 _18848_/Q
 _18849_/Q
 _18850_/Q
 _18851_/Q
 _18852_/Q
 _18853_/Q
 _18854_/Q
 _18855_/Q
 _18856_/Q
 _18857_/Q
 _18858_/Q
 _18859_/Q
 _18860_/Q
 _18861_/Q
 _18862_/Q
 _18863_/Q
 _18864_/Q
 _18865_/Q
 _18866_/Q
 _18867_/Q
 _18868_/Q
 _18869_/Q
 _18870_/Q
 _18871_/Q
 _18872_/Q
 _18873_/Q
 _18874_/Q
 _18875_/Q
 _18876_/Q
 _18877_/Q
 _18878_/Q
 _18879_/Q
 _18880_/Q
 _18881_/Q
 _18882_/Q
 _18883_/Q
 _18884_/Q
 _18885_/Q
 _18886_/Q
 _18887_/Q
 _18888_/Q
 _18889_/Q
 _18890_/Q
 _18891_/Q
 _18892_/Q
 _18893_/Q
 _18894_/Q
 _18895_/Q
 _18896_/Q
 _18897_/Q
 _18898_/Q
 _18899_/Q
 _18900_/Q
 _18901_/Q
 _18902_/Q
 _18903_/Q
 _18904_/Q
 _18905_/Q
 _18906_/Q
 _18907_/Q
 _18908_/Q
 _18909_/Q
 _18910_/Q
 _18911_/Q
 _18912_/Q
 _18913_/Q
 _18914_/Q
 _18915_/Q
 _18916_/Q
 _18917_/Q
 _18918_/Q
 _18919_/Q
 _18920_/Q
 _18921_/Q
 _18922_/Q
 _18923_/Q
 _18924_/Q
 _18925_/Q
 _18926_/Q
 _18927_/Q
 _18928_/Q
 _18929_/Q
 _18930_/Q
 _18931_/Q
 _18932_/Q
 _18933_/Q
 _18934_/Q
 _18935_/Q
 _18936_/Q
 _18937_/Q
 _18938_/Q
 _18939_/Q
 _18940_/Q
 _18941_/Q
 _18942_/Q
 _18943_/Q
 _18944_/Q
 _18945_/Q
 _18946_/Q
 _18947_/Q
 _18948_/Q
 _18949_/Q
 _18950_/Q
 _18951_/Q
 _18952_/Q
 _18953_/Q
 _18954_/Q
 _18955_/Q
 _18956_/Q
 _18957_/Q
 _18958_/Q
 _18959_/Q
 _18960_/Q
 _18961_/Q
 _18962_/Q
 _18963_/Q
 _18964_/Q
 _18965_/Q
 _18966_/Q
 _18967_/Q
 _18968_/Q
 _18969_/Q
 _18970_/Q
 _18971_/Q
 _18972_/Q
 _18973_/Q
 _18974_/Q
 _18975_/Q
 _18976_/Q
 _18977_/Q
 _18978_/Q
 _18979_/Q
 _18980_/Q
 _18981_/Q
 _18982_/Q
 _18983_/Q
 _18984_/Q
 _18985_/Q
 _18986_/Q
 _18987_/Q
 _18988_/Q
 _18989_/Q
 _18990_/Q
 _18991_/Q
 _18992_/Q
 _18993_/Q
 _18994_/Q
 _18995_/Q
 _18996_/Q
 _18997_/Q
 _18998_/Q
 _18999_/Q
 _19000_/Q
 _19001_/Q
 _19002_/Q
 _19003_/Q
 _19004_/Q
 _19005_/Q
 _19006_/Q
 _19007_/Q
 _19008_/Q
 _19009_/Q
 _19010_/Q
 _19011_/Q
 _19012_/Q
 _19013_/Q
 _19014_/Q
 _19015_/Q
 _19016_/Q
 _19017_/Q
 _19018_/Q
 _19019_/Q
 _19020_/Q
 _19021_/Q
 _19022_/Q
 _19023_/Q
 _19024_/Q
 _19025_/Q
 _19026_/Q
 _19027_/Q
 _19028_/Q
 _19029_/Q
 _19030_/Q
 _19031_/Q
 _19032_/Q
 _19033_/Q
 _19034_/Q
 _19035_/Q
 _19036_/Q
 _19037_/Q
 _19038_/Q
 _19039_/Q
 _19040_/Q
 _19041_/Q
 _19042_/Q
 _19043_/Q
 _19044_/Q
 _19045_/Q
 _19046_/Q
 _19047_/Q
 _19048_/Q
 _19049_/Q
 _19050_/Q
 _19051_/Q
 _19052_/Q
 _19053_/Q
 _19054_/Q
 _19055_/Q
 _19056_/Q
 _19057_/Q
 _19058_/Q
 _19059_/Q
 _19060_/Q
 _19061_/Q
 _19062_/Q
 _19063_/Q
 _19064_/Q
 _19065_/Q
 _19066_/Q
 _19067_/Q
 _19068_/Q
 _19069_/Q
 _19070_/Q
 _19071_/Q
 _19072_/Q
 _19073_/Q
 _19074_/Q
 _19075_/Q
 _19076_/Q
 _19077_/Q
 _19078_/Q
 _19079_/Q
 _19080_/Q
 _19081_/Q
 _19082_/Q
 _19083_/Q
 _19084_/Q
 _19085_/Q
 _19086_/Q
 _19087_/Q
 _19088_/Q
 _19089_/Q
 _19090_/Q
 _19091_/Q
 _19092_/Q
 _19093_/Q
 _19094_/Q
 _19095_/Q
 _19096_/Q
 _19097_/Q
 _19098_/Q
 _19099_/Q
 _19100_/Q
 _19101_/Q
 _19102_/Q
 _19103_/Q
 _19104_/Q
 _19105_/Q
 _19106_/Q
 _19107_/Q
 _19108_/Q
 _19109_/Q
 _19110_/Q
 _19111_/Q
 _19112_/Q
 _19113_/Q
 _19114_/Q
 _19115_/Q
 _19116_/Q
 _19117_/Q
 _19118_/Q
 _19119_/Q
 _19120_/Q
 _19121_/Q
 _19122_/Q
 _19123_/Q
 _19124_/Q
 _19125_/Q
 _19126_/Q
 _19127_/Q
 _19128_/Q
 _19129_/Q
 _19130_/Q
 _19131_/Q
 _19132_/Q
 _19133_/Q
 _19134_/Q
 _19135_/Q
 _19136_/Q
 _19137_/Q
 _19138_/Q
 _19139_/Q
 _19140_/Q
 _19141_/Q
 _19142_/Q
 _19143_/Q
 _19144_/Q
 _19145_/Q
 _19146_/Q
 _19147_/Q
 _19148_/Q
 _19149_/Q
 _19150_/Q
 _19151_/Q
 _19152_/Q
 _19153_/Q
 _19154_/Q
 _19155_/Q
 _19156_/Q
 _19157_/Q
 _19158_/Q
 _19159_/Q
 _19160_/Q
 _19161_/Q
 _19162_/Q
 _19163_/Q
 _19164_/Q
 _19165_/Q
 _19166_/Q
 _19167_/Q
 _19168_/Q
 _19169_/Q
 _19170_/Q
 _19171_/Q
 _19172_/Q
 _19173_/Q
 _19174_/Q
 _19175_/Q
 _19176_/Q
 _19177_/Q
 _19178_/Q
 _19179_/Q
 _19180_/Q
 _19181_/Q
 _19182_/Q
 _19183_/Q
 _19184_/Q
 _19185_/Q
 _19186_/Q
 _19187_/Q
 _19188_/Q
 _19189_/Q
 _19190_/Q
 _19191_/Q
 _19192_/Q
 _19193_/Q
 _19194_/Q
 _19195_/Q
 _19196_/Q
 _19197_/Q
 _19198_/Q
 _19199_/Q
 _19200_/Q
 _19201_/Q
 _19202_/Q
 _19203_/Q
 _19204_/Q
 _19205_/Q
 _19206_/Q
 _19207_/Q
 _19208_/Q
 _19209_/Q
 _19210_/Q
 _19211_/Q
 _19212_/Q
 _19213_/Q
 _19214_/Q
 _19215_/Q
 _19216_/Q
 _19217_/Q
 _19218_/Q
 _19219_/Q
 _19220_/Q
 _19221_/Q
 _19222_/Q
 _19223_/Q
 _19224_/Q
 _19225_/Q
 _19226_/Q
 _19227_/Q
 _19228_/Q
 _19229_/Q
 _19230_/Q
 _19231_/Q
 _19232_/Q
 _19233_/Q
 _19234_/Q
 _19235_/Q
 _19236_/Q
 _19237_/Q
 _19238_/Q
 _19239_/Q
 _19240_/Q
 _19241_/Q
 _19242_/Q
 _19243_/Q
 _19244_/Q
 _19245_/Q
 _19246_/Q
 _19247_/Q
 _19248_/Q
 _19249_/Q
 _19250_/Q
 _19251_/Q
 _19252_/Q
 _19253_/Q
 _19254_/Q
 _19255_/Q
 _19256_/Q
 _19257_/Q
 _19258_/Q
 _19259_/Q
 _19260_/Q
 _19261_/Q
 _19262_/Q
 _19263_/Q
 _19264_/Q
 _19265_/Q
 _19266_/Q
 _19267_/Q
 _19268_/Q
 _19269_/Q
 _19270_/Q
 _19271_/Q
 _19272_/Q
 _19273_/Q
 _19274_/Q
 _19275_/Q
 _19276_/Q
 _19277_/Q
 _19278_/Q
 _19279_/Q
 _19280_/Q
 _19281_/Q
 _19282_/Q
 _19283_/Q
 _19284_/Q
 _19285_/Q
 _19286_/Q
 _19287_/Q
 _19288_/Q
 _19289_/Q
 _19290_/Q
 _19291_/Q
 _19292_/Q
 _19293_/Q
 _19294_/Q
 _19295_/Q
 _19296_/Q
 _19297_/Q
 _19298_/Q
 _19299_/Q
 _19300_/Q
 _19301_/Q
 _19302_/Q
 _19303_/Q
 _19304_/Q
 _19305_/Q
 _19306_/Q
 _19307_/Q
 _19308_/Q
 _19309_/Q
 _19310_/Q
 _19311_/Q
 _19312_/Q
 _19313_/Q
 _19314_/Q
 _19315_/Q
 _19316_/Q
 _19317_/Q
 _19318_/Q
 _19319_/Q
 _19320_/Q
 _19321_/Q
 _19322_/Q
 _19323_/Q
 _19324_/Q
 _19325_/Q
 _19326_/Q
 _19327_/Q
 _19328_/Q
 _19329_/Q
 _19330_/Q
 _19331_/Q
 _19332_/Q
 _19333_/Q
 _19334_/Q
 _19335_/Q
 _19336_/Q
 _19337_/Q
 _19338_/Q
 _19339_/Q
 _19340_/Q
 _19341_/Q
 _19342_/Q
 _19343_/Q
 _19344_/Q
 _19345_/Q
 _19346_/Q
 _19347_/Q
 _19348_/Q
 _19349_/Q
 _19350_/Q
 _19351_/Q
 _19352_/Q
 _19353_/Q
 _19354_/Q
 _19355_/Q
 _19356_/Q
 _19357_/Q
 _19358_/Q
 _19359_/Q
 _19360_/Q
 _19361_/Q
 _19362_/Q
 _19363_/Q
 _19364_/Q
 _19365_/Q
 _19366_/Q
 _19367_/Q
 _19368_/Q
 _19369_/Q
 _19370_/Q
 _19371_/Q
 _19372_/Q
 _19373_/Q
 _19374_/Q
 _19375_/Q
 _19376_/Q
 _19377_/Q
 _19378_/Q
 _19379_/Q
 _19380_/Q
 _19381_/Q
 _19382_/Q
 _19383_/Q
 _19384_/Q
 _19385_/Q
 _19386_/Q
 _19387_/Q
 _19388_/Q
 _19389_/Q
 _19390_/Q
 _19391_/Q
 _19392_/Q
 _19393_/Q
 _19394_/Q
 _19395_/Q
 _19396_/Q
 _19397_/Q
 _19398_/Q
 _19399_/Q
 _19400_/Q
 _19401_/Q
 _19402_/Q
 _19403_/Q
 _19404_/Q
 _19405_/Q
 _19406_/Q
 _19407_/Q
 _19408_/Q
 _19409_/Q
 _19410_/Q
 _19411_/Q
 _19412_/Q
 _19413_/Q
 _19414_/Q
 _19415_/Q
 _19416_/Q
 _19417_/Q
 _19418_/Q
 _19419_/Q
 _19420_/Q
 _19421_/Q
 _19422_/Q
 _19423_/Q
 _19424_/Q
 _19425_/Q
 _19426_/Q
 _19427_/Q
 _19428_/Q
 _19429_/Q
 _19430_/Q
 _19431_/Q
 _19432_/Q
 _19433_/Z
 _19434_/Z
 _19435_/Z
 _19436_/Z
 _19437_/Z
 _19438_/Z
 _19439_/Z
 _19440_/Z
 _19441_/ZN
 _19442_/ZN
 _19443_/ZN
 _19444_/ZN
 _19445_/ZN
 _19446_/ZN
 _19447_/ZN
 _19448_/ZN
 _19449_/ZN
 _19450_/ZN
 _19451_/ZN
 _19452_/ZN
 _19453_/ZN
 _19454_/ZN
 _19455_/ZN
 _19456_/ZN
 _19457_/ZN
 _19458_/ZN
 _19459_/ZN
 _19460_/ZN
 _19461_/ZN
 _19462_/ZN
 _19463_/ZN
 _19464_/ZN
 _19465_/ZN
 _19466_/ZN
 _19467_/ZN
 _19468_/ZN
 _19469_/ZN
 _19470_/ZN
 _19471_/ZN
 _19472_/ZN
 _19473_/ZN
 _19474_/ZN
 _19475_/ZN
Found 0 partially unannotated drivers.

===========================================================================
max slew violation count 8052
max fanout violation count 0
max cap violation count 46
============================================================================

===========================================================================
check_setup -verbose -unconstrained_endpoints -multiple_clock -no_clock -no_input_delay -loops -generated_clocks
===========================================================================
Warning: There are 2 input ports missing set_input_delay.
  miso_IN
  rst_n_IN
