
 /----------------------------------------------------------------------------\
 |  yosys -- Yosys Open SYnthesis Suite                                       |
 |  Copyright (C) 2012 - 2026  Claire Xenia Wolf <claire@yosyshq.com>         |
 |  Distributed under an ISC-like license, type "license" to see terms        |
 \----------------------------------------------------------------------------/
 Yosys 0.64 (git sha1 6d2c445ae, g++ 13.3.0-6ubuntu2~24.04.1 -fPIC -O3)

1. Executing Liberty frontend: /foss/pdks/gf180mcuD/libs.ref/gf180mcu_fd_sc_mcu7t5v0/lib/gf180mcu_fd_sc_mcu7t5v0__ss_125C_3v00.lib
Imported 229 cell types from liberty file.
[INFO] Using SDC file '/foss/designs/ascon_run_deffile/runs/run11/06-yosys-synthesis/synthesis.abc.sdc' for ABC…wtaf

2. Executing Verilog-2005 frontend: /foss/designs/ascon_run_deffile/reset_sync.v
Parsing SystemVerilog input from `/foss/designs/ascon_run_deffile/reset_sync.v' to AST representation.
Storing AST representation for module `$abstract\reset_sync'.
Successfully finished Verilog frontend.

3. Executing Verilog-2005 frontend: /foss/designs/ascon_run_deffile/ascon_round_s1.v
Parsing SystemVerilog input from `/foss/designs/ascon_run_deffile/ascon_round_s1.v' to AST representation.
Storing AST representation for module `$abstract\ascon_round_s1'.
Successfully finished Verilog frontend.

4. Executing Verilog-2005 frontend: /foss/designs/ascon_run_deffile/ascon_round_s2.v
Parsing SystemVerilog input from `/foss/designs/ascon_run_deffile/ascon_round_s2.v' to AST representation.
Storing AST representation for module `$abstract\ascon_round_s2'.
Successfully finished Verilog frontend.

5. Executing Verilog-2005 frontend: /foss/designs/ascon_run_deffile/ascon_core_adpt_encdec.v
Parsing SystemVerilog input from `/foss/designs/ascon_run_deffile/ascon_core_adpt_encdec.v' to AST representation.
Storing AST representation for module `$abstract\ascon_core_adpt_encdec'.
Successfully finished Verilog frontend.

6. Executing Verilog-2005 frontend: /foss/designs/ascon_run_deffile/axi_ascon.v
Parsing SystemVerilog input from `/foss/designs/ascon_run_deffile/axi_ascon.v' to AST representation.
Storing AST representation for module `$abstract\axi_ascon'.
Successfully finished Verilog frontend.

7. Executing Verilog-2005 frontend: /foss/designs/ascon_run_deffile/axi_master.v
Parsing SystemVerilog input from `/foss/designs/ascon_run_deffile/axi_master.v' to AST representation.
Storing AST representation for module `$abstract\axi_master'.
Successfully finished Verilog frontend.

8. Executing Verilog-2005 frontend: /foss/designs/ascon_run_deffile/spi_slave.v
Parsing SystemVerilog input from `/foss/designs/ascon_run_deffile/spi_slave.v' to AST representation.
Storing AST representation for module `$abstract\spi_slave'.
Successfully finished Verilog frontend.

9. Executing Verilog-2005 frontend: /foss/designs/ascon_run_deffile/A10_A.v
Parsing SystemVerilog input from `/foss/designs/ascon_run_deffile/A10_A.v' to AST representation.
Storing AST representation for module `$abstract\A10_A'.
Successfully finished Verilog frontend.

10. Executing HIERARCHY pass (managing design hierarchy).

11. Executing AST frontend in derive mode using pre-parsed AST for module `\A10_A'.
Generating RTLIL representation for module `\A10_A'.

11.1. Analyzing design hierarchy..
Top module:  \A10_A

11.2. Executing AST frontend in derive mode using pre-parsed AST for module `\spi_slave'.
Generating RTLIL representation for module `\spi_slave'.

11.3. Analyzing design hierarchy..
Top module:  \A10_A
Used module:     \spi_slave

11.4. Executing AST frontend in derive mode using pre-parsed AST for module `\axi_master'.
Generating RTLIL representation for module `\axi_master'.

11.5. Executing AST frontend in derive mode using pre-parsed AST for module `\reset_sync'.
Generating RTLIL representation for module `\reset_sync'.

11.6. Analyzing design hierarchy..
Top module:  \A10_A
Used module:     \spi_slave
Used module:         \axi_master
Used module:         \reset_sync

11.7. Executing AST frontend in derive mode using pre-parsed AST for module `\axi_ascon'.
Generating RTLIL representation for module `\axi_ascon'.

11.8. Analyzing design hierarchy..
Top module:  \A10_A
Used module:     \spi_slave
Used module:         \axi_master
Used module:             \axi_ascon
Used module:         \reset_sync

11.9. Executing AST frontend in derive mode using pre-parsed AST for module `\ascon_core_adpt_encdec'.
Generating RTLIL representation for module `\ascon_core_adpt_encdec'.

11.10. Analyzing design hierarchy..
Top module:  \A10_A
Used module:     \spi_slave
Used module:         \axi_master
Used module:             \axi_ascon
Used module:                 \ascon_core_adpt_encdec
Used module:         \reset_sync

11.11. Executing AST frontend in derive mode using pre-parsed AST for module `\ascon_round_s2'.
Generating RTLIL representation for module `\ascon_round_s2'.

11.12. Executing AST frontend in derive mode using pre-parsed AST for module `\ascon_round_s1'.
Generating RTLIL representation for module `\ascon_round_s1'.

11.13. Analyzing design hierarchy..
Top module:  \A10_A
Used module:     \spi_slave
Used module:         \axi_master
Used module:             \axi_ascon
Used module:                 \ascon_core_adpt_encdec
Used module:                     \ascon_round_s2
Used module:                     \ascon_round_s1
Used module:         \reset_sync

11.14. Analyzing design hierarchy..
Top module:  \A10_A
Used module:     \spi_slave
Used module:         \axi_master
Used module:             \axi_ascon
Used module:                 \ascon_core_adpt_encdec
Used module:                     \ascon_round_s2
Used module:                     \ascon_round_s1
Used module:         \reset_sync
Removing unused module `$abstract\A10_A'.
Removing unused module `$abstract\spi_slave'.
Removing unused module `$abstract\axi_master'.
Removing unused module `$abstract\axi_ascon'.
Removing unused module `$abstract\ascon_core_adpt_encdec'.
Removing unused module `$abstract\ascon_round_s2'.
Removing unused module `$abstract\ascon_round_s1'.
Removing unused module `$abstract\reset_sync'.
Removed 8 unused modules.
Renaming module A10_A to A10_A.

12. Executing ATTRMAP pass (move or copy attributes).

13. Executing HIERARCHY pass (managing design hierarchy).

13.1. Analyzing design hierarchy..
Top module:  \A10_A
Used module:     \spi_slave
Used module:         \axi_master
Used module:             \axi_ascon
Used module:                 \ascon_core_adpt_encdec
Used module:                     \ascon_round_s2
Used module:                     \ascon_round_s1
Used module:         \reset_sync

13.2. Analyzing design hierarchy..
Top module:  \A10_A
Used module:     \spi_slave
Used module:         \axi_master
Used module:             \axi_ascon
Used module:                 \ascon_core_adpt_encdec
Used module:                     \ascon_round_s2
Used module:                     \ascon_round_s1
Used module:         \reset_sync
Removed 0 unused modules.

14. Executing PROC_CLEAN pass (remove empty switches from decision trees).
Cleaned up 0 empty switches.

15. Executing PROC_RMDEAD pass (remove dead branches from decision trees).
Marked 6 switch rules as full_case in process $proc$/foss/designs/ascon_run_deffile/ascon_core_adpt_encdec.v:123$225 in module ascon_core_adpt_encdec.
Marked 48 switch rules as full_case in process $proc$/foss/designs/ascon_run_deffile/ascon_core_adpt_encdec.v:98$112 in module ascon_core_adpt_encdec.
Marked 32 switch rules as full_case in process $proc$/foss/designs/ascon_run_deffile/ascon_core_adpt_encdec.v:77$71 in module ascon_core_adpt_encdec.
Marked 1 switch rules as full_case in process $proc$/foss/designs/ascon_run_deffile/ascon_core_adpt_encdec.v:65$70 in module ascon_core_adpt_encdec.
Marked 5 switch rules as full_case in process $proc$/foss/designs/ascon_run_deffile/axi_ascon.v:110$41 in module axi_ascon.
Marked 1 switch rules as full_case in process $proc$/foss/designs/ascon_run_deffile/reset_sync.v:15$32 in module reset_sync.
Marked 3 switch rules as full_case in process $proc$/foss/designs/ascon_run_deffile/axi_master.v:61$27 in module axi_master.
Marked 3 switch rules as full_case in process $proc$/foss/designs/ascon_run_deffile/spi_slave.v:124$23 in module spi_slave.
Marked 1 switch rules as full_case in process $proc$/foss/designs/ascon_run_deffile/spi_slave.v:105$19 in module spi_slave.
Marked 4 switch rules as full_case in process $proc$/foss/designs/ascon_run_deffile/spi_slave.v:82$14 in module spi_slave.
Marked 2 switch rules as full_case in process $proc$/foss/designs/ascon_run_deffile/spi_slave.v:55$4 in module spi_slave.
Removed a total of 0 dead cases.

16. Executing PROC_PRUNE pass (remove redundant assignments in processes).
Removed 19 redundant assignments.
Promoted 51 assignments to connections.

17. Executing PROC_INIT pass (extract init attributes).

18. Executing PROC_ARST pass (detect async resets in processes).
Found async reset \rst_n in `\ascon_core_adpt_encdec.$proc$/foss/designs/ascon_run_deffile/ascon_core_adpt_encdec.v:123$225'.
Found async reset \S_AXI_ARESETN in `\axi_ascon.$proc$/foss/designs/ascon_run_deffile/axi_ascon.v:110$41'.
Found async reset \arst_n in `\reset_sync.$proc$/foss/designs/ascon_run_deffile/reset_sync.v:15$32'.
Found async reset \rstn in `\axi_master.$proc$/foss/designs/ascon_run_deffile/axi_master.v:61$27'.
Found async reset \rst_n_clk in `\spi_slave.$proc$/foss/designs/ascon_run_deffile/spi_slave.v:124$23'.
Found async reset \rst_n_clk in `\spi_slave.$proc$/foss/designs/ascon_run_deffile/spi_slave.v:105$19'.
Found async reset \rst_n_spi in `\spi_slave.$proc$/foss/designs/ascon_run_deffile/spi_slave.v:82$14'.
Found async reset \rst_n_spi in `\spi_slave.$proc$/foss/designs/ascon_run_deffile/spi_slave.v:55$4'.

19. Executing PROC_ROM pass (convert switches to ROMs).
Converted 1 switch.
<suppressed ~128 debug messages>

20. Executing PROC_MUX pass (convert decision trees to multiplexers).
Creating decoders for process `\ascon_core_adpt_encdec.$proc$/foss/designs/ascon_run_deffile/ascon_core_adpt_encdec.v:123$225'.
     1/30: $0\dout_valid[0:0]
     2/30: $0\done[0:0]
     3/30: $0\din_bytes_q[4:0]
     4/30: $0\din_last_q[0:0]
     5/30: $0\full_nS1_q[63:0]
     6/30: $0\full_nS0_q[63:0]
     7/30: $0\full_dout_q[127:0]
     8/30: $0\last_dout_q[127:0]
     9/30: $0\last_nrate_q[127:0]
    10/30: $0\ph[0:0]
    11/30: $0\B0[63:0]
    12/30: $0\ci[3:0]
    13/30: $0\ret_st[3:0]
    14/30: $0\t1_out[63:0]
    15/30: $0\t0_out[63:0]
    16/30: $0\auth_ok[0:0]
    17/30: $0\busy[0:0]
    18/30: $0\dout_bytes[4:0]
    19/30: $0\dout_data[127:0]
    20/30: $0\dout_last[0:0]
    21/30: $0\st[3:0]
    22/30: $0\S0[63:0]
    23/30: $0\S4[63:0]
    24/30: $0\S3[63:0]
    25/30: $0\S2[63:0]
    26/30: $0\S1[63:0]
    27/30: $0\B4[63:0]
    28/30: $0\B3[63:0]
    29/30: $0\B2[63:0]
    30/30: $0\B1[63:0]
Creating decoders for process `\ascon_core_adpt_encdec.$proc$/foss/designs/ascon_run_deffile/ascon_core_adpt_encdec.v:98$112'.
     1/48: $32\last_nrate[127:120]
     2/48: $31\last_nrate[127:120]
     3/48: $16\last_dout[127:120]
     4/48: $30\last_nrate[119:112]
     5/48: $29\last_nrate[119:112]
     6/48: $15\last_dout[119:112]
     7/48: $28\last_nrate[111:104]
     8/48: $27\last_nrate[111:104]
     9/48: $14\last_dout[111:104]
    10/48: $26\last_nrate[103:96]
    11/48: $25\last_nrate[103:96]
    12/48: $13\last_dout[103:96]
    13/48: $24\last_nrate[95:88]
    14/48: $23\last_nrate[95:88]
    15/48: $12\last_dout[95:88]
    16/48: $22\last_nrate[87:80]
    17/48: $21\last_nrate[87:80]
    18/48: $11\last_dout[87:80]
    19/48: $20\last_nrate[79:72]
    20/48: $19\last_nrate[79:72]
    21/48: $10\last_dout[79:72]
    22/48: $18\last_nrate[71:64]
    23/48: $17\last_nrate[71:64]
    24/48: $9\last_dout[71:64]
    25/48: $16\last_nrate[63:56]
    26/48: $15\last_nrate[63:56]
    27/48: $8\last_dout[63:56]
    28/48: $14\last_nrate[55:48]
    29/48: $13\last_nrate[55:48]
    30/48: $7\last_dout[55:48]
    31/48: $12\last_nrate[47:40]
    32/48: $11\last_nrate[47:40]
    33/48: $6\last_dout[47:40]
    34/48: $10\last_nrate[39:32]
    35/48: $9\last_nrate[39:32]
    36/48: $5\last_dout[39:32]
    37/48: $8\last_nrate[31:24]
    38/48: $7\last_nrate[31:24]
    39/48: $4\last_dout[31:24]
    40/48: $6\last_nrate[23:16]
    41/48: $5\last_nrate[23:16]
    42/48: $3\last_dout[23:16]
    43/48: $4\last_nrate[15:8]
    44/48: $3\last_nrate[15:8]
    45/48: $2\last_dout[15:8]
    46/48: $2\last_nrate[7:0]
    47/48: $1\last_nrate[7:0]
    48/48: $1\last_dout[7:0]
Creating decoders for process `\ascon_core_adpt_encdec.$proc$/foss/designs/ascon_run_deffile/ascon_core_adpt_encdec.v:77$71'.
     1/32: $32\ad_pad[127:120]
     2/32: $31\ad_pad[127:120]
     3/32: $30\ad_pad[119:112]
     4/32: $29\ad_pad[119:112]
     5/32: $28\ad_pad[111:104]
     6/32: $27\ad_pad[111:104]
     7/32: $26\ad_pad[103:96]
     8/32: $25\ad_pad[103:96]
     9/32: $24\ad_pad[95:88]
    10/32: $23\ad_pad[95:88]
    11/32: $22\ad_pad[87:80]
    12/32: $21\ad_pad[87:80]
    13/32: $20\ad_pad[79:72]
    14/32: $19\ad_pad[79:72]
    15/32: $18\ad_pad[71:64]
    16/32: $17\ad_pad[71:64]
    17/32: $16\ad_pad[63:56]
    18/32: $15\ad_pad[63:56]
    19/32: $14\ad_pad[55:48]
    20/32: $13\ad_pad[55:48]
    21/32: $12\ad_pad[47:40]
    22/32: $11\ad_pad[47:40]
    23/32: $10\ad_pad[39:32]
    24/32: $9\ad_pad[39:32]
    25/32: $8\ad_pad[31:24]
    26/32: $7\ad_pad[31:24]
    27/32: $6\ad_pad[23:16]
    28/32: $5\ad_pad[23:16]
    29/32: $4\ad_pad[15:8]
    30/32: $3\ad_pad[15:8]
    31/32: $2\ad_pad[7:0]
    32/32: $1\ad_pad[7:0]
Creating decoders for process `\ascon_core_adpt_encdec.$proc$/foss/designs/ascon_run_deffile/ascon_core_adpt_encdec.v:65$70'.
     1/1: $1\rcon[7:0]
Creating decoders for process `\axi_ascon.$proc$/foss/designs/ascon_run_deffile/axi_ascon.v:110$41'.
     1/47: $0\S_AXI_ARREADY[0:0]
     2/47: $0\S_AXI_WREADY[0:0]
     3/47: $0\S_AXI_AWREADY[0:0]
     4/47: $0\start_pulse[0:0]
     5/47: $0\wdata_q[31:0]
     6/47: $0\araddr_q[6:0]
     7/47: $0\awaddr_q[6:0]
     8/47: $0\ar_hs[0:0]
     9/47: $0\w_hs[0:0]
    10/47: $0\aw_hs[0:0]
    11/47: $0\tagr3[31:0]
    12/47: $0\tagr2[31:0]
    13/47: $0\tagr1[31:0]
    14/47: $0\tagr0[31:0]
    15/47: $0\dout_l[0:0]
    16/47: $0\dout_b[4:0]
    17/47: $0\dout_sh[127:0]
    18/47: $0\authok_q[0:0]
    19/47: $0\done_sticky[0:0]
    20/47: $0\dout_pending[0:0]
    21/47: $0\blk_pending[0:0]
    22/47: $0\blk_bytes[4:0]
    23/47: $0\blk_last[0:0]
    24/47: $0\blk_sel[0:0]
    25/47: $0\adempty_q[0:0]
    26/47: $0\dec_q[0:0]
    27/47: $0\blk3[31:0]
    28/47: $0\blk2[31:0]
    29/47: $0\blk1[31:0]
    30/47: $0\blk0[31:0]
    31/47: $0\tagw3[31:0]
    32/47: $0\tagw2[31:0]
    33/47: $0\tagw1[31:0]
    34/47: $0\tagw0[31:0]
    35/47: $0\non3[31:0]
    36/47: $0\non2[31:0]
    37/47: $0\non1[31:0]
    38/47: $0\non0[31:0]
    39/47: $0\key3[31:0]
    40/47: $0\key2[31:0]
    41/47: $0\key1[31:0]
    42/47: $0\key0[31:0]
    43/47: $0\S_AXI_RVALID[0:0]
    44/47: $0\S_AXI_RDATA[31:0]
    45/47: $0\S_AXI_BVALID[0:0]
    46/47: $0\S_AXI_RRESP[1:0]
    47/47: $0\S_AXI_BRESP[1:0]
Creating decoders for process `\reset_sync.$proc$/foss/designs/ascon_run_deffile/reset_sync.v:15$32'.
     1/2: $0\s[0:0]
     2/2: $0\m[0:0]
Creating decoders for process `\axi_master.$proc$/foss/designs/ascon_run_deffile/axi_master.v:61$27'.
     1/14: $0\cmd_done[0:0]
     2/14: $0\st[2:0]
     3/14: $0\m_rready[0:0]
     4/14: $0\m_arvalid[0:0]
     5/14: $0\m_arprot[2:0]
     6/14: $0\m_araddr[6:0]
     7/14: $0\m_bready[0:0]
     8/14: $0\m_wvalid[0:0]
     9/14: $0\m_wstrb[3:0]
    10/14: $0\m_wdata[31:0]
    11/14: $0\m_awvalid[0:0]
    12/14: $0\m_awprot[2:0]
    13/14: $0\m_awaddr[6:0]
    14/14: $0\cmd_rdata[31:0]
Creating decoders for process `\spi_slave.$proc$/foss/designs/ascon_run_deffile/spi_slave.v:124$23'.
     1/6: $0\cmd_wdata_q[31:0]
     2/6: $0\cmd_addr_q[6:0]
     3/6: $0\cmd_write[0:0]
     4/6: $0\cmd_valid[0:0]
     5/6: $0\cst[1:0]
     6/6: $0\rd_data_clk[31:0]
Creating decoders for process `\spi_slave.$proc$/foss/designs/ascon_run_deffile/spi_slave.v:105$19'.
     1/6: $0\w2[0:0]
     2/6: $0\w1[0:0]
     3/6: $0\w0[0:0]
     4/6: $0\r2[0:0]
     5/6: $0\r1[0:0]
     6/6: $0\r0[0:0]
Creating decoders for process `\spi_slave.$proc$/foss/designs/ascon_run_deffile/spi_slave.v:82$14'.
     1/3: $0\miso[0:0]
     2/3: $0\txcnt[5:0]
     3/3: $0\miso_sr[31:0]
Creating decoders for process `\spi_slave.$proc$/foss/designs/ascon_run_deffile/spi_slave.v:55$4'.
     1/7: $0\bitcnt[5:0]
     2/7: $0\rx_sr[39:0]
     3/7: $0\rreq_tgl[0:0]
     4/7: $0\wreq_tgl[0:0]
     5/7: $0\rd_addr_s[6:0]
     6/7: $0\is_read[0:0]
     7/7: $0\frame_hold[39:0]

21. Executing PROC_DLATCH pass (convert process syncs to latches).
No latch inferred for signal `\ascon_core_adpt_encdec.\last_dout' from process `\ascon_core_adpt_encdec.$proc$/foss/designs/ascon_run_deffile/ascon_core_adpt_encdec.v:98$112'.
No latch inferred for signal `\ascon_core_adpt_encdec.\last_nrate' from process `\ascon_core_adpt_encdec.$proc$/foss/designs/ascon_run_deffile/ascon_core_adpt_encdec.v:98$112'.
No latch inferred for signal `\ascon_core_adpt_encdec.\di' from process `\ascon_core_adpt_encdec.$proc$/foss/designs/ascon_run_deffile/ascon_core_adpt_encdec.v:98$112'.
No latch inferred for signal `\ascon_core_adpt_encdec.\ad_pad' from process `\ascon_core_adpt_encdec.$proc$/foss/designs/ascon_run_deffile/ascon_core_adpt_encdec.v:77$71'.
No latch inferred for signal `\ascon_core_adpt_encdec.\ai' from process `\ascon_core_adpt_encdec.$proc$/foss/designs/ascon_run_deffile/ascon_core_adpt_encdec.v:77$71'.
No latch inferred for signal `\ascon_core_adpt_encdec.\rcon' from process `\ascon_core_adpt_encdec.$proc$/foss/designs/ascon_run_deffile/ascon_core_adpt_encdec.v:65$70'.

22. Executing PROC_DFF pass (convert process syncs to FFs).
Creating register for signal `\ascon_core_adpt_encdec.\B1' using process `\ascon_core_adpt_encdec.$proc$/foss/designs/ascon_run_deffile/ascon_core_adpt_encdec.v:123$225'.
  created $adff cell `$procdff$1682' with positive edge clock and positive level reset.
Creating register for signal `\ascon_core_adpt_encdec.\B2' using process `\ascon_core_adpt_encdec.$proc$/foss/designs/ascon_run_deffile/ascon_core_adpt_encdec.v:123$225'.
  created $adff cell `$procdff$1687' with positive edge clock and positive level reset.
Creating register for signal `\ascon_core_adpt_encdec.\B3' using process `\ascon_core_adpt_encdec.$proc$/foss/designs/ascon_run_deffile/ascon_core_adpt_encdec.v:123$225'.
  created $adff cell `$procdff$1692' with positive edge clock and positive level reset.
Creating register for signal `\ascon_core_adpt_encdec.\B4' using process `\ascon_core_adpt_encdec.$proc$/foss/designs/ascon_run_deffile/ascon_core_adpt_encdec.v:123$225'.
  created $adff cell `$procdff$1697' with positive edge clock and positive level reset.
Creating register for signal `\ascon_core_adpt_encdec.\S1' using process `\ascon_core_adpt_encdec.$proc$/foss/designs/ascon_run_deffile/ascon_core_adpt_encdec.v:123$225'.
  created $adff cell `$procdff$1702' with positive edge clock and positive level reset.
Creating register for signal `\ascon_core_adpt_encdec.\S2' using process `\ascon_core_adpt_encdec.$proc$/foss/designs/ascon_run_deffile/ascon_core_adpt_encdec.v:123$225'.
  created $adff cell `$procdff$1707' with positive edge clock and positive level reset.
Creating register for signal `\ascon_core_adpt_encdec.\S3' using process `\ascon_core_adpt_encdec.$proc$/foss/designs/ascon_run_deffile/ascon_core_adpt_encdec.v:123$225'.
  created $adff cell `$procdff$1712' with positive edge clock and positive level reset.
Creating register for signal `\ascon_core_adpt_encdec.\S4' using process `\ascon_core_adpt_encdec.$proc$/foss/designs/ascon_run_deffile/ascon_core_adpt_encdec.v:123$225'.
  created $adff cell `$procdff$1717' with positive edge clock and positive level reset.
Creating register for signal `\ascon_core_adpt_encdec.\S0' using process `\ascon_core_adpt_encdec.$proc$/foss/designs/ascon_run_deffile/ascon_core_adpt_encdec.v:123$225'.
  created $adff cell `$procdff$1722' with positive edge clock and positive level reset.
Creating register for signal `\ascon_core_adpt_encdec.\st' using process `\ascon_core_adpt_encdec.$proc$/foss/designs/ascon_run_deffile/ascon_core_adpt_encdec.v:123$225'.
  created $adff cell `$procdff$1727' with positive edge clock and positive level reset.
Creating register for signal `\ascon_core_adpt_encdec.\dout_valid' using process `\ascon_core_adpt_encdec.$proc$/foss/designs/ascon_run_deffile/ascon_core_adpt_encdec.v:123$225'.
  created $adff cell `$procdff$1732' with positive edge clock and positive level reset.
Creating register for signal `\ascon_core_adpt_encdec.\dout_last' using process `\ascon_core_adpt_encdec.$proc$/foss/designs/ascon_run_deffile/ascon_core_adpt_encdec.v:123$225'.
  created $adff cell `$procdff$1737' with positive edge clock and positive level reset.
Creating register for signal `\ascon_core_adpt_encdec.\dout_data' using process `\ascon_core_adpt_encdec.$proc$/foss/designs/ascon_run_deffile/ascon_core_adpt_encdec.v:123$225'.
  created $adff cell `$procdff$1742' with positive edge clock and positive level reset.
Creating register for signal `\ascon_core_adpt_encdec.\dout_bytes' using process `\ascon_core_adpt_encdec.$proc$/foss/designs/ascon_run_deffile/ascon_core_adpt_encdec.v:123$225'.
  created $adff cell `$procdff$1747' with positive edge clock and positive level reset.
Creating register for signal `\ascon_core_adpt_encdec.\busy' using process `\ascon_core_adpt_encdec.$proc$/foss/designs/ascon_run_deffile/ascon_core_adpt_encdec.v:123$225'.
  created $adff cell `$procdff$1752' with positive edge clock and positive level reset.
Creating register for signal `\ascon_core_adpt_encdec.\done' using process `\ascon_core_adpt_encdec.$proc$/foss/designs/ascon_run_deffile/ascon_core_adpt_encdec.v:123$225'.
  created $adff cell `$procdff$1757' with positive edge clock and positive level reset.
Creating register for signal `\ascon_core_adpt_encdec.\auth_ok' using process `\ascon_core_adpt_encdec.$proc$/foss/designs/ascon_run_deffile/ascon_core_adpt_encdec.v:123$225'.
  created $adff cell `$procdff$1762' with positive edge clock and positive level reset.
Creating register for signal `\ascon_core_adpt_encdec.\t0_out' using process `\ascon_core_adpt_encdec.$proc$/foss/designs/ascon_run_deffile/ascon_core_adpt_encdec.v:123$225'.
  created $adff cell `$procdff$1767' with positive edge clock and positive level reset.
Creating register for signal `\ascon_core_adpt_encdec.\t1_out' using process `\ascon_core_adpt_encdec.$proc$/foss/designs/ascon_run_deffile/ascon_core_adpt_encdec.v:123$225'.
  created $adff cell `$procdff$1772' with positive edge clock and positive level reset.
Creating register for signal `\ascon_core_adpt_encdec.\ret_st' using process `\ascon_core_adpt_encdec.$proc$/foss/designs/ascon_run_deffile/ascon_core_adpt_encdec.v:123$225'.
  created $adff cell `$procdff$1777' with positive edge clock and positive level reset.
Creating register for signal `\ascon_core_adpt_encdec.\ci' using process `\ascon_core_adpt_encdec.$proc$/foss/designs/ascon_run_deffile/ascon_core_adpt_encdec.v:123$225'.
  created $adff cell `$procdff$1782' with positive edge clock and positive level reset.
Creating register for signal `\ascon_core_adpt_encdec.\B0' using process `\ascon_core_adpt_encdec.$proc$/foss/designs/ascon_run_deffile/ascon_core_adpt_encdec.v:123$225'.
  created $adff cell `$procdff$1787' with positive edge clock and positive level reset.
Creating register for signal `\ascon_core_adpt_encdec.\ph' using process `\ascon_core_adpt_encdec.$proc$/foss/designs/ascon_run_deffile/ascon_core_adpt_encdec.v:123$225'.
  created $adff cell `$procdff$1792' with positive edge clock and positive level reset.
Creating register for signal `\ascon_core_adpt_encdec.\last_nrate_q' using process `\ascon_core_adpt_encdec.$proc$/foss/designs/ascon_run_deffile/ascon_core_adpt_encdec.v:123$225'.
  created $adff cell `$procdff$1797' with positive edge clock and positive level reset.
Creating register for signal `\ascon_core_adpt_encdec.\last_dout_q' using process `\ascon_core_adpt_encdec.$proc$/foss/designs/ascon_run_deffile/ascon_core_adpt_encdec.v:123$225'.
  created $adff cell `$procdff$1802' with positive edge clock and positive level reset.
Creating register for signal `\ascon_core_adpt_encdec.\full_dout_q' using process `\ascon_core_adpt_encdec.$proc$/foss/designs/ascon_run_deffile/ascon_core_adpt_encdec.v:123$225'.
  created $adff cell `$procdff$1807' with positive edge clock and positive level reset.
Creating register for signal `\ascon_core_adpt_encdec.\full_nS0_q' using process `\ascon_core_adpt_encdec.$proc$/foss/designs/ascon_run_deffile/ascon_core_adpt_encdec.v:123$225'.
  created $adff cell `$procdff$1812' with positive edge clock and positive level reset.
Creating register for signal `\ascon_core_adpt_encdec.\full_nS1_q' using process `\ascon_core_adpt_encdec.$proc$/foss/designs/ascon_run_deffile/ascon_core_adpt_encdec.v:123$225'.
  created $adff cell `$procdff$1817' with positive edge clock and positive level reset.
Creating register for signal `\ascon_core_adpt_encdec.\din_last_q' using process `\ascon_core_adpt_encdec.$proc$/foss/designs/ascon_run_deffile/ascon_core_adpt_encdec.v:123$225'.
  created $adff cell `$procdff$1822' with positive edge clock and positive level reset.
Creating register for signal `\ascon_core_adpt_encdec.\din_bytes_q' using process `\ascon_core_adpt_encdec.$proc$/foss/designs/ascon_run_deffile/ascon_core_adpt_encdec.v:123$225'.
  created $adff cell `$procdff$1827' with positive edge clock and positive level reset.
Creating register for signal `\axi_ascon.\S_AXI_BRESP' using process `\axi_ascon.$proc$/foss/designs/ascon_run_deffile/axi_ascon.v:110$41'.
  created $adff cell `$procdff$1832' with positive edge clock and positive level reset.
Creating register for signal `\axi_ascon.\S_AXI_RRESP' using process `\axi_ascon.$proc$/foss/designs/ascon_run_deffile/axi_ascon.v:110$41'.
  created $adff cell `$procdff$1837' with positive edge clock and positive level reset.
Creating register for signal `\axi_ascon.\S_AXI_AWREADY' using process `\axi_ascon.$proc$/foss/designs/ascon_run_deffile/axi_ascon.v:110$41'.
  created $adff cell `$procdff$1842' with positive edge clock and positive level reset.
Creating register for signal `\axi_ascon.\S_AXI_WREADY' using process `\axi_ascon.$proc$/foss/designs/ascon_run_deffile/axi_ascon.v:110$41'.
  created $adff cell `$procdff$1847' with positive edge clock and positive level reset.
Creating register for signal `\axi_ascon.\S_AXI_BVALID' using process `\axi_ascon.$proc$/foss/designs/ascon_run_deffile/axi_ascon.v:110$41'.
  created $adff cell `$procdff$1852' with positive edge clock and positive level reset.
Creating register for signal `\axi_ascon.\S_AXI_ARREADY' using process `\axi_ascon.$proc$/foss/designs/ascon_run_deffile/axi_ascon.v:110$41'.
  created $adff cell `$procdff$1857' with positive edge clock and positive level reset.
Creating register for signal `\axi_ascon.\S_AXI_RDATA' using process `\axi_ascon.$proc$/foss/designs/ascon_run_deffile/axi_ascon.v:110$41'.
  created $adff cell `$procdff$1862' with positive edge clock and positive level reset.
Creating register for signal `\axi_ascon.\S_AXI_RVALID' using process `\axi_ascon.$proc$/foss/designs/ascon_run_deffile/axi_ascon.v:110$41'.
  created $adff cell `$procdff$1867' with positive edge clock and positive level reset.
Creating register for signal `\axi_ascon.\key0' using process `\axi_ascon.$proc$/foss/designs/ascon_run_deffile/axi_ascon.v:110$41'.
  created $adff cell `$procdff$1872' with positive edge clock and positive level reset.
Creating register for signal `\axi_ascon.\key1' using process `\axi_ascon.$proc$/foss/designs/ascon_run_deffile/axi_ascon.v:110$41'.
  created $adff cell `$procdff$1877' with positive edge clock and positive level reset.
Creating register for signal `\axi_ascon.\key2' using process `\axi_ascon.$proc$/foss/designs/ascon_run_deffile/axi_ascon.v:110$41'.
  created $adff cell `$procdff$1882' with positive edge clock and positive level reset.
Creating register for signal `\axi_ascon.\key3' using process `\axi_ascon.$proc$/foss/designs/ascon_run_deffile/axi_ascon.v:110$41'.
  created $adff cell `$procdff$1887' with positive edge clock and positive level reset.
Creating register for signal `\axi_ascon.\non0' using process `\axi_ascon.$proc$/foss/designs/ascon_run_deffile/axi_ascon.v:110$41'.
  created $adff cell `$procdff$1892' with positive edge clock and positive level reset.
Creating register for signal `\axi_ascon.\non1' using process `\axi_ascon.$proc$/foss/designs/ascon_run_deffile/axi_ascon.v:110$41'.
  created $adff cell `$procdff$1897' with positive edge clock and positive level reset.
Creating register for signal `\axi_ascon.\non2' using process `\axi_ascon.$proc$/foss/designs/ascon_run_deffile/axi_ascon.v:110$41'.
  created $adff cell `$procdff$1902' with positive edge clock and positive level reset.
Creating register for signal `\axi_ascon.\non3' using process `\axi_ascon.$proc$/foss/designs/ascon_run_deffile/axi_ascon.v:110$41'.
  created $adff cell `$procdff$1907' with positive edge clock and positive level reset.
Creating register for signal `\axi_ascon.\tagw0' using process `\axi_ascon.$proc$/foss/designs/ascon_run_deffile/axi_ascon.v:110$41'.
  created $adff cell `$procdff$1912' with positive edge clock and positive level reset.
Creating register for signal `\axi_ascon.\tagw1' using process `\axi_ascon.$proc$/foss/designs/ascon_run_deffile/axi_ascon.v:110$41'.
  created $adff cell `$procdff$1917' with positive edge clock and positive level reset.
Creating register for signal `\axi_ascon.\tagw2' using process `\axi_ascon.$proc$/foss/designs/ascon_run_deffile/axi_ascon.v:110$41'.
  created $adff cell `$procdff$1922' with positive edge clock and positive level reset.
Creating register for signal `\axi_ascon.\tagw3' using process `\axi_ascon.$proc$/foss/designs/ascon_run_deffile/axi_ascon.v:110$41'.
  created $adff cell `$procdff$1927' with positive edge clock and positive level reset.
Creating register for signal `\axi_ascon.\blk0' using process `\axi_ascon.$proc$/foss/designs/ascon_run_deffile/axi_ascon.v:110$41'.
  created $adff cell `$procdff$1932' with positive edge clock and positive level reset.
Creating register for signal `\axi_ascon.\blk1' using process `\axi_ascon.$proc$/foss/designs/ascon_run_deffile/axi_ascon.v:110$41'.
  created $adff cell `$procdff$1937' with positive edge clock and positive level reset.
Creating register for signal `\axi_ascon.\blk2' using process `\axi_ascon.$proc$/foss/designs/ascon_run_deffile/axi_ascon.v:110$41'.
  created $adff cell `$procdff$1942' with positive edge clock and positive level reset.
Creating register for signal `\axi_ascon.\blk3' using process `\axi_ascon.$proc$/foss/designs/ascon_run_deffile/axi_ascon.v:110$41'.
  created $adff cell `$procdff$1947' with positive edge clock and positive level reset.
Creating register for signal `\axi_ascon.\dec_q' using process `\axi_ascon.$proc$/foss/designs/ascon_run_deffile/axi_ascon.v:110$41'.
  created $adff cell `$procdff$1952' with positive edge clock and positive level reset.
Creating register for signal `\axi_ascon.\adempty_q' using process `\axi_ascon.$proc$/foss/designs/ascon_run_deffile/axi_ascon.v:110$41'.
  created $adff cell `$procdff$1957' with positive edge clock and positive level reset.
Creating register for signal `\axi_ascon.\blk_sel' using process `\axi_ascon.$proc$/foss/designs/ascon_run_deffile/axi_ascon.v:110$41'.
  created $adff cell `$procdff$1962' with positive edge clock and positive level reset.
Creating register for signal `\axi_ascon.\blk_last' using process `\axi_ascon.$proc$/foss/designs/ascon_run_deffile/axi_ascon.v:110$41'.
  created $adff cell `$procdff$1967' with positive edge clock and positive level reset.
Creating register for signal `\axi_ascon.\blk_bytes' using process `\axi_ascon.$proc$/foss/designs/ascon_run_deffile/axi_ascon.v:110$41'.
  created $adff cell `$procdff$1972' with positive edge clock and positive level reset.
Creating register for signal `\axi_ascon.\start_pulse' using process `\axi_ascon.$proc$/foss/designs/ascon_run_deffile/axi_ascon.v:110$41'.
  created $adff cell `$procdff$1977' with positive edge clock and positive level reset.
Creating register for signal `\axi_ascon.\blk_pending' using process `\axi_ascon.$proc$/foss/designs/ascon_run_deffile/axi_ascon.v:110$41'.
  created $adff cell `$procdff$1982' with positive edge clock and positive level reset.
Creating register for signal `\axi_ascon.\dout_pending' using process `\axi_ascon.$proc$/foss/designs/ascon_run_deffile/axi_ascon.v:110$41'.
  created $adff cell `$procdff$1987' with positive edge clock and positive level reset.
Creating register for signal `\axi_ascon.\done_sticky' using process `\axi_ascon.$proc$/foss/designs/ascon_run_deffile/axi_ascon.v:110$41'.
  created $adff cell `$procdff$1992' with positive edge clock and positive level reset.
Creating register for signal `\axi_ascon.\authok_q' using process `\axi_ascon.$proc$/foss/designs/ascon_run_deffile/axi_ascon.v:110$41'.
  created $adff cell `$procdff$1997' with positive edge clock and positive level reset.
Creating register for signal `\axi_ascon.\dout_sh' using process `\axi_ascon.$proc$/foss/designs/ascon_run_deffile/axi_ascon.v:110$41'.
  created $adff cell `$procdff$2002' with positive edge clock and positive level reset.
Creating register for signal `\axi_ascon.\dout_b' using process `\axi_ascon.$proc$/foss/designs/ascon_run_deffile/axi_ascon.v:110$41'.
  created $adff cell `$procdff$2007' with positive edge clock and positive level reset.
Creating register for signal `\axi_ascon.\dout_l' using process `\axi_ascon.$proc$/foss/designs/ascon_run_deffile/axi_ascon.v:110$41'.
  created $adff cell `$procdff$2012' with positive edge clock and positive level reset.
Creating register for signal `\axi_ascon.\tagr0' using process `\axi_ascon.$proc$/foss/designs/ascon_run_deffile/axi_ascon.v:110$41'.
  created $adff cell `$procdff$2017' with positive edge clock and positive level reset.
Creating register for signal `\axi_ascon.\tagr1' using process `\axi_ascon.$proc$/foss/designs/ascon_run_deffile/axi_ascon.v:110$41'.
  created $adff cell `$procdff$2022' with positive edge clock and positive level reset.
Creating register for signal `\axi_ascon.\tagr2' using process `\axi_ascon.$proc$/foss/designs/ascon_run_deffile/axi_ascon.v:110$41'.
  created $adff cell `$procdff$2027' with positive edge clock and positive level reset.
Creating register for signal `\axi_ascon.\tagr3' using process `\axi_ascon.$proc$/foss/designs/ascon_run_deffile/axi_ascon.v:110$41'.
  created $adff cell `$procdff$2032' with positive edge clock and positive level reset.
Creating register for signal `\axi_ascon.\aw_hs' using process `\axi_ascon.$proc$/foss/designs/ascon_run_deffile/axi_ascon.v:110$41'.
  created $adff cell `$procdff$2037' with positive edge clock and positive level reset.
Creating register for signal `\axi_ascon.\w_hs' using process `\axi_ascon.$proc$/foss/designs/ascon_run_deffile/axi_ascon.v:110$41'.
  created $adff cell `$procdff$2042' with positive edge clock and positive level reset.
Creating register for signal `\axi_ascon.\ar_hs' using process `\axi_ascon.$proc$/foss/designs/ascon_run_deffile/axi_ascon.v:110$41'.
  created $adff cell `$procdff$2047' with positive edge clock and positive level reset.
Creating register for signal `\axi_ascon.\awaddr_q' using process `\axi_ascon.$proc$/foss/designs/ascon_run_deffile/axi_ascon.v:110$41'.
  created $adff cell `$procdff$2052' with positive edge clock and positive level reset.
Creating register for signal `\axi_ascon.\araddr_q' using process `\axi_ascon.$proc$/foss/designs/ascon_run_deffile/axi_ascon.v:110$41'.
  created $adff cell `$procdff$2057' with positive edge clock and positive level reset.
Creating register for signal `\axi_ascon.\wdata_q' using process `\axi_ascon.$proc$/foss/designs/ascon_run_deffile/axi_ascon.v:110$41'.
  created $adff cell `$procdff$2062' with positive edge clock and positive level reset.
Creating register for signal `\reset_sync.\m' using process `\reset_sync.$proc$/foss/designs/ascon_run_deffile/reset_sync.v:15$32'.
  created $adff cell `$procdff$2067' with positive edge clock and positive level reset.
Creating register for signal `\reset_sync.\s' using process `\reset_sync.$proc$/foss/designs/ascon_run_deffile/reset_sync.v:15$32'.
  created $adff cell `$procdff$2072' with positive edge clock and positive level reset.
Creating register for signal `\axi_master.\cmd_done' using process `\axi_master.$proc$/foss/designs/ascon_run_deffile/axi_master.v:61$27'.
  created $adff cell `$procdff$2077' with positive edge clock and positive level reset.
Creating register for signal `\axi_master.\cmd_rdata' using process `\axi_master.$proc$/foss/designs/ascon_run_deffile/axi_master.v:61$27'.
  created $adff cell `$procdff$2082' with positive edge clock and positive level reset.
Creating register for signal `\axi_master.\m_awaddr' using process `\axi_master.$proc$/foss/designs/ascon_run_deffile/axi_master.v:61$27'.
  created $adff cell `$procdff$2087' with positive edge clock and positive level reset.
Creating register for signal `\axi_master.\m_awprot' using process `\axi_master.$proc$/foss/designs/ascon_run_deffile/axi_master.v:61$27'.
  created $adff cell `$procdff$2092' with positive edge clock and positive level reset.
Creating register for signal `\axi_master.\m_awvalid' using process `\axi_master.$proc$/foss/designs/ascon_run_deffile/axi_master.v:61$27'.
  created $adff cell `$procdff$2097' with positive edge clock and positive level reset.
Creating register for signal `\axi_master.\m_wdata' using process `\axi_master.$proc$/foss/designs/ascon_run_deffile/axi_master.v:61$27'.
  created $adff cell `$procdff$2102' with positive edge clock and positive level reset.
Creating register for signal `\axi_master.\m_wstrb' using process `\axi_master.$proc$/foss/designs/ascon_run_deffile/axi_master.v:61$27'.
  created $adff cell `$procdff$2107' with positive edge clock and positive level reset.
Creating register for signal `\axi_master.\m_wvalid' using process `\axi_master.$proc$/foss/designs/ascon_run_deffile/axi_master.v:61$27'.
  created $adff cell `$procdff$2112' with positive edge clock and positive level reset.
Creating register for signal `\axi_master.\m_bready' using process `\axi_master.$proc$/foss/designs/ascon_run_deffile/axi_master.v:61$27'.
  created $adff cell `$procdff$2117' with positive edge clock and positive level reset.
Creating register for signal `\axi_master.\m_araddr' using process `\axi_master.$proc$/foss/designs/ascon_run_deffile/axi_master.v:61$27'.
  created $adff cell `$procdff$2122' with positive edge clock and positive level reset.
Creating register for signal `\axi_master.\m_arprot' using process `\axi_master.$proc$/foss/designs/ascon_run_deffile/axi_master.v:61$27'.
  created $adff cell `$procdff$2127' with positive edge clock and positive level reset.
Creating register for signal `\axi_master.\m_arvalid' using process `\axi_master.$proc$/foss/designs/ascon_run_deffile/axi_master.v:61$27'.
  created $adff cell `$procdff$2132' with positive edge clock and positive level reset.
Creating register for signal `\axi_master.\m_rready' using process `\axi_master.$proc$/foss/designs/ascon_run_deffile/axi_master.v:61$27'.
  created $adff cell `$procdff$2137' with positive edge clock and positive level reset.
Creating register for signal `\axi_master.\st' using process `\axi_master.$proc$/foss/designs/ascon_run_deffile/axi_master.v:61$27'.
  created $adff cell `$procdff$2142' with positive edge clock and positive level reset.
Creating register for signal `\spi_slave.\rd_data_clk' using process `\spi_slave.$proc$/foss/designs/ascon_run_deffile/spi_slave.v:124$23'.
  created $adff cell `$procdff$2147' with positive edge clock and positive level reset.
Creating register for signal `\spi_slave.\cst' using process `\spi_slave.$proc$/foss/designs/ascon_run_deffile/spi_slave.v:124$23'.
  created $adff cell `$procdff$2152' with positive edge clock and positive level reset.
Creating register for signal `\spi_slave.\cmd_valid' using process `\spi_slave.$proc$/foss/designs/ascon_run_deffile/spi_slave.v:124$23'.
  created $adff cell `$procdff$2157' with positive edge clock and positive level reset.
Creating register for signal `\spi_slave.\cmd_write' using process `\spi_slave.$proc$/foss/designs/ascon_run_deffile/spi_slave.v:124$23'.
  created $adff cell `$procdff$2162' with positive edge clock and positive level reset.
Creating register for signal `\spi_slave.\cmd_addr_q' using process `\spi_slave.$proc$/foss/designs/ascon_run_deffile/spi_slave.v:124$23'.
  created $adff cell `$procdff$2167' with positive edge clock and positive level reset.
Creating register for signal `\spi_slave.\cmd_wdata_q' using process `\spi_slave.$proc$/foss/designs/ascon_run_deffile/spi_slave.v:124$23'.
  created $adff cell `$procdff$2172' with positive edge clock and positive level reset.
Creating register for signal `\spi_slave.\r0' using process `\spi_slave.$proc$/foss/designs/ascon_run_deffile/spi_slave.v:105$19'.
  created $adff cell `$procdff$2177' with positive edge clock and positive level reset.
Creating register for signal `\spi_slave.\r1' using process `\spi_slave.$proc$/foss/designs/ascon_run_deffile/spi_slave.v:105$19'.
  created $adff cell `$procdff$2182' with positive edge clock and positive level reset.
Creating register for signal `\spi_slave.\r2' using process `\spi_slave.$proc$/foss/designs/ascon_run_deffile/spi_slave.v:105$19'.
  created $adff cell `$procdff$2187' with positive edge clock and positive level reset.
Creating register for signal `\spi_slave.\w0' using process `\spi_slave.$proc$/foss/designs/ascon_run_deffile/spi_slave.v:105$19'.
  created $adff cell `$procdff$2192' with positive edge clock and positive level reset.
Creating register for signal `\spi_slave.\w1' using process `\spi_slave.$proc$/foss/designs/ascon_run_deffile/spi_slave.v:105$19'.
  created $adff cell `$procdff$2197' with positive edge clock and positive level reset.
Creating register for signal `\spi_slave.\w2' using process `\spi_slave.$proc$/foss/designs/ascon_run_deffile/spi_slave.v:105$19'.
  created $adff cell `$procdff$2202' with positive edge clock and positive level reset.
Creating register for signal `\spi_slave.\miso' using process `\spi_slave.$proc$/foss/designs/ascon_run_deffile/spi_slave.v:82$14'.
  created $adff cell `$procdff$2207' with positive edge clock and positive level reset.
Creating register for signal `\spi_slave.\txcnt' using process `\spi_slave.$proc$/foss/designs/ascon_run_deffile/spi_slave.v:82$14'.
  created $adff cell `$procdff$2212' with positive edge clock and positive level reset.
Creating register for signal `\spi_slave.\miso_sr' using process `\spi_slave.$proc$/foss/designs/ascon_run_deffile/spi_slave.v:82$14'.
  created $adff cell `$procdff$2217' with positive edge clock and positive level reset.
Creating register for signal `\spi_slave.\rx_sr' using process `\spi_slave.$proc$/foss/designs/ascon_run_deffile/spi_slave.v:55$4'.
  created $adff cell `$procdff$2222' with negative edge clock and positive level reset.
Creating register for signal `\spi_slave.\bitcnt' using process `\spi_slave.$proc$/foss/designs/ascon_run_deffile/spi_slave.v:55$4'.
  created $adff cell `$procdff$2227' with negative edge clock and positive level reset.
Creating register for signal `\spi_slave.\frame_hold' using process `\spi_slave.$proc$/foss/designs/ascon_run_deffile/spi_slave.v:55$4'.
  created $adff cell `$procdff$2232' with negative edge clock and positive level reset.
Creating register for signal `\spi_slave.\is_read' using process `\spi_slave.$proc$/foss/designs/ascon_run_deffile/spi_slave.v:55$4'.
  created $adff cell `$procdff$2237' with negative edge clock and positive level reset.
Creating register for signal `\spi_slave.\rd_addr_s' using process `\spi_slave.$proc$/foss/designs/ascon_run_deffile/spi_slave.v:55$4'.
  created $adff cell `$procdff$2242' with negative edge clock and positive level reset.
Creating register for signal `\spi_slave.\wreq_tgl' using process `\spi_slave.$proc$/foss/designs/ascon_run_deffile/spi_slave.v:55$4'.
  created $adff cell `$procdff$2247' with negative edge clock and positive level reset.
Creating register for signal `\spi_slave.\rreq_tgl' using process `\spi_slave.$proc$/foss/designs/ascon_run_deffile/spi_slave.v:55$4'.
  created $adff cell `$procdff$2252' with negative edge clock and positive level reset.

23. Executing PROC_MEMWR pass (convert process memory writes to cells).

24. Executing PROC_CLEAN pass (remove empty switches from decision trees).
Found and cleaned up 8 empty switches in `\ascon_core_adpt_encdec.$proc$/foss/designs/ascon_run_deffile/ascon_core_adpt_encdec.v:123$225'.
Removing empty process `ascon_core_adpt_encdec.$proc$/foss/designs/ascon_run_deffile/ascon_core_adpt_encdec.v:123$225'.
Found and cleaned up 48 empty switches in `\ascon_core_adpt_encdec.$proc$/foss/designs/ascon_run_deffile/ascon_core_adpt_encdec.v:98$112'.
Removing empty process `ascon_core_adpt_encdec.$proc$/foss/designs/ascon_run_deffile/ascon_core_adpt_encdec.v:98$112'.
Found and cleaned up 32 empty switches in `\ascon_core_adpt_encdec.$proc$/foss/designs/ascon_run_deffile/ascon_core_adpt_encdec.v:77$71'.
Removing empty process `ascon_core_adpt_encdec.$proc$/foss/designs/ascon_run_deffile/ascon_core_adpt_encdec.v:77$71'.
Found and cleaned up 1 empty switch in `\ascon_core_adpt_encdec.$proc$/foss/designs/ascon_run_deffile/ascon_core_adpt_encdec.v:65$70'.
Removing empty process `ascon_core_adpt_encdec.$proc$/foss/designs/ascon_run_deffile/ascon_core_adpt_encdec.v:65$70'.
Found and cleaned up 17 empty switches in `\axi_ascon.$proc$/foss/designs/ascon_run_deffile/axi_ascon.v:110$41'.
Removing empty process `axi_ascon.$proc$/foss/designs/ascon_run_deffile/axi_ascon.v:110$41'.
Removing empty process `reset_sync.$proc$/foss/designs/ascon_run_deffile/reset_sync.v:15$32'.
Found and cleaned up 9 empty switches in `\axi_master.$proc$/foss/designs/ascon_run_deffile/axi_master.v:61$27'.
Removing empty process `axi_master.$proc$/foss/designs/ascon_run_deffile/axi_master.v:61$27'.
Found and cleaned up 6 empty switches in `\spi_slave.$proc$/foss/designs/ascon_run_deffile/spi_slave.v:124$23'.
Removing empty process `spi_slave.$proc$/foss/designs/ascon_run_deffile/spi_slave.v:124$23'.
Removing empty process `spi_slave.$proc$/foss/designs/ascon_run_deffile/spi_slave.v:105$19'.
Found and cleaned up 3 empty switches in `\spi_slave.$proc$/foss/designs/ascon_run_deffile/spi_slave.v:82$14'.
Removing empty process `spi_slave.$proc$/foss/designs/ascon_run_deffile/spi_slave.v:82$14'.
Found and cleaned up 5 empty switches in `\spi_slave.$proc$/foss/designs/ascon_run_deffile/spi_slave.v:55$4'.
Removing empty process `spi_slave.$proc$/foss/designs/ascon_run_deffile/spi_slave.v:55$4'.
Cleaned up 129 empty switches.

25. Executing CHECK pass (checking for obvious problems).
Checking module A10_A...
Checking module ascon_round_s2...
Checking module ascon_core_adpt_encdec...
Checking module axi_ascon...
Checking module reset_sync...
Checking module axi_master...
Checking module spi_slave...
Checking module ascon_round_s1...
Found and reported 0 problems.

26. Executing OPT_EXPR pass (perform const folding).
Optimizing module A10_A.
Optimizing module ascon_round_s2.
<suppressed ~20 debug messages>
Optimizing module ascon_core_adpt_encdec.
<suppressed ~103 debug messages>
Optimizing module axi_ascon.
<suppressed ~95 debug messages>
Optimizing module reset_sync.
<suppressed ~4 debug messages>
Optimizing module axi_master.
<suppressed ~41 debug messages>
Optimizing module spi_slave.
<suppressed ~62 debug messages>
Optimizing module ascon_round_s1.

27. Executing FLATTEN pass (flatten design).
Deleting now unused module ascon_round_s2.
Deleting now unused module ascon_core_adpt_encdec.
Deleting now unused module axi_ascon.
Deleting now unused module reset_sync.
Deleting now unused module axi_master.
Deleting now unused module spi_slave.
Deleting now unused module ascon_round_s1.
<suppressed ~8 debug messages>

28. Executing OPT_EXPR pass (perform const folding).
Optimizing module A10_A.

29. Executing OPT_CLEAN pass (remove unused cells and wires).
Finding unused cells or wires in module \A10_A..
Removed 165 unused cells and 915 unused wires.
<suppressed ~184 debug messages>

30. Executing OPT_EXPR pass (perform const folding).
Optimizing module A10_A.

31. Executing OPT_MERGE pass (detect identical cells).
Finding identical cells in module `\A10_A'.
Computing hashes of 862 cells of `\A10_A'.
Finding duplicate cells in `\A10_A'.
Computing hashes of 705 cells of `\A10_A'.
Finding duplicate cells in `\A10_A'.
<suppressed ~471 debug messages>
Removed a total of 157 cells.

32. Executing OPT_MUXTREE pass (detect dead branches in mux trees).
Running muxtree optimizer on module \A10_A..
  Creating internal representation of mux trees.
  Evaluating internal representation of mux trees.
  Analyzing evaluation results.
    dead port 1/2 on $mux $flatten\u_core.\u_master.\u_slave.\u_core.$procmux$980.
    dead port 1/2 on $mux $flatten\u_core.\u_master.\u_slave.\u_core.$procmux$971.
    dead port 1/2 on $mux $flatten\u_core.\u_master.\u_slave.\u_core.$procmux$962.
    dead port 1/2 on $mux $flatten\u_core.\u_master.\u_slave.\u_core.$procmux$953.
    dead port 1/2 on $mux $flatten\u_core.\u_master.\u_slave.\u_core.$procmux$944.
    dead port 1/2 on $mux $flatten\u_core.\u_master.\u_slave.\u_core.$procmux$935.
    dead port 1/2 on $mux $flatten\u_core.\u_master.\u_slave.\u_core.$procmux$926.
    dead port 1/2 on $mux $flatten\u_core.\u_master.\u_slave.\u_core.$procmux$917.
    dead port 1/2 on $mux $flatten\u_core.\u_master.\u_slave.\u_core.$procmux$908.
    dead port 1/2 on $mux $flatten\u_core.\u_master.\u_slave.\u_core.$procmux$899.
    dead port 1/2 on $mux $flatten\u_core.\u_master.\u_slave.\u_core.$procmux$890.
    dead port 1/2 on $mux $flatten\u_core.\u_master.\u_slave.\u_core.$procmux$881.
    dead port 1/2 on $mux $flatten\u_core.\u_master.\u_slave.\u_core.$procmux$872.
    dead port 1/2 on $mux $flatten\u_core.\u_master.\u_slave.\u_core.$procmux$863.
    dead port 1/2 on $mux $flatten\u_core.\u_master.\u_slave.\u_core.$procmux$854.
    dead port 1/2 on $mux $flatten\u_core.\u_master.\u_slave.\u_core.$procmux$845.
    dead port 1/2 on $mux $flatten\u_core.\u_master.\u_slave.\u_core.$procmux$833.
    dead port 1/2 on $mux $flatten\u_core.\u_master.\u_slave.\u_core.$procmux$821.
    dead port 1/2 on $mux $flatten\u_core.\u_master.\u_slave.\u_core.$procmux$809.
    dead port 1/2 on $mux $flatten\u_core.\u_master.\u_slave.\u_core.$procmux$797.
    dead port 1/2 on $mux $flatten\u_core.\u_master.\u_slave.\u_core.$procmux$785.
    dead port 1/2 on $mux $flatten\u_core.\u_master.\u_slave.\u_core.$procmux$773.
    dead port 1/2 on $mux $flatten\u_core.\u_master.\u_slave.\u_core.$procmux$761.
    dead port 1/2 on $mux $flatten\u_core.\u_master.\u_slave.\u_core.$procmux$749.
    dead port 1/2 on $mux $flatten\u_core.\u_master.\u_slave.\u_core.$procmux$737.
    dead port 1/2 on $mux $flatten\u_core.\u_master.\u_slave.\u_core.$procmux$725.
    dead port 1/2 on $mux $flatten\u_core.\u_master.\u_slave.\u_core.$procmux$713.
    dead port 1/2 on $mux $flatten\u_core.\u_master.\u_slave.\u_core.$procmux$701.
    dead port 1/2 on $mux $flatten\u_core.\u_master.\u_slave.\u_core.$procmux$689.
    dead port 1/2 on $mux $flatten\u_core.\u_master.\u_slave.\u_core.$procmux$677.
    dead port 1/2 on $mux $flatten\u_core.\u_master.\u_slave.\u_core.$procmux$665.
    dead port 1/2 on $mux $flatten\u_core.\u_master.\u_slave.\u_core.$procmux$653.
Removed 32 multiplexer ports.
<suppressed ~505 debug messages>

33. Executing OPT_REDUCE pass (consolidate $*mux and $reduce_* inputs).
  Optimizing cells in module \A10_A.
Performed a total of 0 changes.

34. Executing OPT_MERGE pass (detect identical cells).
Finding identical cells in module `\A10_A'.
Computing hashes of 673 cells of `\A10_A'.
Finding duplicate cells in `\A10_A'.
Computing hashes of 672 cells of `\A10_A'.
Finding duplicate cells in `\A10_A'.
Computing hashes of 671 cells of `\A10_A'.
Finding duplicate cells in `\A10_A'.
<suppressed ~6 debug messages>
Removed a total of 2 cells.

35. Executing OPT_DFF pass (perform DFF optimizations).

36. Executing OPT_CLEAN pass (remove unused cells and wires).
Finding unused cells or wires in module \A10_A..
Removed 0 unused cells and 191 unused wires.
<suppressed ~1 debug messages>

37. Executing OPT_EXPR pass (perform const folding).
Optimizing module A10_A.

38. Rerunning OPT passes. (Maybe there is more to do…)

39. Executing OPT_MUXTREE pass (detect dead branches in mux trees).
Running muxtree optimizer on module \A10_A..
  Creating internal representation of mux trees.
  Evaluating internal representation of mux trees.
  Analyzing evaluation results.
Removed 0 multiplexer ports.
<suppressed ~476 debug messages>

40. Executing OPT_REDUCE pass (consolidate $*mux and $reduce_* inputs).
  Optimizing cells in module \A10_A.
Performed a total of 0 changes.

41. Executing OPT_MERGE pass (detect identical cells).
Finding identical cells in module `\A10_A'.
Computing hashes of 671 cells of `\A10_A'.
Finding duplicate cells in `\A10_A'.
Removed a total of 0 cells.

42. Executing OPT_DFF pass (perform DFF optimizations).

43. Executing OPT_CLEAN pass (remove unused cells and wires).
Finding unused cells or wires in module \A10_A..

44. Executing OPT_EXPR pass (perform const folding).
Optimizing module A10_A.

45. Executing FSM pass (extract and optimize FSM).

45.1. Executing FSM_DETECT pass (finding FSMs in design).
Found FSM state register A10_A.u_core.cst.
Found FSM state register A10_A.u_core.u_master.st.
Not marking A10_A.u_core.u_master.u_slave.u_core.ret_st as FSM state register:
    Users of register don't seem to benefit from recoding.

45.2. Executing FSM_EXTRACT pass (extracting FSM from design).
Extracting FSM `\u_core.cst' from module `\A10_A'.
  found $adff cell for state register: $flatten\u_core.$procdff$2152
  root of input selection tree: $flatten\u_core.$0\cst[1:0]
  found reset state: 2'00 (from async reset)
  found ctrl input: $flatten\u_core.$procmux$1605_CMP
  found ctrl input: $flatten\u_core.$procmux$1594_CMP
  found ctrl input: $flatten\u_core.$procmux$1568_CMP
  found ctrl input: \u_core.u_master.cmd_done
  found ctrl input: \u_core.cmd_ready
  found state code: 2'10
  found ctrl input: \u_core.rd_pulse
  found ctrl input: \u_core.wr_pulse
  found state code: 2'01
  found ctrl output: $flatten\u_core.$procmux$1605_CMP
  found ctrl output: $flatten\u_core.$procmux$1568_CMP
  found ctrl output: $flatten\u_core.$procmux$1594_CMP
  ctrl inputs: { \u_core.rd_pulse \u_core.wr_pulse \u_core.cmd_ready \u_core.u_master.cmd_done }
  ctrl outputs: { $flatten\u_core.$0\cst[1:0] $flatten\u_core.$procmux$1568_CMP $flatten\u_core.$procmux$1594_CMP $flatten\u_core.$procmux$1605_CMP }
  transition:       2'00 4'00-- ->       2'00 5'00100
  transition:       2'00 4'01-- ->       2'01 5'01100
  transition:       2'00 4'1--- ->       2'01 5'01100
  transition:       2'10 4'---0 ->       2'10 5'10001
  transition:       2'10 4'---1 ->       2'00 5'00001
  transition:       2'01 4'--0- ->       2'01 5'01010
  transition:       2'01 4'--1- ->       2'10 5'10010
Extracting FSM `\u_core.u_master.st' from module `\A10_A'.
  found $adff cell for state register: $flatten\u_core.\u_master.$procdff$2142
  root of input selection tree: $flatten\u_core.\u_master.$0\st[2:0]
  found reset state: 3'000 (from async reset)
  found ctrl input: $flatten\u_core.\u_master.$procmux$1398_CMP
  found ctrl input: $flatten\u_core.\u_master.$procmux$1409_CMP
  found ctrl input: $flatten\u_core.\u_master.$procmux$1401_CMP
  found ctrl input: $flatten\u_core.\u_master.$procmux$1415_CMP
  found ctrl input: \u_core.cmd_ready
  found ctrl input: \u_core.u_master.u_slave.S_AXI_RVALID
  found ctrl input: \u_core.u_master.u_slave.S_AXI_ARREADY
  found state code: 3'100
  found ctrl input: \u_core.u_master.u_slave.S_AXI_BVALID
  found ctrl input: $flatten\u_core.\u_master.$logic_and$/foss/designs/ascon_run_deffile/axi_master.v:85$31_Y
  found state code: 3'010
  found ctrl input: \u_core.cmd_valid
  found ctrl input: \u_core.cmd_write
  found state code: 3'011
  found state code: 3'001
  found ctrl output: $flatten\u_core.\u_master.$procmux$1409_CMP
  found ctrl output: $flatten\u_core.\u_master.$procmux$1401_CMP
  found ctrl output: $flatten\u_core.\u_master.$procmux$1415_CMP
  found ctrl output: \u_core.cmd_ready
  found ctrl output: $flatten\u_core.\u_master.$procmux$1398_CMP
  ctrl inputs: { \u_core.cmd_valid \u_core.cmd_write \u_core.u_master.u_slave.S_AXI_BVALID \u_core.u_master.u_slave.S_AXI_ARREADY \u_core.u_master.u_slave.S_AXI_RVALID $flatten\u_core.\u_master.$logic_and$/foss/designs/ascon_run_deffile/axi_master.v:85$31_Y }
  ctrl outputs: { \u_core.cmd_ready $flatten\u_core.\u_master.$procmux$1415_CMP $flatten\u_core.\u_master.$procmux$1409_CMP $flatten\u_core.\u_master.$procmux$1401_CMP $flatten\u_core.\u_master.$procmux$1398_CMP $flatten\u_core.\u_master.$0\st[2:0] }
  transition:      3'000 6'0----- ->      3'000 8'10000000
  transition:      3'000 6'10---- ->      3'011 8'10000011
  transition:      3'000 6'11---- ->      3'001 8'10000001
  transition:      3'100 6'----0- ->      3'100 8'00001100
  transition:      3'100 6'----1- ->      3'000 8'00001000
  transition:      3'010 6'--0--- ->      3'010 8'00010010
  transition:      3'010 6'--1--- ->      3'000 8'00010000
  transition:      3'001 6'-----0 ->      3'001 8'01000001
  transition:      3'001 6'-----1 ->      3'010 8'01000010
  transition:      3'011 6'---0-- ->      3'011 8'00100011
  transition:      3'011 6'---1-- ->      3'100 8'00100100

45.3. Executing FSM_OPT pass (simple optimizations of FSMs).
Optimizing FSM `$fsm$\u_core.u_master.st$2300' from module `\A10_A'.
Optimizing FSM `$fsm$\u_core.cst$2295' from module `\A10_A'.

45.4. Executing OPT_CLEAN pass (remove unused cells and wires).
Finding unused cells or wires in module \A10_A..
Removed 22 unused cells and 22 unused wires.
<suppressed ~23 debug messages>

45.5. Executing FSM_OPT pass (simple optimizations of FSMs).
Optimizing FSM `$fsm$\u_core.u_master.st$2300' from module `\A10_A'.
  Removing unused output signal $flatten\u_core.\u_master.$0\st[2:0] [0].
  Removing unused output signal $flatten\u_core.\u_master.$0\st[2:0] [1].
  Removing unused output signal $flatten\u_core.\u_master.$0\st[2:0] [2].
Optimizing FSM `$fsm$\u_core.cst$2295' from module `\A10_A'.
  Removing unused output signal $flatten\u_core.$0\cst[1:0] [0].
  Removing unused output signal $flatten\u_core.$0\cst[1:0] [1].

45.6. Executing FSM_RECODE pass (re-assigning FSM state encoding).
Recoding FSM `$fsm$\u_core.u_master.st$2300' from module `\A10_A' using `auto' encoding:
  mapping auto encoding to `one-hot` for this FSM.
  000 -> ----1
  100 -> ---1-
  010 -> --1--
  001 -> -1---
  011 -> 1----
Recoding FSM `$fsm$\u_core.cst$2295' from module `\A10_A' using `auto' encoding:
  mapping auto encoding to `one-hot` for this FSM.
  00 -> --1
  10 -> -1-
  01 -> 1--

45.7. Executing FSM_INFO pass (dumping all available information on FSM cells).

FSM `$fsm$\u_core.u_master.st$2300' from module `A10_A':
-------------------------------------

  Information on FSM $fsm$\u_core.u_master.st$2300 (\u_core.u_master.st):

  Number of input signals:    6
  Number of output signals:   5
  Number of state bits:       5

  Input signals:
    0: $flatten\u_core.\u_master.$logic_and$/foss/designs/ascon_run_deffile/axi_master.v:85$31_Y
    1: \u_core.u_master.u_slave.S_AXI_RVALID
    2: \u_core.u_master.u_slave.S_AXI_ARREADY
    3: \u_core.u_master.u_slave.S_AXI_BVALID
    4: \u_core.cmd_write
    5: \u_core.cmd_valid

  Output signals:
    0: $flatten\u_core.\u_master.$procmux$1398_CMP
    1: $flatten\u_core.\u_master.$procmux$1401_CMP
    2: $flatten\u_core.\u_master.$procmux$1409_CMP
    3: $flatten\u_core.\u_master.$procmux$1415_CMP
    4: \u_core.cmd_ready

  State encoding:
    0:    5'----1  <RESET STATE>
    1:    5'---1-
    2:    5'--1--
    3:    5'-1---
    4:    5'1----

  Transition Table (state_in, ctrl_in, state_out, ctrl_out):
      0:     0 6'0-----   ->     0 5'10000
      1:     0 6'11----   ->     3 5'10000
      2:     0 6'10----   ->     4 5'10000
      3:     1 6'----1-   ->     0 5'00001
      4:     1 6'----0-   ->     1 5'00001
      5:     2 6'--1---   ->     0 5'00010
      6:     2 6'--0---   ->     2 5'00010
      7:     3 6'-----1   ->     2 5'01000
      8:     3 6'-----0   ->     3 5'01000
      9:     4 6'---1--   ->     1 5'00100
     10:     4 6'---0--   ->     4 5'00100

-------------------------------------

FSM `$fsm$\u_core.cst$2295' from module `A10_A':
-------------------------------------

  Information on FSM $fsm$\u_core.cst$2295 (\u_core.cst):

  Number of input signals:    4
  Number of output signals:   3
  Number of state bits:       3

  Input signals:
    0: \u_core.u_master.cmd_done
    1: \u_core.cmd_ready
    2: \u_core.wr_pulse
    3: \u_core.rd_pulse

  Output signals:
    0: $flatten\u_core.$procmux$1605_CMP
    1: $flatten\u_core.$procmux$1594_CMP
    2: $flatten\u_core.$procmux$1568_CMP

  State encoding:
    0:      3'--1  <RESET STATE>
    1:      3'-1-
    2:      3'1--

  Transition Table (state_in, ctrl_in, state_out, ctrl_out):
      0:     0 4'00--   ->     0 3'100
      1:     0 4'01--   ->     2 3'100
      2:     0 4'1---   ->     2 3'100
      3:     1 4'---1   ->     0 3'001
      4:     1 4'---0   ->     1 3'001
      5:     2 4'--1-   ->     1 3'010
      6:     2 4'--0-   ->     2 3'010

-------------------------------------

45.8. Executing FSM_MAP pass (mapping FSMs to basic logic).
Mapping FSM `$fsm$\u_core.u_master.st$2300' from module `\A10_A'.
Mapping FSM `$fsm$\u_core.cst$2295' from module `\A10_A'.

46. Executing OPT_EXPR pass (perform const folding).
Optimizing module A10_A.
<suppressed ~15 debug messages>

47. Executing OPT_MERGE pass (detect identical cells).
Finding identical cells in module `\A10_A'.
Computing hashes of 688 cells of `\A10_A'.
Finding duplicate cells in `\A10_A'.
Removed a total of 0 cells.

48. Executing OPT_MUXTREE pass (detect dead branches in mux trees).
Running muxtree optimizer on module \A10_A..
  Creating internal representation of mux trees.
  Evaluating internal representation of mux trees.
  Analyzing evaluation results.
Removed 0 multiplexer ports.
<suppressed ~462 debug messages>

49. Executing OPT_REDUCE pass (consolidate $*mux and $reduce_* inputs).
  Optimizing cells in module \A10_A.
Performed a total of 0 changes.

50. Executing OPT_MERGE pass (detect identical cells).
Finding identical cells in module `\A10_A'.
Computing hashes of 688 cells of `\A10_A'.
Finding duplicate cells in `\A10_A'.
Removed a total of 0 cells.

51. Executing OPT_DFF pass (perform DFF optimizations).
Adding EN signal on $flatten\u_core.\u_master.\u_slave.\u_core.$procdff$1822 ($adff) from module A10_A (D = \u_core.u_master.u_slave.blk_last, Q = \u_core.u_master.u_slave.u_core.din_last_q).
Adding EN signal on $flatten\u_core.\u_master.\u_slave.\u_core.$procdff$1817 ($adff) from module A10_A (D = \u_core.u_master.u_slave.u_core.full_nS1, Q = \u_core.u_master.u_slave.u_core.full_nS1_q).
Adding EN signal on $flatten\u_core.\u_master.\u_slave.\u_core.$procdff$1812 ($adff) from module A10_A (D = \u_core.u_master.u_slave.u_core.full_nS0, Q = \u_core.u_master.u_slave.u_core.full_nS0_q).
Adding EN signal on $flatten\u_core.\u_master.\u_slave.\u_core.$procdff$1807 ($adff) from module A10_A (D = \u_core.u_master.u_slave.u_core.full_dout, Q = \u_core.u_master.u_slave.u_core.full_dout_q).
Adding EN signal on $flatten\u_core.\u_master.\u_slave.\u_core.$procdff$1802 ($adff) from module A10_A (D = \u_core.u_master.u_slave.u_core.last_dout, Q = \u_core.u_master.u_slave.u_core.last_dout_q).
Adding EN signal on $flatten\u_core.\u_master.\u_slave.\u_core.$procdff$1797 ($adff) from module A10_A (D = \u_core.u_master.u_slave.u_core.last_nrate, Q = \u_core.u_master.u_slave.u_core.last_nrate_q).
Adding EN signal on $flatten\u_core.\u_master.\u_slave.\u_core.$procdff$1792 ($adff) from module A10_A (D = $flatten\u_core.\u_master.\u_slave.\u_core.$0\ph[0:0], Q = \u_core.u_master.u_slave.u_core.ph).
Adding EN signal on $flatten\u_core.\u_master.\u_slave.\u_core.$procdff$1787 ($adff) from module A10_A (D = \u_core.u_master.u_slave.u_core.b0, Q = \u_core.u_master.u_slave.u_core.B0).
Adding EN signal on $flatten\u_core.\u_master.\u_slave.\u_core.$procdff$1782 ($adff) from module A10_A (D = $flatten\u_core.\u_master.\u_slave.\u_core.$0\ci[3:0], Q = \u_core.u_master.u_slave.u_core.ci).
Adding EN signal on $flatten\u_core.\u_master.\u_slave.\u_core.$procdff$1777 ($adff) from module A10_A (D = $flatten\u_core.\u_master.\u_slave.\u_core.$0\ret_st[3:0], Q = \u_core.u_master.u_slave.u_core.ret_st).
Adding EN signal on $flatten\u_core.\u_master.\u_slave.\u_core.$procdff$1772 ($adff) from module A10_A (D = $flatten\u_core.\u_master.\u_slave.\u_core.$xor$/foss/designs/ascon_run_deffile/ascon_core_adpt_encdec.v:151$231_Y, Q = \u_core.u_master.u_slave.u_core.t1_out).
Adding EN signal on $flatten\u_core.\u_master.\u_slave.\u_core.$procdff$1767 ($adff) from module A10_A (D = $flatten\u_core.\u_master.\u_slave.\u_core.$xor$/foss/designs/ascon_run_deffile/ascon_core_adpt_encdec.v:151$230_Y, Q = \u_core.u_master.u_slave.u_core.t0_out).
Adding EN signal on $flatten\u_core.\u_master.\u_slave.\u_core.$procdff$1762 ($adff) from module A10_A (D = $flatten\u_core.\u_master.\u_slave.\u_core.$ternary$/foss/designs/ascon_run_deffile/ascon_core_adpt_encdec.v:186$245_Y, Q = \u_core.u_master.u_slave.u_core.auth_ok).
Adding EN signal on $flatten\u_core.\u_master.\u_slave.\u_core.$procdff$1752 ($adff) from module A10_A (D = $flatten\u_core.\u_master.\u_slave.\u_core.$0\busy[0:0], Q = \u_core.u_master.u_slave.u_core.busy).
Adding EN signal on $flatten\u_core.\u_master.\u_slave.\u_core.$procdff$1742 ($adff) from module A10_A (D = $flatten\u_core.\u_master.\u_slave.\u_core.$procmux$479_Y, Q = \u_core.u_master.u_slave.u_core.dout_data).
Adding EN signal on $flatten\u_core.\u_master.\u_slave.\u_core.$procdff$1727 ($adff) from module A10_A (D = $flatten\u_core.\u_master.\u_slave.\u_core.$0\st[3:0], Q = \u_core.u_master.u_slave.u_core.st).
Adding EN signal on $flatten\u_core.\u_master.\u_slave.\u_core.$procdff$1722 ($adff) from module A10_A (D = $flatten\u_core.\u_master.\u_slave.\u_core.$0\S0[63:0], Q = \u_core.u_master.u_slave.u_core.S0).
Adding EN signal on $flatten\u_core.\u_master.\u_slave.\u_core.$procdff$1717 ($adff) from module A10_A (D = $flatten\u_core.\u_master.\u_slave.\u_core.$0\S4[63:0] [63], Q = \u_core.u_master.u_slave.u_core.S4 [63]).
Adding EN signal on $flatten\u_core.\u_master.\u_slave.\u_core.$procdff$1717 ($adff) from module A10_A (D = $flatten\u_core.\u_master.\u_slave.\u_core.$0\S4[63:0] [62:0], Q = \u_core.u_master.u_slave.u_core.S4 [62:0]).
Adding EN signal on $flatten\u_core.\u_master.\u_slave.\u_core.$procdff$1712 ($adff) from module A10_A (D = $flatten\u_core.\u_master.\u_slave.\u_core.$0\S3[63:0], Q = \u_core.u_master.u_slave.u_core.S3).
Adding EN signal on $flatten\u_core.\u_master.\u_slave.\u_core.$procdff$1707 ($adff) from module A10_A (D = $flatten\u_core.\u_master.\u_slave.\u_core.$0\S2[63:0], Q = \u_core.u_master.u_slave.u_core.S2).
Adding EN signal on $flatten\u_core.\u_master.\u_slave.\u_core.$procdff$1702 ($adff) from module A10_A (D = $flatten\u_core.\u_master.\u_slave.\u_core.$0\S1[63:0], Q = \u_core.u_master.u_slave.u_core.S1).
Adding EN signal on $flatten\u_core.\u_master.\u_slave.\u_core.$procdff$1697 ($adff) from module A10_A (D = \u_core.u_master.u_slave.u_core.b4, Q = \u_core.u_master.u_slave.u_core.B4).
Adding EN signal on $flatten\u_core.\u_master.\u_slave.\u_core.$procdff$1692 ($adff) from module A10_A (D = \u_core.u_master.u_slave.u_core.b3, Q = \u_core.u_master.u_slave.u_core.B3).
Adding EN signal on $flatten\u_core.\u_master.\u_slave.\u_core.$procdff$1687 ($adff) from module A10_A (D = \u_core.u_master.u_slave.u_core.b2, Q = \u_core.u_master.u_slave.u_core.B2).
Adding EN signal on $flatten\u_core.\u_master.\u_slave.\u_core.$procdff$1682 ($adff) from module A10_A (D = \u_core.u_master.u_slave.u_core.b1, Q = \u_core.u_master.u_slave.u_core.B1).
Adding EN signal on $flatten\u_core.\u_master.\u_slave.$procdff$2062 ($adff) from module A10_A (D = \u_core.u_master.m_wdata, Q = \u_core.u_master.u_slave.wdata_q).
Adding EN signal on $flatten\u_core.\u_master.\u_slave.$procdff$2057 ($adff) from module A10_A (D = \u_core.u_master.m_araddr, Q = \u_core.u_master.u_slave.araddr_q).
Adding EN signal on $flatten\u_core.\u_master.\u_slave.$procdff$2052 ($adff) from module A10_A (D = \u_core.u_master.m_awaddr, Q = \u_core.u_master.u_slave.awaddr_q).
Adding EN signal on $flatten\u_core.\u_master.\u_slave.$procdff$2047 ($adff) from module A10_A (D = $flatten\u_core.\u_master.\u_slave.$0\ar_hs[0:0], Q = \u_core.u_master.u_slave.ar_hs).
Adding EN signal on $flatten\u_core.\u_master.\u_slave.$procdff$2042 ($adff) from module A10_A (D = $flatten\u_core.\u_master.\u_slave.$0\w_hs[0:0], Q = \u_core.u_master.u_slave.w_hs).
Adding EN signal on $flatten\u_core.\u_master.\u_slave.$procdff$2037 ($adff) from module A10_A (D = $flatten\u_core.\u_master.\u_slave.$0\aw_hs[0:0], Q = \u_core.u_master.u_slave.aw_hs).
Adding EN signal on $flatten\u_core.\u_master.\u_slave.$procdff$2032 ($adff) from module A10_A (D = \u_core.u_master.u_slave.u_core.t1_out [63:32], Q = \u_core.u_master.u_slave.tagr3).
Adding EN signal on $flatten\u_core.\u_master.\u_slave.$procdff$2027 ($adff) from module A10_A (D = \u_core.u_master.u_slave.u_core.t1_out [31:0], Q = \u_core.u_master.u_slave.tagr2).
Adding EN signal on $flatten\u_core.\u_master.\u_slave.$procdff$2022 ($adff) from module A10_A (D = \u_core.u_master.u_slave.u_core.t0_out [63:32], Q = \u_core.u_master.u_slave.tagr1).
Adding EN signal on $flatten\u_core.\u_master.\u_slave.$procdff$2017 ($adff) from module A10_A (D = \u_core.u_master.u_slave.u_core.t0_out [31:0], Q = \u_core.u_master.u_slave.tagr0).
Adding EN signal on $flatten\u_core.\u_master.\u_slave.$procdff$2002 ($adff) from module A10_A (D = \u_core.u_master.u_slave.u_core.dout_data, Q = \u_core.u_master.u_slave.dout_sh).
Adding EN signal on $flatten\u_core.\u_master.\u_slave.$procdff$1972 ($adff) from module A10_A (D = \u_core.u_master.u_slave.wdata_q [6:2], Q = \u_core.u_master.u_slave.blk_bytes).
Adding EN signal on $flatten\u_core.\u_master.\u_slave.$procdff$1967 ($adff) from module A10_A (D = \u_core.u_master.u_slave.wdata_q [1], Q = \u_core.u_master.u_slave.blk_last).
Adding EN signal on $flatten\u_core.\u_master.\u_slave.$procdff$1962 ($adff) from module A10_A (D = \u_core.u_master.u_slave.wdata_q [0], Q = \u_core.u_master.u_slave.blk_sel).
Adding EN signal on $flatten\u_core.\u_master.\u_slave.$procdff$1957 ($adff) from module A10_A (D = \u_core.u_master.u_slave.wdata_q [2], Q = \u_core.u_master.u_slave.adempty_q).
Adding EN signal on $flatten\u_core.\u_master.\u_slave.$procdff$1952 ($adff) from module A10_A (D = \u_core.u_master.u_slave.wdata_q [1], Q = \u_core.u_master.u_slave.dec_q).
Adding EN signal on $flatten\u_core.\u_master.\u_slave.$procdff$1947 ($adff) from module A10_A (D = \u_core.u_master.u_slave.wdata_q, Q = \u_core.u_master.u_slave.blk3).
Adding EN signal on $flatten\u_core.\u_master.\u_slave.$procdff$1942 ($adff) from module A10_A (D = \u_core.u_master.u_slave.wdata_q, Q = \u_core.u_master.u_slave.blk2).
Adding EN signal on $flatten\u_core.\u_master.\u_slave.$procdff$1937 ($adff) from module A10_A (D = \u_core.u_master.u_slave.wdata_q, Q = \u_core.u_master.u_slave.blk1).
Adding EN signal on $flatten\u_core.\u_master.\u_slave.$procdff$1932 ($adff) from module A10_A (D = \u_core.u_master.u_slave.wdata_q, Q = \u_core.u_master.u_slave.blk0).
Adding EN signal on $flatten\u_core.\u_master.\u_slave.$procdff$1927 ($adff) from module A10_A (D = \u_core.u_master.u_slave.wdata_q, Q = \u_core.u_master.u_slave.tagw3).
Adding EN signal on $flatten\u_core.\u_master.\u_slave.$procdff$1922 ($adff) from module A10_A (D = \u_core.u_master.u_slave.wdata_q, Q = \u_core.u_master.u_slave.tagw2).
Adding EN signal on $flatten\u_core.\u_master.\u_slave.$procdff$1917 ($adff) from module A10_A (D = \u_core.u_master.u_slave.wdata_q, Q = \u_core.u_master.u_slave.tagw1).
Adding EN signal on $flatten\u_core.\u_master.\u_slave.$procdff$1912 ($adff) from module A10_A (D = \u_core.u_master.u_slave.wdata_q, Q = \u_core.u_master.u_slave.tagw0).
Adding EN signal on $flatten\u_core.\u_master.\u_slave.$procdff$1907 ($adff) from module A10_A (D = \u_core.u_master.u_slave.wdata_q, Q = \u_core.u_master.u_slave.non3).
Adding EN signal on $flatten\u_core.\u_master.\u_slave.$procdff$1902 ($adff) from module A10_A (D = \u_core.u_master.u_slave.wdata_q, Q = \u_core.u_master.u_slave.non2).
Adding EN signal on $flatten\u_core.\u_master.\u_slave.$procdff$1897 ($adff) from module A10_A (D = \u_core.u_master.u_slave.wdata_q, Q = \u_core.u_master.u_slave.non1).
Adding EN signal on $flatten\u_core.\u_master.\u_slave.$procdff$1892 ($adff) from module A10_A (D = \u_core.u_master.u_slave.wdata_q, Q = \u_core.u_master.u_slave.non0).
Adding EN signal on $flatten\u_core.\u_master.\u_slave.$procdff$1887 ($adff) from module A10_A (D = \u_core.u_master.u_slave.wdata_q, Q = \u_core.u_master.u_slave.key3).
Adding EN signal on $flatten\u_core.\u_master.\u_slave.$procdff$1882 ($adff) from module A10_A (D = \u_core.u_master.u_slave.wdata_q, Q = \u_core.u_master.u_slave.key2).
Adding EN signal on $flatten\u_core.\u_master.\u_slave.$procdff$1877 ($adff) from module A10_A (D = \u_core.u_master.u_slave.wdata_q, Q = \u_core.u_master.u_slave.key1).
Adding EN signal on $flatten\u_core.\u_master.\u_slave.$procdff$1872 ($adff) from module A10_A (D = \u_core.u_master.u_slave.wdata_q, Q = \u_core.u_master.u_slave.key0).
Adding EN signal on $flatten\u_core.\u_master.\u_slave.$procdff$1867 ($adff) from module A10_A (D = $flatten\u_core.\u_master.\u_slave.$0\S_AXI_RVALID[0:0], Q = \u_core.u_master.u_slave.S_AXI_RVALID).
Adding EN signal on $flatten\u_core.\u_master.\u_slave.$procdff$1862 ($adff) from module A10_A (D = $flatten\u_core.\u_master.\u_slave.$procmux$1374_Y, Q = \u_core.u_master.u_slave.S_AXI_RDATA).
Adding EN signal on $flatten\u_core.\u_master.\u_slave.$procdff$1852 ($adff) from module A10_A (D = $flatten\u_core.\u_master.\u_slave.$0\S_AXI_BVALID[0:0], Q = \u_core.u_master.u_slave.S_AXI_BVALID).
Adding EN signal on $flatten\u_core.$procdff$2147 ($adff) from module A10_A (D = \u_core.u_master.cmd_rdata, Q = \u_core.rd_data_clk).
Adding EN signal on $flatten\u_core.$procdff$2157 ($adff) from module A10_A (D = $flatten\u_core.$0\cmd_valid[0:0], Q = \u_core.cmd_valid).
Adding EN signal on $flatten\u_core.\u_master.$procdff$2137 ($adff) from module A10_A (D = $flatten\u_core.\u_master.$0\m_rready[0:0], Q = \u_core.u_master.m_rready).
Adding EN signal on $flatten\u_core.\u_master.$procdff$2132 ($adff) from module A10_A (D = $flatten\u_core.\u_master.$0\m_arvalid[0:0], Q = \u_core.u_master.m_arvalid).
Adding EN signal on $flatten\u_core.\u_master.$procdff$2122 ($adff) from module A10_A (D = \u_core.cmd_addr_q, Q = \u_core.u_master.m_araddr).
Adding EN signal on $flatten\u_core.\u_master.$procdff$2117 ($adff) from module A10_A (D = $flatten\u_core.\u_master.$0\m_bready[0:0], Q = \u_core.u_master.m_bready).
Adding EN signal on $flatten\u_core.\u_master.$procdff$2112 ($adff) from module A10_A (D = $flatten\u_core.\u_master.$0\m_wvalid[0:0], Q = \u_core.u_master.m_wvalid).
Adding EN signal on $flatten\u_core.\u_master.$procdff$2102 ($adff) from module A10_A (D = \u_core.cmd_wdata_q, Q = \u_core.u_master.m_wdata).
Adding EN signal on $flatten\u_core.\u_master.$procdff$2097 ($adff) from module A10_A (D = $flatten\u_core.\u_master.$0\m_awvalid[0:0], Q = \u_core.u_master.m_awvalid).
Adding EN signal on $flatten\u_core.\u_master.$procdff$2087 ($adff) from module A10_A (D = \u_core.cmd_addr_q, Q = \u_core.u_master.m_awaddr).
Adding EN signal on $flatten\u_core.\u_master.$procdff$2082 ($adff) from module A10_A (D = \u_core.u_master.u_slave.S_AXI_RDATA, Q = \u_core.u_master.cmd_rdata).
Adding EN signal on $flatten\u_core.$procdff$2162 ($adff) from module A10_A (D = $flatten\u_core.$procmux$1585_Y, Q = \u_core.cmd_write).
Adding EN signal on $flatten\u_core.$procdff$2167 ($adff) from module A10_A (D = $flatten\u_core.$procmux$1575_Y, Q = \u_core.cmd_addr_q).
Adding EN signal on $flatten\u_core.$procdff$2172 ($adff) from module A10_A (D = \u_core.frame_hold [31:0], Q = \u_core.cmd_wdata_q).
Adding EN signal on $flatten\u_core.$procdff$2252 ($adff) from module A10_A (D = $flatten\u_core.$not$/foss/designs/ascon_run_deffile/spi_slave.v:65$10_Y, Q = \u_core.rreq_tgl).
Adding EN signal on $flatten\u_core.$procdff$2247 ($adff) from module A10_A (D = $flatten\u_core.$not$/foss/designs/ascon_run_deffile/spi_slave.v:69$13_Y, Q = \u_core.wreq_tgl).
Adding EN signal on $flatten\u_core.$procdff$2242 ($adff) from module A10_A (D = { \u_core.rx_sr [5:0] \mosi_IN }, Q = \u_core.rd_addr_s).
Adding EN signal on $flatten\u_core.$procdff$2237 ($adff) from module A10_A (D = $flatten\u_core.$not$/foss/designs/ascon_run_deffile/spi_slave.v:63$8_Y, Q = \u_core.is_read).
Adding EN signal on $flatten\u_core.$procdff$2232 ($adff) from module A10_A (D = { \u_core.rx_sr [38:0] \mosi_IN }, Q = \u_core.frame_hold).
Adding EN signal on $flatten\u_core.$procdff$2217 ($adff) from module A10_A (D = $flatten\u_core.$procmux$1639_Y, Q = \u_core.miso_sr).

52. Executing OPT_CLEAN pass (remove unused cells and wires).
Finding unused cells or wires in module \A10_A..
Removed 109 unused cells and 129 unused wires.
<suppressed ~110 debug messages>

53. Executing OPT_EXPR pass (perform const folding).
Optimizing module A10_A.
<suppressed ~25 debug messages>

54. Rerunning OPT passes. (Maybe there is more to do…)

55. Executing OPT_MUXTREE pass (detect dead branches in mux trees).
Running muxtree optimizer on module \A10_A..
  Creating internal representation of mux trees.
  Evaluating internal representation of mux trees.
  Analyzing evaluation results.
Removed 0 multiplexer ports.
<suppressed ~334 debug messages>

56. Executing OPT_REDUCE pass (consolidate $*mux and $reduce_* inputs).
  Optimizing cells in module \A10_A.
Performed a total of 0 changes.

57. Executing OPT_MERGE pass (detect identical cells).
Finding identical cells in module `\A10_A'.
Computing hashes of 727 cells of `\A10_A'.
Finding duplicate cells in `\A10_A'.
Computing hashes of 675 cells of `\A10_A'.
Finding duplicate cells in `\A10_A'.
Computing hashes of 668 cells of `\A10_A'.
Finding duplicate cells in `\A10_A'.
<suppressed ~177 debug messages>
Removed a total of 59 cells.

58. Executing OPT_DFF pass (perform DFF optimizations).

59. Executing OPT_CLEAN pass (remove unused cells and wires).
Finding unused cells or wires in module \A10_A..
Removed 0 unused cells and 59 unused wires.
<suppressed ~1 debug messages>

60. Executing OPT_EXPR pass (perform const folding).
Optimizing module A10_A.

61. Rerunning OPT passes. (Maybe there is more to do…)

62. Executing OPT_MUXTREE pass (detect dead branches in mux trees).
Running muxtree optimizer on module \A10_A..
  Creating internal representation of mux trees.
  Evaluating internal representation of mux trees.
  Analyzing evaluation results.
Removed 0 multiplexer ports.
<suppressed ~336 debug messages>

63. Executing OPT_REDUCE pass (consolidate $*mux and $reduce_* inputs).
  Optimizing cells in module \A10_A.
Performed a total of 0 changes.

64. Executing OPT_MERGE pass (detect identical cells).
Finding identical cells in module `\A10_A'.
Computing hashes of 668 cells of `\A10_A'.
Finding duplicate cells in `\A10_A'.
Removed a total of 0 cells.

65. Executing OPT_DFF pass (perform DFF optimizations).

66. Executing OPT_CLEAN pass (remove unused cells and wires).
Finding unused cells or wires in module \A10_A..

67. Executing OPT_EXPR pass (perform const folding).
Optimizing module A10_A.

68. Executing WREDUCE pass (reducing word size of cells).
Removed top 28 address bits (of 32) from memory init port A10_A.$flatten\u_core.\u_master.\u_slave.\u_core.$auto$mem.cc:351:emit$312 ($flatten\u_core.\u_master.\u_slave.\u_core.$auto$proc_rom.cc:155:do_switch$310).
Removed top 1 bits (of 40) from FF cell A10_A.$auto$ff.cc:337:slice$2758 ($adffe).
Removed top 1 bits (of 2) from port B of cell A10_A.$auto$opt_dff.cc:235:make_patterns_logic$2710 ($ne).
Removed top 1 bits (of 2) from port B of cell A10_A.$auto$opt_dff.cc:235:make_patterns_logic$2700 ($ne).
Removed top 1 bits (of 2) from port B of cell A10_A.$auto$opt_dff.cc:235:make_patterns_logic$2693 ($ne).
Removed top 1 bits (of 2) from port B of cell A10_A.$auto$opt_dff.cc:235:make_patterns_logic$2691 ($ne).
Removed top 1 bits (of 2) from port B of cell A10_A.$auto$opt_dff.cc:235:make_patterns_logic$2672 ($ne).
Removed top 1 bits (of 2) from port B of cell A10_A.$auto$opt_dff.cc:235:make_patterns_logic$2670 ($ne).
Removed top 2 bits (of 3) from port B of cell A10_A.$auto$opt_dff.cc:235:make_patterns_logic$2663 ($ne).
Removed top 1 bits (of 2) from port B of cell A10_A.$auto$opt_dff.cc:235:make_patterns_logic$2487 ($ne).
Removed top 1 bits (of 3) from port B of cell A10_A.$auto$opt_dff.cc:235:make_patterns_logic$2478 ($ne).
Removed top 1 bits (of 2) from port B of cell A10_A.$auto$fsm_map.cc:77:implement_pattern_cache$2387 ($eq).
Removed top 31 bits (of 32) from port A of cell A10_A.$flatten\u_core.\u_master.\u_slave.\u_core.$lt$/foss/designs/ascon_run_deffile/ascon_core_adpt_encdec.v:102$115 ($lt).
Removed top 31 bits (of 32) from port A of cell A10_A.$flatten\u_core.\u_master.\u_slave.\u_core.$lt$/foss/designs/ascon_run_deffile/ascon_core_adpt_encdec.v:102$122 ($lt).
Removed top 4 bits (of 5) from port A of cell A10_A.$flatten\u_core.\u_master.\u_slave.\u_core.$eq$/foss/designs/ascon_run_deffile/ascon_core_adpt_encdec.v:104$125 ($eq).
Removed top 30 bits (of 32) from port A of cell A10_A.$flatten\u_core.\u_master.\u_slave.\u_core.$lt$/foss/designs/ascon_run_deffile/ascon_core_adpt_encdec.v:102$129 ($lt).
Removed top 3 bits (of 5) from port A of cell A10_A.$flatten\u_core.\u_master.\u_slave.\u_core.$eq$/foss/designs/ascon_run_deffile/ascon_core_adpt_encdec.v:104$132 ($eq).
Removed top 30 bits (of 32) from port A of cell A10_A.$flatten\u_core.\u_master.\u_slave.\u_core.$lt$/foss/designs/ascon_run_deffile/ascon_core_adpt_encdec.v:102$136 ($lt).
Removed top 3 bits (of 5) from port A of cell A10_A.$flatten\u_core.\u_master.\u_slave.\u_core.$eq$/foss/designs/ascon_run_deffile/ascon_core_adpt_encdec.v:104$139 ($eq).
Removed top 29 bits (of 32) from port A of cell A10_A.$flatten\u_core.\u_master.\u_slave.\u_core.$lt$/foss/designs/ascon_run_deffile/ascon_core_adpt_encdec.v:102$143 ($lt).
Removed top 2 bits (of 5) from port A of cell A10_A.$flatten\u_core.\u_master.\u_slave.\u_core.$eq$/foss/designs/ascon_run_deffile/ascon_core_adpt_encdec.v:104$146 ($eq).
Removed top 29 bits (of 32) from port A of cell A10_A.$flatten\u_core.\u_master.\u_slave.\u_core.$lt$/foss/designs/ascon_run_deffile/ascon_core_adpt_encdec.v:102$150 ($lt).
Removed top 2 bits (of 5) from port A of cell A10_A.$flatten\u_core.\u_master.\u_slave.\u_core.$eq$/foss/designs/ascon_run_deffile/ascon_core_adpt_encdec.v:104$153 ($eq).
Removed top 29 bits (of 32) from port A of cell A10_A.$flatten\u_core.\u_master.\u_slave.\u_core.$lt$/foss/designs/ascon_run_deffile/ascon_core_adpt_encdec.v:102$157 ($lt).
Removed top 2 bits (of 5) from port A of cell A10_A.$flatten\u_core.\u_master.\u_slave.\u_core.$eq$/foss/designs/ascon_run_deffile/ascon_core_adpt_encdec.v:104$160 ($eq).
Removed top 29 bits (of 32) from port A of cell A10_A.$flatten\u_core.\u_master.\u_slave.\u_core.$lt$/foss/designs/ascon_run_deffile/ascon_core_adpt_encdec.v:102$164 ($lt).
Removed top 2 bits (of 5) from port A of cell A10_A.$flatten\u_core.\u_master.\u_slave.\u_core.$eq$/foss/designs/ascon_run_deffile/ascon_core_adpt_encdec.v:104$167 ($eq).
Removed top 28 bits (of 32) from port A of cell A10_A.$flatten\u_core.\u_master.\u_slave.\u_core.$lt$/foss/designs/ascon_run_deffile/ascon_core_adpt_encdec.v:102$171 ($lt).
Removed top 1 bits (of 5) from port A of cell A10_A.$flatten\u_core.\u_master.\u_slave.\u_core.$eq$/foss/designs/ascon_run_deffile/ascon_core_adpt_encdec.v:104$174 ($eq).
Removed top 28 bits (of 32) from port A of cell A10_A.$flatten\u_core.\u_master.\u_slave.\u_core.$lt$/foss/designs/ascon_run_deffile/ascon_core_adpt_encdec.v:102$178 ($lt).
Removed top 1 bits (of 5) from port A of cell A10_A.$flatten\u_core.\u_master.\u_slave.\u_core.$eq$/foss/designs/ascon_run_deffile/ascon_core_adpt_encdec.v:104$181 ($eq).
Removed top 28 bits (of 32) from port A of cell A10_A.$flatten\u_core.\u_master.\u_slave.\u_core.$lt$/foss/designs/ascon_run_deffile/ascon_core_adpt_encdec.v:102$185 ($lt).
Removed top 1 bits (of 5) from port A of cell A10_A.$flatten\u_core.\u_master.\u_slave.\u_core.$eq$/foss/designs/ascon_run_deffile/ascon_core_adpt_encdec.v:104$188 ($eq).
Removed top 28 bits (of 32) from port A of cell A10_A.$flatten\u_core.\u_master.\u_slave.\u_core.$lt$/foss/designs/ascon_run_deffile/ascon_core_adpt_encdec.v:102$192 ($lt).
Removed top 1 bits (of 5) from port A of cell A10_A.$flatten\u_core.\u_master.\u_slave.\u_core.$eq$/foss/designs/ascon_run_deffile/ascon_core_adpt_encdec.v:104$195 ($eq).
Removed top 28 bits (of 32) from port A of cell A10_A.$flatten\u_core.\u_master.\u_slave.\u_core.$lt$/foss/designs/ascon_run_deffile/ascon_core_adpt_encdec.v:102$199 ($lt).
Removed top 1 bits (of 5) from port A of cell A10_A.$flatten\u_core.\u_master.\u_slave.\u_core.$eq$/foss/designs/ascon_run_deffile/ascon_core_adpt_encdec.v:104$202 ($eq).
Removed top 28 bits (of 32) from port A of cell A10_A.$flatten\u_core.\u_master.\u_slave.\u_core.$lt$/foss/designs/ascon_run_deffile/ascon_core_adpt_encdec.v:102$206 ($lt).
Removed top 1 bits (of 5) from port A of cell A10_A.$flatten\u_core.\u_master.\u_slave.\u_core.$eq$/foss/designs/ascon_run_deffile/ascon_core_adpt_encdec.v:104$209 ($eq).
Removed top 28 bits (of 32) from port A of cell A10_A.$flatten\u_core.\u_master.\u_slave.\u_core.$lt$/foss/designs/ascon_run_deffile/ascon_core_adpt_encdec.v:102$213 ($lt).
Removed top 1 bits (of 5) from port A of cell A10_A.$flatten\u_core.\u_master.\u_slave.\u_core.$eq$/foss/designs/ascon_run_deffile/ascon_core_adpt_encdec.v:104$216 ($eq).
Removed top 28 bits (of 32) from port A of cell A10_A.$flatten\u_core.\u_master.\u_slave.\u_core.$lt$/foss/designs/ascon_run_deffile/ascon_core_adpt_encdec.v:102$220 ($lt).
Removed top 1 bits (of 5) from port A of cell A10_A.$flatten\u_core.\u_master.\u_slave.\u_core.$eq$/foss/designs/ascon_run_deffile/ascon_core_adpt_encdec.v:104$223 ($eq).
Removed top 3 bits (of 4) from port B of cell A10_A.$flatten\u_core.\u_master.\u_slave.\u_core.$add$/foss/designs/ascon_run_deffile/ascon_core_adpt_encdec.v:148$229 ($add).
Removed top 1 bits (of 4) from mux cell A10_A.$flatten\u_core.\u_master.\u_slave.\u_core.$ternary$/foss/designs/ascon_run_deffile/ascon_core_adpt_encdec.v:156$234 ($mux).
Removed top 1 bits (of 4) from port B of cell A10_A.$flatten\u_core.\u_master.\u_slave.\u_core.$procmux$463_CMP0 ($eq).
Removed top 1 bits (of 4) from mux cell A10_A.$flatten\u_core.\u_master.\u_slave.\u_core.$procmux$493 ($mux).
Removed top 1 bits (of 4) from port B of cell A10_A.$flatten\u_core.\u_master.\u_slave.\u_core.$procmux$498_CMP0 ($eq).
Removed top 1 bits (of 4) from port B of cell A10_A.$flatten\u_core.\u_master.\u_slave.\u_core.$procmux$544_CMP0 ($eq).
Removed top 2 bits (of 4) from port B of cell A10_A.$flatten\u_core.\u_master.\u_slave.\u_core.$procmux$557_CMP0 ($eq).
Removed top 1 bits (of 4) from port B of cell A10_A.$flatten\u_core.\u_master.\u_slave.\u_core.$procmux$568_CMP0 ($eq).
Removed top 3 bits (of 4) from port B of cell A10_A.$flatten\u_core.\u_master.\u_slave.\u_core.$procmux$648_CMP0 ($eq).
Removed top 7 bits (of 8) from mux cell A10_A.$flatten\u_core.\u_master.\u_slave.\u_core.$procmux$650 ($mux).
Removed top 7 bits (of 8) from mux cell A10_A.$flatten\u_core.\u_master.\u_slave.\u_core.$procmux$662 ($mux).
Removed top 7 bits (of 8) from mux cell A10_A.$flatten\u_core.\u_master.\u_slave.\u_core.$procmux$674 ($mux).
Removed top 7 bits (of 8) from mux cell A10_A.$flatten\u_core.\u_master.\u_slave.\u_core.$procmux$686 ($mux).
Removed top 7 bits (of 8) from mux cell A10_A.$flatten\u_core.\u_master.\u_slave.\u_core.$procmux$698 ($mux).
Removed top 7 bits (of 8) from mux cell A10_A.$flatten\u_core.\u_master.\u_slave.\u_core.$procmux$710 ($mux).
Removed top 7 bits (of 8) from mux cell A10_A.$flatten\u_core.\u_master.\u_slave.\u_core.$procmux$722 ($mux).
Removed top 7 bits (of 8) from mux cell A10_A.$flatten\u_core.\u_master.\u_slave.\u_core.$procmux$734 ($mux).
Removed top 7 bits (of 8) from mux cell A10_A.$flatten\u_core.\u_master.\u_slave.\u_core.$procmux$746 ($mux).
Removed top 7 bits (of 8) from mux cell A10_A.$flatten\u_core.\u_master.\u_slave.\u_core.$procmux$758 ($mux).
Removed top 7 bits (of 8) from mux cell A10_A.$flatten\u_core.\u_master.\u_slave.\u_core.$procmux$770 ($mux).
Removed top 7 bits (of 8) from mux cell A10_A.$flatten\u_core.\u_master.\u_slave.\u_core.$procmux$782 ($mux).
Removed top 7 bits (of 8) from mux cell A10_A.$flatten\u_core.\u_master.\u_slave.\u_core.$procmux$794 ($mux).
Removed top 7 bits (of 8) from mux cell A10_A.$flatten\u_core.\u_master.\u_slave.\u_core.$procmux$806 ($mux).
Removed top 7 bits (of 8) from mux cell A10_A.$flatten\u_core.\u_master.\u_slave.\u_core.$procmux$818 ($mux).
Removed top 7 bits (of 8) from mux cell A10_A.$flatten\u_core.\u_master.\u_slave.\u_core.$procmux$830 ($mux).
Removed top 7 bits (of 8) from mux cell A10_A.$flatten\u_core.\u_master.\u_slave.\u_core.$procmux$842 ($mux).
Removed top 7 bits (of 8) from mux cell A10_A.$flatten\u_core.\u_master.\u_slave.\u_core.$procmux$851 ($mux).
Removed top 7 bits (of 8) from mux cell A10_A.$flatten\u_core.\u_master.\u_slave.\u_core.$procmux$860 ($mux).
Removed top 7 bits (of 8) from mux cell A10_A.$flatten\u_core.\u_master.\u_slave.\u_core.$procmux$869 ($mux).
Removed top 7 bits (of 8) from mux cell A10_A.$flatten\u_core.\u_master.\u_slave.\u_core.$procmux$878 ($mux).
Removed top 7 bits (of 8) from mux cell A10_A.$flatten\u_core.\u_master.\u_slave.\u_core.$procmux$887 ($mux).
Removed top 7 bits (of 8) from mux cell A10_A.$flatten\u_core.\u_master.\u_slave.\u_core.$procmux$896 ($mux).
Removed top 7 bits (of 8) from mux cell A10_A.$flatten\u_core.\u_master.\u_slave.\u_core.$procmux$905 ($mux).
Removed top 7 bits (of 8) from mux cell A10_A.$flatten\u_core.\u_master.\u_slave.\u_core.$procmux$914 ($mux).
Removed top 7 bits (of 8) from mux cell A10_A.$flatten\u_core.\u_master.\u_slave.\u_core.$procmux$923 ($mux).
Removed top 7 bits (of 8) from mux cell A10_A.$flatten\u_core.\u_master.\u_slave.\u_core.$procmux$932 ($mux).
Removed top 7 bits (of 8) from mux cell A10_A.$flatten\u_core.\u_master.\u_slave.\u_core.$procmux$941 ($mux).
Removed top 7 bits (of 8) from mux cell A10_A.$flatten\u_core.\u_master.\u_slave.\u_core.$procmux$950 ($mux).
Removed top 7 bits (of 8) from mux cell A10_A.$flatten\u_core.\u_master.\u_slave.\u_core.$procmux$959 ($mux).
Removed top 7 bits (of 8) from mux cell A10_A.$flatten\u_core.\u_master.\u_slave.\u_core.$procmux$968 ($mux).
Removed top 7 bits (of 8) from mux cell A10_A.$flatten\u_core.\u_master.\u_slave.\u_core.$procmux$977 ($mux).
Removed top 1 bits (of 64) from port A of cell A10_A.$flatten\u_core.\u_master.\u_slave.\u_core.\u_s2.$or$/foss/designs/ascon_run_deffile/ascon_round_s2.v:22$268 ($or).
Removed top 17 bits (of 64) from port A of cell A10_A.$flatten\u_core.\u_master.\u_slave.\u_core.\u_s2.$or$/foss/designs/ascon_run_deffile/ascon_round_s2.v:23$280 ($or).
Removed top 39 bits (of 64) from port A of cell A10_A.$flatten\u_core.\u_master.\u_slave.\u_core.\u_s2.$or$/foss/designs/ascon_run_deffile/ascon_round_s2.v:21$264 ($or).
Removed top 6 bits (of 64) from port A of cell A10_A.$flatten\u_core.\u_master.\u_slave.\u_core.\u_s2.$or$/foss/designs/ascon_run_deffile/ascon_round_s2.v:22$272 ($or).
Removed top 61 bits (of 64) from port A of cell A10_A.$flatten\u_core.\u_master.\u_slave.\u_core.\u_s2.$or$/foss/designs/ascon_run_deffile/ascon_round_s2.v:21$260 ($or).
Removed top 7 bits (of 64) from port A of cell A10_A.$flatten\u_core.\u_master.\u_slave.\u_core.\u_s2.$or$/foss/designs/ascon_run_deffile/ascon_round_s2.v:24$284 ($or).
Removed top 28 bits (of 64) from port A of cell A10_A.$flatten\u_core.\u_master.\u_slave.\u_core.\u_s2.$or$/foss/designs/ascon_run_deffile/ascon_round_s2.v:20$256 ($or).
Removed top 10 bits (of 64) from port A of cell A10_A.$flatten\u_core.\u_master.\u_slave.\u_core.\u_s2.$or$/foss/designs/ascon_run_deffile/ascon_round_s2.v:23$276 ($or).
Removed top 19 bits (of 64) from port A of cell A10_A.$flatten\u_core.\u_master.\u_slave.\u_core.\u_s2.$or$/foss/designs/ascon_run_deffile/ascon_round_s2.v:20$252 ($or).
Removed top 41 bits (of 64) from port A of cell A10_A.$flatten\u_core.\u_master.\u_slave.\u_core.\u_s2.$or$/foss/designs/ascon_run_deffile/ascon_round_s2.v:24$288 ($or).
Removed top 1 bits (of 5) from port B of cell A10_A.$flatten\u_core.\u_master.\u_slave.$procmux$1383_CMP0 ($eq).
Removed top 4 bits (of 5) from port B of cell A10_A.$flatten\u_core.\u_master.\u_slave.$procmux$1345_CMP0 ($eq).
Removed top 3 bits (of 5) from port B of cell A10_A.$flatten\u_core.\u_master.\u_slave.$procmux$1325_CMP0 ($eq).
Removed top 3 bits (of 5) from port B of cell A10_A.$flatten\u_core.\u_master.\u_slave.$procmux$1306_CMP0 ($eq).
Removed top 2 bits (of 5) from port B of cell A10_A.$flatten\u_core.\u_master.\u_slave.$procmux$1288_CMP0 ($eq).
Removed top 2 bits (of 5) from port B of cell A10_A.$flatten\u_core.\u_master.\u_slave.$procmux$1271_CMP0 ($eq).
Removed top 2 bits (of 5) from port B of cell A10_A.$flatten\u_core.\u_master.\u_slave.$procmux$1255_CMP0 ($eq).
Removed top 2 bits (of 5) from port B of cell A10_A.$flatten\u_core.\u_master.\u_slave.$procmux$1240_CMP0 ($eq).
Removed top 1 bits (of 5) from port B of cell A10_A.$flatten\u_core.\u_master.\u_slave.$procmux$1204_CMP0 ($eq).
Removed top 1 bits (of 5) from port B of cell A10_A.$flatten\u_core.\u_master.\u_slave.$procmux$1193_CMP0 ($eq).
Removed top 1 bits (of 5) from port B of cell A10_A.$flatten\u_core.\u_master.\u_slave.$procmux$1183_CMP0 ($eq).
Removed top 1 bits (of 5) from port B of cell A10_A.$flatten\u_core.\u_master.\u_slave.$procmux$1116_CMP0 ($eq).
Removed top 1 bits (of 5) from port B of cell A10_A.$flatten\u_core.\u_master.\u_slave.$procmux$1104_CMP0 ($eq).
Removed top 1 bits (of 5) from port B of cell A10_A.$flatten\u_core.\u_master.\u_slave.$procmux$1007_CMP0 ($eq).
Removed top 2 bits (of 4) from port B of cell A10_A.$flatten\u_core.\u_master.\u_slave.\u_core.$eq$/foss/designs/ascon_run_deffile/ascon_core_adpt_encdec.v:60$68 ($eq).
Removed top 1 bits (of 40) from FF cell A10_A.$flatten\u_core.$procdff$2222 ($adff).
Removed top 1 bits (of 40) from mux cell A10_A.$flatten\u_core.$procmux$1647 ($mux).
Removed top 3 bits (of 6) from port B of cell A10_A.$flatten\u_core.$gt$/foss/designs/ascon_run_deffile/spi_slave.v:90$18 ($gt).
Removed top 3 bits (of 6) from port B of cell A10_A.$flatten\u_core.$eq$/foss/designs/ascon_run_deffile/spi_slave.v:87$17 ($eq).
Removed top 5 bits (of 6) from port B of cell A10_A.$flatten\u_core.$add$/foss/designs/ascon_run_deffile/spi_slave.v:86$16 ($add).
Removed top 3 bits (of 6) from port B of cell A10_A.$flatten\u_core.$eq$/foss/designs/ascon_run_deffile/spi_slave.v:62$7 ($eq).
Removed top 5 bits (of 6) from port B of cell A10_A.$flatten\u_core.$add$/foss/designs/ascon_run_deffile/spi_slave.v:61$6 ($add).
Removed top 1 bits (of 39) from FF cell A10_A.$flatten\u_core.$procdff$2222 ($adff).
Removed top 1 bits (of 39) from mux cell A10_A.$flatten\u_core.$procmux$1647 ($mux).
Removed top 2 bits (of 40) from wire A10_A.$flatten\u_core.$0\rx_sr[39:0].
Removed top 7 bits (of 8) from wire A10_A.$flatten\u_core.\u_master.\u_slave.\u_core.$10\ad_pad[39:32].
Removed top 7 bits (of 8) from wire A10_A.$flatten\u_core.\u_master.\u_slave.\u_core.$12\ad_pad[47:40].
Removed top 7 bits (of 8) from wire A10_A.$flatten\u_core.\u_master.\u_slave.\u_core.$14\ad_pad[55:48].
Removed top 7 bits (of 8) from wire A10_A.$flatten\u_core.\u_master.\u_slave.\u_core.$16\ad_pad[63:56].
Removed top 7 bits (of 8) from wire A10_A.$flatten\u_core.\u_master.\u_slave.\u_core.$18\ad_pad[71:64].
Removed top 7 bits (of 8) from wire A10_A.$flatten\u_core.\u_master.\u_slave.\u_core.$20\ad_pad[79:72].
Removed top 7 bits (of 8) from wire A10_A.$flatten\u_core.\u_master.\u_slave.\u_core.$22\ad_pad[87:80].
Removed top 7 bits (of 8) from wire A10_A.$flatten\u_core.\u_master.\u_slave.\u_core.$24\ad_pad[95:88].
Removed top 7 bits (of 8) from wire A10_A.$flatten\u_core.\u_master.\u_slave.\u_core.$26\ad_pad[103:96].
Removed top 7 bits (of 8) from wire A10_A.$flatten\u_core.\u_master.\u_slave.\u_core.$28\ad_pad[111:104].
Removed top 7 bits (of 8) from wire A10_A.$flatten\u_core.\u_master.\u_slave.\u_core.$2\ad_pad[7:0].
Removed top 7 bits (of 8) from wire A10_A.$flatten\u_core.\u_master.\u_slave.\u_core.$30\ad_pad[119:112].
Removed top 7 bits (of 8) from wire A10_A.$flatten\u_core.\u_master.\u_slave.\u_core.$32\ad_pad[127:120].
Removed top 7 bits (of 8) from wire A10_A.$flatten\u_core.\u_master.\u_slave.\u_core.$4\ad_pad[15:8].
Removed top 7 bits (of 8) from wire A10_A.$flatten\u_core.\u_master.\u_slave.\u_core.$6\ad_pad[23:16].
Removed top 7 bits (of 8) from wire A10_A.$flatten\u_core.\u_master.\u_slave.\u_core.$8\ad_pad[31:24].
Removed top 1 bits (of 4) from wire A10_A.$flatten\u_core.\u_master.\u_slave.\u_core.$procmux$493_Y.
Removed top 1 bits (of 4) from wire A10_A.$flatten\u_core.\u_master.\u_slave.\u_core.$ternary$/foss/designs/ascon_run_deffile/ascon_core_adpt_encdec.v:156$234_Y.

69. Executing PEEPOPT pass (run peephole optimizers).

70. Executing OPT_CLEAN pass (remove unused cells and wires).
Finding unused cells or wires in module \A10_A..
Removed 0 unused cells and 19 unused wires.
<suppressed ~1 debug messages>

71. Executing ALUMACC pass (create $alu and $macc cells).
Extracting $alu and $macc cells in module A10_A:
  creating $macc model for $flatten\u_core.$add$/foss/designs/ascon_run_deffile/spi_slave.v:61$6 ($add).
  creating $macc model for $flatten\u_core.$add$/foss/designs/ascon_run_deffile/spi_slave.v:86$16 ($add).
  creating $macc model for $flatten\u_core.\u_master.\u_slave.\u_core.$add$/foss/designs/ascon_run_deffile/ascon_core_adpt_encdec.v:148$229 ($add).
  creating $alu model for $macc $flatten\u_core.\u_master.\u_slave.\u_core.$add$/foss/designs/ascon_run_deffile/ascon_core_adpt_encdec.v:148$229.
  creating $alu model for $macc $flatten\u_core.$add$/foss/designs/ascon_run_deffile/spi_slave.v:86$16.
  creating $alu model for $macc $flatten\u_core.$add$/foss/designs/ascon_run_deffile/spi_slave.v:61$6.
  creating $alu model for $flatten\u_core.$gt$/foss/designs/ascon_run_deffile/spi_slave.v:90$18 ($gt): new $alu
  creating $alu model for $flatten\u_core.\u_master.\u_slave.\u_core.$lt$/foss/designs/ascon_run_deffile/ascon_core_adpt_encdec.v:102$115 ($lt): new $alu
  creating $alu model for $flatten\u_core.\u_master.\u_slave.\u_core.$lt$/foss/designs/ascon_run_deffile/ascon_core_adpt_encdec.v:102$122 ($lt): new $alu
  creating $alu model for $flatten\u_core.\u_master.\u_slave.\u_core.$lt$/foss/designs/ascon_run_deffile/ascon_core_adpt_encdec.v:102$129 ($lt): new $alu
  creating $alu model for $flatten\u_core.\u_master.\u_slave.\u_core.$lt$/foss/designs/ascon_run_deffile/ascon_core_adpt_encdec.v:102$136 ($lt): new $alu
  creating $alu model for $flatten\u_core.\u_master.\u_slave.\u_core.$lt$/foss/designs/ascon_run_deffile/ascon_core_adpt_encdec.v:102$143 ($lt): new $alu
  creating $alu model for $flatten\u_core.\u_master.\u_slave.\u_core.$lt$/foss/designs/ascon_run_deffile/ascon_core_adpt_encdec.v:102$150 ($lt): new $alu
  creating $alu model for $flatten\u_core.\u_master.\u_slave.\u_core.$lt$/foss/designs/ascon_run_deffile/ascon_core_adpt_encdec.v:102$157 ($lt): new $alu
  creating $alu model for $flatten\u_core.\u_master.\u_slave.\u_core.$lt$/foss/designs/ascon_run_deffile/ascon_core_adpt_encdec.v:102$164 ($lt): new $alu
  creating $alu model for $flatten\u_core.\u_master.\u_slave.\u_core.$lt$/foss/designs/ascon_run_deffile/ascon_core_adpt_encdec.v:102$171 ($lt): new $alu
  creating $alu model for $flatten\u_core.\u_master.\u_slave.\u_core.$lt$/foss/designs/ascon_run_deffile/ascon_core_adpt_encdec.v:102$178 ($lt): new $alu
  creating $alu model for $flatten\u_core.\u_master.\u_slave.\u_core.$lt$/foss/designs/ascon_run_deffile/ascon_core_adpt_encdec.v:102$185 ($lt): new $alu
  creating $alu model for $flatten\u_core.\u_master.\u_slave.\u_core.$lt$/foss/designs/ascon_run_deffile/ascon_core_adpt_encdec.v:102$192 ($lt): new $alu
  creating $alu model for $flatten\u_core.\u_master.\u_slave.\u_core.$lt$/foss/designs/ascon_run_deffile/ascon_core_adpt_encdec.v:102$199 ($lt): new $alu
  creating $alu model for $flatten\u_core.\u_master.\u_slave.\u_core.$lt$/foss/designs/ascon_run_deffile/ascon_core_adpt_encdec.v:102$206 ($lt): new $alu
  creating $alu model for $flatten\u_core.\u_master.\u_slave.\u_core.$lt$/foss/designs/ascon_run_deffile/ascon_core_adpt_encdec.v:102$213 ($lt): new $alu
  creating $alu model for $flatten\u_core.\u_master.\u_slave.\u_core.$lt$/foss/designs/ascon_run_deffile/ascon_core_adpt_encdec.v:102$220 ($lt): new $alu
  creating $alu model for $flatten\u_core.$eq$/foss/designs/ascon_run_deffile/spi_slave.v:87$17 ($eq): merged with $flatten\u_core.$gt$/foss/designs/ascon_run_deffile/spi_slave.v:90$18.
  creating $alu model for $flatten\u_core.\u_master.\u_slave.\u_core.$eq$/foss/designs/ascon_run_deffile/ascon_core_adpt_encdec.v:104$125 ($eq): merged with $flatten\u_core.\u_master.\u_slave.\u_core.$lt$/foss/designs/ascon_run_deffile/ascon_core_adpt_encdec.v:102$122.
  creating $alu model for $flatten\u_core.\u_master.\u_slave.\u_core.$eq$/foss/designs/ascon_run_deffile/ascon_core_adpt_encdec.v:104$132 ($eq): merged with $flatten\u_core.\u_master.\u_slave.\u_core.$lt$/foss/designs/ascon_run_deffile/ascon_core_adpt_encdec.v:102$129.
  creating $alu model for $flatten\u_core.\u_master.\u_slave.\u_core.$eq$/foss/designs/ascon_run_deffile/ascon_core_adpt_encdec.v:104$139 ($eq): merged with $flatten\u_core.\u_master.\u_slave.\u_core.$lt$/foss/designs/ascon_run_deffile/ascon_core_adpt_encdec.v:102$136.
  creating $alu model for $flatten\u_core.\u_master.\u_slave.\u_core.$eq$/foss/designs/ascon_run_deffile/ascon_core_adpt_encdec.v:104$146 ($eq): merged with $flatten\u_core.\u_master.\u_slave.\u_core.$lt$/foss/designs/ascon_run_deffile/ascon_core_adpt_encdec.v:102$143.
  creating $alu model for $flatten\u_core.\u_master.\u_slave.\u_core.$eq$/foss/designs/ascon_run_deffile/ascon_core_adpt_encdec.v:104$153 ($eq): merged with $flatten\u_core.\u_master.\u_slave.\u_core.$lt$/foss/designs/ascon_run_deffile/ascon_core_adpt_encdec.v:102$150.
  creating $alu model for $flatten\u_core.\u_master.\u_slave.\u_core.$eq$/foss/designs/ascon_run_deffile/ascon_core_adpt_encdec.v:104$160 ($eq): merged with $flatten\u_core.\u_master.\u_slave.\u_core.$lt$/foss/designs/ascon_run_deffile/ascon_core_adpt_encdec.v:102$157.
  creating $alu model for $flatten\u_core.\u_master.\u_slave.\u_core.$eq$/foss/designs/ascon_run_deffile/ascon_core_adpt_encdec.v:104$167 ($eq): merged with $flatten\u_core.\u_master.\u_slave.\u_core.$lt$/foss/designs/ascon_run_deffile/ascon_core_adpt_encdec.v:102$164.
  creating $alu model for $flatten\u_core.\u_master.\u_slave.\u_core.$eq$/foss/designs/ascon_run_deffile/ascon_core_adpt_encdec.v:104$174 ($eq): merged with $flatten\u_core.\u_master.\u_slave.\u_core.$lt$/foss/designs/ascon_run_deffile/ascon_core_adpt_encdec.v:102$171.
  creating $alu model for $flatten\u_core.\u_master.\u_slave.\u_core.$eq$/foss/designs/ascon_run_deffile/ascon_core_adpt_encdec.v:104$181 ($eq): merged with $flatten\u_core.\u_master.\u_slave.\u_core.$lt$/foss/designs/ascon_run_deffile/ascon_core_adpt_encdec.v:102$178.
  creating $alu model for $flatten\u_core.\u_master.\u_slave.\u_core.$eq$/foss/designs/ascon_run_deffile/ascon_core_adpt_encdec.v:104$188 ($eq): merged with $flatten\u_core.\u_master.\u_slave.\u_core.$lt$/foss/designs/ascon_run_deffile/ascon_core_adpt_encdec.v:102$185.
  creating $alu model for $flatten\u_core.\u_master.\u_slave.\u_core.$eq$/foss/designs/ascon_run_deffile/ascon_core_adpt_encdec.v:104$195 ($eq): merged with $flatten\u_core.\u_master.\u_slave.\u_core.$lt$/foss/designs/ascon_run_deffile/ascon_core_adpt_encdec.v:102$192.
  creating $alu model for $flatten\u_core.\u_master.\u_slave.\u_core.$eq$/foss/designs/ascon_run_deffile/ascon_core_adpt_encdec.v:104$202 ($eq): merged with $flatten\u_core.\u_master.\u_slave.\u_core.$lt$/foss/designs/ascon_run_deffile/ascon_core_adpt_encdec.v:102$199.
  creating $alu model for $flatten\u_core.\u_master.\u_slave.\u_core.$eq$/foss/designs/ascon_run_deffile/ascon_core_adpt_encdec.v:104$209 ($eq): merged with $flatten\u_core.\u_master.\u_slave.\u_core.$lt$/foss/designs/ascon_run_deffile/ascon_core_adpt_encdec.v:102$206.
  creating $alu model for $flatten\u_core.\u_master.\u_slave.\u_core.$eq$/foss/designs/ascon_run_deffile/ascon_core_adpt_encdec.v:104$216 ($eq): merged with $flatten\u_core.\u_master.\u_slave.\u_core.$lt$/foss/designs/ascon_run_deffile/ascon_core_adpt_encdec.v:102$213.
  creating $alu model for $flatten\u_core.\u_master.\u_slave.\u_core.$eq$/foss/designs/ascon_run_deffile/ascon_core_adpt_encdec.v:104$223 ($eq): merged with $flatten\u_core.\u_master.\u_slave.\u_core.$lt$/foss/designs/ascon_run_deffile/ascon_core_adpt_encdec.v:102$220.
  creating $alu cell for $flatten\u_core.\u_master.\u_slave.\u_core.$lt$/foss/designs/ascon_run_deffile/ascon_core_adpt_encdec.v:102$220, $flatten\u_core.\u_master.\u_slave.\u_core.$eq$/foss/designs/ascon_run_deffile/ascon_core_adpt_encdec.v:104$223: $auto$alumacc.cc:512:replace_alu$2806
  creating $alu cell for $flatten\u_core.\u_master.\u_slave.\u_core.$lt$/foss/designs/ascon_run_deffile/ascon_core_adpt_encdec.v:102$213, $flatten\u_core.\u_master.\u_slave.\u_core.$eq$/foss/designs/ascon_run_deffile/ascon_core_adpt_encdec.v:104$216: $auto$alumacc.cc:512:replace_alu$2813
  creating $alu cell for $flatten\u_core.\u_master.\u_slave.\u_core.$lt$/foss/designs/ascon_run_deffile/ascon_core_adpt_encdec.v:102$206, $flatten\u_core.\u_master.\u_slave.\u_core.$eq$/foss/designs/ascon_run_deffile/ascon_core_adpt_encdec.v:104$209: $auto$alumacc.cc:512:replace_alu$2820
  creating $alu cell for $flatten\u_core.\u_master.\u_slave.\u_core.$lt$/foss/designs/ascon_run_deffile/ascon_core_adpt_encdec.v:102$199, $flatten\u_core.\u_master.\u_slave.\u_core.$eq$/foss/designs/ascon_run_deffile/ascon_core_adpt_encdec.v:104$202: $auto$alumacc.cc:512:replace_alu$2827
  creating $alu cell for $flatten\u_core.\u_master.\u_slave.\u_core.$lt$/foss/designs/ascon_run_deffile/ascon_core_adpt_encdec.v:102$192, $flatten\u_core.\u_master.\u_slave.\u_core.$eq$/foss/designs/ascon_run_deffile/ascon_core_adpt_encdec.v:104$195: $auto$alumacc.cc:512:replace_alu$2834
  creating $alu cell for $flatten\u_core.\u_master.\u_slave.\u_core.$lt$/foss/designs/ascon_run_deffile/ascon_core_adpt_encdec.v:102$185, $flatten\u_core.\u_master.\u_slave.\u_core.$eq$/foss/designs/ascon_run_deffile/ascon_core_adpt_encdec.v:104$188: $auto$alumacc.cc:512:replace_alu$2841
  creating $alu cell for $flatten\u_core.\u_master.\u_slave.\u_core.$lt$/foss/designs/ascon_run_deffile/ascon_core_adpt_encdec.v:102$178, $flatten\u_core.\u_master.\u_slave.\u_core.$eq$/foss/designs/ascon_run_deffile/ascon_core_adpt_encdec.v:104$181: $auto$alumacc.cc:512:replace_alu$2848
  creating $alu cell for $flatten\u_core.\u_master.\u_slave.\u_core.$lt$/foss/designs/ascon_run_deffile/ascon_core_adpt_encdec.v:102$171, $flatten\u_core.\u_master.\u_slave.\u_core.$eq$/foss/designs/ascon_run_deffile/ascon_core_adpt_encdec.v:104$174: $auto$alumacc.cc:512:replace_alu$2855
  creating $alu cell for $flatten\u_core.\u_master.\u_slave.\u_core.$lt$/foss/designs/ascon_run_deffile/ascon_core_adpt_encdec.v:102$164, $flatten\u_core.\u_master.\u_slave.\u_core.$eq$/foss/designs/ascon_run_deffile/ascon_core_adpt_encdec.v:104$167: $auto$alumacc.cc:512:replace_alu$2862
  creating $alu cell for $flatten\u_core.\u_master.\u_slave.\u_core.$lt$/foss/designs/ascon_run_deffile/ascon_core_adpt_encdec.v:102$157, $flatten\u_core.\u_master.\u_slave.\u_core.$eq$/foss/designs/ascon_run_deffile/ascon_core_adpt_encdec.v:104$160: $auto$alumacc.cc:512:replace_alu$2869
  creating $alu cell for $flatten\u_core.\u_master.\u_slave.\u_core.$lt$/foss/designs/ascon_run_deffile/ascon_core_adpt_encdec.v:102$150, $flatten\u_core.\u_master.\u_slave.\u_core.$eq$/foss/designs/ascon_run_deffile/ascon_core_adpt_encdec.v:104$153: $auto$alumacc.cc:512:replace_alu$2876
  creating $alu cell for $flatten\u_core.\u_master.\u_slave.\u_core.$lt$/foss/designs/ascon_run_deffile/ascon_core_adpt_encdec.v:102$143, $flatten\u_core.\u_master.\u_slave.\u_core.$eq$/foss/designs/ascon_run_deffile/ascon_core_adpt_encdec.v:104$146: $auto$alumacc.cc:512:replace_alu$2883
  creating $alu cell for $flatten\u_core.\u_master.\u_slave.\u_core.$lt$/foss/designs/ascon_run_deffile/ascon_core_adpt_encdec.v:102$136, $flatten\u_core.\u_master.\u_slave.\u_core.$eq$/foss/designs/ascon_run_deffile/ascon_core_adpt_encdec.v:104$139: $auto$alumacc.cc:512:replace_alu$2890
  creating $alu cell for $flatten\u_core.\u_master.\u_slave.\u_core.$lt$/foss/designs/ascon_run_deffile/ascon_core_adpt_encdec.v:102$129, $flatten\u_core.\u_master.\u_slave.\u_core.$eq$/foss/designs/ascon_run_deffile/ascon_core_adpt_encdec.v:104$132: $auto$alumacc.cc:512:replace_alu$2897
  creating $alu cell for $flatten\u_core.\u_master.\u_slave.\u_core.$lt$/foss/designs/ascon_run_deffile/ascon_core_adpt_encdec.v:102$122, $flatten\u_core.\u_master.\u_slave.\u_core.$eq$/foss/designs/ascon_run_deffile/ascon_core_adpt_encdec.v:104$125: $auto$alumacc.cc:512:replace_alu$2904
  creating $alu cell for $flatten\u_core.\u_master.\u_slave.\u_core.$lt$/foss/designs/ascon_run_deffile/ascon_core_adpt_encdec.v:102$115: $auto$alumacc.cc:512:replace_alu$2911
  creating $alu cell for $flatten\u_core.$gt$/foss/designs/ascon_run_deffile/spi_slave.v:90$18, $flatten\u_core.$eq$/foss/designs/ascon_run_deffile/spi_slave.v:87$17: $auto$alumacc.cc:512:replace_alu$2916
  creating $alu cell for $flatten\u_core.$add$/foss/designs/ascon_run_deffile/spi_slave.v:61$6: $auto$alumacc.cc:512:replace_alu$2927
  creating $alu cell for $flatten\u_core.$add$/foss/designs/ascon_run_deffile/spi_slave.v:86$16: $auto$alumacc.cc:512:replace_alu$2930
  creating $alu cell for $flatten\u_core.\u_master.\u_slave.\u_core.$add$/foss/designs/ascon_run_deffile/ascon_core_adpt_encdec.v:148$229: $auto$alumacc.cc:512:replace_alu$2933
  created 20 $alu and 0 $macc cells.

72. Executing SHARE pass (SAT-based resource sharing).

73. Executing OPT_EXPR pass (perform const folding).
Optimizing module A10_A.
<suppressed ~50 debug messages>

74. Executing OPT_MERGE pass (detect identical cells).
Finding identical cells in module `\A10_A'.
Computing hashes of 687 cells of `\A10_A'.
Finding duplicate cells in `\A10_A'.
Removed a total of 0 cells.

75. Executing OPT_MUXTREE pass (detect dead branches in mux trees).
Running muxtree optimizer on module \A10_A..
  Creating internal representation of mux trees.
  Evaluating internal representation of mux trees.
  Analyzing evaluation results.
Removed 0 multiplexer ports.
<suppressed ~336 debug messages>

76. Executing OPT_REDUCE pass (consolidate $*mux and $reduce_* inputs).
  Optimizing cells in module \A10_A.
Performed a total of 0 changes.

77. Executing OPT_MERGE pass (detect identical cells).
Finding identical cells in module `\A10_A'.
Computing hashes of 687 cells of `\A10_A'.
Finding duplicate cells in `\A10_A'.
Removed a total of 0 cells.

78. Executing OPT_DFF pass (perform DFF optimizations).

79. Executing OPT_CLEAN pass (remove unused cells and wires).
Finding unused cells or wires in module \A10_A..
Removed 16 unused cells and 49 unused wires.
<suppressed ~17 debug messages>

80. Executing OPT_EXPR pass (perform const folding).
Optimizing module A10_A.

81. Rerunning OPT passes. (Maybe there is more to do…)

82. Executing OPT_MUXTREE pass (detect dead branches in mux trees).
Running muxtree optimizer on module \A10_A..
  Creating internal representation of mux trees.
  Evaluating internal representation of mux trees.
  Analyzing evaluation results.
Removed 0 multiplexer ports.
<suppressed ~336 debug messages>

83. Executing OPT_REDUCE pass (consolidate $*mux and $reduce_* inputs).
  Optimizing cells in module \A10_A.
Performed a total of 0 changes.

84. Executing OPT_MERGE pass (detect identical cells).
Finding identical cells in module `\A10_A'.
Computing hashes of 671 cells of `\A10_A'.
Finding duplicate cells in `\A10_A'.
Removed a total of 0 cells.

85. Executing OPT_DFF pass (perform DFF optimizations).

86. Executing OPT_CLEAN pass (remove unused cells and wires).
Finding unused cells or wires in module \A10_A..

87. Executing OPT_EXPR pass (perform const folding).
Optimizing module A10_A.

88. Executing MEMORY pass.

88.1. Executing OPT_MEM pass (optimize memories).
Performed a total of 0 transformations.

88.2. Executing OPT_MEM_PRIORITY pass (removing unnecessary memory write priority relations).
Performed a total of 0 transformations.

88.3. Executing OPT_MEM_FEEDBACK pass (finding memory read-to-write feedback paths).

88.4. Executing MEMORY_BMUX2ROM pass (converting muxes to ROMs).

88.5. Executing MEMORY_DFF pass (merging $dff cells to $memrd).
Checking read port `$flatten\u_core.\u_master.\u_slave.\u_core.$auto$proc_rom.cc:155:do_switch$310'[0] in module `\A10_A': no output FF found.
Checking read port address `$flatten\u_core.\u_master.\u_slave.\u_core.$auto$proc_rom.cc:155:do_switch$310'[0] in module `\A10_A': address FF has async set and/or reset, not supported.

88.6. Executing OPT_CLEAN pass (remove unused cells and wires).
Finding unused cells or wires in module \A10_A..

88.7. Executing MEMORY_SHARE pass (consolidating $memrd/$memwr cells).

88.8. Executing OPT_MEM_WIDEN pass (optimize memories where all ports are wide).
Performed a total of 0 transformations.

88.9. Executing OPT_CLEAN pass (remove unused cells and wires).
Finding unused cells or wires in module \A10_A..

88.10. Executing MEMORY_COLLECT pass (generating $mem cells).

89. Executing OPT_CLEAN pass (remove unused cells and wires).
Finding unused cells or wires in module \A10_A..

90. Executing OPT_EXPR pass (perform const folding).
Optimizing module A10_A.
<suppressed ~111 debug messages>

91. Executing OPT_MERGE pass (detect identical cells).
Finding identical cells in module `\A10_A'.
Computing hashes of 609 cells of `\A10_A'.
Finding duplicate cells in `\A10_A'.
Computing hashes of 594 cells of `\A10_A'.
Finding duplicate cells in `\A10_A'.
<suppressed ~45 debug messages>
Removed a total of 15 cells.

92. Executing OPT_DFF pass (perform DFF optimizations).

93. Executing OPT_CLEAN pass (remove unused cells and wires).
Finding unused cells or wires in module \A10_A..
Removed 4 unused cells and 95 unused wires.
<suppressed ~5 debug messages>

94. Executing MEMORY_MAP pass (converting memories to logic and flip-flops).
Mapping memory $flatten\u_core.\u_master.\u_slave.\u_core.$auto$proc_rom.cc:155:do_switch$310 in module \A10_A:
  created 16 $dff cells and 0 static cells of width 8.
  read interface: 0 $dff and 15 $mux cells.
  write interface: 0 write mux blocks.

95. Executing OPT_EXPR pass (perform const folding).
Optimizing module A10_A.
<suppressed ~9 debug messages>

96. Executing OPT_MERGE pass (detect identical cells).
Finding identical cells in module `\A10_A'.
Computing hashes of 601 cells of `\A10_A'.
Finding duplicate cells in `\A10_A'.
Computing hashes of 600 cells of `\A10_A'.
Finding duplicate cells in `\A10_A'.
<suppressed ~3 debug messages>
Removed a total of 1 cells.

97. Executing OPT_MUXTREE pass (detect dead branches in mux trees).
Running muxtree optimizer on module \A10_A..
  Creating internal representation of mux trees.
  Evaluating internal representation of mux trees.
  Analyzing evaluation results.
Removed 0 multiplexer ports.
<suppressed ~218 debug messages>

98. Executing OPT_REDUCE pass (consolidate $*mux and $reduce_* inputs).
  Optimizing cells in module \A10_A.
    Consolidated identical input bits for $mux cell $memory$flatten\u_core.\u_master.\u_slave.\u_core.$auto$proc_rom.cc:155:do_switch$310$rdmux[0][3][2]$2995:
      Old ports: A=8'11110000, B=8'11100001, Y=$memory$flatten\u_core.\u_master.\u_slave.\u_core.$auto$proc_rom.cc:155:do_switch$310$rdmux[0][2][1]$a$2981
      New ports: A=2'10, B=2'01, Y={ $memory$flatten\u_core.\u_master.\u_slave.\u_core.$auto$proc_rom.cc:155:do_switch$310$rdmux[0][2][1]$a$2981 [4] $memory$flatten\u_core.\u_master.\u_slave.\u_core.$auto$proc_rom.cc:155:do_switch$310$rdmux[0][2][1]$a$2981 [0] }
      New connections: { $memory$flatten\u_core.\u_master.\u_slave.\u_core.$auto$proc_rom.cc:155:do_switch$310$rdmux[0][2][1]$a$2981 [7:5] $memory$flatten\u_core.\u_master.\u_slave.\u_core.$auto$proc_rom.cc:155:do_switch$310$rdmux[0][2][1]$a$2981 [3:1] } = 6'111000
    Consolidated identical input bits for $mux cell $memory$flatten\u_core.\u_master.\u_slave.\u_core.$auto$proc_rom.cc:155:do_switch$310$rdmux[0][3][6]$3007:
      Old ports: A=8'01111000, B=8'01101001, Y=$memory$flatten\u_core.\u_master.\u_slave.\u_core.$auto$proc_rom.cc:155:do_switch$310$rdmux[0][2][3]$a$2987
      New ports: A=2'10, B=2'01, Y={ $memory$flatten\u_core.\u_master.\u_slave.\u_core.$auto$proc_rom.cc:155:do_switch$310$rdmux[0][2][3]$a$2987 [4] $memory$flatten\u_core.\u_master.\u_slave.\u_core.$auto$proc_rom.cc:155:do_switch$310$rdmux[0][2][3]$a$2987 [0] }
      New connections: { $memory$flatten\u_core.\u_master.\u_slave.\u_core.$auto$proc_rom.cc:155:do_switch$310$rdmux[0][2][3]$a$2987 [7:5] $memory$flatten\u_core.\u_master.\u_slave.\u_core.$auto$proc_rom.cc:155:do_switch$310$rdmux[0][2][3]$a$2987 [3:1] } = 6'011100
    Consolidated identical input bits for $mux cell $memory$flatten\u_core.\u_master.\u_slave.\u_core.$auto$proc_rom.cc:155:do_switch$310$rdmux[0][3][5]$3004:
      Old ports: A=8'10010110, B=8'10000111, Y=$memory$flatten\u_core.\u_master.\u_slave.\u_core.$auto$proc_rom.cc:155:do_switch$310$rdmux[0][2][2]$b$2985
      New ports: A=2'10, B=2'01, Y={ $memory$flatten\u_core.\u_master.\u_slave.\u_core.$auto$proc_rom.cc:155:do_switch$310$rdmux[0][2][2]$b$2985 [4] $memory$flatten\u_core.\u_master.\u_slave.\u_core.$auto$proc_rom.cc:155:do_switch$310$rdmux[0][2][2]$b$2985 [0] }
      New connections: { $memory$flatten\u_core.\u_master.\u_slave.\u_core.$auto$proc_rom.cc:155:do_switch$310$rdmux[0][2][2]$b$2985 [7:5] $memory$flatten\u_core.\u_master.\u_slave.\u_core.$auto$proc_rom.cc:155:do_switch$310$rdmux[0][2][2]$b$2985 [3:1] } = 6'100011
    Consolidated identical input bits for $mux cell $memory$flatten\u_core.\u_master.\u_slave.\u_core.$auto$proc_rom.cc:155:do_switch$310$rdmux[0][3][4]$3001:
      Old ports: A=8'10110100, B=8'10100101, Y=$memory$flatten\u_core.\u_master.\u_slave.\u_core.$auto$proc_rom.cc:155:do_switch$310$rdmux[0][2][2]$a$2984
      New ports: A=2'10, B=2'01, Y={ $memory$flatten\u_core.\u_master.\u_slave.\u_core.$auto$proc_rom.cc:155:do_switch$310$rdmux[0][2][2]$a$2984 [4] $memory$flatten\u_core.\u_master.\u_slave.\u_core.$auto$proc_rom.cc:155:do_switch$310$rdmux[0][2][2]$a$2984 [0] }
      New connections: { $memory$flatten\u_core.\u_master.\u_slave.\u_core.$auto$proc_rom.cc:155:do_switch$310$rdmux[0][2][2]$a$2984 [7:5] $memory$flatten\u_core.\u_master.\u_slave.\u_core.$auto$proc_rom.cc:155:do_switch$310$rdmux[0][2][2]$a$2984 [3:1] } = 6'101010
    Consolidated identical input bits for $mux cell $memory$flatten\u_core.\u_master.\u_slave.\u_core.$auto$proc_rom.cc:155:do_switch$310$rdmux[0][3][3]$2998:
      Old ports: A=8'11010010, B=8'11000011, Y=$memory$flatten\u_core.\u_master.\u_slave.\u_core.$auto$proc_rom.cc:155:do_switch$310$rdmux[0][2][1]$b$2982
      New ports: A=2'10, B=2'01, Y={ $memory$flatten\u_core.\u_master.\u_slave.\u_core.$auto$proc_rom.cc:155:do_switch$310$rdmux[0][2][1]$b$2982 [4] $memory$flatten\u_core.\u_master.\u_slave.\u_core.$auto$proc_rom.cc:155:do_switch$310$rdmux[0][2][1]$b$2982 [0] }
      New connections: { $memory$flatten\u_core.\u_master.\u_slave.\u_core.$auto$proc_rom.cc:155:do_switch$310$rdmux[0][2][1]$b$2982 [7:5] $memory$flatten\u_core.\u_master.\u_slave.\u_core.$auto$proc_rom.cc:155:do_switch$310$rdmux[0][2][1]$b$2982 [3:1] } = 6'110001
    Consolidated identical input bits for $mux cell $flatten\u_core.$procmux$1639:
      Old ports: A={ \u_core.miso_sr [30:0] 1'0 }, B={ \u_core.rd_data_clk [30:0] 1'0 }, Y=$flatten\u_core.$procmux$1639_Y
      New ports: A=\u_core.miso_sr [30:0], B=\u_core.rd_data_clk [30:0], Y=$flatten\u_core.$procmux$1639_Y [31:1]
      New connections: $flatten\u_core.$procmux$1639_Y [0] = 1'0
    New ctrl vector for $pmux cell $flatten\u_core.\u_master.$procmux$1425: \u_core.u_master.st [4]
    New ctrl vector for $pmux cell $flatten\u_core.\u_master.$procmux$1472: \u_core.u_master.st [3]
    Consolidated identical input bits for $mux cell $memory$flatten\u_core.\u_master.\u_slave.\u_core.$auto$proc_rom.cc:155:do_switch$310$rdmux[0][3][7]$3010:
      Old ports: A=8'01011010, B=8'01001011, Y=$memory$flatten\u_core.\u_master.\u_slave.\u_core.$auto$proc_rom.cc:155:do_switch$310$rdmux[0][2][3]$b$2988
      New ports: A=2'10, B=2'01, Y={ $memory$flatten\u_core.\u_master.\u_slave.\u_core.$auto$proc_rom.cc:155:do_switch$310$rdmux[0][2][3]$b$2988 [4] $memory$flatten\u_core.\u_master.\u_slave.\u_core.$auto$proc_rom.cc:155:do_switch$310$rdmux[0][2][3]$b$2988 [0] }
      New connections: { $memory$flatten\u_core.\u_master.\u_slave.\u_core.$auto$proc_rom.cc:155:do_switch$310$rdmux[0][2][3]$b$2988 [7:5] $memory$flatten\u_core.\u_master.\u_slave.\u_core.$auto$proc_rom.cc:155:do_switch$310$rdmux[0][2][3]$b$2988 [3:1] } = 6'010101
    New ctrl vector for $pmux cell $flatten\u_core.\u_master.\u_slave.\u_core.$procmux$379: $flatten\u_core.\u_master.\u_slave.\u_core.$procmux$394_CMP
    New ctrl vector for $pmux cell $flatten\u_core.\u_master.\u_slave.\u_core.$procmux$413: { $flatten\u_core.\u_master.\u_slave.\u_core.$procmux$394_CMP $auto$opt_reduce.cc:137:opt_pmux$3014 }
    Consolidated identical input bits for $pmux cell $flatten\u_core.\u_master.\u_slave.\u_core.$procmux$437:
      Old ports: A=4'0010, B={ 1'0 $auto$wreduce.cc:514:run$2788 [2:0] 8'01010111 }, Y=$flatten\u_core.\u_master.\u_slave.\u_core.$0\ret_st[3:0]
      New ports: A=3'010, B={ $auto$wreduce.cc:514:run$2788 [2:0] 6'101111 }, Y=$flatten\u_core.\u_master.\u_slave.\u_core.$0\ret_st[3:0] [2:0]
      New connections: $flatten\u_core.\u_master.\u_slave.\u_core.$0\ret_st[3:0] [3] = 1'0
    New ctrl vector for $pmux cell $flatten\u_core.\u_master.\u_slave.\u_core.$procmux$490: { $flatten\u_core.\u_master.\u_slave.\u_core.$procmux$394_CMP $flatten\u_core.\u_master.\u_slave.\u_core.$procmux$506_CMP \u_core.u_master.u_slave.core_ad_ready $flatten\u_core.\u_master.\u_slave.\u_core.$procmux$499_CMP \u_core.u_master.u_slave.core_din_ready $flatten\u_core.\u_master.\u_slave.\u_core.$0\dout_valid[0:0] $auto$opt_reduce.cc:137:opt_pmux$3016 }
    Consolidated identical input bits for $mux cell $flatten\u_core.\u_master.\u_slave.\u_core.$procmux$493:
      Old ports: A=3'001, B=3'110, Y=$auto$wreduce.cc:514:run$2787 [2:0]
      New ports: A=2'01, B=2'10, Y=$auto$wreduce.cc:514:run$2787 [1:0]
      New connections: $auto$wreduce.cc:514:run$2787 [2] = $auto$wreduce.cc:514:run$2787 [1]
    Consolidated identical input bits for $mux cell $flatten\u_core.\u_master.\u_slave.\u_core.$procmux$503:
      Old ports: A=4'0001, B=4'0100, Y=$flatten\u_core.\u_master.\u_slave.\u_core.$procmux$503_Y
      New ports: A=2'01, B=2'10, Y={ $flatten\u_core.\u_master.\u_slave.\u_core.$procmux$503_Y [2] $flatten\u_core.\u_master.\u_slave.\u_core.$procmux$503_Y [0] }
      New connections: { $flatten\u_core.\u_master.\u_slave.\u_core.$procmux$503_Y [3] $flatten\u_core.\u_master.\u_slave.\u_core.$procmux$503_Y [1] } = 2'00
    Consolidated identical input bits for $mux cell $flatten\u_core.\u_master.\u_slave.\u_core.$ternary$/foss/designs/ascon_run_deffile/ascon_core_adpt_encdec.v:156$234:
      Old ports: A=3'011, B=3'100, Y=$auto$wreduce.cc:514:run$2788 [2:0]
      New ports: A=2'01, B=2'10, Y={ $auto$wreduce.cc:514:run$2788 [2] $auto$wreduce.cc:514:run$2788 [0] }
      New connections: $auto$wreduce.cc:514:run$2788 [1] = $auto$wreduce.cc:514:run$2788 [0]
  Optimizing cells in module \A10_A.
    Consolidated identical input bits for $mux cell $memory$flatten\u_core.\u_master.\u_slave.\u_core.$auto$proc_rom.cc:155:do_switch$310$rdmux[0][2][3]$2986:
      Old ports: A=$memory$flatten\u_core.\u_master.\u_slave.\u_core.$auto$proc_rom.cc:155:do_switch$310$rdmux[0][2][3]$a$2987, B=$memory$flatten\u_core.\u_master.\u_slave.\u_core.$auto$proc_rom.cc:155:do_switch$310$rdmux[0][2][3]$b$2988, Y=$memory$flatten\u_core.\u_master.\u_slave.\u_core.$auto$proc_rom.cc:155:do_switch$310$rdmux[0][1][1]$b$2976
      New ports: A={ 1'1 $memory$flatten\u_core.\u_master.\u_slave.\u_core.$auto$proc_rom.cc:155:do_switch$310$rdmux[0][2][3]$a$2987 [4] 1'0 $memory$flatten\u_core.\u_master.\u_slave.\u_core.$auto$proc_rom.cc:155:do_switch$310$rdmux[0][2][3]$a$2987 [0] }, B={ 1'0 $memory$flatten\u_core.\u_master.\u_slave.\u_core.$auto$proc_rom.cc:155:do_switch$310$rdmux[0][2][3]$b$2988 [4] 1'1 $memory$flatten\u_core.\u_master.\u_slave.\u_core.$auto$proc_rom.cc:155:do_switch$310$rdmux[0][2][3]$b$2988 [0] }, Y={ $memory$flatten\u_core.\u_master.\u_slave.\u_core.$auto$proc_rom.cc:155:do_switch$310$rdmux[0][1][1]$b$2976 [5:4] $memory$flatten\u_core.\u_master.\u_slave.\u_core.$auto$proc_rom.cc:155:do_switch$310$rdmux[0][1][1]$b$2976 [1:0] }
      New connections: { $memory$flatten\u_core.\u_master.\u_slave.\u_core.$auto$proc_rom.cc:155:do_switch$310$rdmux[0][1][1]$b$2976 [7:6] $memory$flatten\u_core.\u_master.\u_slave.\u_core.$auto$proc_rom.cc:155:do_switch$310$rdmux[0][1][1]$b$2976 [3:2] } = 4'0110
    Consolidated identical input bits for $mux cell $memory$flatten\u_core.\u_master.\u_slave.\u_core.$auto$proc_rom.cc:155:do_switch$310$rdmux[0][2][2]$2983:
      Old ports: A=$memory$flatten\u_core.\u_master.\u_slave.\u_core.$auto$proc_rom.cc:155:do_switch$310$rdmux[0][2][2]$a$2984, B=$memory$flatten\u_core.\u_master.\u_slave.\u_core.$auto$proc_rom.cc:155:do_switch$310$rdmux[0][2][2]$b$2985, Y=$memory$flatten\u_core.\u_master.\u_slave.\u_core.$auto$proc_rom.cc:155:do_switch$310$rdmux[0][1][1]$a$2975
      New ports: A={ 1'1 $memory$flatten\u_core.\u_master.\u_slave.\u_core.$auto$proc_rom.cc:155:do_switch$310$rdmux[0][2][2]$a$2984 [4] 1'0 $memory$flatten\u_core.\u_master.\u_slave.\u_core.$auto$proc_rom.cc:155:do_switch$310$rdmux[0][2][2]$a$2984 [0] }, B={ 1'0 $memory$flatten\u_core.\u_master.\u_slave.\u_core.$auto$proc_rom.cc:155:do_switch$310$rdmux[0][2][2]$b$2985 [4] 1'1 $memory$flatten\u_core.\u_master.\u_slave.\u_core.$auto$proc_rom.cc:155:do_switch$310$rdmux[0][2][2]$b$2985 [0] }, Y={ $memory$flatten\u_core.\u_master.\u_slave.\u_core.$auto$proc_rom.cc:155:do_switch$310$rdmux[0][1][1]$a$2975 [5:4] $memory$flatten\u_core.\u_master.\u_slave.\u_core.$auto$proc_rom.cc:155:do_switch$310$rdmux[0][1][1]$a$2975 [1:0] }
      New connections: { $memory$flatten\u_core.\u_master.\u_slave.\u_core.$auto$proc_rom.cc:155:do_switch$310$rdmux[0][1][1]$a$2975 [7:6] $memory$flatten\u_core.\u_master.\u_slave.\u_core.$auto$proc_rom.cc:155:do_switch$310$rdmux[0][1][1]$a$2975 [3:2] } = 4'1001
    Consolidated identical input bits for $mux cell $memory$flatten\u_core.\u_master.\u_slave.\u_core.$auto$proc_rom.cc:155:do_switch$310$rdmux[0][2][1]$2980:
      Old ports: A=$memory$flatten\u_core.\u_master.\u_slave.\u_core.$auto$proc_rom.cc:155:do_switch$310$rdmux[0][2][1]$a$2981, B=$memory$flatten\u_core.\u_master.\u_slave.\u_core.$auto$proc_rom.cc:155:do_switch$310$rdmux[0][2][1]$b$2982, Y=$memory$flatten\u_core.\u_master.\u_slave.\u_core.$auto$proc_rom.cc:155:do_switch$310$rdmux[0][1][0]$b$2973
      New ports: A={ 1'1 $memory$flatten\u_core.\u_master.\u_slave.\u_core.$auto$proc_rom.cc:155:do_switch$310$rdmux[0][2][1]$a$2981 [4] 1'0 $memory$flatten\u_core.\u_master.\u_slave.\u_core.$auto$proc_rom.cc:155:do_switch$310$rdmux[0][2][1]$a$2981 [0] }, B={ 1'0 $memory$flatten\u_core.\u_master.\u_slave.\u_core.$auto$proc_rom.cc:155:do_switch$310$rdmux[0][2][1]$b$2982 [4] 1'1 $memory$flatten\u_core.\u_master.\u_slave.\u_core.$auto$proc_rom.cc:155:do_switch$310$rdmux[0][2][1]$b$2982 [0] }, Y={ $memory$flatten\u_core.\u_master.\u_slave.\u_core.$auto$proc_rom.cc:155:do_switch$310$rdmux[0][1][0]$b$2973 [5:4] $memory$flatten\u_core.\u_master.\u_slave.\u_core.$auto$proc_rom.cc:155:do_switch$310$rdmux[0][1][0]$b$2973 [1:0] }
      New connections: { $memory$flatten\u_core.\u_master.\u_slave.\u_core.$auto$proc_rom.cc:155:do_switch$310$rdmux[0][1][0]$b$2973 [7:6] $memory$flatten\u_core.\u_master.\u_slave.\u_core.$auto$proc_rom.cc:155:do_switch$310$rdmux[0][1][0]$b$2973 [3:2] } = 4'1100
  Optimizing cells in module \A10_A.
    Consolidated identical input bits for $mux cell $memory$flatten\u_core.\u_master.\u_slave.\u_core.$auto$proc_rom.cc:155:do_switch$310$rdmux[0][1][1]$2974:
      Old ports: A=$memory$flatten\u_core.\u_master.\u_slave.\u_core.$auto$proc_rom.cc:155:do_switch$310$rdmux[0][1][1]$a$2975, B=$memory$flatten\u_core.\u_master.\u_slave.\u_core.$auto$proc_rom.cc:155:do_switch$310$rdmux[0][1][1]$b$2976, Y=$memory$flatten\u_core.\u_master.\u_slave.\u_core.$auto$proc_rom.cc:155:do_switch$310$rdmux[0][0][0]$b$2970
      New ports: A={ $memory$flatten\u_core.\u_master.\u_slave.\u_core.$auto$proc_rom.cc:155:do_switch$310$rdmux[0][1][1]$a$2975 [5:4] 2'01 $memory$flatten\u_core.\u_master.\u_slave.\u_core.$auto$proc_rom.cc:155:do_switch$310$rdmux[0][1][1]$a$2975 [1:0] }, B={ $memory$flatten\u_core.\u_master.\u_slave.\u_core.$auto$proc_rom.cc:155:do_switch$310$rdmux[0][1][1]$b$2976 [5:4] 2'10 $memory$flatten\u_core.\u_master.\u_slave.\u_core.$auto$proc_rom.cc:155:do_switch$310$rdmux[0][1][1]$b$2976 [1:0] }, Y=$memory$flatten\u_core.\u_master.\u_slave.\u_core.$auto$proc_rom.cc:155:do_switch$310$rdmux[0][0][0]$b$2970 [5:0]
      New connections: $memory$flatten\u_core.\u_master.\u_slave.\u_core.$auto$proc_rom.cc:155:do_switch$310$rdmux[0][0][0]$b$2970 [7:6] = { $memory$flatten\u_core.\u_master.\u_slave.\u_core.$auto$proc_rom.cc:155:do_switch$310$rdmux[0][0][0]$b$2970 [2] $memory$flatten\u_core.\u_master.\u_slave.\u_core.$auto$proc_rom.cc:155:do_switch$310$rdmux[0][0][0]$b$2970 [3] }
    Consolidated identical input bits for $mux cell $memory$flatten\u_core.\u_master.\u_slave.\u_core.$auto$proc_rom.cc:155:do_switch$310$rdmux[0][1][0]$2971:
      Old ports: A=8'00000000, B=$memory$flatten\u_core.\u_master.\u_slave.\u_core.$auto$proc_rom.cc:155:do_switch$310$rdmux[0][1][0]$b$2973, Y=$memory$flatten\u_core.\u_master.\u_slave.\u_core.$auto$proc_rom.cc:155:do_switch$310$rdmux[0][0][0]$a$2969
      New ports: A=5'00000, B={ 1'1 $memory$flatten\u_core.\u_master.\u_slave.\u_core.$auto$proc_rom.cc:155:do_switch$310$rdmux[0][1][0]$b$2973 [5:4] $memory$flatten\u_core.\u_master.\u_slave.\u_core.$auto$proc_rom.cc:155:do_switch$310$rdmux[0][1][0]$b$2973 [1:0] }, Y={ $memory$flatten\u_core.\u_master.\u_slave.\u_core.$auto$proc_rom.cc:155:do_switch$310$rdmux[0][0][0]$a$2969 [6:4] $memory$flatten\u_core.\u_master.\u_slave.\u_core.$auto$proc_rom.cc:155:do_switch$310$rdmux[0][0][0]$a$2969 [1:0] }
      New connections: { $memory$flatten\u_core.\u_master.\u_slave.\u_core.$auto$proc_rom.cc:155:do_switch$310$rdmux[0][0][0]$a$2969 [7] $memory$flatten\u_core.\u_master.\u_slave.\u_core.$auto$proc_rom.cc:155:do_switch$310$rdmux[0][0][0]$a$2969 [3:2] } = { $memory$flatten\u_core.\u_master.\u_slave.\u_core.$auto$proc_rom.cc:155:do_switch$310$rdmux[0][0][0]$a$2969 [6] 2'00 }
  Optimizing cells in module \A10_A.
Performed a total of 21 changes.

99. Executing OPT_MERGE pass (detect identical cells).
Finding identical cells in module `\A10_A'.
Computing hashes of 602 cells of `\A10_A'.
Finding duplicate cells in `\A10_A'.
Computing hashes of 597 cells of `\A10_A'.
Finding duplicate cells in `\A10_A'.
Computing hashes of 595 cells of `\A10_A'.
Finding duplicate cells in `\A10_A'.
<suppressed ~21 debug messages>
Removed a total of 7 cells.

100. Executing OPT_SHARE pass.

101. Executing OPT_DFF pass (perform DFF optimizations).

102. Executing OPT_CLEAN pass (remove unused cells and wires).
Finding unused cells or wires in module \A10_A..
Removed 0 unused cells and 27 unused wires.
<suppressed ~1 debug messages>

103. Executing OPT_EXPR pass (perform const folding).
Optimizing module A10_A.
<suppressed ~3 debug messages>

104. Rerunning OPT passes. (Maybe there is more to do…)

105. Executing OPT_MUXTREE pass (detect dead branches in mux trees).
Running muxtree optimizer on module \A10_A..
  Creating internal representation of mux trees.
  Evaluating internal representation of mux trees.
  Analyzing evaluation results.
Removed 0 multiplexer ports.
<suppressed ~216 debug messages>

106. Executing OPT_REDUCE pass (consolidate $*mux and $reduce_* inputs).
  Optimizing cells in module \A10_A.
    Consolidated identical input bits for $mux cell $memory$flatten\u_core.\u_master.\u_slave.\u_core.$auto$proc_rom.cc:155:do_switch$310$rdmux[0][1][1]$2974:
      Old ports: A={ $memory$flatten\u_core.\u_master.\u_slave.\u_core.$auto$proc_rom.cc:155:do_switch$310$rdmux[0][1][0]$b$2973 [5:4] 2'01 $memory$flatten\u_core.\u_master.\u_slave.\u_core.$auto$proc_rom.cc:155:do_switch$310$rdmux[0][1][0]$b$2973 [1:0] }, B={ $memory$flatten\u_core.\u_master.\u_slave.\u_core.$auto$proc_rom.cc:155:do_switch$310$rdmux[0][1][0]$b$2973 [5:4] 2'10 $memory$flatten\u_core.\u_master.\u_slave.\u_core.$auto$proc_rom.cc:155:do_switch$310$rdmux[0][1][0]$b$2973 [1:0] }, Y=$memory$flatten\u_core.\u_master.\u_slave.\u_core.$auto$proc_rom.cc:155:do_switch$310$rdmux[0][0][0]$b$2970 [5:0]
      New ports: A=2'01, B=2'10, Y=$memory$flatten\u_core.\u_master.\u_slave.\u_core.$auto$proc_rom.cc:155:do_switch$310$rdmux[0][0][0]$b$2970 [3:2]
      New connections: { $memory$flatten\u_core.\u_master.\u_slave.\u_core.$auto$proc_rom.cc:155:do_switch$310$rdmux[0][0][0]$b$2970 [5:4] $memory$flatten\u_core.\u_master.\u_slave.\u_core.$auto$proc_rom.cc:155:do_switch$310$rdmux[0][0][0]$b$2970 [1:0] } = { $memory$flatten\u_core.\u_master.\u_slave.\u_core.$auto$proc_rom.cc:155:do_switch$310$rdmux[0][1][0]$b$2973 [5:4] $memory$flatten\u_core.\u_master.\u_slave.\u_core.$auto$proc_rom.cc:155:do_switch$310$rdmux[0][1][0]$b$2973 [1:0] }
    Consolidated identical input bits for $mux cell $memory$flatten\u_core.\u_master.\u_slave.\u_core.$auto$proc_rom.cc:155:do_switch$310$rdmux[0][2][3]$2986:
      Old ports: A={ 1'1 $memory$flatten\u_core.\u_master.\u_slave.\u_core.$auto$proc_rom.cc:155:do_switch$310$rdmux[0][2][1]$a$2981 [4] 1'0 $memory$flatten\u_core.\u_master.\u_slave.\u_core.$auto$proc_rom.cc:155:do_switch$310$rdmux[0][2][1]$a$2981 [0] }, B={ 1'0 $memory$flatten\u_core.\u_master.\u_slave.\u_core.$auto$proc_rom.cc:155:do_switch$310$rdmux[0][2][1]$a$2981 [4] 1'1 $memory$flatten\u_core.\u_master.\u_slave.\u_core.$auto$proc_rom.cc:155:do_switch$310$rdmux[0][2][1]$a$2981 [0] }, Y={ $memory$flatten\u_core.\u_master.\u_slave.\u_core.$auto$proc_rom.cc:155:do_switch$310$rdmux[0][1][0]$b$2973 [5:4] $memory$flatten\u_core.\u_master.\u_slave.\u_core.$auto$proc_rom.cc:155:do_switch$310$rdmux[0][1][0]$b$2973 [1:0] }
      New ports: A=2'10, B=2'01, Y={ $memory$flatten\u_core.\u_master.\u_slave.\u_core.$auto$proc_rom.cc:155:do_switch$310$rdmux[0][1][0]$b$2973 [5] $memory$flatten\u_core.\u_master.\u_slave.\u_core.$auto$proc_rom.cc:155:do_switch$310$rdmux[0][1][0]$b$2973 [1] }
      New connections: { $memory$flatten\u_core.\u_master.\u_slave.\u_core.$auto$proc_rom.cc:155:do_switch$310$rdmux[0][1][0]$b$2973 [4] $memory$flatten\u_core.\u_master.\u_slave.\u_core.$auto$proc_rom.cc:155:do_switch$310$rdmux[0][1][0]$b$2973 [0] } = { $memory$flatten\u_core.\u_master.\u_slave.\u_core.$auto$proc_rom.cc:155:do_switch$310$rdmux[0][2][1]$a$2981 [4] $memory$flatten\u_core.\u_master.\u_slave.\u_core.$auto$proc_rom.cc:155:do_switch$310$rdmux[0][2][1]$a$2981 [0] }
  Optimizing cells in module \A10_A.
Performed a total of 2 changes.

107. Executing OPT_MERGE pass (detect identical cells).
Finding identical cells in module `\A10_A'.
Computing hashes of 593 cells of `\A10_A'.
Finding duplicate cells in `\A10_A'.
Removed a total of 0 cells.

108. Executing OPT_SHARE pass.

109. Executing OPT_DFF pass (perform DFF optimizations).
Setting constant 0-bit at position 3 on $auto$ff.cc:337:slice$2448 ($adffe) from module A10_A.
Setting constant 0-bit at position 0 on $auto$ff.cc:337:slice$2763 ($adffe) from module A10_A.

110. Executing OPT_CLEAN pass (remove unused cells and wires).
Finding unused cells or wires in module \A10_A..
Removed 0 unused cells and 4 unused wires.
<suppressed ~1 debug messages>

111. Executing OPT_EXPR pass (perform const folding).
Optimizing module A10_A.

112. Rerunning OPT passes. (Maybe there is more to do…)

113. Executing OPT_MUXTREE pass (detect dead branches in mux trees).
Running muxtree optimizer on module \A10_A..
  Creating internal representation of mux trees.
  Evaluating internal representation of mux trees.
  Analyzing evaluation results.
Removed 0 multiplexer ports.
<suppressed ~211 debug messages>

114. Executing OPT_REDUCE pass (consolidate $*mux and $reduce_* inputs).
  Optimizing cells in module \A10_A.
Performed a total of 0 changes.

115. Executing OPT_MERGE pass (detect identical cells).
Finding identical cells in module `\A10_A'.
Computing hashes of 593 cells of `\A10_A'.
Finding duplicate cells in `\A10_A'.
Removed a total of 0 cells.

116. Executing OPT_SHARE pass.

117. Executing OPT_DFF pass (perform DFF optimizations).

118. Executing OPT_CLEAN pass (remove unused cells and wires).
Finding unused cells or wires in module \A10_A..

119. Executing OPT_EXPR pass (perform const folding).
Optimizing module A10_A.

120. Executing TECHMAP pass (map to technology primitives).

120.1. Executing Verilog-2005 frontend: /foss/tools/yosys/bin/../share/yosys/techmap.v
Parsing Verilog input from `/foss/tools/yosys/bin/../share/yosys/techmap.v' to AST representation.
Generating RTLIL representation for module `\_90_simplemap_bool_ops'.
Generating RTLIL representation for module `\_90_simplemap_reduce_ops'.
Generating RTLIL representation for module `\_90_simplemap_logic_ops'.
Generating RTLIL representation for module `\_90_simplemap_compare_ops'.
Generating RTLIL representation for module `\_90_simplemap_various'.
Generating RTLIL representation for module `\_90_simplemap_registers'.
Generating RTLIL representation for module `\_90_shift_ops_shr_shl_sshl_sshr'.
Generating RTLIL representation for module `\_90_shift_shiftx'.
Generating RTLIL representation for module `\_90_fa'.
Generating RTLIL representation for module `\_90_lcu_brent_kung'.
Generating RTLIL representation for module `\_90_alu'.
Generating RTLIL representation for module `\_90_macc'.
Generating RTLIL representation for module `\_90_alumacc'.
Generating RTLIL representation for module `$__div_mod_u'.
Generating RTLIL representation for module `$__div_mod_trunc'.
Generating RTLIL representation for module `\_90_div'.
Generating RTLIL representation for module `\_90_mod'.
Generating RTLIL representation for module `$__div_mod_floor'.
Generating RTLIL representation for module `\_90_divfloor'.
Generating RTLIL representation for module `\_90_modfloor'.
Generating RTLIL representation for module `\_90_pow'.
Generating RTLIL representation for module `\_90_pmux'.
Generating RTLIL representation for module `\_90_demux'.
Generating RTLIL representation for module `\_90_lut'.
Generating RTLIL representation for module `$connect'.
Generating RTLIL representation for module `$input_port'.
Successfully finished Verilog frontend.

120.2. Continuing TECHMAP pass.
Using extmapper simplemap for cells of type $adffe.
Using extmapper simplemap for cells of type $reduce_or.
Using template $paramod$32a7b7b86c07519b7537abc18e96f0331f97914d\_90_alu for cells of type $alu.
Using template $paramod$32efbfac1c4dc57230cf86180788fdfd12e3b511\_90_alu for cells of type $alu.
Using extmapper simplemap for cells of type $not.
Using extmapper simplemap for cells of type $or.
Using extmapper simplemap for cells of type $reduce_and.
Using template $paramod$68eb2ee261b49d479fb9d9ec0659e1d20891082b\_90_alu for cells of type $alu.
Using template $paramod$672a140277c71df8314410f22acc08d55222c3c7\_90_alu for cells of type $alu.
Using template $paramod$6b90a16b6f3b57b9c9d958838204f952a01dc262\_90_alu for cells of type $alu.
Using template $paramod$3ac6e4268d0279df14823f25676acf685165517e\_90_alu for cells of type $alu.
Using template $paramod$7af24cf7f572852703f08ef7a936c59efa2c57af\_90_alu for cells of type $alu.
Using template $paramod$03eba0cdd46566f6651a3011e0b5671fa6b5e494\_90_alu for cells of type $alu.
Using template $paramod$f85408ed1aa3d09e465edae8a7bf590332ae9f7b\_90_alu for cells of type $alu.
Using template $paramod$d1615bf4e5e328245ffd1550e5fe105901cda77b\_90_alu for cells of type $alu.
Using template $paramod$83dd457849c736323edf2edb15923eb27f99c683\_90_alu for cells of type $alu.
Using template $paramod$1a3a0c35c4a4896fbfd612699525c057298e72d2\_90_alu for cells of type $alu.
Using template $paramod$79fc7abbb3333dbd5736999d565fd903198fb1eb\_90_alu for cells of type $alu.
Using template $paramod$adbaf76fa5a3091a329503792521395f8ff4d1a4\_90_alu for cells of type $alu.
Using extmapper simplemap for cells of type $reduce_bool.
Using extmapper simplemap for cells of type $ne.
Using extmapper simplemap for cells of type $and.
Using extmapper simplemap for cells of type $eq.
Using extmapper simplemap for cells of type $logic_not.
Using extmapper simplemap for cells of type $adff.
Using extmapper simplemap for cells of type $logic_and.
Using template $paramod$c5c783b17ab1d780abfad8cfe6563a0a7b47a3b0\_90_pmux for cells of type $pmux.
Using extmapper simplemap for cells of type $mux.
Using extmapper simplemap for cells of type $xor.
Using template $paramod$bf2533632d512eac76dd186c0da49367e29b8e98\_90_pmux for cells of type $pmux.
Using template $paramod$85df5dc01c7df96a7d8e5f1fdf76ce9ac452af63\_90_pmux for cells of type $pmux.
Using template $paramod$33afdd83bf3811dac2de7a968d39eea5718691bc\_90_pmux for cells of type $pmux.
Using template $paramod$b76f0c7d813c9b9e201e1c450cfd00106058a636\_90_pmux for cells of type $pmux.
Using template $paramod$54a4503cc57b9df40b70c1899504d6aac2650719\_90_pmux for cells of type $pmux.
Using template $paramod$80834bdd89ff0e27a02312429a7cc3a2e63489a8\_90_pmux for cells of type $pmux.
Using extmapper simplemap for cells of type $pos.
Using template $paramod\_90_fa\WIDTH=32'00000000000000000000000000000101 for cells of type $fa.
Using template $paramod\_90_lcu_brent_kung\WIDTH=32'00000000000000000000000000000101 for cells of type $lcu.
Using template $paramod\_90_fa\WIDTH=32'00000000000000000000000000000001 for cells of type $fa.
Using template $paramod\_90_lcu_brent_kung\WIDTH=32'00000000000000000000000000000001 for cells of type $lcu.
Using template $paramod\_90_fa\WIDTH=32'00000000000000000000000000000011 for cells of type $fa.
Using template $paramod\_90_lcu_brent_kung\WIDTH=32'00000000000000000000000000000011 for cells of type $lcu.
Using template $paramod\_90_fa\WIDTH=32'00000000000000000000000000000100 for cells of type $fa.
Using template $paramod\_90_lcu_brent_kung\WIDTH=32'00000000000000000000000000000100 for cells of type $lcu.
Using template $paramod\_90_fa\WIDTH=32'00000000000000000000000000000010 for cells of type $fa.
Using template $paramod\_90_lcu_brent_kung\WIDTH=32'00000000000000000000000000000010 for cells of type $lcu.
Using template $paramod\_90_fa\WIDTH=32'00000000000000000000000000000110 for cells of type $fa.
Using template $paramod\_90_lcu_brent_kung\WIDTH=32'00000000000000000000000000000110 for cells of type $lcu.
No more expansions possible.
<suppressed ~2640 debug messages>

121. Executing OPT_EXPR pass (perform const folding).
Optimizing module A10_A.
<suppressed ~1849 debug messages>

122. Executing OPT_MERGE pass (detect identical cells).
Finding identical cells in module `\A10_A'.
Computing hashes of 9871 cells of `\A10_A'.
Finding duplicate cells in `\A10_A'.
Computing hashes of 9512 cells of `\A10_A'.
Finding duplicate cells in `\A10_A'.
Computing hashes of 9306 cells of `\A10_A'.
Finding duplicate cells in `\A10_A'.
Computing hashes of 9291 cells of `\A10_A'.
Finding duplicate cells in `\A10_A'.
Computing hashes of 9286 cells of `\A10_A'.
Finding duplicate cells in `\A10_A'.
Computing hashes of 9285 cells of `\A10_A'.
Finding duplicate cells in `\A10_A'.
<suppressed ~1758 debug messages>
Removed a total of 586 cells.

123. Executing OPT_DFF pass (perform DFF optimizations).

124. Executing OPT_CLEAN pass (remove unused cells and wires).
Finding unused cells or wires in module \A10_A..
Removed 80 unused cells and 2676 unused wires.
<suppressed ~81 debug messages>

125. Executing OPT_EXPR pass (perform const folding).
Optimizing module A10_A.

126. Executing OPT_MERGE pass (detect identical cells).
Finding identical cells in module `\A10_A'.
Computing hashes of 9205 cells of `\A10_A'.
Finding duplicate cells in `\A10_A'.
Removed a total of 0 cells.

127. Executing OPT_DFF pass (perform DFF optimizations).

128. Executing OPT_CLEAN pass (remove unused cells and wires).
Finding unused cells or wires in module \A10_A..

129. Executing ABC pass (technology mapping using ABC).

129.1. Extracting gate netlist of module `\A10_A' to `<abc-temp-dir>/input.blif'..

129.1.1. Executed ABC.
Extracted 6612 gates and 8731 wires to a netlist network with 2117 inputs and 1626 outputs.
Running ABC script: <abc-temp-dir>/abc.script
ABC: UC Berkeley, ABC 1.01 (compiled Apr 16 2026 21:01:18)
ABC: abc 01> empty
ABC: abc 01> source <abc-temp-dir>/abc.script
ABC: + read_blif <abc-temp-dir>/input.blif 
ABC: + read_library <abc-temp-dir>/stdcells.genlib 
ABC: + strash 
ABC: + dretime 
ABC: + map 
ABC: + write_blif <abc-temp-dir>/output.blif 
ABC: 
ABC: YOSYS_ABC_DONE 

129.1.2. Re-integrating ABC results.
ABC RESULTS:               AND cells:      178
ABC RESULTS:            ANDNOT cells:     1724
ABC RESULTS:               MUX cells:     1094
ABC RESULTS:              NAND cells:       85
ABC RESULTS:               NOR cells:       33
ABC RESULTS:               NOT cells:      309
ABC RESULTS:                OR cells:      812
ABC RESULTS:             ORNOT cells:      127
ABC RESULTS:              XNOR cells:      843
ABC RESULTS:               XOR cells:     1052
ABC RESULTS:        internal signals:     4988
ABC RESULTS:           input signals:     2117
ABC RESULTS:          output signals:     1626
Removing temp directory.
Removing global temp directory.

130. Executing OPT pass (performing simple optimizations).

130.1. Executing OPT_EXPR pass (perform const folding).
Optimizing module A10_A.
<suppressed ~147 debug messages>

130.2. Executing OPT_MERGE pass (detect identical cells).
Finding identical cells in module `\A10_A'.
Computing hashes of 8850 cells of `\A10_A'.
Finding duplicate cells in `\A10_A'.
Computing hashes of 8849 cells of `\A10_A'.
Finding duplicate cells in `\A10_A'.
<suppressed ~3 debug messages>
Removed a total of 1 cells.

130.3. Executing OPT_DFF pass (perform DFF optimizations).

130.4. Executing OPT_CLEAN pass (remove unused cells and wires).
Finding unused cells or wires in module \A10_A..
Removed 0 unused cells and 4283 unused wires.
<suppressed ~37 debug messages>

130.5. Finished fast OPT passes.

131. Executing HIERARCHY pass (managing design hierarchy).

131.1. Analyzing design hierarchy..
Top module:  \A10_A

131.2. Analyzing design hierarchy..
Top module:  \A10_A
Removed 0 unused modules.

132. Executing CHECK pass (checking for obvious problems).
Checking module A10_A...
Found and reported 0 problems.

133. Printing statistics.

=== A10_A ===

        +----------Local Count, excluding submodules.
        | 
     5201 wires
    11905 wire bits
      258 public wires
     6217 public wire bits
       48 ports
       48 port bits
     8849 cells
     1724   $_ANDNOT_
      178   $_AND_
       45   $_DFFE_NN0P_
     2460   $_DFFE_PN0P_
       44   $_DFF_NN0_
       34   $_DFF_PN0_
        2   $_DFF_PN1_
     1094   $_MUX_
       84   $_NAND_
       33   $_NOR_
      309   $_NOT_
      127   $_ORNOT_
      812   $_OR_
      843   $_XNOR_
     1052   $_XOR_
        8   $scopeinfo

134. Executing OPT pass (performing simple optimizations).

134.1. Executing OPT_EXPR pass (perform const folding).
Optimizing module A10_A.

134.2. Executing OPT_MERGE pass (detect identical cells).
Finding identical cells in module `\A10_A'.
Computing hashes of 8849 cells of `\A10_A'.
Finding duplicate cells in `\A10_A'.
Removed a total of 0 cells.

134.3. Executing OPT_MUXTREE pass (detect dead branches in mux trees).
Running muxtree optimizer on module \A10_A..
  Creating internal representation of mux trees.
  No muxes found in this module.
Removed 0 multiplexer ports.

134.4. Executing OPT_REDUCE pass (consolidate $*mux and $reduce_* inputs).
  Optimizing cells in module \A10_A.
Performed a total of 0 changes.

134.5. Executing OPT_MERGE pass (detect identical cells).
Finding identical cells in module `\A10_A'.
Computing hashes of 8849 cells of `\A10_A'.
Finding duplicate cells in `\A10_A'.
Removed a total of 0 cells.

134.6. Executing OPT_DFF pass (perform DFF optimizations).

134.7. Executing OPT_CLEAN pass (remove unused cells and wires).
Finding unused cells or wires in module \A10_A..

134.8. Executing OPT_EXPR pass (perform const folding).
Optimizing module A10_A.

134.9. Finished fast OPT passes. (There is nothing left to do.)

135. Executing OPT_CLEAN pass (remove unused cells and wires).
Finding unused cells or wires in module \A10_A..
Removed 8 unused cells and 90 unused wires.
<suppressed ~98 debug messages>
{
   "creator": "Yosys 0.64 (git sha1 6d2c445ae, g++ 13.3.0-6ubuntu2~24.04.1 -fPIC -O3)",
   "invocation": "stat -json -liberty /foss/designs/ascon_run_deffile/runs/run11/tmp/aa4fcfd0f5344adab06a9246b01aae5a.lib ",
   "modules": {
      "\\A10_A": {
         "num_wires":         5111,
         "num_wire_bits":     9181,
         "num_pub_wires":     168,
         "num_pub_wire_bits": 3493,
         "num_ports":         48,
         "num_port_bits":     48,
         "num_memories":      0,
         "num_memory_bits":   0,
         "num_processes":     0,
         "num_cells":         8841,
         "num_submodules":       0,
         "num_cells_by_type": {
            "$_ANDNOT_": 1724,
            "$_AND_": 178,
            "$_DFFE_NN0P_": 45,
            "$_DFFE_PN0P_": 2460,
            "$_DFF_NN0_": 44,
            "$_DFF_PN0_": 34,
            "$_DFF_PN1_": 2,
            "$_MUX_": 1094,
            "$_NAND_": 84,
            "$_NOR_": 33,
            "$_NOT_": 309,
            "$_ORNOT_": 127,
            "$_OR_": 812,
            "$_XNOR_": 843,
            "$_XOR_": 1052
         }
      }
   },
      "design": {
         "num_wires":         5111,
         "num_wire_bits":     9181,
         "num_pub_wires":     168,
         "num_pub_wire_bits": 3493,
         "num_ports":         48,
         "num_port_bits":     48,
         "num_memories":      0,
         "num_memory_bits":   0,
         "num_processes":     0,
         "num_cells":         8841,
         "num_submodules":       0,
         "num_cells_by_type": {
            "$_ANDNOT_": 1724,
            "$_AND_": 178,
            "$_DFFE_NN0P_": 45,
            "$_DFFE_PN0P_": 2460,
            "$_DFF_NN0_": 44,
            "$_DFF_PN0_": 34,
            "$_DFF_PN1_": 2,
            "$_MUX_": 1094,
            "$_NAND_": 84,
            "$_NOR_": 33,
            "$_NOT_": 309,
            "$_ORNOT_": 127,
            "$_OR_": 812,
            "$_XNOR_": 843,
            "$_XOR_": 1052
         }
      }
}

136. Printing statistics.

=== A10_A ===

        +----------Local Count, excluding submodules.
        | 
     5111 wires
     9181 wire bits
      168 public wires
     3493 public wire bits
       48 ports
       48 port bits
     8841 cells
     1724   $_ANDNOT_
      178   $_AND_
       45   $_DFFE_NN0P_
     2460   $_DFFE_PN0P_
       44   $_DFF_NN0_
       34   $_DFF_PN0_
        2   $_DFF_PN1_
     1094   $_MUX_
       84   $_NAND_
       33   $_NOR_
      309   $_NOT_
      127   $_ORNOT_
      812   $_OR_
      843   $_XNOR_
     1052   $_XOR_

   Area for cell type $_ANDNOT_ is unknown!
   Area for cell type $_AND_ is unknown!
   Area for cell type $_DFFE_NN0P_ is unknown!
   Area for cell type $_DFFE_PN0P_ is unknown!
   Area for cell type $_DFF_NN0_ is unknown!
   Area for cell type $_DFF_PN0_ is unknown!
   Area for cell type $_DFF_PN1_ is unknown!
   Area for cell type $_MUX_ is unknown!
   Area for cell type $_NAND_ is unknown!
   Area for cell type $_NOR_ is unknown!
   Area for cell type $_NOT_ is unknown!
   Area for cell type $_ORNOT_ is unknown!
   Area for cell type $_OR_ is unknown!
   Area for cell type $_XNOR_ is unknown!
   Area for cell type $_XOR_ is unknown!

137. Executing DFFLIBMAP pass (mapping DFF cells to sequential cells from liberty file).
  cell gf180mcu_fd_sc_mcu7t5v0__dffnq_1 (noninv, pins=3, area=65.86) is a direct match for cell type $_DFF_N_.
  cell gf180mcu_fd_sc_mcu7t5v0__dffq_1 (noninv, pins=3, area=63.66) is a direct match for cell type $_DFF_P_.
  cell gf180mcu_fd_sc_mcu7t5v0__dffnrnq_1 (noninv, pins=4, area=74.64) is a direct match for cell type $_DFF_NN0_.
  cell gf180mcu_fd_sc_mcu7t5v0__dffnsnq_1 (noninv, pins=4, area=79.03) is a direct match for cell type $_DFF_NN1_.
  cell gf180mcu_fd_sc_mcu7t5v0__dffrnq_1 (noninv, pins=4, area=74.64) is a direct match for cell type $_DFF_PN0_.
  cell gf180mcu_fd_sc_mcu7t5v0__dffsnq_1 (noninv, pins=4, area=79.03) is a direct match for cell type $_DFF_PN1_.
  cell gf180mcu_fd_sc_mcu7t5v0__dffnrsnq_1 (noninv, pins=5, area=94.39) is a direct match for cell type $_DFFSR_NNN_.
  cell gf180mcu_fd_sc_mcu7t5v0__dffrsnq_1 (noninv, pins=5, area=85.61) is a direct match for cell type $_DFFSR_PNN_.
  final dff cell mappings:
    \gf180mcu_fd_sc_mcu7t5v0__dffnq_1 _DFF_N_ (.CLKN( C), .D( D), .Q( Q));
    \gf180mcu_fd_sc_mcu7t5v0__dffq_1 _DFF_P_ (.CLK( C), .D( D), .Q( Q));
    \gf180mcu_fd_sc_mcu7t5v0__dffnrnq_1 _DFF_NN0_ (.CLKN( C), .D( D), .Q( Q), .RN( R));
    \gf180mcu_fd_sc_mcu7t5v0__dffnsnq_1 _DFF_NN1_ (.CLKN( C), .D( D), .Q( Q), .SETN( R));
    unmapped dff cell: $_DFF_NP0_
    unmapped dff cell: $_DFF_NP1_
    \gf180mcu_fd_sc_mcu7t5v0__dffrnq_1 _DFF_PN0_ (.CLK( C), .D( D), .Q( Q), .RN( R));
    \gf180mcu_fd_sc_mcu7t5v0__dffsnq_1 _DFF_PN1_ (.CLK( C), .D( D), .Q( Q), .SETN( R));
    unmapped dff cell: $_DFF_PP0_
    unmapped dff cell: $_DFF_PP1_
    unmapped dff cell: $_DFFE_NN_
    unmapped dff cell: $_DFFE_NP_
    unmapped dff cell: $_DFFE_PN_
    unmapped dff cell: $_DFFE_PP_
    \gf180mcu_fd_sc_mcu7t5v0__dffnrsnq_1 _DFFSR_NNN_ (.CLKN( C), .D( D), .Q( Q), .RN( R), .SETN( S));
    unmapped dff cell: $_DFFSR_NNP_
    unmapped dff cell: $_DFFSR_NPN_
    unmapped dff cell: $_DFFSR_NPP_
    \gf180mcu_fd_sc_mcu7t5v0__dffrsnq_1 _DFFSR_PNN_ (.CLK( C), .D( D), .Q( Q), .RN( R), .SETN( S));
    unmapped dff cell: $_DFFSR_PNP_
    unmapped dff cell: $_DFFSR_PPN_
    unmapped dff cell: $_DFFSR_PPP_

137.1. Executing DFFLEGALIZE pass (convert FFs to types supported by the target).
Mapping DFF cells in module `\A10_A':
  mapped 89 $_DFF_NN0_ cells to \gf180mcu_fd_sc_mcu7t5v0__dffnrnq_1 cells.
  mapped 2494 $_DFF_PN0_ cells to \gf180mcu_fd_sc_mcu7t5v0__dffrnq_1 cells.
  mapped 2 $_DFF_PN1_ cells to \gf180mcu_fd_sc_mcu7t5v0__dffsnq_1 cells.
{
   "creator": "Yosys 0.64 (git sha1 6d2c445ae, g++ 13.3.0-6ubuntu2~24.04.1 -fPIC -O3)",
   "invocation": "stat -json -liberty /foss/designs/ascon_run_deffile/runs/run11/tmp/aa4fcfd0f5344adab06a9246b01aae5a.lib ",
   "modules": {
      "\\A10_A": {
         "num_wires":         7616,
         "num_wire_bits":     11686,
         "num_pub_wires":     168,
         "num_pub_wire_bits": 3493,
         "num_ports":         48,
         "num_port_bits":     48,
         "num_memories":      0,
         "num_memory_bits":   0,
         "num_processes":     0,
         "num_cells":         11346,
         "num_submodules":       0,
         "area":              192944.908800,
         "sequential_area":    192944.908800,
         "num_cells_by_type": {
            "$_ANDNOT_": 1724,
            "$_AND_": 178,
            "$_MUX_": 3599,
            "$_NAND_": 84,
            "$_NOR_": 33,
            "$_NOT_": 309,
            "$_ORNOT_": 127,
            "$_OR_": 812,
            "$_XNOR_": 843,
            "$_XOR_": 1052,
            "gf180mcu_fd_sc_mcu7t5v0__dffnrnq_1": 89,
            "gf180mcu_fd_sc_mcu7t5v0__dffrnq_1": 2494,
            "gf180mcu_fd_sc_mcu7t5v0__dffsnq_1": 2
         }
      }
   },
      "design": {
         "num_wires":         7616,
         "num_wire_bits":     11686,
         "num_pub_wires":     168,
         "num_pub_wire_bits": 3493,
         "num_ports":         48,
         "num_port_bits":     48,
         "num_memories":      0,
         "num_memory_bits":   0,
         "num_processes":     0,
         "num_cells":         11346,
         "num_submodules":       0,
         "area":              192944.908800,
         "sequential_area":    192944.908800,
         "num_cells_by_type": {
            "$_ANDNOT_": 1724,
            "$_AND_": 178,
            "$_MUX_": 3599,
            "$_NAND_": 84,
            "$_NOR_": 33,
            "$_NOT_": 309,
            "$_ORNOT_": 127,
            "$_OR_": 812,
            "$_XNOR_": 843,
            "$_XOR_": 1052,
            "gf180mcu_fd_sc_mcu7t5v0__dffnrnq_1": 89,
            "gf180mcu_fd_sc_mcu7t5v0__dffrnq_1": 2494,
            "gf180mcu_fd_sc_mcu7t5v0__dffsnq_1": 2
         }
      }
}

138. Printing statistics.

=== A10_A ===

        +----------Local Count, excluding submodules.
        |        +-Local Area, excluding submodules.
        |        | 
     7616        - wires
    11686        - wire bits
      168        - public wires
     3493        - public wire bits
       48        - ports
       48        - port bits
    11346 1.93E+05 cells
     1724        -   $_ANDNOT_
      178        -   $_AND_
     3599        -   $_MUX_
       84        -   $_NAND_
       33        -   $_NOR_
      309        -   $_NOT_
      127        -   $_ORNOT_
      812        -   $_OR_
      843        -   $_XNOR_
     1052        -   $_XOR_
       89 6.64E+03   gf180mcu_fd_sc_mcu7t5v0__dffnrnq_1
     2494 1.86E+05   gf180mcu_fd_sc_mcu7t5v0__dffrnq_1
        2  158.054   gf180mcu_fd_sc_mcu7t5v0__dffsnq_1

   Area for cell type $_ANDNOT_ is unknown!
   Area for cell type $_AND_ is unknown!
   Area for cell type $_MUX_ is unknown!
   Area for cell type $_NAND_ is unknown!
   Area for cell type $_NOR_ is unknown!
   Area for cell type $_NOT_ is unknown!
   Area for cell type $_ORNOT_ is unknown!
   Area for cell type $_OR_ is unknown!
   Area for cell type $_XNOR_ is unknown!
   Area for cell type $_XOR_ is unknown!

   Chip area for module '\A10_A': 192944.908800
     of which used for sequential elements: 192944.908800 (100.00%)

[INFO] Using generated ABC script '/foss/designs/ascon_run_deffile/runs/run11/06-yosys-synthesis/AREA_0.abc'…

139. Executing ABC pass (technology mapping using ABC).

139.1. Extracting gate netlist of module `\A10_A' to `/tmp/yosys-abc-wpwtMk/input.blif'..

139.1.1. Executed ABC.
Extracted 8761 gates and 11341 wires to a netlist network with 2580 inputs and 2575 outputs.
Running ABC script: /tmp/yosys-abc-wpwtMk/abc.script
ABC: UC Berkeley, ABC 1.01 (compiled Apr 16 2026 21:01:18)
ABC: abc 01> empty
ABC: abc 01> source /tmp/yosys-abc-wpwtMk/abc.script
ABC: + read_blif /tmp/yosys-abc-wpwtMk/input.blif 
ABC: + read_lib -w /foss/designs/ascon_run_deffile/runs/run11/tmp/aa4fcfd0f5344adab06a9246b01aae5a.lib 
ABC: Parsing finished successfully.  Parsing time =     0.22 sec
ABC: Scl_LibertyReadGenlib() skipped cell "gf180mcu_fd_sc_mcu7t5v0__antenna" without logic function.
ABC: Scl_LibertyReadGenlib() skipped three-state cell "gf180mcu_fd_sc_mcu7t5v0__bufz_1".
ABC: Scl_LibertyReadGenlib() skipped three-state cell "gf180mcu_fd_sc_mcu7t5v0__bufz_2".
ABC: Scl_LibertyReadGenlib() skipped three-state cell "gf180mcu_fd_sc_mcu7t5v0__bufz_3".
ABC: Scl_LibertyReadGenlib() skipped three-state cell "gf180mcu_fd_sc_mcu7t5v0__bufz_4".
ABC: Scl_LibertyReadGenlib() skipped three-state cell "gf180mcu_fd_sc_mcu7t5v0__bufz_8".
ABC: Scl_LibertyReadGenlib() skipped three-state cell "gf180mcu_fd_sc_mcu7t5v0__bufz_12".
ABC: Scl_LibertyReadGenlib() skipped three-state cell "gf180mcu_fd_sc_mcu7t5v0__bufz_16".
ABC: Scl_LibertyReadGenlib() skipped sequential cell "gf180mcu_fd_sc_mcu7t5v0__dffnq_1".
ABC: Scl_LibertyReadGenlib() skipped sequential cell "gf180mcu_fd_sc_mcu7t5v0__dffnq_2".
ABC: Scl_LibertyReadGenlib() skipped sequential cell "gf180mcu_fd_sc_mcu7t5v0__dffnq_4".
ABC: Scl_LibertyReadGenlib() skipped sequential cell "gf180mcu_fd_sc_mcu7t5v0__dffnrnq_1".
ABC: Scl_LibertyReadGenlib() skipped sequential cell "gf180mcu_fd_sc_mcu7t5v0__dffnrnq_2".
ABC: Scl_LibertyReadGenlib() skipped sequential cell "gf180mcu_fd_sc_mcu7t5v0__dffnrnq_4".
ABC: Scl_LibertyReadGenlib() skipped sequential cell "gf180mcu_fd_sc_mcu7t5v0__dffnrsnq_1".
ABC: Scl_LibertyReadGenlib() skipped sequential cell "gf180mcu_fd_sc_mcu7t5v0__dffnrsnq_2".
ABC: Scl_LibertyReadGenlib() skipped sequential cell "gf180mcu_fd_sc_mcu7t5v0__dffnrsnq_4".
ABC: Scl_LibertyReadGenlib() skipped sequential cell "gf180mcu_fd_sc_mcu7t5v0__dffnsnq_1".
ABC: Scl_LibertyReadGenlib() skipped sequential cell "gf180mcu_fd_sc_mcu7t5v0__dffnsnq_2".
ABC: Scl_LibertyReadGenlib() skipped sequential cell "gf180mcu_fd_sc_mcu7t5v0__dffnsnq_4".
ABC: Scl_LibertyReadGenlib() skipped sequential cell "gf180mcu_fd_sc_mcu7t5v0__dffq_1".
ABC: Scl_LibertyReadGenlib() skipped sequential cell "gf180mcu_fd_sc_mcu7t5v0__dffq_2".
ABC: Scl_LibertyReadGenlib() skipped sequential cell "gf180mcu_fd_sc_mcu7t5v0__dffq_4".
ABC: Scl_LibertyReadGenlib() skipped sequential cell "gf180mcu_fd_sc_mcu7t5v0__dffrnq_1".
ABC: Scl_LibertyReadGenlib() skipped sequential cell "gf180mcu_fd_sc_mcu7t5v0__dffrnq_2".
ABC: Scl_LibertyReadGenlib() skipped sequential cell "gf180mcu_fd_sc_mcu7t5v0__dffrnq_4".
ABC: Scl_LibertyReadGenlib() skipped sequential cell "gf180mcu_fd_sc_mcu7t5v0__dffrsnq_1".
ABC: Scl_LibertyReadGenlib() skipped sequential cell "gf180mcu_fd_sc_mcu7t5v0__dffrsnq_2".
ABC: Scl_LibertyReadGenlib() skipped sequential cell "gf180mcu_fd_sc_mcu7t5v0__dffrsnq_4".
ABC: Scl_LibertyReadGenlib() skipped sequential cell "gf180mcu_fd_sc_mcu7t5v0__dffsnq_1".
ABC: Scl_LibertyReadGenlib() skipped sequential cell "gf180mcu_fd_sc_mcu7t5v0__dffsnq_2".
ABC: Scl_LibertyReadGenlib() skipped sequential cell "gf180mcu_fd_sc_mcu7t5v0__dffsnq_4".
ABC: Scl_LibertyReadGenlib() skipped cell "gf180mcu_fd_sc_mcu7t5v0__endcap" without logic function.
ABC: Scl_LibertyReadGenlib() skipped cell "gf180mcu_fd_sc_mcu7t5v0__fill_1" without logic function.
ABC: Scl_LibertyReadGenlib() skipped cell "gf180mcu_fd_sc_mcu7t5v0__fill_2" without logic function.
ABC: Scl_LibertyReadGenlib() skipped cell "gf180mcu_fd_sc_mcu7t5v0__fill_4" without logic function.
ABC: Scl_LibertyReadGenlib() skipped cell "gf180mcu_fd_sc_mcu7t5v0__fill_8" without logic function.
ABC: Scl_LibertyReadGenlib() skipped cell "gf180mcu_fd_sc_mcu7t5v0__fill_16" without logic function.
ABC: Scl_LibertyReadGenlib() skipped cell "gf180mcu_fd_sc_mcu7t5v0__fill_32" without logic function.
ABC: Scl_LibertyReadGenlib() skipped cell "gf180mcu_fd_sc_mcu7t5v0__fill_64" without logic function.
ABC: Scl_LibertyReadGenlib() skipped cell "gf180mcu_fd_sc_mcu7t5v0__fillcap_4" without logic function.
ABC: Scl_LibertyReadGenlib() skipped cell "gf180mcu_fd_sc_mcu7t5v0__fillcap_8" without logic function.
ABC: Scl_LibertyReadGenlib() skipped cell "gf180mcu_fd_sc_mcu7t5v0__fillcap_16" without logic function.
ABC: Scl_LibertyReadGenlib() skipped cell "gf180mcu_fd_sc_mcu7t5v0__fillcap_32" without logic function.
ABC: Scl_LibertyReadGenlib() skipped cell "gf180mcu_fd_sc_mcu7t5v0__fillcap_64" without logic function.
ABC: Scl_LibertyReadGenlib() skipped cell "gf180mcu_fd_sc_mcu7t5v0__filltie" without logic function.
ABC: Scl_LibertyReadGenlib() skipped three-state cell "gf180mcu_fd_sc_mcu7t5v0__hold".
ABC: Scl_LibertyReadGenlib() skipped cell "gf180mcu_fd_sc_mcu7t5v0__icgtn_1" without logic function.
ABC: Scl_LibertyReadGenlib() skipped cell "gf180mcu_fd_sc_mcu7t5v0__icgtn_2" without logic function.
ABC: Scl_LibertyReadGenlib() skipped cell "gf180mcu_fd_sc_mcu7t5v0__icgtn_4" without logic function.
ABC: Scl_LibertyReadGenlib() skipped cell "gf180mcu_fd_sc_mcu7t5v0__icgtp_1" without logic function.
ABC: Scl_LibertyReadGenlib() skipped cell "gf180mcu_fd_sc_mcu7t5v0__icgtp_2" without logic function.
ABC: Scl_LibertyReadGenlib() skipped cell "gf180mcu_fd_sc_mcu7t5v0__icgtp_4" without logic function.
ABC: Scl_LibertyReadGenlib() skipped three-state cell "gf180mcu_fd_sc_mcu7t5v0__invz_1".
ABC: Scl_LibertyReadGenlib() skipped three-state cell "gf180mcu_fd_sc_mcu7t5v0__invz_2".
ABC: Scl_LibertyReadGenlib() skipped three-state cell "gf180mcu_fd_sc_mcu7t5v0__invz_3".
ABC: Scl_LibertyReadGenlib() skipped three-state cell "gf180mcu_fd_sc_mcu7t5v0__invz_4".
ABC: Scl_LibertyReadGenlib() skipped three-state cell "gf180mcu_fd_sc_mcu7t5v0__invz_8".
ABC: Scl_LibertyReadGenlib() skipped three-state cell "gf180mcu_fd_sc_mcu7t5v0__invz_12".
ABC: Scl_LibertyReadGenlib() skipped three-state cell "gf180mcu_fd_sc_mcu7t5v0__invz_16".
ABC: Scl_LibertyReadGenlib() skipped sequential cell "gf180mcu_fd_sc_mcu7t5v0__latq_1".
ABC: Scl_LibertyReadGenlib() skipped sequential cell "gf180mcu_fd_sc_mcu7t5v0__latq_2".
ABC: Scl_LibertyReadGenlib() skipped sequential cell "gf180mcu_fd_sc_mcu7t5v0__latq_4".
ABC: Scl_LibertyReadGenlib() skipped sequential cell "gf180mcu_fd_sc_mcu7t5v0__latrnq_1".
ABC: Scl_LibertyReadGenlib() skipped sequential cell "gf180mcu_fd_sc_mcu7t5v0__latrnq_2".
ABC: Scl_LibertyReadGenlib() skipped sequential cell "gf180mcu_fd_sc_mcu7t5v0__latrnq_4".
ABC: Scl_LibertyReadGenlib() skipped sequential cell "gf180mcu_fd_sc_mcu7t5v0__latrsnq_1".
ABC: Scl_LibertyReadGenlib() skipped sequential cell "gf180mcu_fd_sc_mcu7t5v0__latrsnq_2".
ABC: Scl_LibertyReadGenlib() skipped sequential cell "gf180mcu_fd_sc_mcu7t5v0__latrsnq_4".
ABC: Scl_LibertyReadGenlib() skipped sequential cell "gf180mcu_fd_sc_mcu7t5v0__latsnq_1".
ABC: Scl_LibertyReadGenlib() skipped sequential cell "gf180mcu_fd_sc_mcu7t5v0__latsnq_2".
ABC: Scl_LibertyReadGenlib() skipped sequential cell "gf180mcu_fd_sc_mcu7t5v0__latsnq_4".
ABC: Library "gf180mcu_fd_sc_mcu7t5v0__ss_125C_3v00" from "/foss/designs/ascon_run_deffile/runs/run11/tmp/aa4fcfd0f5344adab06a9246b01aae5a.lib" has 131 cells (72 skipped: 36 seq; 15 tri-state; 21 no func; 0 dont_use; 0 with 2 outputs; 0 with 3+ outputs).  Time =     0.27 sec
ABC: Memory =   23.50 MB. Time =     0.27 sec
ABC: Warning: Detected 6 multi-output cells (for example, "gf180mcu_fd_sc_mcu7t5v0__addf_1").
ABC: + read_constr -v /foss/designs/ascon_run_deffile/runs/run11/06-yosys-synthesis/synthesis.abc.sdc 
ABC: Setting driving cell to be "gf180mcu_fd_sc_mcu7t5v0__inv_1/ZN".
ABC: Setting output load to be 72.910004.
ABC: + source /foss/designs/ascon_run_deffile/runs/run11/06-yosys-synthesis/AREA_0.abc 
ABC: Error: The network is combinational.
ABC: Cannot find the default PI driving cell (gf180mcu_fd_sc_mcu7t5v0__inv_1/ZN) in the library.
ABC: WireLoad = "none"  Gates =   8423 (  4.4 %)   Cap = 27.6 ff ( 17.1 %)   Area =   176248.22 ( 70.1 %)   Delay =210686.00 ps  (  1.6 %)               
ABC: Path  0 --       7 : 0    7 pi                                A =   0.00  Df =   0.0   -0.0 ps  S =   0.0 ps  Cin =  0.0 ff  Cout =  26.1 ff  Cmax =   0.0 ff  G =    0  
ABC: Path  1 --    5612 : 3    5 gf180mcu_fd_sc_mcu7t5v0__or3_1    A =  21.95  Df =2469.1-1431.1 ps  S =1089.2 ps  Cin =  2.8 ff  Cout =  21.2 ff  Cmax = 354.3 ff  G =  768  
ABC: Path  2 --    6027 : 4   64 gf180mcu_fd_sc_mcu7t5v0__aoi211_1 A =  21.95  Df =189443.9-115332.3 ps  S =94124.3 ps  Cin =  4.2 ff  Cout = 300.3 ff  Cmax = 110.2 ff  G = 7127  
ABC: Path  3 --    6035 : 4    1 gf180mcu_fd_sc_mcu7t5v0__oai211_1 A =  21.95  Df =207792.3-134809.8 ps  S =11209.9 ps  Cin =  4.7 ff  Cout =   4.5 ff  Cmax = 168.5 ff  G =   94  
ABC: Path  4 --    6036 : 2    1 gf180mcu_fd_sc_mcu7t5v0__nand2_1  A =  10.98  Df =210686.0-72919.5 ps  S =4267.2 ps  Cin =  4.6 ff  Cout =  72.9 ff  Cmax = 318.3 ff  G = 1578  
ABC: Start-point = pi6 (\u_core.u_master.u_slave.u_core.st [2]).  End-point = po102 ($auto$rtlil.cc:3501:MuxGate$22921).
ABC: netlist                       : i/o = 2580/ 2575  lat =    0  nd =  8423  edge =  22593  area =176253.47  delay = 7.00  lev = 7
ABC: + write_blif /tmp/yosys-abc-wpwtMk/output.blif 
ABC:                                                                                
ABC: YOSYS_ABC_DONE 

139.1.2. Re-integrating ABC results.
ABC RESULTS:   gf180mcu_fd_sc_mcu7t5v0__and2_1 cells:       86
ABC RESULTS:   gf180mcu_fd_sc_mcu7t5v0__and3_1 cells:       68
ABC RESULTS:   gf180mcu_fd_sc_mcu7t5v0__and4_1 cells:       28
ABC RESULTS:   gf180mcu_fd_sc_mcu7t5v0__aoi211_1 cells:       41
ABC RESULTS:   gf180mcu_fd_sc_mcu7t5v0__aoi21_1 cells:      609
ABC RESULTS:   gf180mcu_fd_sc_mcu7t5v0__aoi221_1 cells:       75
ABC RESULTS:   gf180mcu_fd_sc_mcu7t5v0__aoi222_1 cells:      142
ABC RESULTS:   gf180mcu_fd_sc_mcu7t5v0__aoi22_1 cells:      368
ABC RESULTS:   gf180mcu_fd_sc_mcu7t5v0__clkinv_1 cells:      371
ABC RESULTS:   gf180mcu_fd_sc_mcu7t5v0__mux2_2 cells:     1198
ABC RESULTS:   gf180mcu_fd_sc_mcu7t5v0__nand2_1 cells:     1885
ABC RESULTS:   gf180mcu_fd_sc_mcu7t5v0__nand3_1 cells:      111
ABC RESULTS:   gf180mcu_fd_sc_mcu7t5v0__nand4_1 cells:       24
ABC RESULTS:   gf180mcu_fd_sc_mcu7t5v0__nor2_1 cells:      575
ABC RESULTS:   gf180mcu_fd_sc_mcu7t5v0__nor3_1 cells:       60
ABC RESULTS:   gf180mcu_fd_sc_mcu7t5v0__nor4_1 cells:       32
ABC RESULTS:   gf180mcu_fd_sc_mcu7t5v0__oai211_1 cells:      283
ABC RESULTS:   gf180mcu_fd_sc_mcu7t5v0__oai21_1 cells:      797
ABC RESULTS:   gf180mcu_fd_sc_mcu7t5v0__oai221_1 cells:       64
ABC RESULTS:   gf180mcu_fd_sc_mcu7t5v0__oai22_1 cells:       67
ABC RESULTS:   gf180mcu_fd_sc_mcu7t5v0__oai31_1 cells:       70
ABC RESULTS:   gf180mcu_fd_sc_mcu7t5v0__oai32_1 cells:       17
ABC RESULTS:   gf180mcu_fd_sc_mcu7t5v0__or2_1 cells:      122
ABC RESULTS:   gf180mcu_fd_sc_mcu7t5v0__or3_1 cells:        6
ABC RESULTS:   gf180mcu_fd_sc_mcu7t5v0__or4_1 cells:        3
ABC RESULTS:   gf180mcu_fd_sc_mcu7t5v0__xnor2_1 cells:      116
ABC RESULTS:   gf180mcu_fd_sc_mcu7t5v0__xnor3_1 cells:       14
ABC RESULTS:   gf180mcu_fd_sc_mcu7t5v0__xor2_1 cells:      804
ABC RESULTS:   gf180mcu_fd_sc_mcu7t5v0__xor3_1 cells:      387
ABC RESULTS:        internal signals:     6186
ABC RESULTS:           input signals:     2580
ABC RESULTS:          output signals:     2575
Removing temp directory.
Removing global temp directory.

140. Executing SETUNDEF pass (replace undef values with defined constants).

141. Executing HILOMAP pass (mapping to constant drivers).

142. Executing SPLITNETS pass (splitting up multi-bit signals).

143. Executing OPT_CLEAN pass (remove unused cells and wires).
Finding unused cells or wires in module \A10_A..
Removed 69 unused cells and 11744 unused wires.
<suppressed ~931 debug messages>

144. Executing INSBUF pass (insert buffer cells for connected wires).

145. Executing CHECK pass (checking for obvious problems).
Checking module A10_A...
Found and reported 0 problems.
{
   "creator": "Yosys 0.64 (git sha1 6d2c445ae, g++ 13.3.0-6ubuntu2~24.04.1 -fPIC -O3)",
   "invocation": "stat -json -liberty /foss/designs/ascon_run_deffile/runs/run11/tmp/aa4fcfd0f5344adab06a9246b01aae5a.lib ",
   "modules": {
      "\\A10_A": {
         "num_wires":         11057,
         "num_wire_bits":     11057,
         "num_pub_wires":     2632,
         "num_pub_wire_bits": 2632,
         "num_ports":         48,
         "num_port_bits":     48,
         "num_memories":      0,
         "num_memory_bits":   0,
         "num_processes":     0,
         "num_cells":         11051,
         "num_submodules":       0,
         "area":              369570.700800,
         "sequential_area":    192944.908800,
         "num_cells_by_type": {
            "gf180mcu_fd_sc_mcu7t5v0__and2_1": 86,
            "gf180mcu_fd_sc_mcu7t5v0__and3_1": 68,
            "gf180mcu_fd_sc_mcu7t5v0__and4_1": 28,
            "gf180mcu_fd_sc_mcu7t5v0__aoi211_1": 41,
            "gf180mcu_fd_sc_mcu7t5v0__aoi21_1": 609,
            "gf180mcu_fd_sc_mcu7t5v0__aoi221_1": 75,
            "gf180mcu_fd_sc_mcu7t5v0__aoi222_1": 142,
            "gf180mcu_fd_sc_mcu7t5v0__aoi22_1": 368,
            "gf180mcu_fd_sc_mcu7t5v0__clkinv_1": 371,
            "gf180mcu_fd_sc_mcu7t5v0__dffnrnq_1": 89,
            "gf180mcu_fd_sc_mcu7t5v0__dffrnq_1": 2494,
            "gf180mcu_fd_sc_mcu7t5v0__dffsnq_1": 2,
            "gf180mcu_fd_sc_mcu7t5v0__mux2_2": 1198,
            "gf180mcu_fd_sc_mcu7t5v0__nand2_1": 1885,
            "gf180mcu_fd_sc_mcu7t5v0__nand3_1": 111,
            "gf180mcu_fd_sc_mcu7t5v0__nand4_1": 24,
            "gf180mcu_fd_sc_mcu7t5v0__nor2_1": 575,
            "gf180mcu_fd_sc_mcu7t5v0__nor3_1": 60,
            "gf180mcu_fd_sc_mcu7t5v0__nor4_1": 32,
            "gf180mcu_fd_sc_mcu7t5v0__oai211_1": 283,
            "gf180mcu_fd_sc_mcu7t5v0__oai21_1": 797,
            "gf180mcu_fd_sc_mcu7t5v0__oai221_1": 64,
            "gf180mcu_fd_sc_mcu7t5v0__oai22_1": 67,
            "gf180mcu_fd_sc_mcu7t5v0__oai31_1": 70,
            "gf180mcu_fd_sc_mcu7t5v0__oai32_1": 17,
            "gf180mcu_fd_sc_mcu7t5v0__or2_1": 122,
            "gf180mcu_fd_sc_mcu7t5v0__or3_1": 6,
            "gf180mcu_fd_sc_mcu7t5v0__or4_1": 3,
            "gf180mcu_fd_sc_mcu7t5v0__tieh": 8,
            "gf180mcu_fd_sc_mcu7t5v0__tiel": 35,
            "gf180mcu_fd_sc_mcu7t5v0__xnor2_1": 116,
            "gf180mcu_fd_sc_mcu7t5v0__xnor3_1": 14,
            "gf180mcu_fd_sc_mcu7t5v0__xor2_1": 804,
            "gf180mcu_fd_sc_mcu7t5v0__xor3_1": 387
         }
      }
   },
      "design": {
         "num_wires":         11057,
         "num_wire_bits":     11057,
         "num_pub_wires":     2632,
         "num_pub_wire_bits": 2632,
         "num_ports":         48,
         "num_port_bits":     48,
         "num_memories":      0,
         "num_memory_bits":   0,
         "num_processes":     0,
         "num_cells":         11051,
         "num_submodules":       0,
         "area":              369570.700800,
         "sequential_area":    192944.908800,
         "num_cells_by_type": {
            "gf180mcu_fd_sc_mcu7t5v0__and2_1": 86,
            "gf180mcu_fd_sc_mcu7t5v0__and3_1": 68,
            "gf180mcu_fd_sc_mcu7t5v0__and4_1": 28,
            "gf180mcu_fd_sc_mcu7t5v0__aoi211_1": 41,
            "gf180mcu_fd_sc_mcu7t5v0__aoi21_1": 609,
            "gf180mcu_fd_sc_mcu7t5v0__aoi221_1": 75,
            "gf180mcu_fd_sc_mcu7t5v0__aoi222_1": 142,
            "gf180mcu_fd_sc_mcu7t5v0__aoi22_1": 368,
            "gf180mcu_fd_sc_mcu7t5v0__clkinv_1": 371,
            "gf180mcu_fd_sc_mcu7t5v0__dffnrnq_1": 89,
            "gf180mcu_fd_sc_mcu7t5v0__dffrnq_1": 2494,
            "gf180mcu_fd_sc_mcu7t5v0__dffsnq_1": 2,
            "gf180mcu_fd_sc_mcu7t5v0__mux2_2": 1198,
            "gf180mcu_fd_sc_mcu7t5v0__nand2_1": 1885,
            "gf180mcu_fd_sc_mcu7t5v0__nand3_1": 111,
            "gf180mcu_fd_sc_mcu7t5v0__nand4_1": 24,
            "gf180mcu_fd_sc_mcu7t5v0__nor2_1": 575,
            "gf180mcu_fd_sc_mcu7t5v0__nor3_1": 60,
            "gf180mcu_fd_sc_mcu7t5v0__nor4_1": 32,
            "gf180mcu_fd_sc_mcu7t5v0__oai211_1": 283,
            "gf180mcu_fd_sc_mcu7t5v0__oai21_1": 797,
            "gf180mcu_fd_sc_mcu7t5v0__oai221_1": 64,
            "gf180mcu_fd_sc_mcu7t5v0__oai22_1": 67,
            "gf180mcu_fd_sc_mcu7t5v0__oai31_1": 70,
            "gf180mcu_fd_sc_mcu7t5v0__oai32_1": 17,
            "gf180mcu_fd_sc_mcu7t5v0__or2_1": 122,
            "gf180mcu_fd_sc_mcu7t5v0__or3_1": 6,
            "gf180mcu_fd_sc_mcu7t5v0__or4_1": 3,
            "gf180mcu_fd_sc_mcu7t5v0__tieh": 8,
            "gf180mcu_fd_sc_mcu7t5v0__tiel": 35,
            "gf180mcu_fd_sc_mcu7t5v0__xnor2_1": 116,
            "gf180mcu_fd_sc_mcu7t5v0__xnor3_1": 14,
            "gf180mcu_fd_sc_mcu7t5v0__xor2_1": 804,
            "gf180mcu_fd_sc_mcu7t5v0__xor3_1": 387
         }
      }
}

146. Printing statistics.

=== A10_A ===

        +----------Local Count, excluding submodules.
        |        +-Local Area, excluding submodules.
        |        | 
    11057        - wires
    11057        - wire bits
     2632        - public wires
     2632        - public wire bits
       48        - ports
       48        - port bits
    11051  3.7E+05 cells
       86 1.51E+03   gf180mcu_fd_sc_mcu7t5v0__and2_1
       68 1.49E+03   gf180mcu_fd_sc_mcu7t5v0__and3_1
       28  676.122   gf180mcu_fd_sc_mcu7t5v0__and4_1
       41  900.032   gf180mcu_fd_sc_mcu7t5v0__aoi211_1
      609 1.07E+04   gf180mcu_fd_sc_mcu7t5v0__aoi21_1
       75  1811.04   gf180mcu_fd_sc_mcu7t5v0__aoi221_1
      142 4.36E+03   gf180mcu_fd_sc_mcu7t5v0__aoi222_1
      368 7.27E+03   gf180mcu_fd_sc_mcu7t5v0__aoi22_1
      371 3.26E+03   gf180mcu_fd_sc_mcu7t5v0__clkinv_1
       89 6.64E+03   gf180mcu_fd_sc_mcu7t5v0__dffnrnq_1
     2494 1.86E+05   gf180mcu_fd_sc_mcu7t5v0__dffrnq_1
        2  158.054   gf180mcu_fd_sc_mcu7t5v0__dffsnq_1
     1198 3.94E+04   gf180mcu_fd_sc_mcu7t5v0__mux2_2
     1885 2.07E+04   gf180mcu_fd_sc_mcu7t5v0__nand2_1
      111  1705.67   gf180mcu_fd_sc_mcu7t5v0__nand3_1
       24  474.163   gf180mcu_fd_sc_mcu7t5v0__nand4_1
      575  7573.44   gf180mcu_fd_sc_mcu7t5v0__nor2_1
       60 1.05E+03   gf180mcu_fd_sc_mcu7t5v0__nor3_1
       32  702.464   gf180mcu_fd_sc_mcu7t5v0__nor4_1
      283 6.21E+03   gf180mcu_fd_sc_mcu7t5v0__oai211_1
      797  1.4E+04   gf180mcu_fd_sc_mcu7t5v0__oai21_1
       64 1.69E+03   gf180mcu_fd_sc_mcu7t5v0__oai221_1
       67 1.47E+03   gf180mcu_fd_sc_mcu7t5v0__oai22_1
       70 1.69E+03   gf180mcu_fd_sc_mcu7t5v0__oai31_1
       17  447.821   gf180mcu_fd_sc_mcu7t5v0__oai32_1
      122 2.14E+03   gf180mcu_fd_sc_mcu7t5v0__or2_1
        6  131.712   gf180mcu_fd_sc_mcu7t5v0__or3_1
        3   79.027   gf180mcu_fd_sc_mcu7t5v0__or4_1
        8   70.246   gf180mcu_fd_sc_mcu7t5v0__tieh
       35  307.328   gf180mcu_fd_sc_mcu7t5v0__tiel
      116 3.31E+03   gf180mcu_fd_sc_mcu7t5v0__xnor2_1
       14  737.587   gf180mcu_fd_sc_mcu7t5v0__xnor3_1
      804 2.12E+04   gf180mcu_fd_sc_mcu7t5v0__xor2_1
      387 1.95E+04   gf180mcu_fd_sc_mcu7t5v0__xor3_1

   Chip area for module '\A10_A': 369570.700800
     of which used for sequential elements: 192944.908800 (52.21%)

147. Executing Verilog backend.
Dumping module `\A10_A'.

148. Executing JSON backend.
