
Cell gf180mcu_fd_sc_mcu7t5v0__fillcap_32 (0) disconnected node: VDD
Cell gf180mcu_fd_sc_mcu7t5v0__fillcap_32 (0) disconnected node: VNW
Cell gf180mcu_fd_sc_mcu7t5v0__fillcap_32 (0) disconnected node: VPW
Cell gf180mcu_fd_sc_mcu7t5v0__fillcap_32 (0) disconnected node: VSS

Subcircuit pins:
Circuit 1: gf180mcu_fd_sc_mcu7t5v0__fillca |Circuit 2: gf180mcu_fd_sc_mcu7t5v0__fillca 
-------------------------------------------|-------------------------------------------
VDD                                        |VDD                                        
VNW                                        |VNW                                        
VPW                                        |VPW                                        
VSS                                        |VSS                                        
---------------------------------------------------------------------------------------
Cell pin lists are equivalent.
Device classes gf180mcu_fd_sc_mcu7t5v0__fillcap_32 and gf180mcu_fd_sc_mcu7t5v0__fillcap_32 are equivalent.

Cell gf180mcu_fd_sc_mcu7t5v0__fillcap_64 (0) disconnected node: VDD
Cell gf180mcu_fd_sc_mcu7t5v0__fillcap_64 (0) disconnected node: VNW
Cell gf180mcu_fd_sc_mcu7t5v0__fillcap_64 (0) disconnected node: VPW
Cell gf180mcu_fd_sc_mcu7t5v0__fillcap_64 (0) disconnected node: VSS

Subcircuit pins:
Circuit 1: gf180mcu_fd_sc_mcu7t5v0__fillca |Circuit 2: gf180mcu_fd_sc_mcu7t5v0__fillca 
-------------------------------------------|-------------------------------------------
VDD                                        |VDD                                        
VNW                                        |VNW                                        
VPW                                        |VPW                                        
VSS                                        |VSS                                        
---------------------------------------------------------------------------------------
Cell pin lists are equivalent.
Device classes gf180mcu_fd_sc_mcu7t5v0__fillcap_64 and gf180mcu_fd_sc_mcu7t5v0__fillcap_64 are equivalent.

Cell gf180mcu_fd_sc_mcu7t5v0__xor3_1 (0) disconnected node: A1
Cell gf180mcu_fd_sc_mcu7t5v0__xor3_1 (0) disconnected node: A2
Cell gf180mcu_fd_sc_mcu7t5v0__xor3_1 (0) disconnected node: A3
Cell gf180mcu_fd_sc_mcu7t5v0__xor3_1 (0) disconnected node: Z
Cell gf180mcu_fd_sc_mcu7t5v0__xor3_1 (0) disconnected node: VDD
Cell gf180mcu_fd_sc_mcu7t5v0__xor3_1 (0) disconnected node: VNW
Cell gf180mcu_fd_sc_mcu7t5v0__xor3_1 (0) disconnected node: VPW
Cell gf180mcu_fd_sc_mcu7t5v0__xor3_1 (0) disconnected node: VSS

Subcircuit pins:
Circuit 1: gf180mcu_fd_sc_mcu7t5v0__xor3_1 |Circuit 2: gf180mcu_fd_sc_mcu7t5v0__xor3_1 
-------------------------------------------|-------------------------------------------
A1                                         |A1                                         
A2                                         |A2                                         
A3                                         |A3                                         
Z                                          |Z                                          
VDD                                        |VDD                                        
VNW                                        |VNW                                        
VPW                                        |VPW                                        
VSS                                        |VSS                                        
---------------------------------------------------------------------------------------
Cell pin lists are equivalent.
Device classes gf180mcu_fd_sc_mcu7t5v0__xor3_1 and gf180mcu_fd_sc_mcu7t5v0__xor3_1 are equivalent.

Cell gf180mcu_fd_sc_mcu7t5v0__fillcap_8 (0) disconnected node: VDD
Cell gf180mcu_fd_sc_mcu7t5v0__fillcap_8 (0) disconnected node: VNW
Cell gf180mcu_fd_sc_mcu7t5v0__fillcap_8 (0) disconnected node: VPW
Cell gf180mcu_fd_sc_mcu7t5v0__fillcap_8 (0) disconnected node: VSS

Subcircuit pins:
Circuit 1: gf180mcu_fd_sc_mcu7t5v0__fillca |Circuit 2: gf180mcu_fd_sc_mcu7t5v0__fillca 
-------------------------------------------|-------------------------------------------
VDD                                        |VDD                                        
VNW                                        |VNW                                        
VPW                                        |VPW                                        
VSS                                        |VSS                                        
---------------------------------------------------------------------------------------
Cell pin lists are equivalent.
Device classes gf180mcu_fd_sc_mcu7t5v0__fillcap_8 and gf180mcu_fd_sc_mcu7t5v0__fillcap_8 are equivalent.

Cell gf180mcu_fd_sc_mcu7t5v0__dffrnq_1 (0) disconnected node: D
Cell gf180mcu_fd_sc_mcu7t5v0__dffrnq_1 (0) disconnected node: RN
Cell gf180mcu_fd_sc_mcu7t5v0__dffrnq_1 (0) disconnected node: CLK
Cell gf180mcu_fd_sc_mcu7t5v0__dffrnq_1 (0) disconnected node: Q
Cell gf180mcu_fd_sc_mcu7t5v0__dffrnq_1 (0) disconnected node: VDD
Cell gf180mcu_fd_sc_mcu7t5v0__dffrnq_1 (0) disconnected node: VNW
Cell gf180mcu_fd_sc_mcu7t5v0__dffrnq_1 (0) disconnected node: VPW
Cell gf180mcu_fd_sc_mcu7t5v0__dffrnq_1 (0) disconnected node: VSS

Subcircuit pins:
Circuit 1: gf180mcu_fd_sc_mcu7t5v0__dffrnq |Circuit 2: gf180mcu_fd_sc_mcu7t5v0__dffrnq 
-------------------------------------------|-------------------------------------------
D                                          |D                                          
RN                                         |RN                                         
CLK                                        |CLK                                        
Q                                          |Q                                          
VDD                                        |VDD                                        
VNW                                        |VNW                                        
VPW                                        |VPW                                        
VSS                                        |VSS                                        
---------------------------------------------------------------------------------------
Cell pin lists are equivalent.
Device classes gf180mcu_fd_sc_mcu7t5v0__dffrnq_1 and gf180mcu_fd_sc_mcu7t5v0__dffrnq_1 are equivalent.

Cell gf180mcu_fd_sc_mcu7t5v0__clkinv_1 (0) disconnected node: I
Cell gf180mcu_fd_sc_mcu7t5v0__clkinv_1 (0) disconnected node: ZN
Cell gf180mcu_fd_sc_mcu7t5v0__clkinv_1 (0) disconnected node: VDD
Cell gf180mcu_fd_sc_mcu7t5v0__clkinv_1 (0) disconnected node: VNW
Cell gf180mcu_fd_sc_mcu7t5v0__clkinv_1 (0) disconnected node: VPW
Cell gf180mcu_fd_sc_mcu7t5v0__clkinv_1 (0) disconnected node: VSS

Subcircuit pins:
Circuit 1: gf180mcu_fd_sc_mcu7t5v0__clkinv |Circuit 2: gf180mcu_fd_sc_mcu7t5v0__clkinv 
-------------------------------------------|-------------------------------------------
I                                          |I                                          
ZN                                         |ZN                                         
VDD                                        |VDD                                        
VNW                                        |VNW                                        
VPW                                        |VPW                                        
VSS                                        |VSS                                        
---------------------------------------------------------------------------------------
Cell pin lists are equivalent.
Device classes gf180mcu_fd_sc_mcu7t5v0__clkinv_1 and gf180mcu_fd_sc_mcu7t5v0__clkinv_1 are equivalent.

Cell gf180mcu_fd_sc_mcu7t5v0__fillcap_4 (0) disconnected node: VDD
Cell gf180mcu_fd_sc_mcu7t5v0__fillcap_4 (0) disconnected node: VNW
Cell gf180mcu_fd_sc_mcu7t5v0__fillcap_4 (0) disconnected node: VPW
Cell gf180mcu_fd_sc_mcu7t5v0__fillcap_4 (0) disconnected node: VSS

Subcircuit pins:
Circuit 1: gf180mcu_fd_sc_mcu7t5v0__fillca |Circuit 2: gf180mcu_fd_sc_mcu7t5v0__fillca 
-------------------------------------------|-------------------------------------------
VDD                                        |VDD                                        
VNW                                        |VNW                                        
VPW                                        |VPW                                        
VSS                                        |VSS                                        
---------------------------------------------------------------------------------------
Cell pin lists are equivalent.
Device classes gf180mcu_fd_sc_mcu7t5v0__fillcap_4 and gf180mcu_fd_sc_mcu7t5v0__fillcap_4 are equivalent.

Cell gf180mcu_fd_sc_mcu7t5v0__clkbuf_1 (0) disconnected node: I
Cell gf180mcu_fd_sc_mcu7t5v0__clkbuf_1 (0) disconnected node: Z
Cell gf180mcu_fd_sc_mcu7t5v0__clkbuf_1 (0) disconnected node: VDD
Cell gf180mcu_fd_sc_mcu7t5v0__clkbuf_1 (0) disconnected node: VNW
Cell gf180mcu_fd_sc_mcu7t5v0__clkbuf_1 (0) disconnected node: VPW
Cell gf180mcu_fd_sc_mcu7t5v0__clkbuf_1 (0) disconnected node: VSS

Subcircuit pins:
Circuit 1: gf180mcu_fd_sc_mcu7t5v0__clkbuf |Circuit 2: gf180mcu_fd_sc_mcu7t5v0__clkbuf 
-------------------------------------------|-------------------------------------------
I                                          |I                                          
Z                                          |Z                                          
VDD                                        |VDD                                        
VNW                                        |VNW                                        
VPW                                        |VPW                                        
VSS                                        |VSS                                        
---------------------------------------------------------------------------------------
Cell pin lists are equivalent.
Device classes gf180mcu_fd_sc_mcu7t5v0__clkbuf_1 and gf180mcu_fd_sc_mcu7t5v0__clkbuf_1 are equivalent.

Cell gf180mcu_fd_sc_mcu7t5v0__buf_1 (0) disconnected node: I
Cell gf180mcu_fd_sc_mcu7t5v0__buf_1 (0) disconnected node: Z
Cell gf180mcu_fd_sc_mcu7t5v0__buf_1 (0) disconnected node: VDD
Cell gf180mcu_fd_sc_mcu7t5v0__buf_1 (0) disconnected node: VNW
Cell gf180mcu_fd_sc_mcu7t5v0__buf_1 (0) disconnected node: VPW
Cell gf180mcu_fd_sc_mcu7t5v0__buf_1 (0) disconnected node: VSS

Subcircuit pins:
Circuit 1: gf180mcu_fd_sc_mcu7t5v0__buf_1  |Circuit 2: gf180mcu_fd_sc_mcu7t5v0__buf_1  
-------------------------------------------|-------------------------------------------
I                                          |I                                          
Z                                          |Z                                          
VDD                                        |VDD                                        
VNW                                        |VNW                                        
VPW                                        |VPW                                        
VSS                                        |VSS                                        
---------------------------------------------------------------------------------------
Cell pin lists are equivalent.
Device classes gf180mcu_fd_sc_mcu7t5v0__buf_1 and gf180mcu_fd_sc_mcu7t5v0__buf_1 are equivalent.

Cell gf180mcu_fd_sc_mcu7t5v0__oai21_1 (0) disconnected node: A1
Cell gf180mcu_fd_sc_mcu7t5v0__oai21_1 (0) disconnected node: A2
Cell gf180mcu_fd_sc_mcu7t5v0__oai21_1 (0) disconnected node: B
Cell gf180mcu_fd_sc_mcu7t5v0__oai21_1 (0) disconnected node: ZN
Cell gf180mcu_fd_sc_mcu7t5v0__oai21_1 (0) disconnected node: VDD
Cell gf180mcu_fd_sc_mcu7t5v0__oai21_1 (0) disconnected node: VNW
Cell gf180mcu_fd_sc_mcu7t5v0__oai21_1 (0) disconnected node: VPW
Cell gf180mcu_fd_sc_mcu7t5v0__oai21_1 (0) disconnected node: VSS

Subcircuit pins:
Circuit 1: gf180mcu_fd_sc_mcu7t5v0__oai21_ |Circuit 2: gf180mcu_fd_sc_mcu7t5v0__oai21_ 
-------------------------------------------|-------------------------------------------
A1                                         |A1                                         
A2                                         |A2                                         
B                                          |B                                          
ZN                                         |ZN                                         
VDD                                        |VDD                                        
VNW                                        |VNW                                        
VPW                                        |VPW                                        
VSS                                        |VSS                                        
---------------------------------------------------------------------------------------
Cell pin lists are equivalent.
Device classes gf180mcu_fd_sc_mcu7t5v0__oai21_1 and gf180mcu_fd_sc_mcu7t5v0__oai21_1 are equivalent.

Cell gf180mcu_fd_sc_mcu7t5v0__and4_1 (0) disconnected node: A1
Cell gf180mcu_fd_sc_mcu7t5v0__and4_1 (0) disconnected node: A2
Cell gf180mcu_fd_sc_mcu7t5v0__and4_1 (0) disconnected node: A3
Cell gf180mcu_fd_sc_mcu7t5v0__and4_1 (0) disconnected node: A4
Cell gf180mcu_fd_sc_mcu7t5v0__and4_1 (0) disconnected node: Z
Cell gf180mcu_fd_sc_mcu7t5v0__and4_1 (0) disconnected node: VDD
Cell gf180mcu_fd_sc_mcu7t5v0__and4_1 (0) disconnected node: VNW
Cell gf180mcu_fd_sc_mcu7t5v0__and4_1 (0) disconnected node: VPW
Cell gf180mcu_fd_sc_mcu7t5v0__and4_1 (0) disconnected node: VSS

Subcircuit pins:
Circuit 1: gf180mcu_fd_sc_mcu7t5v0__and4_1 |Circuit 2: gf180mcu_fd_sc_mcu7t5v0__and4_1 
-------------------------------------------|-------------------------------------------
A1                                         |A1                                         
A2                                         |A2                                         
A3                                         |A3                                         
A4                                         |A4                                         
Z                                          |Z                                          
VDD                                        |VDD                                        
VNW                                        |VNW                                        
VPW                                        |VPW                                        
VSS                                        |VSS                                        
---------------------------------------------------------------------------------------
Cell pin lists are equivalent.
Device classes gf180mcu_fd_sc_mcu7t5v0__and4_1 and gf180mcu_fd_sc_mcu7t5v0__and4_1 are equivalent.

Cell gf180mcu_fd_sc_mcu7t5v0__fillcap_16 (0) disconnected node: VDD
Cell gf180mcu_fd_sc_mcu7t5v0__fillcap_16 (0) disconnected node: VNW
Cell gf180mcu_fd_sc_mcu7t5v0__fillcap_16 (0) disconnected node: VPW
Cell gf180mcu_fd_sc_mcu7t5v0__fillcap_16 (0) disconnected node: VSS

Subcircuit pins:
Circuit 1: gf180mcu_fd_sc_mcu7t5v0__fillca |Circuit 2: gf180mcu_fd_sc_mcu7t5v0__fillca 
-------------------------------------------|-------------------------------------------
VDD                                        |VDD                                        
VNW                                        |VNW                                        
VPW                                        |VPW                                        
VSS                                        |VSS                                        
---------------------------------------------------------------------------------------
Cell pin lists are equivalent.
Device classes gf180mcu_fd_sc_mcu7t5v0__fillcap_16 and gf180mcu_fd_sc_mcu7t5v0__fillcap_16 are equivalent.

Cell gf180mcu_fd_sc_mcu7t5v0__buf_8 (0) disconnected node: I
Cell gf180mcu_fd_sc_mcu7t5v0__buf_8 (0) disconnected node: Z
Cell gf180mcu_fd_sc_mcu7t5v0__buf_8 (0) disconnected node: VDD
Cell gf180mcu_fd_sc_mcu7t5v0__buf_8 (0) disconnected node: VNW
Cell gf180mcu_fd_sc_mcu7t5v0__buf_8 (0) disconnected node: VPW
Cell gf180mcu_fd_sc_mcu7t5v0__buf_8 (0) disconnected node: VSS

Subcircuit pins:
Circuit 1: gf180mcu_fd_sc_mcu7t5v0__buf_8  |Circuit 2: gf180mcu_fd_sc_mcu7t5v0__buf_8  
-------------------------------------------|-------------------------------------------
I                                          |I                                          
Z                                          |Z                                          
VDD                                        |VDD                                        
VNW                                        |VNW                                        
VPW                                        |VPW                                        
VSS                                        |VSS                                        
---------------------------------------------------------------------------------------
Cell pin lists are equivalent.
Device classes gf180mcu_fd_sc_mcu7t5v0__buf_8 and gf180mcu_fd_sc_mcu7t5v0__buf_8 are equivalent.

Cell gf180mcu_fd_sc_mcu7t5v0__xor2_1 (0) disconnected node: A1
Cell gf180mcu_fd_sc_mcu7t5v0__xor2_1 (0) disconnected node: A2
Cell gf180mcu_fd_sc_mcu7t5v0__xor2_1 (0) disconnected node: Z
Cell gf180mcu_fd_sc_mcu7t5v0__xor2_1 (0) disconnected node: VDD
Cell gf180mcu_fd_sc_mcu7t5v0__xor2_1 (0) disconnected node: VNW
Cell gf180mcu_fd_sc_mcu7t5v0__xor2_1 (0) disconnected node: VPW
Cell gf180mcu_fd_sc_mcu7t5v0__xor2_1 (0) disconnected node: VSS

Subcircuit pins:
Circuit 1: gf180mcu_fd_sc_mcu7t5v0__xor2_1 |Circuit 2: gf180mcu_fd_sc_mcu7t5v0__xor2_1 
-------------------------------------------|-------------------------------------------
A1                                         |A1                                         
A2                                         |A2                                         
Z                                          |Z                                          
VDD                                        |VDD                                        
VNW                                        |VNW                                        
VPW                                        |VPW                                        
VSS                                        |VSS                                        
---------------------------------------------------------------------------------------
Cell pin lists are equivalent.
Device classes gf180mcu_fd_sc_mcu7t5v0__xor2_1 and gf180mcu_fd_sc_mcu7t5v0__xor2_1 are equivalent.

Cell gf180mcu_fd_sc_mcu7t5v0__nand2_1 (0) disconnected node: A1
Cell gf180mcu_fd_sc_mcu7t5v0__nand2_1 (0) disconnected node: A2
Cell gf180mcu_fd_sc_mcu7t5v0__nand2_1 (0) disconnected node: ZN
Cell gf180mcu_fd_sc_mcu7t5v0__nand2_1 (0) disconnected node: VDD
Cell gf180mcu_fd_sc_mcu7t5v0__nand2_1 (0) disconnected node: VNW
Cell gf180mcu_fd_sc_mcu7t5v0__nand2_1 (0) disconnected node: VPW
Cell gf180mcu_fd_sc_mcu7t5v0__nand2_1 (0) disconnected node: VSS

Subcircuit pins:
Circuit 1: gf180mcu_fd_sc_mcu7t5v0__nand2_ |Circuit 2: gf180mcu_fd_sc_mcu7t5v0__nand2_ 
-------------------------------------------|-------------------------------------------
A1                                         |A1                                         
A2                                         |A2                                         
ZN                                         |ZN                                         
VDD                                        |VDD                                        
VNW                                        |VNW                                        
VPW                                        |VPW                                        
VSS                                        |VSS                                        
---------------------------------------------------------------------------------------
Cell pin lists are equivalent.
Device classes gf180mcu_fd_sc_mcu7t5v0__nand2_1 and gf180mcu_fd_sc_mcu7t5v0__nand2_1 are equivalent.

Cell gf180mcu_fd_sc_mcu7t5v0__nand4_1 (0) disconnected node: A1
Cell gf180mcu_fd_sc_mcu7t5v0__nand4_1 (0) disconnected node: A2
Cell gf180mcu_fd_sc_mcu7t5v0__nand4_1 (0) disconnected node: A3
Cell gf180mcu_fd_sc_mcu7t5v0__nand4_1 (0) disconnected node: A4
Cell gf180mcu_fd_sc_mcu7t5v0__nand4_1 (0) disconnected node: ZN
Cell gf180mcu_fd_sc_mcu7t5v0__nand4_1 (0) disconnected node: VDD
Cell gf180mcu_fd_sc_mcu7t5v0__nand4_1 (0) disconnected node: VNW
Cell gf180mcu_fd_sc_mcu7t5v0__nand4_1 (0) disconnected node: VPW
Cell gf180mcu_fd_sc_mcu7t5v0__nand4_1 (0) disconnected node: VSS

Subcircuit pins:
Circuit 1: gf180mcu_fd_sc_mcu7t5v0__nand4_ |Circuit 2: gf180mcu_fd_sc_mcu7t5v0__nand4_ 
-------------------------------------------|-------------------------------------------
A1                                         |A1                                         
A2                                         |A2                                         
A3                                         |A3                                         
A4                                         |A4                                         
ZN                                         |ZN                                         
VDD                                        |VDD                                        
VNW                                        |VNW                                        
VPW                                        |VPW                                        
VSS                                        |VSS                                        
---------------------------------------------------------------------------------------
Cell pin lists are equivalent.
Device classes gf180mcu_fd_sc_mcu7t5v0__nand4_1 and gf180mcu_fd_sc_mcu7t5v0__nand4_1 are equivalent.

Cell gf180mcu_fd_sc_mcu7t5v0__aoi222_1 (0) disconnected node: A1
Cell gf180mcu_fd_sc_mcu7t5v0__aoi222_1 (0) disconnected node: A2
Cell gf180mcu_fd_sc_mcu7t5v0__aoi222_1 (0) disconnected node: B1
Cell gf180mcu_fd_sc_mcu7t5v0__aoi222_1 (0) disconnected node: B2
Cell gf180mcu_fd_sc_mcu7t5v0__aoi222_1 (0) disconnected node: C1
Cell gf180mcu_fd_sc_mcu7t5v0__aoi222_1 (0) disconnected node: C2
Cell gf180mcu_fd_sc_mcu7t5v0__aoi222_1 (0) disconnected node: ZN
Cell gf180mcu_fd_sc_mcu7t5v0__aoi222_1 (0) disconnected node: VDD
Cell gf180mcu_fd_sc_mcu7t5v0__aoi222_1 (0) disconnected node: VNW
Cell gf180mcu_fd_sc_mcu7t5v0__aoi222_1 (0) disconnected node: VPW
Cell gf180mcu_fd_sc_mcu7t5v0__aoi222_1 (0) disconnected node: VSS

Subcircuit pins:
Circuit 1: gf180mcu_fd_sc_mcu7t5v0__aoi222 |Circuit 2: gf180mcu_fd_sc_mcu7t5v0__aoi222 
-------------------------------------------|-------------------------------------------
A1                                         |A1                                         
A2                                         |A2                                         
B1                                         |B1                                         
B2                                         |B2                                         
C1                                         |C1                                         
C2                                         |C2                                         
ZN                                         |ZN                                         
VDD                                        |VDD                                        
VNW                                        |VNW                                        
VPW                                        |VPW                                        
VSS                                        |VSS                                        
---------------------------------------------------------------------------------------
Cell pin lists are equivalent.
Device classes gf180mcu_fd_sc_mcu7t5v0__aoi222_1 and gf180mcu_fd_sc_mcu7t5v0__aoi222_1 are equivalent.

Cell gf180mcu_fd_sc_mcu7t5v0__nor4_1 (0) disconnected node: A1
Cell gf180mcu_fd_sc_mcu7t5v0__nor4_1 (0) disconnected node: A2
Cell gf180mcu_fd_sc_mcu7t5v0__nor4_1 (0) disconnected node: A3
Cell gf180mcu_fd_sc_mcu7t5v0__nor4_1 (0) disconnected node: A4
Cell gf180mcu_fd_sc_mcu7t5v0__nor4_1 (0) disconnected node: ZN
Cell gf180mcu_fd_sc_mcu7t5v0__nor4_1 (0) disconnected node: VDD
Cell gf180mcu_fd_sc_mcu7t5v0__nor4_1 (0) disconnected node: VNW
Cell gf180mcu_fd_sc_mcu7t5v0__nor4_1 (0) disconnected node: VPW
Cell gf180mcu_fd_sc_mcu7t5v0__nor4_1 (0) disconnected node: VSS

Subcircuit pins:
Circuit 1: gf180mcu_fd_sc_mcu7t5v0__nor4_1 |Circuit 2: gf180mcu_fd_sc_mcu7t5v0__nor4_1 
-------------------------------------------|-------------------------------------------
A1                                         |A1                                         
A2                                         |A2                                         
A3                                         |A3                                         
A4                                         |A4                                         
ZN                                         |ZN                                         
VDD                                        |VDD                                        
VNW                                        |VNW                                        
VPW                                        |VPW                                        
VSS                                        |VSS                                        
---------------------------------------------------------------------------------------
Cell pin lists are equivalent.
Device classes gf180mcu_fd_sc_mcu7t5v0__nor4_1 and gf180mcu_fd_sc_mcu7t5v0__nor4_1 are equivalent.

Cell gf180mcu_fd_sc_mcu7t5v0__nand3_1 (0) disconnected node: A1
Cell gf180mcu_fd_sc_mcu7t5v0__nand3_1 (0) disconnected node: A2
Cell gf180mcu_fd_sc_mcu7t5v0__nand3_1 (0) disconnected node: A3
Cell gf180mcu_fd_sc_mcu7t5v0__nand3_1 (0) disconnected node: ZN
Cell gf180mcu_fd_sc_mcu7t5v0__nand3_1 (0) disconnected node: VDD
Cell gf180mcu_fd_sc_mcu7t5v0__nand3_1 (0) disconnected node: VNW
Cell gf180mcu_fd_sc_mcu7t5v0__nand3_1 (0) disconnected node: VPW
Cell gf180mcu_fd_sc_mcu7t5v0__nand3_1 (0) disconnected node: VSS

Subcircuit pins:
Circuit 1: gf180mcu_fd_sc_mcu7t5v0__nand3_ |Circuit 2: gf180mcu_fd_sc_mcu7t5v0__nand3_ 
-------------------------------------------|-------------------------------------------
A1                                         |A1                                         
A2                                         |A2                                         
A3                                         |A3                                         
ZN                                         |ZN                                         
VDD                                        |VDD                                        
VNW                                        |VNW                                        
VPW                                        |VPW                                        
VSS                                        |VSS                                        
---------------------------------------------------------------------------------------
Cell pin lists are equivalent.
Device classes gf180mcu_fd_sc_mcu7t5v0__nand3_1 and gf180mcu_fd_sc_mcu7t5v0__nand3_1 are equivalent.

Cell gf180mcu_fd_sc_mcu7t5v0__or2_1 (0) disconnected node: A1
Cell gf180mcu_fd_sc_mcu7t5v0__or2_1 (0) disconnected node: A2
Cell gf180mcu_fd_sc_mcu7t5v0__or2_1 (0) disconnected node: Z
Cell gf180mcu_fd_sc_mcu7t5v0__or2_1 (0) disconnected node: VDD
Cell gf180mcu_fd_sc_mcu7t5v0__or2_1 (0) disconnected node: VNW
Cell gf180mcu_fd_sc_mcu7t5v0__or2_1 (0) disconnected node: VPW
Cell gf180mcu_fd_sc_mcu7t5v0__or2_1 (0) disconnected node: VSS

Subcircuit pins:
Circuit 1: gf180mcu_fd_sc_mcu7t5v0__or2_1  |Circuit 2: gf180mcu_fd_sc_mcu7t5v0__or2_1  
-------------------------------------------|-------------------------------------------
A1                                         |A1                                         
A2                                         |A2                                         
Z                                          |Z                                          
VDD                                        |VDD                                        
VNW                                        |VNW                                        
VPW                                        |VPW                                        
VSS                                        |VSS                                        
---------------------------------------------------------------------------------------
Cell pin lists are equivalent.
Device classes gf180mcu_fd_sc_mcu7t5v0__or2_1 and gf180mcu_fd_sc_mcu7t5v0__or2_1 are equivalent.

Cell gf180mcu_fd_sc_mcu7t5v0__aoi21_1 (0) disconnected node: A1
Cell gf180mcu_fd_sc_mcu7t5v0__aoi21_1 (0) disconnected node: A2
Cell gf180mcu_fd_sc_mcu7t5v0__aoi21_1 (0) disconnected node: B
Cell gf180mcu_fd_sc_mcu7t5v0__aoi21_1 (0) disconnected node: ZN
Cell gf180mcu_fd_sc_mcu7t5v0__aoi21_1 (0) disconnected node: VDD
Cell gf180mcu_fd_sc_mcu7t5v0__aoi21_1 (0) disconnected node: VNW
Cell gf180mcu_fd_sc_mcu7t5v0__aoi21_1 (0) disconnected node: VPW
Cell gf180mcu_fd_sc_mcu7t5v0__aoi21_1 (0) disconnected node: VSS

Subcircuit pins:
Circuit 1: gf180mcu_fd_sc_mcu7t5v0__aoi21_ |Circuit 2: gf180mcu_fd_sc_mcu7t5v0__aoi21_ 
-------------------------------------------|-------------------------------------------
A1                                         |A1                                         
A2                                         |A2                                         
B                                          |B                                          
ZN                                         |ZN                                         
VDD                                        |VDD                                        
VNW                                        |VNW                                        
VPW                                        |VPW                                        
VSS                                        |VSS                                        
---------------------------------------------------------------------------------------
Cell pin lists are equivalent.
Device classes gf180mcu_fd_sc_mcu7t5v0__aoi21_1 and gf180mcu_fd_sc_mcu7t5v0__aoi21_1 are equivalent.

Cell gf180mcu_fd_sc_mcu7t5v0__mux2_2 (0) disconnected node: I0
Cell gf180mcu_fd_sc_mcu7t5v0__mux2_2 (0) disconnected node: I1
Cell gf180mcu_fd_sc_mcu7t5v0__mux2_2 (0) disconnected node: S
Cell gf180mcu_fd_sc_mcu7t5v0__mux2_2 (0) disconnected node: Z
Cell gf180mcu_fd_sc_mcu7t5v0__mux2_2 (0) disconnected node: VDD
Cell gf180mcu_fd_sc_mcu7t5v0__mux2_2 (0) disconnected node: VNW
Cell gf180mcu_fd_sc_mcu7t5v0__mux2_2 (0) disconnected node: VPW
Cell gf180mcu_fd_sc_mcu7t5v0__mux2_2 (0) disconnected node: VSS

Subcircuit pins:
Circuit 1: gf180mcu_fd_sc_mcu7t5v0__mux2_2 |Circuit 2: gf180mcu_fd_sc_mcu7t5v0__mux2_2 
-------------------------------------------|-------------------------------------------
I0                                         |I0                                         
I1                                         |I1                                         
S                                          |S                                          
Z                                          |Z                                          
VDD                                        |VDD                                        
VNW                                        |VNW                                        
VPW                                        |VPW                                        
VSS                                        |VSS                                        
---------------------------------------------------------------------------------------
Cell pin lists are equivalent.
Device classes gf180mcu_fd_sc_mcu7t5v0__mux2_2 and gf180mcu_fd_sc_mcu7t5v0__mux2_2 are equivalent.

Cell gf180mcu_fd_sc_mcu7t5v0__dffnrnq_1 (0) disconnected node: D
Cell gf180mcu_fd_sc_mcu7t5v0__dffnrnq_1 (0) disconnected node: RN
Cell gf180mcu_fd_sc_mcu7t5v0__dffnrnq_1 (0) disconnected node: CLKN
Cell gf180mcu_fd_sc_mcu7t5v0__dffnrnq_1 (0) disconnected node: Q
Cell gf180mcu_fd_sc_mcu7t5v0__dffnrnq_1 (0) disconnected node: VDD
Cell gf180mcu_fd_sc_mcu7t5v0__dffnrnq_1 (0) disconnected node: VNW
Cell gf180mcu_fd_sc_mcu7t5v0__dffnrnq_1 (0) disconnected node: VPW
Cell gf180mcu_fd_sc_mcu7t5v0__dffnrnq_1 (0) disconnected node: VSS

Subcircuit pins:
Circuit 1: gf180mcu_fd_sc_mcu7t5v0__dffnrn |Circuit 2: gf180mcu_fd_sc_mcu7t5v0__dffnrn 
-------------------------------------------|-------------------------------------------
D                                          |D                                          
RN                                         |RN                                         
CLKN                                       |CLKN                                       
Q                                          |Q                                          
VDD                                        |VDD                                        
VNW                                        |VNW                                        
VPW                                        |VPW                                        
VSS                                        |VSS                                        
---------------------------------------------------------------------------------------
Cell pin lists are equivalent.
Device classes gf180mcu_fd_sc_mcu7t5v0__dffnrnq_1 and gf180mcu_fd_sc_mcu7t5v0__dffnrnq_1 are equivalent.

Cell gf180mcu_fd_sc_mcu7t5v0__oai211_1 (0) disconnected node: A1
Cell gf180mcu_fd_sc_mcu7t5v0__oai211_1 (0) disconnected node: A2
Cell gf180mcu_fd_sc_mcu7t5v0__oai211_1 (0) disconnected node: B
Cell gf180mcu_fd_sc_mcu7t5v0__oai211_1 (0) disconnected node: C
Cell gf180mcu_fd_sc_mcu7t5v0__oai211_1 (0) disconnected node: ZN
Cell gf180mcu_fd_sc_mcu7t5v0__oai211_1 (0) disconnected node: VDD
Cell gf180mcu_fd_sc_mcu7t5v0__oai211_1 (0) disconnected node: VNW
Cell gf180mcu_fd_sc_mcu7t5v0__oai211_1 (0) disconnected node: VPW
Cell gf180mcu_fd_sc_mcu7t5v0__oai211_1 (0) disconnected node: VSS

Subcircuit pins:
Circuit 1: gf180mcu_fd_sc_mcu7t5v0__oai211 |Circuit 2: gf180mcu_fd_sc_mcu7t5v0__oai211 
-------------------------------------------|-------------------------------------------
A1                                         |A1                                         
A2                                         |A2                                         
B                                          |B                                          
C                                          |C                                          
ZN                                         |ZN                                         
VDD                                        |VDD                                        
VNW                                        |VNW                                        
VPW                                        |VPW                                        
VSS                                        |VSS                                        
---------------------------------------------------------------------------------------
Cell pin lists are equivalent.
Device classes gf180mcu_fd_sc_mcu7t5v0__oai211_1 and gf180mcu_fd_sc_mcu7t5v0__oai211_1 are equivalent.

Cell gf180mcu_fd_sc_mcu7t5v0__clkbuf_2 (0) disconnected node: I
Cell gf180mcu_fd_sc_mcu7t5v0__clkbuf_2 (0) disconnected node: Z
Cell gf180mcu_fd_sc_mcu7t5v0__clkbuf_2 (0) disconnected node: VDD
Cell gf180mcu_fd_sc_mcu7t5v0__clkbuf_2 (0) disconnected node: VNW
Cell gf180mcu_fd_sc_mcu7t5v0__clkbuf_2 (0) disconnected node: VPW
Cell gf180mcu_fd_sc_mcu7t5v0__clkbuf_2 (0) disconnected node: VSS

Subcircuit pins:
Circuit 1: gf180mcu_fd_sc_mcu7t5v0__clkbuf |Circuit 2: gf180mcu_fd_sc_mcu7t5v0__clkbuf 
-------------------------------------------|-------------------------------------------
I                                          |I                                          
Z                                          |Z                                          
VDD                                        |VDD                                        
VNW                                        |VNW                                        
VPW                                        |VPW                                        
VSS                                        |VSS                                        
---------------------------------------------------------------------------------------
Cell pin lists are equivalent.
Device classes gf180mcu_fd_sc_mcu7t5v0__clkbuf_2 and gf180mcu_fd_sc_mcu7t5v0__clkbuf_2 are equivalent.

Cell gf180mcu_fd_sc_mcu7t5v0__buf_2 (0) disconnected node: I
Cell gf180mcu_fd_sc_mcu7t5v0__buf_2 (0) disconnected node: Z
Cell gf180mcu_fd_sc_mcu7t5v0__buf_2 (0) disconnected node: VDD
Cell gf180mcu_fd_sc_mcu7t5v0__buf_2 (0) disconnected node: VNW
Cell gf180mcu_fd_sc_mcu7t5v0__buf_2 (0) disconnected node: VPW
Cell gf180mcu_fd_sc_mcu7t5v0__buf_2 (0) disconnected node: VSS

Subcircuit pins:
Circuit 1: gf180mcu_fd_sc_mcu7t5v0__buf_2  |Circuit 2: gf180mcu_fd_sc_mcu7t5v0__buf_2  
-------------------------------------------|-------------------------------------------
I                                          |I                                          
Z                                          |Z                                          
VDD                                        |VDD                                        
VNW                                        |VNW                                        
VPW                                        |VPW                                        
VSS                                        |VSS                                        
---------------------------------------------------------------------------------------
Cell pin lists are equivalent.
Device classes gf180mcu_fd_sc_mcu7t5v0__buf_2 and gf180mcu_fd_sc_mcu7t5v0__buf_2 are equivalent.

Cell gf180mcu_fd_sc_mcu7t5v0__aoi221_1 (0) disconnected node: A1
Cell gf180mcu_fd_sc_mcu7t5v0__aoi221_1 (0) disconnected node: A2
Cell gf180mcu_fd_sc_mcu7t5v0__aoi221_1 (0) disconnected node: B1
Cell gf180mcu_fd_sc_mcu7t5v0__aoi221_1 (0) disconnected node: B2
Cell gf180mcu_fd_sc_mcu7t5v0__aoi221_1 (0) disconnected node: C
Cell gf180mcu_fd_sc_mcu7t5v0__aoi221_1 (0) disconnected node: ZN
Cell gf180mcu_fd_sc_mcu7t5v0__aoi221_1 (0) disconnected node: VDD
Cell gf180mcu_fd_sc_mcu7t5v0__aoi221_1 (0) disconnected node: VNW
Cell gf180mcu_fd_sc_mcu7t5v0__aoi221_1 (0) disconnected node: VPW
Cell gf180mcu_fd_sc_mcu7t5v0__aoi221_1 (0) disconnected node: VSS

Subcircuit pins:
Circuit 1: gf180mcu_fd_sc_mcu7t5v0__aoi221 |Circuit 2: gf180mcu_fd_sc_mcu7t5v0__aoi221 
-------------------------------------------|-------------------------------------------
A1                                         |A1                                         
A2                                         |A2                                         
B1                                         |B1                                         
B2                                         |B2                                         
C                                          |C                                          
ZN                                         |ZN                                         
VDD                                        |VDD                                        
VNW                                        |VNW                                        
VPW                                        |VPW                                        
VSS                                        |VSS                                        
---------------------------------------------------------------------------------------
Cell pin lists are equivalent.
Device classes gf180mcu_fd_sc_mcu7t5v0__aoi221_1 and gf180mcu_fd_sc_mcu7t5v0__aoi221_1 are equivalent.

Cell gf180mcu_fd_sc_mcu7t5v0__nor2_1 (0) disconnected node: A1
Cell gf180mcu_fd_sc_mcu7t5v0__nor2_1 (0) disconnected node: A2
Cell gf180mcu_fd_sc_mcu7t5v0__nor2_1 (0) disconnected node: ZN
Cell gf180mcu_fd_sc_mcu7t5v0__nor2_1 (0) disconnected node: VDD
Cell gf180mcu_fd_sc_mcu7t5v0__nor2_1 (0) disconnected node: VNW
Cell gf180mcu_fd_sc_mcu7t5v0__nor2_1 (0) disconnected node: VPW
Cell gf180mcu_fd_sc_mcu7t5v0__nor2_1 (0) disconnected node: VSS

Subcircuit pins:
Circuit 1: gf180mcu_fd_sc_mcu7t5v0__nor2_1 |Circuit 2: gf180mcu_fd_sc_mcu7t5v0__nor2_1 
-------------------------------------------|-------------------------------------------
A1                                         |A1                                         
A2                                         |A2                                         
ZN                                         |ZN                                         
VDD                                        |VDD                                        
VNW                                        |VNW                                        
VPW                                        |VPW                                        
VSS                                        |VSS                                        
---------------------------------------------------------------------------------------
Cell pin lists are equivalent.
Device classes gf180mcu_fd_sc_mcu7t5v0__nor2_1 and gf180mcu_fd_sc_mcu7t5v0__nor2_1 are equivalent.

Cell gf180mcu_fd_sc_mcu7t5v0__aoi22_1 (0) disconnected node: A1
Cell gf180mcu_fd_sc_mcu7t5v0__aoi22_1 (0) disconnected node: A2
Cell gf180mcu_fd_sc_mcu7t5v0__aoi22_1 (0) disconnected node: B1
Cell gf180mcu_fd_sc_mcu7t5v0__aoi22_1 (0) disconnected node: B2
Cell gf180mcu_fd_sc_mcu7t5v0__aoi22_1 (0) disconnected node: ZN
Cell gf180mcu_fd_sc_mcu7t5v0__aoi22_1 (0) disconnected node: VDD
Cell gf180mcu_fd_sc_mcu7t5v0__aoi22_1 (0) disconnected node: VNW
Cell gf180mcu_fd_sc_mcu7t5v0__aoi22_1 (0) disconnected node: VPW
Cell gf180mcu_fd_sc_mcu7t5v0__aoi22_1 (0) disconnected node: VSS

Subcircuit pins:
Circuit 1: gf180mcu_fd_sc_mcu7t5v0__aoi22_ |Circuit 2: gf180mcu_fd_sc_mcu7t5v0__aoi22_ 
-------------------------------------------|-------------------------------------------
A1                                         |A1                                         
A2                                         |A2                                         
B1                                         |B1                                         
B2                                         |B2                                         
ZN                                         |ZN                                         
VDD                                        |VDD                                        
VNW                                        |VNW                                        
VPW                                        |VPW                                        
VSS                                        |VSS                                        
---------------------------------------------------------------------------------------
Cell pin lists are equivalent.
Device classes gf180mcu_fd_sc_mcu7t5v0__aoi22_1 and gf180mcu_fd_sc_mcu7t5v0__aoi22_1 are equivalent.

Cell gf180mcu_fd_sc_mcu7t5v0__antenna (0) disconnected node: I
Cell gf180mcu_fd_sc_mcu7t5v0__antenna (0) disconnected node: VDD
Cell gf180mcu_fd_sc_mcu7t5v0__antenna (0) disconnected node: VNW
Cell gf180mcu_fd_sc_mcu7t5v0__antenna (0) disconnected node: VPW
Cell gf180mcu_fd_sc_mcu7t5v0__antenna (0) disconnected node: VSS
Cell gf180mcu_fd_sc_mcu7t5v0__antenna (1) disconnected node: VDD
Cell gf180mcu_fd_sc_mcu7t5v0__antenna (1) disconnected node: VSS

Subcircuit pins:
Circuit 1: gf180mcu_fd_sc_mcu7t5v0__antenn |Circuit 2: gf180mcu_fd_sc_mcu7t5v0__antenn 
-------------------------------------------|-------------------------------------------
I                                          |I                                          
VDD                                        |VDD                                        
VNW                                        |VNW                                        
VPW                                        |VPW                                        
VSS                                        |VSS                                        
---------------------------------------------------------------------------------------
Cell pin lists are equivalent.
Device classes gf180mcu_fd_sc_mcu7t5v0__antenna and gf180mcu_fd_sc_mcu7t5v0__antenna are equivalent.

Cell gf180mcu_fd_sc_mcu7t5v0__clkbuf_4 (0) disconnected node: I
Cell gf180mcu_fd_sc_mcu7t5v0__clkbuf_4 (0) disconnected node: Z
Cell gf180mcu_fd_sc_mcu7t5v0__clkbuf_4 (0) disconnected node: VDD
Cell gf180mcu_fd_sc_mcu7t5v0__clkbuf_4 (0) disconnected node: VNW
Cell gf180mcu_fd_sc_mcu7t5v0__clkbuf_4 (0) disconnected node: VPW
Cell gf180mcu_fd_sc_mcu7t5v0__clkbuf_4 (0) disconnected node: VSS

Subcircuit pins:
Circuit 1: gf180mcu_fd_sc_mcu7t5v0__clkbuf |Circuit 2: gf180mcu_fd_sc_mcu7t5v0__clkbuf 
-------------------------------------------|-------------------------------------------
I                                          |I                                          
Z                                          |Z                                          
VDD                                        |VDD                                        
VNW                                        |VNW                                        
VPW                                        |VPW                                        
VSS                                        |VSS                                        
---------------------------------------------------------------------------------------
Cell pin lists are equivalent.
Device classes gf180mcu_fd_sc_mcu7t5v0__clkbuf_4 and gf180mcu_fd_sc_mcu7t5v0__clkbuf_4 are equivalent.

Cell gf180mcu_fd_sc_mcu7t5v0__nor3_1 (0) disconnected node: A1
Cell gf180mcu_fd_sc_mcu7t5v0__nor3_1 (0) disconnected node: A2
Cell gf180mcu_fd_sc_mcu7t5v0__nor3_1 (0) disconnected node: A3
Cell gf180mcu_fd_sc_mcu7t5v0__nor3_1 (0) disconnected node: ZN
Cell gf180mcu_fd_sc_mcu7t5v0__nor3_1 (0) disconnected node: VDD
Cell gf180mcu_fd_sc_mcu7t5v0__nor3_1 (0) disconnected node: VNW
Cell gf180mcu_fd_sc_mcu7t5v0__nor3_1 (0) disconnected node: VPW
Cell gf180mcu_fd_sc_mcu7t5v0__nor3_1 (0) disconnected node: VSS

Subcircuit pins:
Circuit 1: gf180mcu_fd_sc_mcu7t5v0__nor3_1 |Circuit 2: gf180mcu_fd_sc_mcu7t5v0__nor3_1 
-------------------------------------------|-------------------------------------------
A1                                         |A1                                         
A2                                         |A2                                         
A3                                         |A3                                         
ZN                                         |ZN                                         
VDD                                        |VDD                                        
VNW                                        |VNW                                        
VPW                                        |VPW                                        
VSS                                        |VSS                                        
---------------------------------------------------------------------------------------
Cell pin lists are equivalent.
Device classes gf180mcu_fd_sc_mcu7t5v0__nor3_1 and gf180mcu_fd_sc_mcu7t5v0__nor3_1 are equivalent.

Cell gf180mcu_fd_sc_mcu7t5v0__inv_2 (0) disconnected node: I
Cell gf180mcu_fd_sc_mcu7t5v0__inv_2 (0) disconnected node: ZN
Cell gf180mcu_fd_sc_mcu7t5v0__inv_2 (0) disconnected node: VDD
Cell gf180mcu_fd_sc_mcu7t5v0__inv_2 (0) disconnected node: VNW
Cell gf180mcu_fd_sc_mcu7t5v0__inv_2 (0) disconnected node: VPW
Cell gf180mcu_fd_sc_mcu7t5v0__inv_2 (0) disconnected node: VSS

Subcircuit pins:
Circuit 1: gf180mcu_fd_sc_mcu7t5v0__inv_2  |Circuit 2: gf180mcu_fd_sc_mcu7t5v0__inv_2  
-------------------------------------------|-------------------------------------------
I                                          |I                                          
ZN                                         |ZN                                         
VDD                                        |VDD                                        
VNW                                        |VNW                                        
VPW                                        |VPW                                        
VSS                                        |VSS                                        
---------------------------------------------------------------------------------------
Cell pin lists are equivalent.
Device classes gf180mcu_fd_sc_mcu7t5v0__inv_2 and gf180mcu_fd_sc_mcu7t5v0__inv_2 are equivalent.

Cell gf180mcu_fd_sc_mcu7t5v0__buf_4 (0) disconnected node: I
Cell gf180mcu_fd_sc_mcu7t5v0__buf_4 (0) disconnected node: Z
Cell gf180mcu_fd_sc_mcu7t5v0__buf_4 (0) disconnected node: VDD
Cell gf180mcu_fd_sc_mcu7t5v0__buf_4 (0) disconnected node: VNW
Cell gf180mcu_fd_sc_mcu7t5v0__buf_4 (0) disconnected node: VPW
Cell gf180mcu_fd_sc_mcu7t5v0__buf_4 (0) disconnected node: VSS

Subcircuit pins:
Circuit 1: gf180mcu_fd_sc_mcu7t5v0__buf_4  |Circuit 2: gf180mcu_fd_sc_mcu7t5v0__buf_4  
-------------------------------------------|-------------------------------------------
I                                          |I                                          
Z                                          |Z                                          
VDD                                        |VDD                                        
VNW                                        |VNW                                        
VPW                                        |VPW                                        
VSS                                        |VSS                                        
---------------------------------------------------------------------------------------
Cell pin lists are equivalent.
Device classes gf180mcu_fd_sc_mcu7t5v0__buf_4 and gf180mcu_fd_sc_mcu7t5v0__buf_4 are equivalent.

Cell gf180mcu_fd_sc_mcu7t5v0__clkbuf_8 (0) disconnected node: I
Cell gf180mcu_fd_sc_mcu7t5v0__clkbuf_8 (0) disconnected node: Z
Cell gf180mcu_fd_sc_mcu7t5v0__clkbuf_8 (0) disconnected node: VDD
Cell gf180mcu_fd_sc_mcu7t5v0__clkbuf_8 (0) disconnected node: VNW
Cell gf180mcu_fd_sc_mcu7t5v0__clkbuf_8 (0) disconnected node: VPW
Cell gf180mcu_fd_sc_mcu7t5v0__clkbuf_8 (0) disconnected node: VSS

Subcircuit pins:
Circuit 1: gf180mcu_fd_sc_mcu7t5v0__clkbuf |Circuit 2: gf180mcu_fd_sc_mcu7t5v0__clkbuf 
-------------------------------------------|-------------------------------------------
I                                          |I                                          
Z                                          |Z                                          
VDD                                        |VDD                                        
VNW                                        |VNW                                        
VPW                                        |VPW                                        
VSS                                        |VSS                                        
---------------------------------------------------------------------------------------
Cell pin lists are equivalent.
Device classes gf180mcu_fd_sc_mcu7t5v0__clkbuf_8 and gf180mcu_fd_sc_mcu7t5v0__clkbuf_8 are equivalent.

Cell gf180mcu_fd_sc_mcu7t5v0__oai31_1 (0) disconnected node: A1
Cell gf180mcu_fd_sc_mcu7t5v0__oai31_1 (0) disconnected node: A2
Cell gf180mcu_fd_sc_mcu7t5v0__oai31_1 (0) disconnected node: A3
Cell gf180mcu_fd_sc_mcu7t5v0__oai31_1 (0) disconnected node: B
Cell gf180mcu_fd_sc_mcu7t5v0__oai31_1 (0) disconnected node: ZN
Cell gf180mcu_fd_sc_mcu7t5v0__oai31_1 (0) disconnected node: VDD
Cell gf180mcu_fd_sc_mcu7t5v0__oai31_1 (0) disconnected node: VNW
Cell gf180mcu_fd_sc_mcu7t5v0__oai31_1 (0) disconnected node: VPW
Cell gf180mcu_fd_sc_mcu7t5v0__oai31_1 (0) disconnected node: VSS

Subcircuit pins:
Circuit 1: gf180mcu_fd_sc_mcu7t5v0__oai31_ |Circuit 2: gf180mcu_fd_sc_mcu7t5v0__oai31_ 
-------------------------------------------|-------------------------------------------
A1                                         |A1                                         
A2                                         |A2                                         
A3                                         |A3                                         
B                                          |B                                          
ZN                                         |ZN                                         
VDD                                        |VDD                                        
VNW                                        |VNW                                        
VPW                                        |VPW                                        
VSS                                        |VSS                                        
---------------------------------------------------------------------------------------
Cell pin lists are equivalent.
Device classes gf180mcu_fd_sc_mcu7t5v0__oai31_1 and gf180mcu_fd_sc_mcu7t5v0__oai31_1 are equivalent.

Cell gf180mcu_fd_sc_mcu7t5v0__xnor2_1 (0) disconnected node: A1
Cell gf180mcu_fd_sc_mcu7t5v0__xnor2_1 (0) disconnected node: A2
Cell gf180mcu_fd_sc_mcu7t5v0__xnor2_1 (0) disconnected node: ZN
Cell gf180mcu_fd_sc_mcu7t5v0__xnor2_1 (0) disconnected node: VDD
Cell gf180mcu_fd_sc_mcu7t5v0__xnor2_1 (0) disconnected node: VNW
Cell gf180mcu_fd_sc_mcu7t5v0__xnor2_1 (0) disconnected node: VPW
Cell gf180mcu_fd_sc_mcu7t5v0__xnor2_1 (0) disconnected node: VSS

Subcircuit pins:
Circuit 1: gf180mcu_fd_sc_mcu7t5v0__xnor2_ |Circuit 2: gf180mcu_fd_sc_mcu7t5v0__xnor2_ 
-------------------------------------------|-------------------------------------------
A1                                         |A1                                         
A2                                         |A2                                         
ZN                                         |ZN                                         
VDD                                        |VDD                                        
VNW                                        |VNW                                        
VPW                                        |VPW                                        
VSS                                        |VSS                                        
---------------------------------------------------------------------------------------
Cell pin lists are equivalent.
Device classes gf180mcu_fd_sc_mcu7t5v0__xnor2_1 and gf180mcu_fd_sc_mcu7t5v0__xnor2_1 are equivalent.

Cell gf180mcu_fd_sc_mcu7t5v0__and3_1 (0) disconnected node: A1
Cell gf180mcu_fd_sc_mcu7t5v0__and3_1 (0) disconnected node: A2
Cell gf180mcu_fd_sc_mcu7t5v0__and3_1 (0) disconnected node: A3
Cell gf180mcu_fd_sc_mcu7t5v0__and3_1 (0) disconnected node: Z
Cell gf180mcu_fd_sc_mcu7t5v0__and3_1 (0) disconnected node: VDD
Cell gf180mcu_fd_sc_mcu7t5v0__and3_1 (0) disconnected node: VNW
Cell gf180mcu_fd_sc_mcu7t5v0__and3_1 (0) disconnected node: VPW
Cell gf180mcu_fd_sc_mcu7t5v0__and3_1 (0) disconnected node: VSS

Subcircuit pins:
Circuit 1: gf180mcu_fd_sc_mcu7t5v0__and3_1 |Circuit 2: gf180mcu_fd_sc_mcu7t5v0__and3_1 
-------------------------------------------|-------------------------------------------
A1                                         |A1                                         
A2                                         |A2                                         
A3                                         |A3                                         
Z                                          |Z                                          
VDD                                        |VDD                                        
VNW                                        |VNW                                        
VPW                                        |VPW                                        
VSS                                        |VSS                                        
---------------------------------------------------------------------------------------
Cell pin lists are equivalent.
Device classes gf180mcu_fd_sc_mcu7t5v0__and3_1 and gf180mcu_fd_sc_mcu7t5v0__and3_1 are equivalent.

Cell gf180mcu_fd_sc_mcu7t5v0__oai22_1 (0) disconnected node: A1
Cell gf180mcu_fd_sc_mcu7t5v0__oai22_1 (0) disconnected node: A2
Cell gf180mcu_fd_sc_mcu7t5v0__oai22_1 (0) disconnected node: B1
Cell gf180mcu_fd_sc_mcu7t5v0__oai22_1 (0) disconnected node: B2
Cell gf180mcu_fd_sc_mcu7t5v0__oai22_1 (0) disconnected node: ZN
Cell gf180mcu_fd_sc_mcu7t5v0__oai22_1 (0) disconnected node: VDD
Cell gf180mcu_fd_sc_mcu7t5v0__oai22_1 (0) disconnected node: VNW
Cell gf180mcu_fd_sc_mcu7t5v0__oai22_1 (0) disconnected node: VPW
Cell gf180mcu_fd_sc_mcu7t5v0__oai22_1 (0) disconnected node: VSS

Subcircuit pins:
Circuit 1: gf180mcu_fd_sc_mcu7t5v0__oai22_ |Circuit 2: gf180mcu_fd_sc_mcu7t5v0__oai22_ 
-------------------------------------------|-------------------------------------------
A1                                         |A1                                         
A2                                         |A2                                         
B1                                         |B1                                         
B2                                         |B2                                         
ZN                                         |ZN                                         
VDD                                        |VDD                                        
VNW                                        |VNW                                        
VPW                                        |VPW                                        
VSS                                        |VSS                                        
---------------------------------------------------------------------------------------
Cell pin lists are equivalent.
Device classes gf180mcu_fd_sc_mcu7t5v0__oai22_1 and gf180mcu_fd_sc_mcu7t5v0__oai22_1 are equivalent.

Cell gf180mcu_fd_sc_mcu7t5v0__aoi21_2 (0) disconnected node: A1
Cell gf180mcu_fd_sc_mcu7t5v0__aoi21_2 (0) disconnected node: A2
Cell gf180mcu_fd_sc_mcu7t5v0__aoi21_2 (0) disconnected node: B
Cell gf180mcu_fd_sc_mcu7t5v0__aoi21_2 (0) disconnected node: ZN
Cell gf180mcu_fd_sc_mcu7t5v0__aoi21_2 (0) disconnected node: VDD
Cell gf180mcu_fd_sc_mcu7t5v0__aoi21_2 (0) disconnected node: VNW
Cell gf180mcu_fd_sc_mcu7t5v0__aoi21_2 (0) disconnected node: VPW
Cell gf180mcu_fd_sc_mcu7t5v0__aoi21_2 (0) disconnected node: VSS

Subcircuit pins:
Circuit 1: gf180mcu_fd_sc_mcu7t5v0__aoi21_ |Circuit 2: gf180mcu_fd_sc_mcu7t5v0__aoi21_ 
-------------------------------------------|-------------------------------------------
A1                                         |A1                                         
A2                                         |A2                                         
B                                          |B                                          
ZN                                         |ZN                                         
VDD                                        |VDD                                        
VNW                                        |VNW                                        
VPW                                        |VPW                                        
VSS                                        |VSS                                        
---------------------------------------------------------------------------------------
Cell pin lists are equivalent.
Device classes gf180mcu_fd_sc_mcu7t5v0__aoi21_2 and gf180mcu_fd_sc_mcu7t5v0__aoi21_2 are equivalent.

Cell gf180mcu_fd_sc_mcu7t5v0__and2_1 (0) disconnected node: A1
Cell gf180mcu_fd_sc_mcu7t5v0__and2_1 (0) disconnected node: A2
Cell gf180mcu_fd_sc_mcu7t5v0__and2_1 (0) disconnected node: Z
Cell gf180mcu_fd_sc_mcu7t5v0__and2_1 (0) disconnected node: VDD
Cell gf180mcu_fd_sc_mcu7t5v0__and2_1 (0) disconnected node: VNW
Cell gf180mcu_fd_sc_mcu7t5v0__and2_1 (0) disconnected node: VPW
Cell gf180mcu_fd_sc_mcu7t5v0__and2_1 (0) disconnected node: VSS

Subcircuit pins:
Circuit 1: gf180mcu_fd_sc_mcu7t5v0__and2_1 |Circuit 2: gf180mcu_fd_sc_mcu7t5v0__and2_1 
-------------------------------------------|-------------------------------------------
A1                                         |A1                                         
A2                                         |A2                                         
Z                                          |Z                                          
VDD                                        |VDD                                        
VNW                                        |VNW                                        
VPW                                        |VPW                                        
VSS                                        |VSS                                        
---------------------------------------------------------------------------------------
Cell pin lists are equivalent.
Device classes gf180mcu_fd_sc_mcu7t5v0__and2_1 and gf180mcu_fd_sc_mcu7t5v0__and2_1 are equivalent.

Cell gf180mcu_fd_sc_mcu7t5v0__oai32_1 (0) disconnected node: A1
Cell gf180mcu_fd_sc_mcu7t5v0__oai32_1 (0) disconnected node: A2
Cell gf180mcu_fd_sc_mcu7t5v0__oai32_1 (0) disconnected node: A3
Cell gf180mcu_fd_sc_mcu7t5v0__oai32_1 (0) disconnected node: B1
Cell gf180mcu_fd_sc_mcu7t5v0__oai32_1 (0) disconnected node: B2
Cell gf180mcu_fd_sc_mcu7t5v0__oai32_1 (0) disconnected node: ZN
Cell gf180mcu_fd_sc_mcu7t5v0__oai32_1 (0) disconnected node: VDD
Cell gf180mcu_fd_sc_mcu7t5v0__oai32_1 (0) disconnected node: VNW
Cell gf180mcu_fd_sc_mcu7t5v0__oai32_1 (0) disconnected node: VPW
Cell gf180mcu_fd_sc_mcu7t5v0__oai32_1 (0) disconnected node: VSS

Subcircuit pins:
Circuit 1: gf180mcu_fd_sc_mcu7t5v0__oai32_ |Circuit 2: gf180mcu_fd_sc_mcu7t5v0__oai32_ 
-------------------------------------------|-------------------------------------------
A1                                         |A1                                         
A2                                         |A2                                         
A3                                         |A3                                         
B1                                         |B1                                         
B2                                         |B2                                         
ZN                                         |ZN                                         
VDD                                        |VDD                                        
VNW                                        |VNW                                        
VPW                                        |VPW                                        
VSS                                        |VSS                                        
---------------------------------------------------------------------------------------
Cell pin lists are equivalent.
Device classes gf180mcu_fd_sc_mcu7t5v0__oai32_1 and gf180mcu_fd_sc_mcu7t5v0__oai32_1 are equivalent.

Cell gf180mcu_fd_sc_mcu7t5v0__clkinv_2 (0) disconnected node: I
Cell gf180mcu_fd_sc_mcu7t5v0__clkinv_2 (0) disconnected node: ZN
Cell gf180mcu_fd_sc_mcu7t5v0__clkinv_2 (0) disconnected node: VDD
Cell gf180mcu_fd_sc_mcu7t5v0__clkinv_2 (0) disconnected node: VNW
Cell gf180mcu_fd_sc_mcu7t5v0__clkinv_2 (0) disconnected node: VPW
Cell gf180mcu_fd_sc_mcu7t5v0__clkinv_2 (0) disconnected node: VSS

Subcircuit pins:
Circuit 1: gf180mcu_fd_sc_mcu7t5v0__clkinv |Circuit 2: gf180mcu_fd_sc_mcu7t5v0__clkinv 
-------------------------------------------|-------------------------------------------
I                                          |I                                          
ZN                                         |ZN                                         
VDD                                        |VDD                                        
VNW                                        |VNW                                        
VPW                                        |VPW                                        
VSS                                        |VSS                                        
---------------------------------------------------------------------------------------
Cell pin lists are equivalent.
Device classes gf180mcu_fd_sc_mcu7t5v0__clkinv_2 and gf180mcu_fd_sc_mcu7t5v0__clkinv_2 are equivalent.

Cell gf180mcu_fd_sc_mcu7t5v0__inv_3 (0) disconnected node: I
Cell gf180mcu_fd_sc_mcu7t5v0__inv_3 (0) disconnected node: ZN
Cell gf180mcu_fd_sc_mcu7t5v0__inv_3 (0) disconnected node: VDD
Cell gf180mcu_fd_sc_mcu7t5v0__inv_3 (0) disconnected node: VNW
Cell gf180mcu_fd_sc_mcu7t5v0__inv_3 (0) disconnected node: VPW
Cell gf180mcu_fd_sc_mcu7t5v0__inv_3 (0) disconnected node: VSS

Subcircuit pins:
Circuit 1: gf180mcu_fd_sc_mcu7t5v0__inv_3  |Circuit 2: gf180mcu_fd_sc_mcu7t5v0__inv_3  
-------------------------------------------|-------------------------------------------
I                                          |I                                          
ZN                                         |ZN                                         
VDD                                        |VDD                                        
VNW                                        |VNW                                        
VPW                                        |VPW                                        
VSS                                        |VSS                                        
---------------------------------------------------------------------------------------
Cell pin lists are equivalent.
Device classes gf180mcu_fd_sc_mcu7t5v0__inv_3 and gf180mcu_fd_sc_mcu7t5v0__inv_3 are equivalent.

Cell gf180mcu_fd_sc_mcu7t5v0__buf_3 (0) disconnected node: I
Cell gf180mcu_fd_sc_mcu7t5v0__buf_3 (0) disconnected node: Z
Cell gf180mcu_fd_sc_mcu7t5v0__buf_3 (0) disconnected node: VDD
Cell gf180mcu_fd_sc_mcu7t5v0__buf_3 (0) disconnected node: VNW
Cell gf180mcu_fd_sc_mcu7t5v0__buf_3 (0) disconnected node: VPW
Cell gf180mcu_fd_sc_mcu7t5v0__buf_3 (0) disconnected node: VSS

Subcircuit pins:
Circuit 1: gf180mcu_fd_sc_mcu7t5v0__buf_3  |Circuit 2: gf180mcu_fd_sc_mcu7t5v0__buf_3  
-------------------------------------------|-------------------------------------------
I                                          |I                                          
Z                                          |Z                                          
VDD                                        |VDD                                        
VNW                                        |VNW                                        
VPW                                        |VPW                                        
VSS                                        |VSS                                        
---------------------------------------------------------------------------------------
Cell pin lists are equivalent.
Device classes gf180mcu_fd_sc_mcu7t5v0__buf_3 and gf180mcu_fd_sc_mcu7t5v0__buf_3 are equivalent.

Cell gf180mcu_fd_sc_mcu7t5v0__oai221_1 (0) disconnected node: A1
Cell gf180mcu_fd_sc_mcu7t5v0__oai221_1 (0) disconnected node: A2
Cell gf180mcu_fd_sc_mcu7t5v0__oai221_1 (0) disconnected node: B1
Cell gf180mcu_fd_sc_mcu7t5v0__oai221_1 (0) disconnected node: B2
Cell gf180mcu_fd_sc_mcu7t5v0__oai221_1 (0) disconnected node: C
Cell gf180mcu_fd_sc_mcu7t5v0__oai221_1 (0) disconnected node: ZN
Cell gf180mcu_fd_sc_mcu7t5v0__oai221_1 (0) disconnected node: VDD
Cell gf180mcu_fd_sc_mcu7t5v0__oai221_1 (0) disconnected node: VNW
Cell gf180mcu_fd_sc_mcu7t5v0__oai221_1 (0) disconnected node: VPW
Cell gf180mcu_fd_sc_mcu7t5v0__oai221_1 (0) disconnected node: VSS

Subcircuit pins:
Circuit 1: gf180mcu_fd_sc_mcu7t5v0__oai221 |Circuit 2: gf180mcu_fd_sc_mcu7t5v0__oai221 
-------------------------------------------|-------------------------------------------
A1                                         |A1                                         
A2                                         |A2                                         
B1                                         |B1                                         
B2                                         |B2                                         
C                                          |C                                          
ZN                                         |ZN                                         
VDD                                        |VDD                                        
VNW                                        |VNW                                        
VPW                                        |VPW                                        
VSS                                        |VSS                                        
---------------------------------------------------------------------------------------
Cell pin lists are equivalent.
Device classes gf180mcu_fd_sc_mcu7t5v0__oai221_1 and gf180mcu_fd_sc_mcu7t5v0__oai221_1 are equivalent.

Cell gf180mcu_fd_sc_mcu7t5v0__inv_4 (0) disconnected node: I
Cell gf180mcu_fd_sc_mcu7t5v0__inv_4 (0) disconnected node: ZN
Cell gf180mcu_fd_sc_mcu7t5v0__inv_4 (0) disconnected node: VDD
Cell gf180mcu_fd_sc_mcu7t5v0__inv_4 (0) disconnected node: VNW
Cell gf180mcu_fd_sc_mcu7t5v0__inv_4 (0) disconnected node: VPW
Cell gf180mcu_fd_sc_mcu7t5v0__inv_4 (0) disconnected node: VSS

Subcircuit pins:
Circuit 1: gf180mcu_fd_sc_mcu7t5v0__inv_4  |Circuit 2: gf180mcu_fd_sc_mcu7t5v0__inv_4  
-------------------------------------------|-------------------------------------------
I                                          |I                                          
ZN                                         |ZN                                         
VDD                                        |VDD                                        
VNW                                        |VNW                                        
VPW                                        |VPW                                        
VSS                                        |VSS                                        
---------------------------------------------------------------------------------------
Cell pin lists are equivalent.
Device classes gf180mcu_fd_sc_mcu7t5v0__inv_4 and gf180mcu_fd_sc_mcu7t5v0__inv_4 are equivalent.

Cell gf180mcu_fd_sc_mcu7t5v0__or3_1 (0) disconnected node: A1
Cell gf180mcu_fd_sc_mcu7t5v0__or3_1 (0) disconnected node: A2
Cell gf180mcu_fd_sc_mcu7t5v0__or3_1 (0) disconnected node: A3
Cell gf180mcu_fd_sc_mcu7t5v0__or3_1 (0) disconnected node: Z
Cell gf180mcu_fd_sc_mcu7t5v0__or3_1 (0) disconnected node: VDD
Cell gf180mcu_fd_sc_mcu7t5v0__or3_1 (0) disconnected node: VNW
Cell gf180mcu_fd_sc_mcu7t5v0__or3_1 (0) disconnected node: VPW
Cell gf180mcu_fd_sc_mcu7t5v0__or3_1 (0) disconnected node: VSS

Subcircuit pins:
Circuit 1: gf180mcu_fd_sc_mcu7t5v0__or3_1  |Circuit 2: gf180mcu_fd_sc_mcu7t5v0__or3_1  
-------------------------------------------|-------------------------------------------
A1                                         |A1                                         
A2                                         |A2                                         
A3                                         |A3                                         
Z                                          |Z                                          
VDD                                        |VDD                                        
VNW                                        |VNW                                        
VPW                                        |VPW                                        
VSS                                        |VSS                                        
---------------------------------------------------------------------------------------
Cell pin lists are equivalent.
Device classes gf180mcu_fd_sc_mcu7t5v0__or3_1 and gf180mcu_fd_sc_mcu7t5v0__or3_1 are equivalent.

Cell gf180mcu_fd_sc_mcu7t5v0__xnor3_1 (0) disconnected node: A1
Cell gf180mcu_fd_sc_mcu7t5v0__xnor3_1 (0) disconnected node: A2
Cell gf180mcu_fd_sc_mcu7t5v0__xnor3_1 (0) disconnected node: A3
Cell gf180mcu_fd_sc_mcu7t5v0__xnor3_1 (0) disconnected node: ZN
Cell gf180mcu_fd_sc_mcu7t5v0__xnor3_1 (0) disconnected node: VDD
Cell gf180mcu_fd_sc_mcu7t5v0__xnor3_1 (0) disconnected node: VNW
Cell gf180mcu_fd_sc_mcu7t5v0__xnor3_1 (0) disconnected node: VPW
Cell gf180mcu_fd_sc_mcu7t5v0__xnor3_1 (0) disconnected node: VSS

Subcircuit pins:
Circuit 1: gf180mcu_fd_sc_mcu7t5v0__xnor3_ |Circuit 2: gf180mcu_fd_sc_mcu7t5v0__xnor3_ 
-------------------------------------------|-------------------------------------------
A1                                         |A1                                         
A2                                         |A2                                         
A3                                         |A3                                         
ZN                                         |ZN                                         
VDD                                        |VDD                                        
VNW                                        |VNW                                        
VPW                                        |VPW                                        
VSS                                        |VSS                                        
---------------------------------------------------------------------------------------
Cell pin lists are equivalent.
Device classes gf180mcu_fd_sc_mcu7t5v0__xnor3_1 and gf180mcu_fd_sc_mcu7t5v0__xnor3_1 are equivalent.

Cell gf180mcu_fd_sc_mcu7t5v0__nor3_2 (0) disconnected node: A1
Cell gf180mcu_fd_sc_mcu7t5v0__nor3_2 (0) disconnected node: A2
Cell gf180mcu_fd_sc_mcu7t5v0__nor3_2 (0) disconnected node: A3
Cell gf180mcu_fd_sc_mcu7t5v0__nor3_2 (0) disconnected node: ZN
Cell gf180mcu_fd_sc_mcu7t5v0__nor3_2 (0) disconnected node: VDD
Cell gf180mcu_fd_sc_mcu7t5v0__nor3_2 (0) disconnected node: VNW
Cell gf180mcu_fd_sc_mcu7t5v0__nor3_2 (0) disconnected node: VPW
Cell gf180mcu_fd_sc_mcu7t5v0__nor3_2 (0) disconnected node: VSS

Subcircuit pins:
Circuit 1: gf180mcu_fd_sc_mcu7t5v0__nor3_2 |Circuit 2: gf180mcu_fd_sc_mcu7t5v0__nor3_2 
-------------------------------------------|-------------------------------------------
A1                                         |A1                                         
A2                                         |A2                                         
A3                                         |A3                                         
ZN                                         |ZN                                         
VDD                                        |VDD                                        
VNW                                        |VNW                                        
VPW                                        |VPW                                        
VSS                                        |VSS                                        
---------------------------------------------------------------------------------------
Cell pin lists are equivalent.
Device classes gf180mcu_fd_sc_mcu7t5v0__nor3_2 and gf180mcu_fd_sc_mcu7t5v0__nor3_2 are equivalent.

Cell gf180mcu_fd_sc_mcu7t5v0__or3_4 (0) disconnected node: A1
Cell gf180mcu_fd_sc_mcu7t5v0__or3_4 (0) disconnected node: A2
Cell gf180mcu_fd_sc_mcu7t5v0__or3_4 (0) disconnected node: A3
Cell gf180mcu_fd_sc_mcu7t5v0__or3_4 (0) disconnected node: Z
Cell gf180mcu_fd_sc_mcu7t5v0__or3_4 (0) disconnected node: VDD
Cell gf180mcu_fd_sc_mcu7t5v0__or3_4 (0) disconnected node: VNW
Cell gf180mcu_fd_sc_mcu7t5v0__or3_4 (0) disconnected node: VPW
Cell gf180mcu_fd_sc_mcu7t5v0__or3_4 (0) disconnected node: VSS

Subcircuit pins:
Circuit 1: gf180mcu_fd_sc_mcu7t5v0__or3_4  |Circuit 2: gf180mcu_fd_sc_mcu7t5v0__or3_4  
-------------------------------------------|-------------------------------------------
A1                                         |A1                                         
A2                                         |A2                                         
A3                                         |A3                                         
Z                                          |Z                                          
VDD                                        |VDD                                        
VNW                                        |VNW                                        
VPW                                        |VPW                                        
VSS                                        |VSS                                        
---------------------------------------------------------------------------------------
Cell pin lists are equivalent.
Device classes gf180mcu_fd_sc_mcu7t5v0__or3_4 and gf180mcu_fd_sc_mcu7t5v0__or3_4 are equivalent.

Cell gf180mcu_fd_sc_mcu7t5v0__clkbuf_12 (0) disconnected node: I
Cell gf180mcu_fd_sc_mcu7t5v0__clkbuf_12 (0) disconnected node: Z
Cell gf180mcu_fd_sc_mcu7t5v0__clkbuf_12 (0) disconnected node: VDD
Cell gf180mcu_fd_sc_mcu7t5v0__clkbuf_12 (0) disconnected node: VNW
Cell gf180mcu_fd_sc_mcu7t5v0__clkbuf_12 (0) disconnected node: VPW
Cell gf180mcu_fd_sc_mcu7t5v0__clkbuf_12 (0) disconnected node: VSS

Subcircuit pins:
Circuit 1: gf180mcu_fd_sc_mcu7t5v0__clkbuf |Circuit 2: gf180mcu_fd_sc_mcu7t5v0__clkbuf 
-------------------------------------------|-------------------------------------------
I                                          |I                                          
Z                                          |Z                                          
VDD                                        |VDD                                        
VNW                                        |VNW                                        
VPW                                        |VPW                                        
VSS                                        |VSS                                        
---------------------------------------------------------------------------------------
Cell pin lists are equivalent.
Device classes gf180mcu_fd_sc_mcu7t5v0__clkbuf_12 and gf180mcu_fd_sc_mcu7t5v0__clkbuf_12 are equivalent.

Cell gf180mcu_fd_sc_mcu7t5v0__aoi211_1 (0) disconnected node: A1
Cell gf180mcu_fd_sc_mcu7t5v0__aoi211_1 (0) disconnected node: A2
Cell gf180mcu_fd_sc_mcu7t5v0__aoi211_1 (0) disconnected node: B
Cell gf180mcu_fd_sc_mcu7t5v0__aoi211_1 (0) disconnected node: C
Cell gf180mcu_fd_sc_mcu7t5v0__aoi211_1 (0) disconnected node: ZN
Cell gf180mcu_fd_sc_mcu7t5v0__aoi211_1 (0) disconnected node: VDD
Cell gf180mcu_fd_sc_mcu7t5v0__aoi211_1 (0) disconnected node: VNW
Cell gf180mcu_fd_sc_mcu7t5v0__aoi211_1 (0) disconnected node: VPW
Cell gf180mcu_fd_sc_mcu7t5v0__aoi211_1 (0) disconnected node: VSS

Subcircuit pins:
Circuit 1: gf180mcu_fd_sc_mcu7t5v0__aoi211 |Circuit 2: gf180mcu_fd_sc_mcu7t5v0__aoi211 
-------------------------------------------|-------------------------------------------
A1                                         |A1                                         
A2                                         |A2                                         
B                                          |B                                          
C                                          |C                                          
ZN                                         |ZN                                         
VDD                                        |VDD                                        
VNW                                        |VNW                                        
VPW                                        |VPW                                        
VSS                                        |VSS                                        
---------------------------------------------------------------------------------------
Cell pin lists are equivalent.
Device classes gf180mcu_fd_sc_mcu7t5v0__aoi211_1 and gf180mcu_fd_sc_mcu7t5v0__aoi211_1 are equivalent.

Cell gf180mcu_fd_sc_mcu7t5v0__clkbuf_3 (0) disconnected node: I
Cell gf180mcu_fd_sc_mcu7t5v0__clkbuf_3 (0) disconnected node: Z
Cell gf180mcu_fd_sc_mcu7t5v0__clkbuf_3 (0) disconnected node: VDD
Cell gf180mcu_fd_sc_mcu7t5v0__clkbuf_3 (0) disconnected node: VNW
Cell gf180mcu_fd_sc_mcu7t5v0__clkbuf_3 (0) disconnected node: VPW
Cell gf180mcu_fd_sc_mcu7t5v0__clkbuf_3 (0) disconnected node: VSS

Subcircuit pins:
Circuit 1: gf180mcu_fd_sc_mcu7t5v0__clkbuf |Circuit 2: gf180mcu_fd_sc_mcu7t5v0__clkbuf 
-------------------------------------------|-------------------------------------------
I                                          |I                                          
Z                                          |Z                                          
VDD                                        |VDD                                        
VNW                                        |VNW                                        
VPW                                        |VPW                                        
VSS                                        |VSS                                        
---------------------------------------------------------------------------------------
Cell pin lists are equivalent.
Device classes gf180mcu_fd_sc_mcu7t5v0__clkbuf_3 and gf180mcu_fd_sc_mcu7t5v0__clkbuf_3 are equivalent.

Cell gf180mcu_fd_sc_mcu7t5v0__dffrnq_4 (0) disconnected node: D
Cell gf180mcu_fd_sc_mcu7t5v0__dffrnq_4 (0) disconnected node: RN
Cell gf180mcu_fd_sc_mcu7t5v0__dffrnq_4 (0) disconnected node: CLK
Cell gf180mcu_fd_sc_mcu7t5v0__dffrnq_4 (0) disconnected node: Q
Cell gf180mcu_fd_sc_mcu7t5v0__dffrnq_4 (0) disconnected node: VDD
Cell gf180mcu_fd_sc_mcu7t5v0__dffrnq_4 (0) disconnected node: VNW
Cell gf180mcu_fd_sc_mcu7t5v0__dffrnq_4 (0) disconnected node: VPW
Cell gf180mcu_fd_sc_mcu7t5v0__dffrnq_4 (0) disconnected node: VSS

Subcircuit pins:
Circuit 1: gf180mcu_fd_sc_mcu7t5v0__dffrnq |Circuit 2: gf180mcu_fd_sc_mcu7t5v0__dffrnq 
-------------------------------------------|-------------------------------------------
D                                          |D                                          
RN                                         |RN                                         
CLK                                        |CLK                                        
Q                                          |Q                                          
VDD                                        |VDD                                        
VNW                                        |VNW                                        
VPW                                        |VPW                                        
VSS                                        |VSS                                        
---------------------------------------------------------------------------------------
Cell pin lists are equivalent.
Device classes gf180mcu_fd_sc_mcu7t5v0__dffrnq_4 and gf180mcu_fd_sc_mcu7t5v0__dffrnq_4 are equivalent.

Cell gf180mcu_fd_sc_mcu7t5v0__and4_2 (0) disconnected node: A1
Cell gf180mcu_fd_sc_mcu7t5v0__and4_2 (0) disconnected node: A2
Cell gf180mcu_fd_sc_mcu7t5v0__and4_2 (0) disconnected node: A3
Cell gf180mcu_fd_sc_mcu7t5v0__and4_2 (0) disconnected node: A4
Cell gf180mcu_fd_sc_mcu7t5v0__and4_2 (0) disconnected node: Z
Cell gf180mcu_fd_sc_mcu7t5v0__and4_2 (0) disconnected node: VDD
Cell gf180mcu_fd_sc_mcu7t5v0__and4_2 (0) disconnected node: VNW
Cell gf180mcu_fd_sc_mcu7t5v0__and4_2 (0) disconnected node: VPW
Cell gf180mcu_fd_sc_mcu7t5v0__and4_2 (0) disconnected node: VSS

Subcircuit pins:
Circuit 1: gf180mcu_fd_sc_mcu7t5v0__and4_2 |Circuit 2: gf180mcu_fd_sc_mcu7t5v0__and4_2 
-------------------------------------------|-------------------------------------------
A1                                         |A1                                         
A2                                         |A2                                         
A3                                         |A3                                         
A4                                         |A4                                         
Z                                          |Z                                          
VDD                                        |VDD                                        
VNW                                        |VNW                                        
VPW                                        |VPW                                        
VSS                                        |VSS                                        
---------------------------------------------------------------------------------------
Cell pin lists are equivalent.
Device classes gf180mcu_fd_sc_mcu7t5v0__and4_2 and gf180mcu_fd_sc_mcu7t5v0__and4_2 are equivalent.

Cell gf180mcu_fd_sc_mcu7t5v0__nand3_2 (0) disconnected node: A1
Cell gf180mcu_fd_sc_mcu7t5v0__nand3_2 (0) disconnected node: A2
Cell gf180mcu_fd_sc_mcu7t5v0__nand3_2 (0) disconnected node: A3
Cell gf180mcu_fd_sc_mcu7t5v0__nand3_2 (0) disconnected node: ZN
Cell gf180mcu_fd_sc_mcu7t5v0__nand3_2 (0) disconnected node: VDD
Cell gf180mcu_fd_sc_mcu7t5v0__nand3_2 (0) disconnected node: VNW
Cell gf180mcu_fd_sc_mcu7t5v0__nand3_2 (0) disconnected node: VPW
Cell gf180mcu_fd_sc_mcu7t5v0__nand3_2 (0) disconnected node: VSS

Subcircuit pins:
Circuit 1: gf180mcu_fd_sc_mcu7t5v0__nand3_ |Circuit 2: gf180mcu_fd_sc_mcu7t5v0__nand3_ 
-------------------------------------------|-------------------------------------------
A1                                         |A1                                         
A2                                         |A2                                         
A3                                         |A3                                         
ZN                                         |ZN                                         
VDD                                        |VDD                                        
VNW                                        |VNW                                        
VPW                                        |VPW                                        
VSS                                        |VSS                                        
---------------------------------------------------------------------------------------
Cell pin lists are equivalent.
Device classes gf180mcu_fd_sc_mcu7t5v0__nand3_2 and gf180mcu_fd_sc_mcu7t5v0__nand3_2 are equivalent.

Cell gf180mcu_fd_sc_mcu7t5v0__clkinv_4 (0) disconnected node: I
Cell gf180mcu_fd_sc_mcu7t5v0__clkinv_4 (0) disconnected node: ZN
Cell gf180mcu_fd_sc_mcu7t5v0__clkinv_4 (0) disconnected node: VDD
Cell gf180mcu_fd_sc_mcu7t5v0__clkinv_4 (0) disconnected node: VNW
Cell gf180mcu_fd_sc_mcu7t5v0__clkinv_4 (0) disconnected node: VPW
Cell gf180mcu_fd_sc_mcu7t5v0__clkinv_4 (0) disconnected node: VSS

Subcircuit pins:
Circuit 1: gf180mcu_fd_sc_mcu7t5v0__clkinv |Circuit 2: gf180mcu_fd_sc_mcu7t5v0__clkinv 
-------------------------------------------|-------------------------------------------
I                                          |I                                          
ZN                                         |ZN                                         
VDD                                        |VDD                                        
VNW                                        |VNW                                        
VPW                                        |VPW                                        
VSS                                        |VSS                                        
---------------------------------------------------------------------------------------
Cell pin lists are equivalent.
Device classes gf180mcu_fd_sc_mcu7t5v0__clkinv_4 and gf180mcu_fd_sc_mcu7t5v0__clkinv_4 are equivalent.

Cell gf180mcu_fd_sc_mcu7t5v0__nor3_4 (0) disconnected node: A1
Cell gf180mcu_fd_sc_mcu7t5v0__nor3_4 (0) disconnected node: A2
Cell gf180mcu_fd_sc_mcu7t5v0__nor3_4 (0) disconnected node: A3
Cell gf180mcu_fd_sc_mcu7t5v0__nor3_4 (0) disconnected node: ZN
Cell gf180mcu_fd_sc_mcu7t5v0__nor3_4 (0) disconnected node: VDD
Cell gf180mcu_fd_sc_mcu7t5v0__nor3_4 (0) disconnected node: VNW
Cell gf180mcu_fd_sc_mcu7t5v0__nor3_4 (0) disconnected node: VPW
Cell gf180mcu_fd_sc_mcu7t5v0__nor3_4 (0) disconnected node: VSS

Subcircuit pins:
Circuit 1: gf180mcu_fd_sc_mcu7t5v0__nor3_4 |Circuit 2: gf180mcu_fd_sc_mcu7t5v0__nor3_4 
-------------------------------------------|-------------------------------------------
A1                                         |A1                                         
A2                                         |A2                                         
A3                                         |A3                                         
ZN                                         |ZN                                         
VDD                                        |VDD                                        
VNW                                        |VNW                                        
VPW                                        |VPW                                        
VSS                                        |VSS                                        
---------------------------------------------------------------------------------------
Cell pin lists are equivalent.
Device classes gf180mcu_fd_sc_mcu7t5v0__nor3_4 and gf180mcu_fd_sc_mcu7t5v0__nor3_4 are equivalent.

Cell gf180mcu_fd_sc_mcu7t5v0__or2_2 (0) disconnected node: A1
Cell gf180mcu_fd_sc_mcu7t5v0__or2_2 (0) disconnected node: A2
Cell gf180mcu_fd_sc_mcu7t5v0__or2_2 (0) disconnected node: Z
Cell gf180mcu_fd_sc_mcu7t5v0__or2_2 (0) disconnected node: VDD
Cell gf180mcu_fd_sc_mcu7t5v0__or2_2 (0) disconnected node: VNW
Cell gf180mcu_fd_sc_mcu7t5v0__or2_2 (0) disconnected node: VPW
Cell gf180mcu_fd_sc_mcu7t5v0__or2_2 (0) disconnected node: VSS

Subcircuit pins:
Circuit 1: gf180mcu_fd_sc_mcu7t5v0__or2_2  |Circuit 2: gf180mcu_fd_sc_mcu7t5v0__or2_2  
-------------------------------------------|-------------------------------------------
A1                                         |A1                                         
A2                                         |A2                                         
Z                                          |Z                                          
VDD                                        |VDD                                        
VNW                                        |VNW                                        
VPW                                        |VPW                                        
VSS                                        |VSS                                        
---------------------------------------------------------------------------------------
Cell pin lists are equivalent.
Device classes gf180mcu_fd_sc_mcu7t5v0__or2_2 and gf180mcu_fd_sc_mcu7t5v0__or2_2 are equivalent.

Cell gf180mcu_fd_sc_mcu7t5v0__or4_4 (0) disconnected node: A1
Cell gf180mcu_fd_sc_mcu7t5v0__or4_4 (0) disconnected node: A2
Cell gf180mcu_fd_sc_mcu7t5v0__or4_4 (0) disconnected node: A3
Cell gf180mcu_fd_sc_mcu7t5v0__or4_4 (0) disconnected node: A4
Cell gf180mcu_fd_sc_mcu7t5v0__or4_4 (0) disconnected node: Z
Cell gf180mcu_fd_sc_mcu7t5v0__or4_4 (0) disconnected node: VDD
Cell gf180mcu_fd_sc_mcu7t5v0__or4_4 (0) disconnected node: VNW
Cell gf180mcu_fd_sc_mcu7t5v0__or4_4 (0) disconnected node: VPW
Cell gf180mcu_fd_sc_mcu7t5v0__or4_4 (0) disconnected node: VSS

Subcircuit pins:
Circuit 1: gf180mcu_fd_sc_mcu7t5v0__or4_4  |Circuit 2: gf180mcu_fd_sc_mcu7t5v0__or4_4  
-------------------------------------------|-------------------------------------------
A1                                         |A1                                         
A2                                         |A2                                         
A3                                         |A3                                         
A4                                         |A4                                         
Z                                          |Z                                          
VDD                                        |VDD                                        
VNW                                        |VNW                                        
VPW                                        |VPW                                        
VSS                                        |VSS                                        
---------------------------------------------------------------------------------------
Cell pin lists are equivalent.
Device classes gf180mcu_fd_sc_mcu7t5v0__or4_4 and gf180mcu_fd_sc_mcu7t5v0__or4_4 are equivalent.

Cell gf180mcu_fd_sc_mcu7t5v0__tieh (0) disconnected node: Z
Cell gf180mcu_fd_sc_mcu7t5v0__tieh (0) disconnected node: VDD
Cell gf180mcu_fd_sc_mcu7t5v0__tieh (0) disconnected node: VNW
Cell gf180mcu_fd_sc_mcu7t5v0__tieh (0) disconnected node: VPW
Cell gf180mcu_fd_sc_mcu7t5v0__tieh (0) disconnected node: VSS

Subcircuit pins:
Circuit 1: gf180mcu_fd_sc_mcu7t5v0__tieh   |Circuit 2: gf180mcu_fd_sc_mcu7t5v0__tieh   
-------------------------------------------|-------------------------------------------
Z                                          |Z                                          
VDD                                        |VDD                                        
VNW                                        |VNW                                        
VPW                                        |VPW                                        
VSS                                        |VSS                                        
---------------------------------------------------------------------------------------
Cell pin lists are equivalent.
Device classes gf180mcu_fd_sc_mcu7t5v0__tieh and gf180mcu_fd_sc_mcu7t5v0__tieh are equivalent.

Cell gf180mcu_fd_sc_mcu7t5v0__nor2_4 (0) disconnected node: A1
Cell gf180mcu_fd_sc_mcu7t5v0__nor2_4 (0) disconnected node: A2
Cell gf180mcu_fd_sc_mcu7t5v0__nor2_4 (0) disconnected node: ZN
Cell gf180mcu_fd_sc_mcu7t5v0__nor2_4 (0) disconnected node: VDD
Cell gf180mcu_fd_sc_mcu7t5v0__nor2_4 (0) disconnected node: VNW
Cell gf180mcu_fd_sc_mcu7t5v0__nor2_4 (0) disconnected node: VPW
Cell gf180mcu_fd_sc_mcu7t5v0__nor2_4 (0) disconnected node: VSS

Subcircuit pins:
Circuit 1: gf180mcu_fd_sc_mcu7t5v0__nor2_4 |Circuit 2: gf180mcu_fd_sc_mcu7t5v0__nor2_4 
-------------------------------------------|-------------------------------------------
A1                                         |A1                                         
A2                                         |A2                                         
ZN                                         |ZN                                         
VDD                                        |VDD                                        
VNW                                        |VNW                                        
VPW                                        |VPW                                        
VSS                                        |VSS                                        
---------------------------------------------------------------------------------------
Cell pin lists are equivalent.
Device classes gf180mcu_fd_sc_mcu7t5v0__nor2_4 and gf180mcu_fd_sc_mcu7t5v0__nor2_4 are equivalent.

Cell gf180mcu_fd_sc_mcu7t5v0__oai21_4 (0) disconnected node: A1
Cell gf180mcu_fd_sc_mcu7t5v0__oai21_4 (0) disconnected node: A2
Cell gf180mcu_fd_sc_mcu7t5v0__oai21_4 (0) disconnected node: B
Cell gf180mcu_fd_sc_mcu7t5v0__oai21_4 (0) disconnected node: ZN
Cell gf180mcu_fd_sc_mcu7t5v0__oai21_4 (0) disconnected node: VDD
Cell gf180mcu_fd_sc_mcu7t5v0__oai21_4 (0) disconnected node: VNW
Cell gf180mcu_fd_sc_mcu7t5v0__oai21_4 (0) disconnected node: VPW
Cell gf180mcu_fd_sc_mcu7t5v0__oai21_4 (0) disconnected node: VSS

Subcircuit pins:
Circuit 1: gf180mcu_fd_sc_mcu7t5v0__oai21_ |Circuit 2: gf180mcu_fd_sc_mcu7t5v0__oai21_ 
-------------------------------------------|-------------------------------------------
A1                                         |A1                                         
A2                                         |A2                                         
B                                          |B                                          
ZN                                         |ZN                                         
VDD                                        |VDD                                        
VNW                                        |VNW                                        
VPW                                        |VPW                                        
VSS                                        |VSS                                        
---------------------------------------------------------------------------------------
Cell pin lists are equivalent.
Device classes gf180mcu_fd_sc_mcu7t5v0__oai21_4 and gf180mcu_fd_sc_mcu7t5v0__oai21_4 are equivalent.

Cell gf180mcu_fd_sc_mcu7t5v0__tiel (0) disconnected node: ZN
Cell gf180mcu_fd_sc_mcu7t5v0__tiel (0) disconnected node: VDD
Cell gf180mcu_fd_sc_mcu7t5v0__tiel (0) disconnected node: VNW
Cell gf180mcu_fd_sc_mcu7t5v0__tiel (0) disconnected node: VPW
Cell gf180mcu_fd_sc_mcu7t5v0__tiel (0) disconnected node: VSS

Subcircuit pins:
Circuit 1: gf180mcu_fd_sc_mcu7t5v0__tiel   |Circuit 2: gf180mcu_fd_sc_mcu7t5v0__tiel   
-------------------------------------------|-------------------------------------------
ZN                                         |ZN                                         
VDD                                        |VDD                                        
VNW                                        |VNW                                        
VPW                                        |VPW                                        
VSS                                        |VSS                                        
---------------------------------------------------------------------------------------
Cell pin lists are equivalent.
Device classes gf180mcu_fd_sc_mcu7t5v0__tiel and gf180mcu_fd_sc_mcu7t5v0__tiel are equivalent.

Cell gf180mcu_fd_sc_mcu7t5v0__nand2_4 (0) disconnected node: A1
Cell gf180mcu_fd_sc_mcu7t5v0__nand2_4 (0) disconnected node: A2
Cell gf180mcu_fd_sc_mcu7t5v0__nand2_4 (0) disconnected node: ZN
Cell gf180mcu_fd_sc_mcu7t5v0__nand2_4 (0) disconnected node: VDD
Cell gf180mcu_fd_sc_mcu7t5v0__nand2_4 (0) disconnected node: VNW
Cell gf180mcu_fd_sc_mcu7t5v0__nand2_4 (0) disconnected node: VPW
Cell gf180mcu_fd_sc_mcu7t5v0__nand2_4 (0) disconnected node: VSS

Subcircuit pins:
Circuit 1: gf180mcu_fd_sc_mcu7t5v0__nand2_ |Circuit 2: gf180mcu_fd_sc_mcu7t5v0__nand2_ 
-------------------------------------------|-------------------------------------------
A1                                         |A1                                         
A2                                         |A2                                         
ZN                                         |ZN                                         
VDD                                        |VDD                                        
VNW                                        |VNW                                        
VPW                                        |VPW                                        
VSS                                        |VSS                                        
---------------------------------------------------------------------------------------
Cell pin lists are equivalent.
Device classes gf180mcu_fd_sc_mcu7t5v0__nand2_4 and gf180mcu_fd_sc_mcu7t5v0__nand2_4 are equivalent.

Cell gf180mcu_fd_sc_mcu7t5v0__nand2_2 (0) disconnected node: A1
Cell gf180mcu_fd_sc_mcu7t5v0__nand2_2 (0) disconnected node: A2
Cell gf180mcu_fd_sc_mcu7t5v0__nand2_2 (0) disconnected node: ZN
Cell gf180mcu_fd_sc_mcu7t5v0__nand2_2 (0) disconnected node: VDD
Cell gf180mcu_fd_sc_mcu7t5v0__nand2_2 (0) disconnected node: VNW
Cell gf180mcu_fd_sc_mcu7t5v0__nand2_2 (0) disconnected node: VPW
Cell gf180mcu_fd_sc_mcu7t5v0__nand2_2 (0) disconnected node: VSS

Subcircuit pins:
Circuit 1: gf180mcu_fd_sc_mcu7t5v0__nand2_ |Circuit 2: gf180mcu_fd_sc_mcu7t5v0__nand2_ 
-------------------------------------------|-------------------------------------------
A1                                         |A1                                         
A2                                         |A2                                         
ZN                                         |ZN                                         
VDD                                        |VDD                                        
VNW                                        |VNW                                        
VPW                                        |VPW                                        
VSS                                        |VSS                                        
---------------------------------------------------------------------------------------
Cell pin lists are equivalent.
Device classes gf180mcu_fd_sc_mcu7t5v0__nand2_2 and gf180mcu_fd_sc_mcu7t5v0__nand2_2 are equivalent.

Cell gf180mcu_fd_sc_mcu7t5v0__aoi211_4 (0) disconnected node: A1
Cell gf180mcu_fd_sc_mcu7t5v0__aoi211_4 (0) disconnected node: A2
Cell gf180mcu_fd_sc_mcu7t5v0__aoi211_4 (0) disconnected node: B
Cell gf180mcu_fd_sc_mcu7t5v0__aoi211_4 (0) disconnected node: C
Cell gf180mcu_fd_sc_mcu7t5v0__aoi211_4 (0) disconnected node: ZN
Cell gf180mcu_fd_sc_mcu7t5v0__aoi211_4 (0) disconnected node: VDD
Cell gf180mcu_fd_sc_mcu7t5v0__aoi211_4 (0) disconnected node: VNW
Cell gf180mcu_fd_sc_mcu7t5v0__aoi211_4 (0) disconnected node: VPW
Cell gf180mcu_fd_sc_mcu7t5v0__aoi211_4 (0) disconnected node: VSS

Subcircuit pins:
Circuit 1: gf180mcu_fd_sc_mcu7t5v0__aoi211 |Circuit 2: gf180mcu_fd_sc_mcu7t5v0__aoi211 
-------------------------------------------|-------------------------------------------
A1                                         |A1                                         
A2                                         |A2                                         
B                                          |B                                          
C                                          |C                                          
ZN                                         |ZN                                         
VDD                                        |VDD                                        
VNW                                        |VNW                                        
VPW                                        |VPW                                        
VSS                                        |VSS                                        
---------------------------------------------------------------------------------------
Cell pin lists are equivalent.
Device classes gf180mcu_fd_sc_mcu7t5v0__aoi211_4 and gf180mcu_fd_sc_mcu7t5v0__aoi211_4 are equivalent.

Cell gf180mcu_fd_sc_mcu7t5v0__nand4_4 (0) disconnected node: A1
Cell gf180mcu_fd_sc_mcu7t5v0__nand4_4 (0) disconnected node: A2
Cell gf180mcu_fd_sc_mcu7t5v0__nand4_4 (0) disconnected node: A3
Cell gf180mcu_fd_sc_mcu7t5v0__nand4_4 (0) disconnected node: A4
Cell gf180mcu_fd_sc_mcu7t5v0__nand4_4 (0) disconnected node: ZN
Cell gf180mcu_fd_sc_mcu7t5v0__nand4_4 (0) disconnected node: VDD
Cell gf180mcu_fd_sc_mcu7t5v0__nand4_4 (0) disconnected node: VNW
Cell gf180mcu_fd_sc_mcu7t5v0__nand4_4 (0) disconnected node: VPW
Cell gf180mcu_fd_sc_mcu7t5v0__nand4_4 (0) disconnected node: VSS

Subcircuit pins:
Circuit 1: gf180mcu_fd_sc_mcu7t5v0__nand4_ |Circuit 2: gf180mcu_fd_sc_mcu7t5v0__nand4_ 
-------------------------------------------|-------------------------------------------
A1                                         |A1                                         
A2                                         |A2                                         
A3                                         |A3                                         
A4                                         |A4                                         
ZN                                         |ZN                                         
VDD                                        |VDD                                        
VNW                                        |VNW                                        
VPW                                        |VPW                                        
VSS                                        |VSS                                        
---------------------------------------------------------------------------------------
Cell pin lists are equivalent.
Device classes gf180mcu_fd_sc_mcu7t5v0__nand4_4 and gf180mcu_fd_sc_mcu7t5v0__nand4_4 are equivalent.

Cell gf180mcu_fd_sc_mcu7t5v0__nor4_4 (0) disconnected node: A1
Cell gf180mcu_fd_sc_mcu7t5v0__nor4_4 (0) disconnected node: A2
Cell gf180mcu_fd_sc_mcu7t5v0__nor4_4 (0) disconnected node: A3
Cell gf180mcu_fd_sc_mcu7t5v0__nor4_4 (0) disconnected node: A4
Cell gf180mcu_fd_sc_mcu7t5v0__nor4_4 (0) disconnected node: ZN
Cell gf180mcu_fd_sc_mcu7t5v0__nor4_4 (0) disconnected node: VDD
Cell gf180mcu_fd_sc_mcu7t5v0__nor4_4 (0) disconnected node: VNW
Cell gf180mcu_fd_sc_mcu7t5v0__nor4_4 (0) disconnected node: VPW
Cell gf180mcu_fd_sc_mcu7t5v0__nor4_4 (0) disconnected node: VSS

Subcircuit pins:
Circuit 1: gf180mcu_fd_sc_mcu7t5v0__nor4_4 |Circuit 2: gf180mcu_fd_sc_mcu7t5v0__nor4_4 
-------------------------------------------|-------------------------------------------
A1                                         |A1                                         
A2                                         |A2                                         
A3                                         |A3                                         
A4                                         |A4                                         
ZN                                         |ZN                                         
VDD                                        |VDD                                        
VNW                                        |VNW                                        
VPW                                        |VPW                                        
VSS                                        |VSS                                        
---------------------------------------------------------------------------------------
Cell pin lists are equivalent.
Device classes gf180mcu_fd_sc_mcu7t5v0__nor4_4 and gf180mcu_fd_sc_mcu7t5v0__nor4_4 are equivalent.

Cell gf180mcu_fd_sc_mcu7t5v0__oai31_2 (0) disconnected node: A1
Cell gf180mcu_fd_sc_mcu7t5v0__oai31_2 (0) disconnected node: A2
Cell gf180mcu_fd_sc_mcu7t5v0__oai31_2 (0) disconnected node: A3
Cell gf180mcu_fd_sc_mcu7t5v0__oai31_2 (0) disconnected node: B
Cell gf180mcu_fd_sc_mcu7t5v0__oai31_2 (0) disconnected node: ZN
Cell gf180mcu_fd_sc_mcu7t5v0__oai31_2 (0) disconnected node: VDD
Cell gf180mcu_fd_sc_mcu7t5v0__oai31_2 (0) disconnected node: VNW
Cell gf180mcu_fd_sc_mcu7t5v0__oai31_2 (0) disconnected node: VPW
Cell gf180mcu_fd_sc_mcu7t5v0__oai31_2 (0) disconnected node: VSS

Subcircuit pins:
Circuit 1: gf180mcu_fd_sc_mcu7t5v0__oai31_ |Circuit 2: gf180mcu_fd_sc_mcu7t5v0__oai31_ 
-------------------------------------------|-------------------------------------------
A1                                         |A1                                         
A2                                         |A2                                         
A3                                         |A3                                         
B                                          |B                                          
ZN                                         |ZN                                         
VDD                                        |VDD                                        
VNW                                        |VNW                                        
VPW                                        |VPW                                        
VSS                                        |VSS                                        
---------------------------------------------------------------------------------------
Cell pin lists are equivalent.
Device classes gf180mcu_fd_sc_mcu7t5v0__oai31_2 and gf180mcu_fd_sc_mcu7t5v0__oai31_2 are equivalent.

Cell gf180mcu_fd_sc_mcu7t5v0__dffsnq_1 (0) disconnected node: D
Cell gf180mcu_fd_sc_mcu7t5v0__dffsnq_1 (0) disconnected node: SETN
Cell gf180mcu_fd_sc_mcu7t5v0__dffsnq_1 (0) disconnected node: CLK
Cell gf180mcu_fd_sc_mcu7t5v0__dffsnq_1 (0) disconnected node: Q
Cell gf180mcu_fd_sc_mcu7t5v0__dffsnq_1 (0) disconnected node: VDD
Cell gf180mcu_fd_sc_mcu7t5v0__dffsnq_1 (0) disconnected node: VNW
Cell gf180mcu_fd_sc_mcu7t5v0__dffsnq_1 (0) disconnected node: VPW
Cell gf180mcu_fd_sc_mcu7t5v0__dffsnq_1 (0) disconnected node: VSS

Subcircuit pins:
Circuit 1: gf180mcu_fd_sc_mcu7t5v0__dffsnq |Circuit 2: gf180mcu_fd_sc_mcu7t5v0__dffsnq 
-------------------------------------------|-------------------------------------------
D                                          |D                                          
SETN                                       |SETN                                       
CLK                                        |CLK                                        
Q                                          |Q                                          
VDD                                        |VDD                                        
VNW                                        |VNW                                        
VPW                                        |VPW                                        
VSS                                        |VSS                                        
---------------------------------------------------------------------------------------
Cell pin lists are equivalent.
Device classes gf180mcu_fd_sc_mcu7t5v0__dffsnq_1 and gf180mcu_fd_sc_mcu7t5v0__dffsnq_1 are equivalent.

Cell gf180mcu_fd_sc_mcu7t5v0__nor2_2 (0) disconnected node: A1
Cell gf180mcu_fd_sc_mcu7t5v0__nor2_2 (0) disconnected node: A2
Cell gf180mcu_fd_sc_mcu7t5v0__nor2_2 (0) disconnected node: ZN
Cell gf180mcu_fd_sc_mcu7t5v0__nor2_2 (0) disconnected node: VDD
Cell gf180mcu_fd_sc_mcu7t5v0__nor2_2 (0) disconnected node: VNW
Cell gf180mcu_fd_sc_mcu7t5v0__nor2_2 (0) disconnected node: VPW
Cell gf180mcu_fd_sc_mcu7t5v0__nor2_2 (0) disconnected node: VSS

Subcircuit pins:
Circuit 1: gf180mcu_fd_sc_mcu7t5v0__nor2_2 |Circuit 2: gf180mcu_fd_sc_mcu7t5v0__nor2_2 
-------------------------------------------|-------------------------------------------
A1                                         |A1                                         
A2                                         |A2                                         
ZN                                         |ZN                                         
VDD                                        |VDD                                        
VNW                                        |VNW                                        
VPW                                        |VPW                                        
VSS                                        |VSS                                        
---------------------------------------------------------------------------------------
Cell pin lists are equivalent.
Device classes gf180mcu_fd_sc_mcu7t5v0__nor2_2 and gf180mcu_fd_sc_mcu7t5v0__nor2_2 are equivalent.

Cell gf180mcu_fd_sc_mcu7t5v0__and4_4 (0) disconnected node: A1
Cell gf180mcu_fd_sc_mcu7t5v0__and4_4 (0) disconnected node: A2
Cell gf180mcu_fd_sc_mcu7t5v0__and4_4 (0) disconnected node: A3
Cell gf180mcu_fd_sc_mcu7t5v0__and4_4 (0) disconnected node: A4
Cell gf180mcu_fd_sc_mcu7t5v0__and4_4 (0) disconnected node: Z
Cell gf180mcu_fd_sc_mcu7t5v0__and4_4 (0) disconnected node: VDD
Cell gf180mcu_fd_sc_mcu7t5v0__and4_4 (0) disconnected node: VNW
Cell gf180mcu_fd_sc_mcu7t5v0__and4_4 (0) disconnected node: VPW
Cell gf180mcu_fd_sc_mcu7t5v0__and4_4 (0) disconnected node: VSS

Subcircuit pins:
Circuit 1: gf180mcu_fd_sc_mcu7t5v0__and4_4 |Circuit 2: gf180mcu_fd_sc_mcu7t5v0__and4_4 
-------------------------------------------|-------------------------------------------
A1                                         |A1                                         
A2                                         |A2                                         
A3                                         |A3                                         
A4                                         |A4                                         
Z                                          |Z                                          
VDD                                        |VDD                                        
VNW                                        |VNW                                        
VPW                                        |VPW                                        
VSS                                        |VSS                                        
---------------------------------------------------------------------------------------
Cell pin lists are equivalent.
Device classes gf180mcu_fd_sc_mcu7t5v0__and4_4 and gf180mcu_fd_sc_mcu7t5v0__and4_4 are equivalent.

Cell gf180mcu_fd_sc_mcu7t5v0__nand3_4 (0) disconnected node: A1
Cell gf180mcu_fd_sc_mcu7t5v0__nand3_4 (0) disconnected node: A2
Cell gf180mcu_fd_sc_mcu7t5v0__nand3_4 (0) disconnected node: A3
Cell gf180mcu_fd_sc_mcu7t5v0__nand3_4 (0) disconnected node: ZN
Cell gf180mcu_fd_sc_mcu7t5v0__nand3_4 (0) disconnected node: VDD
Cell gf180mcu_fd_sc_mcu7t5v0__nand3_4 (0) disconnected node: VNW
Cell gf180mcu_fd_sc_mcu7t5v0__nand3_4 (0) disconnected node: VPW
Cell gf180mcu_fd_sc_mcu7t5v0__nand3_4 (0) disconnected node: VSS

Subcircuit pins:
Circuit 1: gf180mcu_fd_sc_mcu7t5v0__nand3_ |Circuit 2: gf180mcu_fd_sc_mcu7t5v0__nand3_ 
-------------------------------------------|-------------------------------------------
A1                                         |A1                                         
A2                                         |A2                                         
A3                                         |A3                                         
ZN                                         |ZN                                         
VDD                                        |VDD                                        
VNW                                        |VNW                                        
VPW                                        |VPW                                        
VSS                                        |VSS                                        
---------------------------------------------------------------------------------------
Cell pin lists are equivalent.
Device classes gf180mcu_fd_sc_mcu7t5v0__nand3_4 and gf180mcu_fd_sc_mcu7t5v0__nand3_4 are equivalent.

Cell gf180mcu_fd_sc_mcu7t5v0__or4_1 (0) disconnected node: A1
Cell gf180mcu_fd_sc_mcu7t5v0__or4_1 (0) disconnected node: A2
Cell gf180mcu_fd_sc_mcu7t5v0__or4_1 (0) disconnected node: A3
Cell gf180mcu_fd_sc_mcu7t5v0__or4_1 (0) disconnected node: A4
Cell gf180mcu_fd_sc_mcu7t5v0__or4_1 (0) disconnected node: Z
Cell gf180mcu_fd_sc_mcu7t5v0__or4_1 (0) disconnected node: VDD
Cell gf180mcu_fd_sc_mcu7t5v0__or4_1 (0) disconnected node: VNW
Cell gf180mcu_fd_sc_mcu7t5v0__or4_1 (0) disconnected node: VPW
Cell gf180mcu_fd_sc_mcu7t5v0__or4_1 (0) disconnected node: VSS

Subcircuit pins:
Circuit 1: gf180mcu_fd_sc_mcu7t5v0__or4_1  |Circuit 2: gf180mcu_fd_sc_mcu7t5v0__or4_1  
-------------------------------------------|-------------------------------------------
A1                                         |A1                                         
A2                                         |A2                                         
A3                                         |A3                                         
A4                                         |A4                                         
Z                                          |Z                                          
VDD                                        |VDD                                        
VNW                                        |VNW                                        
VPW                                        |VPW                                        
VSS                                        |VSS                                        
---------------------------------------------------------------------------------------
Cell pin lists are equivalent.
Device classes gf180mcu_fd_sc_mcu7t5v0__or4_1 and gf180mcu_fd_sc_mcu7t5v0__or4_1 are equivalent.

Cell gf180mcu_fd_sc_mcu7t5v0__inv_1 (0) disconnected node: I
Cell gf180mcu_fd_sc_mcu7t5v0__inv_1 (0) disconnected node: ZN
Cell gf180mcu_fd_sc_mcu7t5v0__inv_1 (0) disconnected node: VDD
Cell gf180mcu_fd_sc_mcu7t5v0__inv_1 (0) disconnected node: VNW
Cell gf180mcu_fd_sc_mcu7t5v0__inv_1 (0) disconnected node: VPW
Cell gf180mcu_fd_sc_mcu7t5v0__inv_1 (0) disconnected node: VSS

Subcircuit pins:
Circuit 1: gf180mcu_fd_sc_mcu7t5v0__inv_1  |Circuit 2: gf180mcu_fd_sc_mcu7t5v0__inv_1  
-------------------------------------------|-------------------------------------------
I                                          |I                                          
ZN                                         |ZN                                         
VDD                                        |VDD                                        
VNW                                        |VNW                                        
VPW                                        |VPW                                        
VSS                                        |VSS                                        
---------------------------------------------------------------------------------------
Cell pin lists are equivalent.
Device classes gf180mcu_fd_sc_mcu7t5v0__inv_1 and gf180mcu_fd_sc_mcu7t5v0__inv_1 are equivalent.

Cell gf180mcu_fd_sc_mcu7t5v0__nor4_2 (0) disconnected node: A1
Cell gf180mcu_fd_sc_mcu7t5v0__nor4_2 (0) disconnected node: A2
Cell gf180mcu_fd_sc_mcu7t5v0__nor4_2 (0) disconnected node: A3
Cell gf180mcu_fd_sc_mcu7t5v0__nor4_2 (0) disconnected node: A4
Cell gf180mcu_fd_sc_mcu7t5v0__nor4_2 (0) disconnected node: ZN
Cell gf180mcu_fd_sc_mcu7t5v0__nor4_2 (0) disconnected node: VDD
Cell gf180mcu_fd_sc_mcu7t5v0__nor4_2 (0) disconnected node: VNW
Cell gf180mcu_fd_sc_mcu7t5v0__nor4_2 (0) disconnected node: VPW
Cell gf180mcu_fd_sc_mcu7t5v0__nor4_2 (0) disconnected node: VSS

Subcircuit pins:
Circuit 1: gf180mcu_fd_sc_mcu7t5v0__nor4_2 |Circuit 2: gf180mcu_fd_sc_mcu7t5v0__nor4_2 
-------------------------------------------|-------------------------------------------
A1                                         |A1                                         
A2                                         |A2                                         
A3                                         |A3                                         
A4                                         |A4                                         
ZN                                         |ZN                                         
VDD                                        |VDD                                        
VNW                                        |VNW                                        
VPW                                        |VPW                                        
VSS                                        |VSS                                        
---------------------------------------------------------------------------------------
Cell pin lists are equivalent.
Device classes gf180mcu_fd_sc_mcu7t5v0__nor4_2 and gf180mcu_fd_sc_mcu7t5v0__nor4_2 are equivalent.

Cell gf180mcu_fd_sc_mcu7t5v0__or2_4 (0) disconnected node: A1
Cell gf180mcu_fd_sc_mcu7t5v0__or2_4 (0) disconnected node: A2
Cell gf180mcu_fd_sc_mcu7t5v0__or2_4 (0) disconnected node: Z
Cell gf180mcu_fd_sc_mcu7t5v0__or2_4 (0) disconnected node: VDD
Cell gf180mcu_fd_sc_mcu7t5v0__or2_4 (0) disconnected node: VNW
Cell gf180mcu_fd_sc_mcu7t5v0__or2_4 (0) disconnected node: VPW
Cell gf180mcu_fd_sc_mcu7t5v0__or2_4 (0) disconnected node: VSS

Subcircuit pins:
Circuit 1: gf180mcu_fd_sc_mcu7t5v0__or2_4  |Circuit 2: gf180mcu_fd_sc_mcu7t5v0__or2_4  
-------------------------------------------|-------------------------------------------
A1                                         |A1                                         
A2                                         |A2                                         
Z                                          |Z                                          
VDD                                        |VDD                                        
VNW                                        |VNW                                        
VPW                                        |VPW                                        
VSS                                        |VSS                                        
---------------------------------------------------------------------------------------
Cell pin lists are equivalent.
Device classes gf180mcu_fd_sc_mcu7t5v0__or2_4 and gf180mcu_fd_sc_mcu7t5v0__or2_4 are equivalent.

Cell A10_A (0) disconnected node: miso_IN
Cell A10_A (1) disconnected node: miso_IN
Class A10_A (0):  Merged 19079 parallel devices.
Class A10_A (1):  Merged 19079 parallel devices.
Cell A10_A (0) disconnected node: miso_IN
Cell A10_A (1) disconnected node: miso_IN
Subcircuit summary:
Circuit 1: A10_A                           |Circuit 2: A10_A                           
-------------------------------------------|-------------------------------------------
gf180mcu_fd_sc_mcu7t5v0__fillcap_32 (1217- |gf180mcu_fd_sc_mcu7t5v0__fillcap_32 (1217- 
gf180mcu_fd_sc_mcu7t5v0__fillcap_64 (1072- |gf180mcu_fd_sc_mcu7t5v0__fillcap_64 (1072- 
gf180mcu_fd_sc_mcu7t5v0__xor3_1 (387)      |gf180mcu_fd_sc_mcu7t5v0__xor3_1 (387)      
gf180mcu_fd_sc_mcu7t5v0__fillcap_8 (4725-> |gf180mcu_fd_sc_mcu7t5v0__fillcap_8 (4725-> 
gf180mcu_fd_sc_mcu7t5v0__dffrnq_1 (2489)   |gf180mcu_fd_sc_mcu7t5v0__dffrnq_1 (2489)   
gf180mcu_fd_sc_mcu7t5v0__clkinv_1 (368)    |gf180mcu_fd_sc_mcu7t5v0__clkinv_1 (368)    
gf180mcu_fd_sc_mcu7t5v0__fillcap_4 (8879-> |gf180mcu_fd_sc_mcu7t5v0__fillcap_4 (8879-> 
gf180mcu_fd_sc_mcu7t5v0__clkbuf_1 (7245)   |gf180mcu_fd_sc_mcu7t5v0__clkbuf_1 (7245)   
gf180mcu_fd_sc_mcu7t5v0__buf_1 (367)       |gf180mcu_fd_sc_mcu7t5v0__buf_1 (367)       
gf180mcu_fd_sc_mcu7t5v0__oai21_1 (795)     |gf180mcu_fd_sc_mcu7t5v0__oai21_1 (795)     
gf180mcu_fd_sc_mcu7t5v0__and4_1 (22)       |gf180mcu_fd_sc_mcu7t5v0__and4_1 (22)       
gf180mcu_fd_sc_mcu7t5v0__fillcap_16 (3057- |gf180mcu_fd_sc_mcu7t5v0__fillcap_16 (3057- 
gf180mcu_fd_sc_mcu7t5v0__buf_8 (30)        |gf180mcu_fd_sc_mcu7t5v0__buf_8 (30)        
gf180mcu_fd_sc_mcu7t5v0__xor2_1 (804)      |gf180mcu_fd_sc_mcu7t5v0__xor2_1 (804)      
gf180mcu_fd_sc_mcu7t5v0__nand2_1 (1871)    |gf180mcu_fd_sc_mcu7t5v0__nand2_1 (1871)    
gf180mcu_fd_sc_mcu7t5v0__nand4_1 (22)      |gf180mcu_fd_sc_mcu7t5v0__nand4_1 (22)      
gf180mcu_fd_sc_mcu7t5v0__aoi222_1 (142)    |gf180mcu_fd_sc_mcu7t5v0__aoi222_1 (142)    
gf180mcu_fd_sc_mcu7t5v0__nor4_1 (30)       |gf180mcu_fd_sc_mcu7t5v0__nor4_1 (30)       
gf180mcu_fd_sc_mcu7t5v0__nand3_1 (99)      |gf180mcu_fd_sc_mcu7t5v0__nand3_1 (99)      
gf180mcu_fd_sc_mcu7t5v0__or2_1 (120)       |gf180mcu_fd_sc_mcu7t5v0__or2_1 (120)       
gf180mcu_fd_sc_mcu7t5v0__aoi21_1 (607)     |gf180mcu_fd_sc_mcu7t5v0__aoi21_1 (607)     
gf180mcu_fd_sc_mcu7t5v0__mux2_2 (1198)     |gf180mcu_fd_sc_mcu7t5v0__mux2_2 (1198)     
gf180mcu_fd_sc_mcu7t5v0__dffnrnq_1 (89)    |gf180mcu_fd_sc_mcu7t5v0__dffnrnq_1 (89)    
gf180mcu_fd_sc_mcu7t5v0__oai211_1 (283)    |gf180mcu_fd_sc_mcu7t5v0__oai211_1 (283)    
gf180mcu_fd_sc_mcu7t5v0__clkbuf_2 (220)    |gf180mcu_fd_sc_mcu7t5v0__clkbuf_2 (220)    
gf180mcu_fd_sc_mcu7t5v0__buf_2 (474)       |gf180mcu_fd_sc_mcu7t5v0__buf_2 (474)       
gf180mcu_fd_sc_mcu7t5v0__aoi221_1 (75)     |gf180mcu_fd_sc_mcu7t5v0__aoi221_1 (75)     
gf180mcu_fd_sc_mcu7t5v0__nor2_1 (570)      |gf180mcu_fd_sc_mcu7t5v0__nor2_1 (570)      
gf180mcu_fd_sc_mcu7t5v0__aoi22_1 (368)     |gf180mcu_fd_sc_mcu7t5v0__aoi22_1 (368)     
gf180mcu_fd_sc_mcu7t5v0__antenna (155->21) |gf180mcu_fd_sc_mcu7t5v0__antenna (155->21) 
gf180mcu_fd_sc_mcu7t5v0__clkbuf_4 (366)    |gf180mcu_fd_sc_mcu7t5v0__clkbuf_4 (366)    
gf180mcu_fd_sc_mcu7t5v0__nor3_1 (54)       |gf180mcu_fd_sc_mcu7t5v0__nor3_1 (54)       
gf180mcu_fd_sc_mcu7t5v0__inv_2 (46)        |gf180mcu_fd_sc_mcu7t5v0__inv_2 (46)        
gf180mcu_fd_sc_mcu7t5v0__buf_4 (152)       |gf180mcu_fd_sc_mcu7t5v0__buf_4 (152)       
gf180mcu_fd_sc_mcu7t5v0__clkbuf_8 (47)     |gf180mcu_fd_sc_mcu7t5v0__clkbuf_8 (47)     
gf180mcu_fd_sc_mcu7t5v0__oai31_1 (69)      |gf180mcu_fd_sc_mcu7t5v0__oai31_1 (69)      
gf180mcu_fd_sc_mcu7t5v0__xnor2_1 (116)     |gf180mcu_fd_sc_mcu7t5v0__xnor2_1 (116)     
gf180mcu_fd_sc_mcu7t5v0__and3_1 (68)       |gf180mcu_fd_sc_mcu7t5v0__and3_1 (68)       
gf180mcu_fd_sc_mcu7t5v0__oai22_1 (67)      |gf180mcu_fd_sc_mcu7t5v0__oai22_1 (67)      
gf180mcu_fd_sc_mcu7t5v0__aoi21_2 (2)       |gf180mcu_fd_sc_mcu7t5v0__aoi21_2 (2)       
gf180mcu_fd_sc_mcu7t5v0__and2_1 (86)       |gf180mcu_fd_sc_mcu7t5v0__and2_1 (86)       
gf180mcu_fd_sc_mcu7t5v0__oai32_1 (17)      |gf180mcu_fd_sc_mcu7t5v0__oai32_1 (17)      
gf180mcu_fd_sc_mcu7t5v0__clkinv_2 (40)     |gf180mcu_fd_sc_mcu7t5v0__clkinv_2 (40)     
gf180mcu_fd_sc_mcu7t5v0__inv_3 (32)        |gf180mcu_fd_sc_mcu7t5v0__inv_3 (32)        
gf180mcu_fd_sc_mcu7t5v0__buf_3 (55)        |gf180mcu_fd_sc_mcu7t5v0__buf_3 (55)        
gf180mcu_fd_sc_mcu7t5v0__oai221_1 (64)     |gf180mcu_fd_sc_mcu7t5v0__oai221_1 (64)     
gf180mcu_fd_sc_mcu7t5v0__inv_4 (19)        |gf180mcu_fd_sc_mcu7t5v0__inv_4 (19)        
gf180mcu_fd_sc_mcu7t5v0__or3_1 (5)         |gf180mcu_fd_sc_mcu7t5v0__or3_1 (5)         
gf180mcu_fd_sc_mcu7t5v0__xnor3_1 (14)      |gf180mcu_fd_sc_mcu7t5v0__xnor3_1 (14)      
gf180mcu_fd_sc_mcu7t5v0__nor3_2 (4)        |gf180mcu_fd_sc_mcu7t5v0__nor3_2 (4)        
gf180mcu_fd_sc_mcu7t5v0__or3_4 (1)         |gf180mcu_fd_sc_mcu7t5v0__or3_4 (1)         
gf180mcu_fd_sc_mcu7t5v0__clkbuf_12 (2)     |gf180mcu_fd_sc_mcu7t5v0__clkbuf_12 (2)     
gf180mcu_fd_sc_mcu7t5v0__aoi211_1 (39)     |gf180mcu_fd_sc_mcu7t5v0__aoi211_1 (39)     
gf180mcu_fd_sc_mcu7t5v0__clkbuf_3 (8)      |gf180mcu_fd_sc_mcu7t5v0__clkbuf_3 (8)      
gf180mcu_fd_sc_mcu7t5v0__dffrnq_4 (5)      |gf180mcu_fd_sc_mcu7t5v0__dffrnq_4 (5)      
gf180mcu_fd_sc_mcu7t5v0__and4_2 (4)        |gf180mcu_fd_sc_mcu7t5v0__and4_2 (4)        
gf180mcu_fd_sc_mcu7t5v0__nand3_2 (9)       |gf180mcu_fd_sc_mcu7t5v0__nand3_2 (9)       
gf180mcu_fd_sc_mcu7t5v0__clkinv_4 (2)      |gf180mcu_fd_sc_mcu7t5v0__clkinv_4 (2)      
gf180mcu_fd_sc_mcu7t5v0__nor3_4 (2)        |gf180mcu_fd_sc_mcu7t5v0__nor3_4 (2)        
gf180mcu_fd_sc_mcu7t5v0__or2_2 (1)         |gf180mcu_fd_sc_mcu7t5v0__or2_2 (1)         
gf180mcu_fd_sc_mcu7t5v0__or4_4 (1)         |gf180mcu_fd_sc_mcu7t5v0__or4_4 (1)         
gf180mcu_fd_sc_mcu7t5v0__tieh (8)          |gf180mcu_fd_sc_mcu7t5v0__tieh (8)          
gf180mcu_fd_sc_mcu7t5v0__nor2_4 (4)        |gf180mcu_fd_sc_mcu7t5v0__nor2_4 (4)        
gf180mcu_fd_sc_mcu7t5v0__oai21_4 (2)       |gf180mcu_fd_sc_mcu7t5v0__oai21_4 (2)       
gf180mcu_fd_sc_mcu7t5v0__tiel (35)         |gf180mcu_fd_sc_mcu7t5v0__tiel (35)         
gf180mcu_fd_sc_mcu7t5v0__nand2_4 (4)       |gf180mcu_fd_sc_mcu7t5v0__nand2_4 (4)       
gf180mcu_fd_sc_mcu7t5v0__nand2_2 (10)      |gf180mcu_fd_sc_mcu7t5v0__nand2_2 (10)      
gf180mcu_fd_sc_mcu7t5v0__aoi211_4 (2)      |gf180mcu_fd_sc_mcu7t5v0__aoi211_4 (2)      
gf180mcu_fd_sc_mcu7t5v0__nand4_4 (2)       |gf180mcu_fd_sc_mcu7t5v0__nand4_4 (2)       
gf180mcu_fd_sc_mcu7t5v0__nor4_4 (1)        |gf180mcu_fd_sc_mcu7t5v0__nor4_4 (1)        
gf180mcu_fd_sc_mcu7t5v0__oai31_2 (1)       |gf180mcu_fd_sc_mcu7t5v0__oai31_2 (1)       
gf180mcu_fd_sc_mcu7t5v0__dffsnq_1 (2)      |gf180mcu_fd_sc_mcu7t5v0__dffsnq_1 (2)      
gf180mcu_fd_sc_mcu7t5v0__nor2_2 (1)        |gf180mcu_fd_sc_mcu7t5v0__nor2_2 (1)        
gf180mcu_fd_sc_mcu7t5v0__and4_4 (2)        |gf180mcu_fd_sc_mcu7t5v0__and4_4 (2)        
gf180mcu_fd_sc_mcu7t5v0__nand3_4 (3)       |gf180mcu_fd_sc_mcu7t5v0__nand3_4 (3)       
gf180mcu_fd_sc_mcu7t5v0__or4_1 (2)         |gf180mcu_fd_sc_mcu7t5v0__or4_1 (2)         
gf180mcu_fd_sc_mcu7t5v0__inv_1 (1)         |gf180mcu_fd_sc_mcu7t5v0__inv_1 (1)         
gf180mcu_fd_sc_mcu7t5v0__nor4_2 (1)        |gf180mcu_fd_sc_mcu7t5v0__nor4_2 (1)        
gf180mcu_fd_sc_mcu7t5v0__or2_4 (1)         |gf180mcu_fd_sc_mcu7t5v0__or2_4 (1)         
Number of devices: 20180                   |Number of devices: 20180                   
Number of nets: 20161                      |Number of nets: 20161                      
---------------------------------------------------------------------------------------
Resolving symmetries by property value.
Resolving symmetries by pin name.
Netlists match uniquely.

Subcircuit pins:
Circuit 1: A10_A                           |Circuit 2: A10_A                           
-------------------------------------------|-------------------------------------------
clk_CS                                     |clk_CS                                     
clk_PU                                     |clk_PU                                     
miso_PD                                    |miso_PD                                    
clk_PD                                     |clk_PD                                     
rst_n_OE                                   |rst_n_OE                                   
miso_IE                                    |miso_IE                                    
clk_OUT                                    |clk_OUT                                    
sclk_SL                                    |sclk_SL                                    
rst_n_CS                                   |rst_n_CS                                   
miso_CS                                    |miso_CS                                    
clk_OE                                     |clk_OE                                     
sclk_PU                                    |sclk_PU                                    
mosi_SL                                    |mosi_SL                                    
cs_n_SL                                    |cs_n_SL                                    
sclk_PD                                    |sclk_PD                                    
mosi_PU                                    |mosi_PU                                    
cs_n_PU                                    |cs_n_PU                                    
sclk_OUT                                   |sclk_OUT                                   
mosi_PD                                    |mosi_PD                                    
cs_n_PD                                    |cs_n_PD                                    
sclk_OE                                    |sclk_OE                                    
mosi_OUT                                   |mosi_OUT                                   
cs_n_OUT                                   |cs_n_OUT                                   
sclk_CS                                    |sclk_CS                                    
mosi_OE                                    |mosi_OE                                    
cs_n_OE                                    |cs_n_OE                                    
rst_n_SL                                   |rst_n_SL                                   
mosi_CS                                    |mosi_CS                                    
cs_n_CS                                    |cs_n_CS                                    
rst_n_PU                                   |rst_n_PU                                   
miso_SL                                    |miso_SL                                    
clk_SL                                     |clk_SL                                     
rst_n_PD                                   |rst_n_PD                                   
miso_PU                                    |miso_PU                                    
rst_n_OUT                                  |rst_n_OUT                                  
sclk_IE                                    |sclk_IE                                    
rst_n_IE                                   |rst_n_IE                                   
mosi_IE                                    |mosi_IE                                    
miso_OE                                    |miso_OE                                    
cs_n_IE                                    |cs_n_IE                                    
clk_IE                                     |clk_IE                                     
miso_OUT                                   |miso_OUT                                   
sclk_IN                                    |sclk_IN                                    
clk_IN                                     |clk_IN                                     
cs_n_IN                                    |cs_n_IN                                    
mosi_IN                                    |mosi_IN                                    
rst_n_IN                                   |rst_n_IN                                   
VDD                                        |VDD                                        
VSS                                        |VSS                                        
miso_IN                                    |miso_IN                                    
---------------------------------------------------------------------------------------
Cell pin lists are equivalent.
Device classes A10_A and A10_A are equivalent.

Final result: Circuits match uniquely.
.
