net,length_um
clknet_2_0_0_clk_IN,1.53443mm
clknet_2_3_0_clk_IN,1.53224mm
clknet_2_1_0_clk_IN,1.49696mm
clknet_2_2_0_clk_IN,1.48006mm
clknet_0_clk_IN,1.22573mm
clknet_0_sclk_IN,1.04144mm
clk_IN,921.51µm
clknet_4_2__leaf_sclk_IN,764.44µm
clknet_2_0_0_sclk_IN,756.91µm
clknet_4_14__leaf_sclk_IN,677.85µm
clknet_2_3_0_sclk_IN,659.59µm
sclk_IN,643.33µm
clknet_4_15__leaf_sclk_IN,620.57µm
clknet_4_3__leaf_sclk_IN,602.86µm
clknet_4_4__leaf_sclk_IN,531.43µm
clknet_2_1_0_sclk_IN,497.99µm
clknet_2_2_0_sclk_IN,403.5µm
clknet_4_12__leaf_sclk_IN,402.53µm
net3329,383.18µm
net402,383.14µm
net3423,382.93µm
net3371,361.34µm
clknet_4_5__leaf_sclk_IN,359.41µm
net3379,357.78µm
net3497,356.56µm
net3424,350.25µm
net1012,345.97µm
net3438,345.36µm
net1007,343.27µm
net3337,340.47µm
net3322,339.2µm
net1015,338.23µm
net979,337.42µm
net642,336.05µm
net975,331.87µm
net2747,330.6µm
net3413,327.9µm
net988,327.39µm
net1772,323.11µm
net1002,322.91µm
net3334,319.6µm
net961,315.02µm
net3440,311.2µm
net997,311µm
net3345,310.74µm
net1855,309.93µm
net3376,308.35µm
net892,308.3µm
net1625,307.13µm
net3324,306.87µm
net959,305.65µm
net3412,305.55µm
net396,305.4µm
net3458,304.02µm
net986,303.31µm
net1756,301.83µm
clknet_4_0__leaf_sclk_IN,301.63µm
_03086_,300.51µm
net1674,298.07µm
net989,297.33µm
net513,297µm
net958,296.69µm
net3353,296.69µm
net1858,296.34µm
net1845,295.98µm
net237,295.78µm
net3382,295.62µm
net3070,295.52µm
net3163,295.22µm
net3401,294.5µm
net985,292.47µm
net1758,292.01µm
net3367,292.01µm
net1770,291.09µm
net3328,290.68µm
_06053_,289.21µm
net917,288.55µm
net3482,288.29µm
net1909,287.48µm
net1655,287.43µm
net3501,287.32µm
net3400,287.22µm
net1790,286.87µm
net1784,286.2µm
net1626,285.39µm
net915,285.29µm
net1016,284.86µm
net1851,284.73µm
net994,283.96µm
net1753,282.74µm
u_core.u_master.u_slave.u_core.B2\[22\],282.59µm
net2021,282.44µm
net1814,281.93µm
net1829,281.83µm
net761,281.73µm
net3403,279.23µm
net1760,278.57µm
net3278,278.11µm
net1769,277.96µm
net2708,277.91µm
net3398,277.6µm
net909,277.55µm
net3060,276.89µm
clknet_8_42__leaf_clk_IN,276.58µm
net3140,276.33µm
net3373,276.02µm
net1783,275.82µm
net234,275.57µm
net3470,275.36µm
net1794,274.75µm
net3321,274.49µm
net3404,274.09µm
net1005,272.41µm
net370,271.8µm
net3366,271.44µm
net3343,271.39µm
net1014,271.18µm
u_core.u_master.u_slave.u_core.B4\[55\],271.14µm
net501,270.98µm
net3350,270.37µm
net901,270.17µm
net972,270.02µm
net3445,269.71µm
net3455,269.61µm
net1763,269.2µm
net1698,269.1µm
net3431,268.69µm
net984,268.03µm
net1975,267.88µm
net2319,267.88µm
net3471,267.88µm
net1689,267.83µm
net707,267.78µm
net3442,267.62µm
net3370,266.96µm
net3344,266.91µm
net466,266.76µm
net3397,266.76µm
net3277,266.66µm
net3466,266.3µm
net1961,266.25µm
clknet_4_13__leaf_sclk_IN,265.59µm
net2006,265.54µm
net1493,265.44µm
net2728,265.18µm
net3172,264.93µm
net3330,264.62µm
net3338,264.62µm
net3145,264.57µm
net512,264.47µm
net3359,263.7µm
net1729,263.55µm
net1367,263.3µm
net904,263.09µm
net991,263.09µm
net3288,262.84µm
net1957,262.74µm
net1004,262.63µm
net1803,262.23µm
net3246,262.23µm
_04828_,261.72µm
net3416,261.67µm
net3171,260.7µm
net1000,260.65µm
net1731,260.65µm
net912,260.6µm
net987,260.19µm
net1011,259.91µm
u_core.u_master.u_slave.u_core.B2\[59\],259.89µm
net1511,259.38µm
net3522,259.07µm
net1796,258.92µm
net957,258.46µm
net3452,258.13µm
net964,257.98µm
net848,257.75µm
u_core.u_master.u_slave.u_core.B2\[46\],257.6µm
net3448,257.49µm
net694,257.14µm
net464,256.78µm
net3307,256.37µm
net3066,256.07µm
net3487,255.71µm
net3080,255.61µm
net3394,255.61µm
net157,255.51µm
net1628,255.51µm
net1532,255.46µm
net2720,255.05µm
net3348,255.05µm
net1614,254.95µm
net1546,254.54µm
net3375,254.54µm
net3064,254.03µm
clknet_8_214__leaf_clk_IN,253.93µm
net868,253.88µm
net3132,253.83µm
net1741,253.78µm
net3406,253.57µm
net3377,253.52µm
net1627,253.42µm
net1372,253.22µm
net1866,253.22µm
net3476,253.06µm
net3361,252.89µm
net1846,252.81µm
net3168,252.76µm
net1514,252.71µm
net1019,252.45µm
net891,252.35µm
net1716,252.35µm
net353,252.3µm
net3331,252.2µm
net500,252.15µm
net3245,252.1µm
net2011,251.74µm
net742,251.69µm
net1776,251.64µm
net2296,251.26µm
net907,251.18µm
net1550,251.18µm
net3494,251.13µm
net905,251.08µm
net3332,251.03µm
net2395,250.98µm
net3434,250.77µm
net3339,250.62µm
net275,250.57µm
net3302,250.57µm
_04921_,250.42µm
net485,250.42µm
net896,250.42µm
clknet_8_40__leaf_clk_IN,250.16µm
net995,249.45µm
net1024,249.45µm
clknet_8_125__leaf_clk_IN,249.14µm
net3248,248.94µm
net895,248.84µm
net1131,248.84µm
net3496,248.84µm
net3498,248.48µm
u_core.u_master.u_slave.u_core.S1\[63\],248.33µm
net74,247.93µm
net3357,247.87µm
net3481,247.82µm
net1775,247.36µm
net3502,247.21µm
net473,246.7µm
net3067,246.65µm
net3090,246.6µm
net1515,246.45µm
net3388,246.24µm
net887,246.14µm
net3415,246.14µm
net914,246.04µm
net3294,245.99µm
_05942_,245.84µm
net3488,245.73µm
clknet_8_127__leaf_clk_IN,245.22µm
net3420,245.02µm
net1170,244.97µm
net2741,244.87µm
net3347,244.87µm
net1813,244.82µm
net3493,244.46µm
net3071,244.41µm
net3485,244.41µm
net1868,244.31µm
net2042,244.26µm
net918,243.9µm
net1730,243.47µm
net2711,243.39µm
_05038_,243.14µm
net1875,243.14µm
net136,243.09µm
net3336,243µm
net3352,242.83µm
net1737,242.68µm
net3059,242.35µm
net380,242.17µm
clknet_8_182__leaf_clk_IN,242.17µm
net3436,241.66µm
net1649,241.46µm
net2380,241.46µm
net119,241.36µm
net614,240.95µm
net3499,240.74µm
net692,240.59µm
_04725_,240.49µm
net1673,240.49µm
net3193,240.44µm
net1900,240.34µm
net261,240.29µm
net94,239.98µm
net1672,239.88µm
net3465,239.88µm
net3073,239.47µm
net1189,239.37µm
net1659,239.37µm
net3133,239.32µm
net1680,239.27µm
_04830_,239.22µm
_06437_,239.22µm
net535,239.17µm
net2435,239.17µm
net3426,238.96µm
net477,238.76µm
net3527,238.76µm
net992,238.35µm
net1808,238.3µm
net2432,238.26µm
net3244,237.69µm
net965,237.64µm
net2018,237.54µm
net1743,237.13µm
net2715,237.08µm
net3275,237.08µm
_04817_,236.93µm
net1181,236.93µm
net981,236.67µm
net796,236.57µm
net1893,236.57µm
net877,236.42µm
net1725,236.42µm
net3195,236.42µm
net1484,236.37µm
net1708,236.37µm
net3086,236.11µm
net3378,236.06µm
net621,235.76µm
net1761,235.6µm
net1631,235.5µm
net3137,235.25µm
net996,235.2µm
net172,234.84µm
net2015,234.84µm
net980,234.79µm
net890,234.43µm
net3325,234.38µm
net1567,234.33µm
net3074,234.33µm
clknet_8_142__leaf_clk_IN,233.92µm
net3274,233.87µm
net3333,233.87µm
net548,233.77µm
net851,233.67µm
net1031,233.67µm
net2660,233.67µm
net393,233.62µm
net484,233.62µm
net3200,233.62µm
net599,233.57µm
net790,233.52µm
clknet_8_33__leaf_clk_IN,233.41µm
net3273,233.26µm
net3091,233.11µm
clknet_8_233__leaf_clk_IN,232.75µm
net1742,232.65µm
net3364,232.65µm
net1795,232.6µm
net3226,232.55µm
clknet_8_126__leaf_clk_IN,232.44µm
net3085,232.4µm
net1877,232.09µm
net1335,232.04µm
net391,231.94µm
net1732,231.94µm
net2803,231.58µm
clknet_8_43__leaf_clk_IN,231.58µm
net978,231.53µm
net1368,231.53µm
net2744,231.53µm
net990,231.48µm
net290,231.07µm
net3432,231.07µm
net140,230.87µm
net2725,230.82µm
net3351,230.59µm
net3484,230.56µm
net863,230.36µm
net2318,230.36µm
net3425,230.31µm
net3341,229.95µm
net1781,229.9µm
net3151,229.29µm
net999,229.24µm
net2009,229.24µm
net3279,229.24µm
net1682,229.19µm
net3096,229.19µm
net198,229.14µm
net1483,229.14µm
net263,229.09µm
net1799,229.09µm
net3457,228.93µm
net3492,228.88µm
net443,228.68µm
net366,228.58µm
net1010,228.58µm
net778,228.53µm
net3202,228.53µm
u_core.u_master.u_slave.u_core.B4\[27\],228.12µm
net3213,228.12µm
net714,228.02µm
net167,227.97µm
net1668,227.97µm
net3428,227.81µm
net3515,227.81µm
net3323,227.56µm
net1863,227.51µm
net561,227.46µm
net899,227.46µm
net1688,227.46µm
net3355,227.2µm
_04771_,227.05µm
net1748,227.05µm
net842,227µm
net1839,227µm
net3390,227µm
net968,226.95µm
net858,226.9µm
net1717,226.9µm
net456,226.39µm
net475,226.34µm
net39,226.29µm
net3204,226.03µm
net3419,226.03µm
net519,225.93µm
net1001,225.93µm
net910,225.88µm
net1190,225.88µm
net2933,225.83µm
net1076,225.78µm
net903,225.52µm
clknet_8_20__leaf_clk_IN,225.52µm
clknet_8_213__leaf_clk_IN,225.01µm
net1968,224.89µm
net1699,224.71µm
net3304,224.66µm
net3396,224.66µm
clknet_8_131__leaf_clk_IN,224.45µm
net3393,224.35µm
u_core.u_master.u_slave.u_core.S1\[34\],224.2µm
net960,224.15µm
net3381,224.1µm
net670,223.64µm
net1771,223.64µm
net817,223.59µm
net227,223.54µm
net407,223.54µm
net1735,223.54µm
net467,223.49µm
net882,223.49µm
net2653,223.49µm
net3340,223.33µm
net558,223.08µm
net2727,223.08µm
net3349,223.08µm
net3479,223.08µm
net269,223.03µm
net1664,223.03µm
net11,222.98µm
net3250,222.93µm
net3437,222.77µm
net3186,222.65µm
clknet_8_46__leaf_clk_IN,222.62µm
net1690,222.34µm
net115,222.25µm
net3500,222.06µm
net1106,222.01µm
net1922,222.01µm
clknet_8_122__leaf_clk_IN,222.01µm
net1996,221.96µm
net1574,221.91µm
net1895,221.91µm
net3287,221.91µm
net444,221.86µm
net702,221.86µm
net1504,221.86µm
net2717,221.81µm
net463,221.5µm
net1782,221.4µm
net574,221.35µm
clknet_8_17__leaf_clk_IN,221.04µm
net3451,220.99µm
net713,220.84µm
net2323,220.79µm
net1187,220.74µm
net1744,220.74µm
net1049,220.69µm
net1759,220.61µm
clknet_8_54__leaf_clk_IN,220.33µm
net900,220.28µm
net3282,220.28µm
net2669,220.23µm
_04734_,220.18µm
net922,220.18µm
net1084,220.13µm
net1030,219.97µm
net3297,219.77µm
net593,219.72µm
net741,219.72µm
net1008,219.72µm
net3117,219.62µm
net3254,219.52µm
net1754,219.26µm
net3360,219.26µm
net3463,219.26µm
net3300,219.16µm
net3410,219.16µm
net423,219.06µm
net832,219.06µm
net951,219.06µm
net1128,219.06µm
net1633,219.01µm
net1377,218.75µm
net2714,218.7µm
net200,218.6µm
net977,218.55µm
net1684,218.55µm
net1660,218.5µm
net696,218.45µm
net1150,218.45µm
net2785,218.4µm
clknet_8_70__leaf_clk_IN,218.29µm
net1779,218.24µm
net3243,218.24µm
net84,218.14µm
net762,218.09µm
net279,217.99µm
net1745,217.99µm
net3258,217.89µm
net982,217.63µm
net2231,217.48µm
net3156,217.43µm
u_core.u_master.u_slave.u_core.B2\[39\],217.33µm
net806,217.33µm
net1988,217.33µm
net3285,217.33µm
net3407,217.27µm
net897,217.22µm
clknet_8_179__leaf_clk_IN,217.17µm
net3326,217.12µm
net1093,216.97µm
net377,216.87µm
net453,216.87µm
net499,216.87µm
net600,216.87µm
net838,216.87µm
_05848_,216.77µm
net3356,216.56µm
clknet_8_78__leaf_clk_IN,216.56µm
_06421_,216.51µm
net3110,216.51µm
net3354,216.51µm
net755,216.46µm
net736,216.41µm
clknet_8_129__leaf_clk_IN,216.36µm
net521,216.26µm
_06498_,216.21µm
net1083,216.16µm
net744,216.05µm
net352,216µm
clknet_8_116__leaf_clk_IN,216µm
net3280,215.95µm
net31,215.8µm
net993,215.8µm
net108,215.75µm
net1506,215.75µm
_04740_,215.6µm
net2167,215.6µm
net888,215.39µm
net1797,215.29µm
net1531,215.24µm
net2713,215.24µm
net204,215.19µm
net1536,215.19µm
net103,215.14µm
net1260,215.14µm
net1636,215.09µm
net1021,214.73µm
net1607,214.68µm
net3449,214.63µm
net620,214.58µm
net496,214.53µm
net1006,214.37µm
net289,214.12µm
net525,214.12µm
net17,214.02µm
net86,214.02µm
net3513,213.97µm
net1965,213.61µm
net546,213.56µm
net638,213.56µm
net3184,213.56µm
net3473,213.56µm
net287,213.46µm
net2223,213.46µm
net3417,213.15µm
net3528,213.15µm
clknet_8_124__leaf_clk_IN,213.1µm
net1154,213.05µm
clknet_8_47__leaf_clk_IN,213.05µm
net704,213µm
net894,213µm
net3215,212.95µm
net354,212.9µm
net691,212.9µm
net1662,212.9µm
net1916,212.9µm
net2016,212.9µm
net3242,212.9µm
net1292,212.54µm
net1774,212.54µm
net1629,212.44µm
net1697,212.44µm
net1778,212.44µm
net222,212.39µm
net1818,212.39µm
net2726,212.39µm
net1562,212.34µm
net2578,212.34µm
net3409,212.34µm
net88,212.29µm
net2261,212.29µm
net2748,212.29µm
net205,211.83µm
net1035,211.83µm
net1944,211.83µm
net1578,211.73µm
net2643,211.73µm
net3305,211.73µm
net1773,211.47µm
net3489,211.42µm
net2706,211.32µm
net3327,211.32µm
u_core.u_master.u_slave.u_core.S1\[3\],211.27µm
net683,211.27µm
net1191,211.27µm
net2954,211.27µm
net1046,211.22µm
net3030,211.22µm
net3441,211.22µm
net571,211.17µm
net2008,211.17µm
_05749_,211.12µm
net80,211.12µm
net201,211.12µm
net531,210.76µm
net911,210.76µm
net2041,210.76µm
net364,210.71µm
net943,210.71µm
_05890_,210.66µm
net207,210.66µm
net409,210.66µm
net412,210.66µm
net636,210.66µm
net1474,210.66µm
net3433,210.66µm
net664,210.61µm
net2250,210.61µm
net1143,210.56µm
net3447,210.4µm
net1786,210.3µm
u_core.u_master.u_slave.u_core.B2\[40\],210.2µm
net1576,210.2µm
net3224,210.2µm
net803,210.15µm
net3115,210.15µm
net502,210.1µm
net273,210.05µm
net3363,209.94µm
net3491,209.84µm
net397,209.79µm
net745,209.69µm
net881,209.69µm
net3374,209.69µm
net1602,209.64µm
net73,209.59µm
net721,209.59µm
net1499,209.59µm
net3082,209.59µm
net2626,209.49µm
net605,209.44µm
clknet_8_230__leaf_clk_IN,209.23µm
net815,209.18µm
net3480,209.18µm
net459,209.13µm
net749,209.08µm
net1692,209.08µm
net1836,209.08µm
net2415,209.08µm
net89,209.03µm
net617,209.03µm
net2743,209.03µm
net134,208.98µm
net1746,208.98µm
net1749,208.98µm
net2635,208.93µm
net1972,208.88µm
net908,208.57µm
net2662,208.52µm
net2672,208.52µm
net1554,208.47µm
net3532,208.47µm
net672,208.42µm
net737,208.42µm
net1703,208.42µm
net3303,208.42µm
net1843,208.37µm
net503,207.96µm
net1750,207.96µm
net2742,207.96µm
net542,207.91µm
net1160,207.91µm
net362,207.86µm
net1859,207.86µm
net527,207.81µm
net3270,207.81µm
clknet_8_109__leaf_clk_IN,207.7µm
net3286,207.55µm
net2321,207.4µm
net2485,207.35µm
net2701,207.3µm
net3122,207.3µm
net1915,207.25µm
net2646,207.25µm
clknet_8_34__leaf_clk_IN,207.19µm
net3077,206.99µm
net3296,206.99µm
clknet_4_1__leaf_sclk_IN,206.99µm
net898,206.94µm
clknet_8_4__leaf_clk_IN,206.94µm
net530,206.89µm
net1747,206.89µm
u_core.u_master.u_slave.u_core.B4\[34\],206.74µm
net13,206.64µm
net212,206.64µm
net262,206.64µm
net875,206.64µm
net1123,206.64µm
net880,206.38µm
net746,206.33µm
net879,206.33µm
net3523,206.33µm
net700,206.23µm
net724,206.23µm
net1309,206.23µm
net2290,206.23µm
u_core.u_master.u_slave.u_core.S0\[45\],206.18µm
net116,206.18µm
net451,206.18µm
net676,206.18µm
net787,206.13µm
net1210,206.08µm
net3167,205.87µm
clknet_8_11__leaf_clk_IN,205.87µm
clknet_8_121__leaf_clk_IN,205.87µm
net893,205.82µm
net3469,205.82µm
net720,205.67µm
net431,205.62µm
net553,205.62µm
net845,205.62µm
net1097,205.62µm
net2661,205.62µm
net121,205.57µm
net4060,205.57µm
net643,205.52µm
net1978,205.52µm
net3474,205.44µm
net1847,205.26µm
net545,205.21µm
net969,205.21µm
net532,205.16µm
net566,205.16µm
net1622,205.16µm
net1832,205.16µm
net568,205.11µm
net876,205.06µm
net45,205.01µm
net1919,205.01µm
net3411,204.75µm
_04738_,204.65µm
_06654_,204.6µm
net401,204.6µm
net3126,204.6µm
net2040,204.55µm
net3402,204.55µm
net1541,204.5µm
net2216,204.45µm
net2642,204.45µm
net770,204.4µm
net2195,204.4µm
net2865,204.4µm
net2938,204.4µm
net1034,204.29µm
u_core.u_master.u_slave.u_core.B4\[26\],204.14µm
net3472,204.09µm
net210,203.99µm
net1849,203.94µm
net2377,203.94µm
net764,203.89µm
net1603,203.89µm
net1906,203.89µm
net801,203.84µm
net1029,203.53µm
net1033,203.53µm
net1777,203.53µm
net3443,203.43µm
_03307_,203.38µm
net138,203.38µm
net1254,203.38µm
net550,203.28µm
net2278,203.28µm
clknet_8_41__leaf_clk_IN,203.17µm
net3065,202.92µm
net784,202.87µm
net3439,202.87µm
net1706,202.82µm
net1912,202.82µm
net2174,202.82µm
net3181,202.77µm
net3518,202.77µm
clknet_8_212__leaf_clk_IN,202.66µm
net288,202.41µm
net528,202.36µm
net2665,202.36µm
net2738,202.36µm
u_core.u_master.u_slave.u_core.S0\[22\],202.31µm
u_core.u_master.u_slave.u_core.S0\[43\],202.31µm
net19,202.26µm
net2601,202.26µm
net2734,202.26µm
net708,202.21µm
net1041,202.21µm
net3459,202.05µm
clknet_8_149__leaf_clk_IN,201.95µm
net1027,201.85µm
net1141,201.8µm
net1800,201.8µm
net2659,201.8µm
net2704,201.8µm
net3232,201.8µm
net730,201.75µm
net1872,201.75µm
_05175_,201.7µm
net1061,201.7µm
net1336,201.65µm
clknet_8_73__leaf_clk_IN,201.62µm
net1087,201.6µm
net382,201.47µm
net3299,201.39µm
clknet_8_108__leaf_clk_IN,201.34µm
net2689,201.24µm
net3475,201.24µm
net3372,201.19µm
net1056,201.14µm
net1126,201.14µm
net1852,201.14µm
net2382,201.09µm
clknet_8_10__leaf_clk_IN,200.98µm
net682,200.78µm
net1984,200.73µm
net673,200.68µm
net794,200.68µm
net1538,200.68µm
net970,200.63µm
net3098,200.63µm
net3108,200.63µm
net195,200.58µm
net1042,200.58µm
net1063,200.58µm
net1376,200.58µm
net1510,200.58µm
net1542,200.58µm
net2169,200.58µm
net2751,200.53µm
net2850,200.53µm
net3207,200.53µm
clknet_8_63__leaf_clk_IN,200.27µm
clknet_8_140__leaf_clk_IN,200.17µm
net1809,200.12µm
net3225,200.12µm
net3257,200.12µm
net363,200.07µm
net1186,200.07µm
net1941,200.07µm
net2732,200.07µm
net654,200.02µm
net1062,200.02µm
net1563,200.02µm
net1577,200.02µm
net1969,200.02µm
net2201,200.02µm
net2839,200.02µm
net601,199.97µm
net1301,199.97µm
net1948,199.97µm
net3533,199.92µm
net3399,199.61µm
_04795_,199.56µm
u_core.u_master.u_slave.u_core.B4\[48\],199.56µm
net268,199.56µm
net767,199.56µm
net1804,199.56µm
net82,199.51µm
net913,199.51µm
net3114,199.51µm
net3293,199.51µm
net677,199.46µm
net789,199.46µm
net218,199.41µm
net948,199.41µm
net1610,199.41µm
net1632,199.41µm
net1831,199.41µm
net1838,199.41µm
net1932,199.41µm
net2476,199.41µm
net2844,199.41µm
net3460,199.1µm
net439,199.05µm
net1715,199.05µm
net1762,199.05µm
net1138,199µm
net592,198.95µm
net1930,198.95µm
net90,198.9µm
net244,198.9µm
net1676,198.9µm
net1764,198.9µm
net2254,198.9µm
net2265,198.9µm
net2464,198.9µm
net23,198.85µm
net589,198.85µm
net1841,198.85µm
net639,198.8µm
net1104,198.8µm
net1954,198.8µm
net2510,198.8µm
clknet_8_141__leaf_clk_IN,198.74µm
net360,198.54µm
clknet_8_60__leaf_clk_IN,198.54µm
net902,198.44µm
net1642,198.44µm
net1702,198.44µm
net822,198.39µm
net3365,198.39µm
net479,198.34µm
net861,198.34µm
net1164,198.34µm
net1350,198.34µm
net1600,198.34µm
net392,198.29µm
net606,198.29µm
net1592,198.29µm
net1059,198.24µm
net1885,198.24µm
net2611,198.24µm
net1025,198.16µm
net738,198.13µm
net3391,198.08µm
net1036,197.88µm
net1473,197.88µm
net3435,197.88µm
net2308,197.83µm
net3109,197.83µm
net99,197.78µm
net238,197.78µm
net388,197.78µm
net864,197.78µm
net2424,197.78µm
net3123,197.78µm
net96,197.68µm
net111,197.68µm
net2798,197.68µm
clknet_8_177__leaf_clk_IN,197.47µm
clknet_8_246__leaf_clk_IN,197.47µm
net1767,197.42µm
_04568_,197.32µm
u_core.u_master.u_slave.u_core.B4\[25\],197.22µm
net839,197.22µm
net241,197.17µm
net1360,197.17µm
net2438,197.17µm
net2466,197.17µm
net433,197.12µm
net1080,197.12µm
net2488,197.12µm
net78,196.76µm
net178,196.76µm
net1508,196.71µm
net1911,196.71µm
net2791,196.71µm
_06296_,196.66µm
net1116,196.66µm
net1675,196.66µm
u_core.u_master.u_slave.u_core.B4\[47\],196.61µm
net1137,196.61µm
net1259,196.61µm
net1596,196.61µm
net1844,196.61µm
net777,196.56µm
net2627,196.56µm
net2930,196.56µm
net1701,196.45µm
net452,196.4µm
net3464,196.3µm
net1687,196.2µm
net2739,196.2µm
net613,196.15µm
net701,196.15µm
net765,196.15µm
net2794,196.15µm
net442,196.1µm
net705,196.1µm
net1326,196.1µm
net3289,196.1µm
net805,196.05µm
net939,196.05µm
net1112,196.05µm
net1494,196.05µm
net1571,196.05µm
net1634,196.05µm
net1718,196.05µm
net2874,196.05µm
net3342,195.89µm
net2670,195.74µm
net2020,195.64µm
net703,195.59µm
net2003,195.59µm
net2417,195.59µm
net30,195.54µm
net168,195.54µm
net2038,195.54µm
net2915,195.54µm
net3252,195.54µm
net277,195.49µm
net1157,195.49µm
net1501,195.49µm
net2313,195.49µm
net2640,195.49µm
net1058,195.44µm
net1913,195.44µm
net2190,195.44µm
net410,195.26µm
clknet_8_236__leaf_clk_IN,195.23µm
net1661,195.13µm
net556,195.08µm
net1792,195.08µm
u_core.u_master.u_slave.u_core.B2\[43\],195.03µm
net1294,195.03µm
net2445,195.03µm
net47,194.98µm
net573,194.98µm
net719,194.98µm
net1066,194.98µm
_05930_,194.93µm
net357,194.93µm
net649,194.93µm
net758,194.93µm
net1527,194.93µm
net1822,194.93µm
net158,194.88µm
net505,194.88µm
net1167,194.88µm
net3234,194.88µm
net886,194.57µm
net2925,194.52µm
clknet_8_104__leaf_clk_IN,194.52µm
net2709,194.47µm
net3510,194.47µm
_07299_,194.42µm
net587,194.42µm
net1723,194.42µm
net2160,194.42µm
net2652,194.42µm
net3301,194.42µm
net2598,194.37µm
net3116,194.32µm
net33,194.09µm
net932,194.06µm
net3182,194.01µm
net763,193.96µm
net869,193.96µm
net2544,193.96µm
net821,193.91µm
net1349,193.91µm
net3001,193.91µm
net954,193.86µm
net1113,193.86µm
net1302,193.86µm
net1512,193.86µm
net1611,193.86µm
net2448,193.86µm
net53,193.81µm
net1067,193.81µm
net1992,193.81µm
net2433,193.81µm
net650,193.76µm
net3291,193.76µm
net3486,193.6µm
net1869,193.5µm
net3292,193.5µm
net1635,193.45µm
net1958,193.4µm
net2351,193.4µm
net727,193.35µm
net919,193.35µm
net368,193.3µm
net395,193.3µm
net432,193.3µm
net447,193.3µm
net846,193.3µm
net2878,193.3µm
u_core.u_master.u_slave.u_core.B2\[50\],193.25µm
net225,193.25µm
net240,193.25µm
net345,193.25µm
net716,193.25µm
net781,193.25µm
net946,193.25µm
net1943,193.25µm
net2360,193.25µm
net2374,193.25µm
net2671,193.25µm
net2881,193.25µm
net1077,193.2µm
net2829,193.2µm
clknet_8_123__leaf_clk_IN,192.99µm
net686,192.89µm
net757,192.89µm
net3179,192.89µm
net798,192.84µm
net1623,192.84µm
_03303_,192.79µm
net52,192.79µm
net1656,192.79µm
net2010,192.79µm
net2541,192.79µm
net2923,192.79µm
_06633_,192.74µm
_06690_,192.74µm
u_core.u_master.u_slave.u_core.B4\[24\],192.74µm
net389,192.74µm
net608,192.74µm
_05953_,192.69µm
net56,192.69µm
net100,192.69µm
net365,192.69µm
net2245,192.69µm
net2421,192.69µm
net2807,192.69µm
net411,192.64µm
net689,192.64µm
net1547,192.41µm
net1880,192.28µm
net197,192.18µm
net267,192.18µm
net889,192.18µm
net1878,192.18µm
net578,192.13µm
net603,192.13µm
net630,192.13µm
net1929,192.13µm
net2451,192.13µm
net251,192.08µm
net871,192.08µm
net1624,192.08µm
net1979,192.08µm
net2311,192.08µm
clknet_8_185__leaf_clk_IN,191.87µm
net1980,191.85µm
clknet_8_222__leaf_clk_IN,191.82µm
net481,191.77µm
net1696,191.77µm
clknet_8_211__leaf_clk_IN,191.77µm
u_core.u_master.u_slave.u_core.S4\[7\],191.72µm
net62,191.72µm
net511,191.72µm
net394,191.67µm
net776,191.67µm
net2822,191.67µm
_04808_,191.62µm
u_core.u_master.u_slave.u_core.B2\[63\],191.62µm
net873,191.62µm
net962,191.62µm
net3514,191.62µm
u_core.u_master.u_slave.u_core.S1\[35\],191.57µm
net20,191.57µm
net85,191.57µm
net128,191.57µm
net1549,191.57µm
net1556,191.57µm
net2530,191.57µm
net2784,191.57µm
net3188,191.57µm
net1557,191.52µm
net1899,191.52µm
net2249,191.52µm
u_core.u_master.u_slave.u_core.S0\[35\],191.21µm
net1823,191.21µm
net2043,191.21µm
net2988,191.17µm
u_core.u_master.u_slave.u_core.B2\[38\],191.16µm
net1874,191.16µm
net3414,191.16µm
net229,191.11µm
net1670,191.11µm
net1904,191.11µm
net2931,191.11µm
net3261,191.11µm
u_core.u_master.u_slave.u_core.ci\[1\],191.06µm
net602,191.06µm
net376,191.01µm
net743,191.01µm
net2175,191.01µm
net2200,191.01µm
net2236,191.01µm
net252,190.96µm
net2554,190.96µm
net2786,190.83µm
clknet_8_145__leaf_clk_IN,190.7µm
net824,190.6µm
net1785,190.6µm
net2561,190.6µm
net2831,190.6µm
net228,190.55µm
net1686,190.55µm
net2001,190.55µm
net14,190.5µm
net1065,190.5µm
net2397,190.5µm
u_core.u_master.u_slave.u_core.B2\[7\],190.45µm
u_core.u_master.u_slave.u_core.B4\[2\],190.45µm
net59,190.45µm
net465,190.45µm
net1886,190.45µm
net2436,190.45µm
net1096,190.4µm
net1971,190.4µm
net2078,190.4µm
net2528,190.4µm
net3229,190.4µm
net2597,190.09µm
net1820,190.04µm
net429,189.99µm
net711,189.99µm
net1491,189.99µm
net2002,189.99µm
net1478,189.94µm
net1594,189.94µm
net2356,189.94µm
net2391,189.94µm
net93,189.89µm
net804,189.89µm
net829,189.89µm
net1487,189.89µm
net2017,189.89µm
net2260,189.89µm
net2684,189.89µm
net3180,189.89µm
net836,189.84µm
net2589,189.84µm
net2913,189.84µm
net1013,189.58µm
net539,189.53µm
clknet_8_180__leaf_clk_IN,189.53µm
net1651,189.48µm
net1854,189.48µm
net3418,189.48µm
net1521,189.43µm
net2227,189.43µm
net3504,189.43µm
net1641,189.38µm
net2019,189.38µm
net2176,189.38µm
net2644,189.38µm
net2993,189.38µm
_04842_,189.33µm
net215,189.33µm
net529,189.33µm
net1124,189.33µm
net1908,189.33µm
net2303,189.33µm
net2573,189.33µm
net102,189.28µm
net266,189.28µm
net1057,189.28µm
net1311,189.28µm
net2812,189.28µm
net2989,189.28µm
net3166,189.28µm
net740,189.07µm
clknet_8_65__leaf_clk_IN,188.97µm
_06880_,188.92µm
net2384,188.92µm
net1482,188.87µm
net1606,188.87µm
net1728,188.87µm
net1828,188.87µm
net2472,188.87µm
net3201,188.87µm
net809,188.82µm
net818,188.82µm
net1383,188.82µm
net1615,188.82µm
net1693,188.82µm
net1970,188.82µm
net2276,188.82µm
_05588_,188.77µm
_06740_,188.77µm
net34,188.77µm
net472,188.77µm
net570,188.77µm
net853,188.77µm
net1559,188.77µm
net2208,188.77µm
net2958,188.77µm
net3174,188.77µm
net483,188.72µm
net652,188.72µm
net1444,188.72µm
net1960,188.72µm
clknet_8_134__leaf_clk_IN,188.46µm
net2813,188.41µm
net2852,188.41µm
clknet_8_162__leaf_clk_IN,188.41µm
net1850,188.36µm
net3290,188.36µm
net349,188.31µm
net383,188.31µm
net820,188.31µm
net1967,188.31µm
net2605,188.31µm
net2663,188.31µm
net488,188.26µm
net1560,188.26µm
net1861,188.26µm
net1987,188.26µm
net2186,188.26µm
net2418,188.26µm
net2484,188.26µm
net2821,188.26µm
net26,188.21µm
net1256,188.21µm
net1520,188.21µm
net1867,188.21µm
net2312,188.21µm
net2633,188.21µm
net2947,188.21µm
net3152,188.21µm
net3235,188.21µm
net6,188.16µm
net208,188.16µm
clknet_8_139__leaf_clk_IN,187.95µm
net547,187.8µm
net1663,187.8µm
net1734,187.75µm
net254,187.7µm
net635,187.7µm
net1060,187.7µm
net1298,187.7µm
net1507,187.7µm
net2730,187.7µm
net83,187.65µm
net647,187.65µm
net937,187.65µm
net1910,187.65µm
net2373,187.65µm
net3268,187.65µm
net3298,187.65µm
net921,187.6µm
net1393,187.6µm
clknet_8_99__leaf_clk_IN,187.44µm
net3429,187.29µm
clknet_8_132__leaf_clk_IN,187.29µm
_05637_,187.24µm
net2740,187.24µm
net437,187.19µm
net1824,187.19µm
net2317,187.19µm
net2539,187.19µm
net2817,187.19µm
net3456,187.19µm
net257,187.14µm
net1380,187.14µm
net1981,187.14µm
net2226,187.14µm
net2855,187.14µm
_06125_,187.09µm
net808,187.09µm
net1118,187.09µm
net2305,187.09µm
net685,187.04µm
net1283,187.04µm
net2576,187.04µm
net3088,187.04µm
net3249,187.04µm
net766,186.81µm
net1752,186.81µm
net1136,186.77µm
net1018,186.73µm
clknet_8_45__leaf_clk_IN,186.68µm
net457,186.63µm
net941,186.63µm
net1918,186.63µm
net2246,186.63µm
net2559,186.63µm
net174,186.58µm
net274,186.58µm
net536,186.58µm
net590,186.58µm
net2007,186.58µm
net2282,186.58µm
net3236,186.58µm
_06311_,186.53µm
net15,186.53µm
net155,186.53µm
net460,186.53µm
net516,186.53µm
net1134,186.53µm
net1296,186.53µm
net1528,186.53µm
net1721,186.53µm
net3199,186.53µm
net3262,186.53µm
net1856,186.48µm
net2868,186.48µm
net2900,186.48µm
net2910,186.48µm
_05142_,186.25µm
clknet_8_209__leaf_clk_IN,186.22µm
net171,186.12µm
net544,186.07µm
net1291,186.07µm
net1583,186.07µm
net515,186.02µm
net560,186.02µm
net1101,186.02µm
net1307,186.02µm
net1713,186.02µm
net1819,186.02µm
net2005,186.02µm
net2921,186.02µm
net1121,185.97µm
net1481,185.97µm
net1865,185.97µm
net2204,185.97µm
net2572,185.97µm
net2905,185.97µm
net2941,185.97µm
net3265,185.97µm
net112,185.92µm
net1037,185.92µm
net1144,185.92µm
net1153,185.92µm
net2163,185.92µm
net2631,185.92µm
net2654,185.92µm
net3018,185.92µm
net3386,185.76µm
net211,185.65µm
net1177,185.56µm
net1337,185.56µm
net1513,185.56µm
net1570,185.56µm
net1857,185.56µm
net634,185.51µm
net1103,185.51µm
net1666,185.51µm
net1873,185.51µm
net1925,185.51µm
net2697,185.51µm
u_core.u_master.u_slave.u_core.B2\[0\],185.46µm
net41,185.46µm
net69,185.46µm
net98,185.46µm
net633,185.46µm
net884,185.46µm
net2183,185.46µm
net3529,185.46µm
net57,185.41µm
net648,185.41µm
net2067,185.41µm
net2151,185.41µm
net2419,185.41µm
net2594,185.41µm
net2982,185.41µm
net3505,185.41µm
_05718_,185.36µm
net2212,185.36µm
net2274,185.36µm
net2288,185.36µm
net2966,185.36µm
clknet_8_113__leaf_clk_IN,185.28µm
net3369,185.2µm
net3146,185.06µm
net835,185.05µm
net874,185.05µm
net1028,185.05µm
net2475,185.05µm
net833,185µm
net1023,185µm
net3124,184.97µm
net729,184.95µm
net1793,184.95µm
net2705,184.95µm
net2834,184.95µm
net2858,184.95µm
net3227,184.95µm
net2198,184.9µm
net2712,184.9µm
_04962_,184.85µm
u_core.u_master.u_slave.u_core.S0\[63\],184.85µm
net347,184.85µm
net356,184.85µm
net665,184.85µm
net916,184.85µm
net1032,184.85µm
net1169,184.85µm
net1882,184.85µm
net2012,184.85µm
net378,184.8µm
net533,184.8µm
net657,184.8µm
net1228,184.8µm
net2629,184.8µm
net2857,184.8µm
net2975,184.8µm
net3043,184.8µm
net375,184.67µm
net1288,184.67µm
clknet_8_216__leaf_clk_IN,184.54µm
net517,184.49µm
net1827,184.49µm
net3478,184.49µm
net1072,184.44µm
u_core.u_master.u_slave.u_core.B2\[9\],184.39µm
net1765,184.39µm
_04350_,184.34µm
net756,184.34µm
net906,184.34µm
net955,184.34µm
net1580,184.34µm
net1921,184.34µm
net2139,184.34µm
net2161,184.34µm
net2430,184.34µm
net2942,184.34µm
net3143,184.34µm
net3219,184.34µm
u_core.u_master.u_slave.u_core.B4\[50\],184.29µm
net856,184.29µm
net1110,184.29µm
net1842,184.29µm
net2242,184.29µm
net2428,184.29µm
net2499,184.29µm
net2614,184.29µm
net2889,184.29µm
net3057,184.29µm
net3516,184.29µm
net135,184.24µm
net522,184.24µm
net1712,184.24µm
net1864,184.24µm
net2170,184.24µm
net2203,184.21µm
clknet_8_114__leaf_clk_IN,183.98µm
net1837,183.93µm
net206,183.83µm
net1755,183.83µm
net2039,183.83µm
net2927,183.83µm
net239,183.78µm
net637,183.78µm
net780,183.78µm
net1140,183.78µm
net1553,183.78µm
net1952,183.78µm
net2381,183.78µm
clknet_8_198__leaf_clk_IN,183.78µm
_05004_,183.73µm
net249,183.73µm
net1108,183.73µm
net1488,183.73µm
net1671,183.73µm
net2917,183.73µm
net3158,183.73µm
u_core.u_master.u_slave.u_core.B2\[28\],183.68µm
net579,183.68µm
net1171,183.68µm
net1342,183.68µm
net2679,183.5µm
clknet_8_35__leaf_clk_IN,183.47µm
_06757_,183.44µm
net2929,183.42µm
clknet_8_215__leaf_clk_IN,183.37µm
net1304,183.32µm
net2818,183.32µm
net3194,183.32µm
clknet_8_61__leaf_clk_IN,183.32µm
net1807,183.27µm
net2032,183.27µm
net2407,183.27µm
net2489,183.27µm
net2703,183.27µm
net2789,183.27µm
_04911_,183.22µm
net800,183.22µm
net1458,183.22µm
net1496,183.22µm
net2787,183.22µm
net3104,183.22µm
net534,183.18µm
net454,183.17µm
net629,183.17µm
net1460,183.17µm
net1472,183.17µm
net1479,183.17µm
net1658,183.17µm
net2035,183.17µm
net2527,183.17µm
net2604,183.17µm
net2948,183.17µm
_06104_,183.12µm
net104,183.12µm
net828,183.12µm
net1262,183.12µm
net1299,183.12µm
net2098,183.12µm
net2491,183.12µm
net2525,183.12µm
net2131,183.05µm
_04621_,182.81µm
net1522,182.81µm
net3239,182.81µm
net58,182.76µm
_04777_,182.71µm
net426,182.71µm
net680,182.71µm
net2225,182.71µm
net2414,182.71µm
net2986,182.71µm
_04856_,182.66µm
net278,182.66µm
net381,182.66µm
net554,182.66µm
net1328,182.66µm
net2884,182.66µm
net3209,182.66µm
net3509,182.66µm
net2365,182.65µm
_06250_,182.61µm
net799,182.61µm
net823,182.61µm
net1026,182.61µm
net1115,182.61µm
net1951,182.61µm
net2310,182.61µm
net2441,182.61µm
net2746,182.61µm
net2580,182.56µm
net2883,182.56µm
net2970,182.56µm
_04700_,182.43µm
net2239,182.2µm
net2810,182.2µm
net1290,182.15µm
net3177,182.15µm
net1371,182.1µm
clknet_8_128__leaf_clk_IN,182.07µm
net562,182.05µm
net827,182.05µm
net1148,182.05µm
net2026,182.05µm
net317,182µm
net663,182µm
net1100,182µm
net1107,182µm
net2272,182µm
net2502,182µm
net2583,182µm
net2934,182µm
net3134,182µm
net3521,182µm
clknet_8_57__leaf_clk_IN,181.74µm
net445,181.64µm
_06517_,181.54µm
u_core.cmd_ready,181.54µm
net181,181.54µm
net384,181.54µm
net632,181.54µm
net728,181.54µm
net2497,181.54µm
_05916_,181.49µm
net122,181.49µm
net180,181.49µm
net927,181.49µm
net1099,181.49µm
net1178,181.49µm
net1358,181.49µm
net2081,181.49µm
net2362,181.49µm
net2519,181.49µm
net2545,181.49µm
net2911,181.49µm
net3216,181.49µm
net3519,181.49µm
_05859_,181.44µm
_07243_,181.44µm
net490,181.44µm
net1250,181.44µm
net2825,181.44µm
net3317,181.38µm
net236,181.08µm
net1620,181.08µm
net2932,181.08µm
clknet_8_59__leaf_clk_IN,181.08µm
net844,181.03µm
net1492,181.03µm
net2955,181.03µm
net3308,181.03µm
_05936_,180.98µm
_06048_,180.98µm
net260,180.98µm
net569,180.98µm
net953,180.98µm
net1111,180.98µm
net2048,180.98µm
net2796,180.98µm
_06447_,180.93µm
net124,180.93µm
net302,180.93µm
net722,180.93µm
net802,180.93µm
net3157,180.93µm
_06681_,180.88µm
net166,180.88µm
net220,180.88µm
net1185,180.88µm
net1378,180.88µm
net2449,180.88µm
net2459,180.88µm
_07228_,180.84µm
net2894,180.65µm
clknet_8_219__leaf_clk_IN,180.52µm
net3118,180.48µm
net866,180.47µm
net1465,180.47µm
net1470,180.47µm
net3255,180.47µm
u_core.u_master.u_slave.u_core.B4\[43\],180.42µm
net276,180.42µm
net688,180.42µm
net1216,180.42µm
net1982,180.42µm
net2187,180.42µm
net2515,180.42µm
net2946,180.42µm
net3507,180.38µm
_04775_,180.37µm
u_core.u_master.u_slave.wdata_q\[23\],180.37µm
net36,180.37µm
net476,180.37µm
net1073,180.37µm
net1816,180.37µm
net2617,180.37µm
net2698,180.37µm
net2745,180.37µm
_06221_,180.32µm
net203,180.32µm
net644,180.32µm
net1081,180.32µm
net1161,180.32µm
net1566,180.32µm
net2127,180.32µm
net2565,180.32µm
net2980,180.32µm
net998,180.19µm
clknet_8_14__leaf_clk_IN,180.01µm
u_core.u_master.u_slave.u_core.B2\[31\],179.96µm
net819,179.96µm
net1526,179.96µm
net1568,179.96µm
net2409,179.96µm
net2886,179.96µm
_06532_,179.91µm
net495,179.91µm
net1766,179.91µm
net2180,179.91µm
net2482,179.91µm
net2719,179.91µm
net3149,179.91µm
clknet_8_168__leaf_clk_IN,179.91µm
_04778_,179.86µm
_06453_,179.86µm
net1199,179.86µm
net2336,179.86µm
net2682,179.86µm
_04981_,179.81µm
net76,179.81µm
net97,179.81µm
net1130,179.81µm
net1617,179.81µm
net2219,179.81µm
net2334,179.81µm
net2592,179.78µm
net2399,179.76µm
_07197_,179.74µm
net3383,179.55µm
u_core.u_master.u_slave.u_core.S0\[27\],179.5µm
u_core.u_master.u_slave.key2\[7\],179.45µm
net2157,179.45µm
_04796_,179.4µm
net983,179.4µm
net3450,179.4µm
net372,179.35µm
net471,179.35µm
net723,179.35µm
net2615,179.35µm
u_core.u_master.u_slave.key1\[31\],179.3µm
u_core.u_master.u_slave.u_core.B4\[38\],179.3µm
net1306,179.3µm
net1920,179.3µm
net95,179.25µm
net489,179.25µm
net1088,179.25µm
net1135,179.25µm
net3112,179.25µm
_07195_,179.2µm
net226,179.2µm
net242,179.2µm
net935,179.2µm
net1265,179.2µm
net1362,179.2µm
net2824,179.2µm
u_core.u_master.u_slave.u_core.S0\[44\],178.94µm
clknet_8_39__leaf_clk_IN,178.89µm
net717,178.84µm
net1268,178.79µm
net1648,178.79µm
net1694,178.79µm
net2480,178.79µm
net2737,178.79µm
net2952,178.79µm
net3053,178.79µm
net3205,178.79µm
net2553,178.76µm
_07334_,178.74µm
net147,178.74µm
net860,178.74µm
net1147,178.74µm
net2229,178.74µm
net2575,178.74µm
net2595,178.74µm
net3028,178.69µm
net661,178.64µm
net923,178.64µm
net2364,178.64µm
net518,178.48µm
clknet_8_56__leaf_clk_IN,178.38µm
clknet_8_210__leaf_clk_IN,178.38µm
_05000_,178.36µm
net3190,178.33µm
net450,178.28µm
net43,178.23µm
net507,178.23µm
net1003,178.23µm
net2046,178.23µm
net2408,178.23µm
net2764,178.23µm
_06481_,178.18µm
_07366_,178.18µm
net63,178.18µm
net440,178.18µm
net555,178.18µm
net2845,178.18µm
net3050,178.18µm
_04689_,178.13µm
net81,178.13µm
net480,178.13µm
net1052,178.13µm
net2422,178.13µm
net2667,178.13µm
net2735,178.13µm
net3315,178.13µm
_05747_,178.08µm
_05896_,178.08µm
_07274_,178.08µm
net117,178.08µm
net298,178.08µm
net596,178.08µm
net1095,178.08µm
net2494,178.08µm
net2512,178.08µm
net2692,178.08µm
net2843,178.08µm
net3032,178.08µm
net3206,178.08µm
net1947,177.9µm
clknet_8_106__leaf_clk_IN,177.87µm
net1220,177.83µm
net3241,177.82µm
net355,177.72µm
net1091,177.72µm
net1385,177.67µm
net1475,177.67µm
net1955,177.67µm
net2752,177.67µm
net3014,177.67µm
_06642_,177.62µm
net1289,177.62µm
net1862,177.62µm
net2568,177.62µm
net2610,177.62µm
net2664,177.62µm
net2897,177.62µm
net3462,177.62µm
_05902_,177.57µm
net129,177.57µm
net1365,177.57µm
net1609,177.57µm
net2049,177.57µm
net2088,177.57µm
net2620,177.57µm
net2775,177.57µm
net2902,177.57µm
net3233,177.57µm
_03161_,177.52µm
_07190_,177.52µm
net48,177.52µm
net66,177.52µm
net223,177.52µm
net1327,177.52µm
net1926,177.52µm
net2838,177.52µm
net3040,177.52µm
net1964,177.46µm
clknet_8_22__leaf_clk_IN,177.26µm
net581,177.16µm
net924,177.16µm
net750,177.11µm
net783,177.11µm
net2612,177.11µm
_05129_,177.06µm
u_core.u_master.u_slave.u_core.B4\[40\],177.06µm
net403,177.06µm
net1646,177.06µm
_03054_,177.01µm
_08269_,177.01µm
net217,177.01µm
net221,177.01µm
net595,177.01µm
net1679,177.01µm
net2025,177.01µm
net2205,177.01µm
net2263,177.01µm
net2548,177.01µm
_07222_,176.96µm
net1156,176.96µm
net2778,176.96µm
net2939,176.96µm
net3141,176.96µm
net3160,176.96µm
net669,176.55µm
net679,176.55µm
net1020,176.55µm
net1707,176.55µm
_07199_,176.5µm
net551,176.5µm
net870,176.5µm
net1129,176.5µm
net2442,176.5µm
net2607,176.5µm
_04816_,176.45µm
net255,176.45µm
net1159,176.45µm
net2031,176.45µm
net2100,176.45µm
net2731,176.45µm
net2885,176.45µm
net3093,176.45µm
net312,176.4µm
net1432,176.4µm
net1985,176.4µm
net2329,176.4µm
clknet_8_188__leaf_clk_IN,176.24µm
net1223,176.08µm
net929,175.99µm
_05966_,175.94µm
net125,175.94µm
net1105,175.94µm
net2540,175.94µm
net826,175.89µm
net830,175.89µm
net2504,175.89µm
_05792_,175.84µm
net1078,175.84µm
net1422,175.84µm
net1440,175.84µm
net1495,175.84µm
net2371,175.84µm
net2841,175.84µm
net3099,175.84µm
net3106,175.84µm
net788,175.79µm
u_core.u_master.u_slave.u_core.S1\[1\],175.58µm
net3079,175.53µm
net2800,175.43µm
net2854,175.43µm
net768,175.38µm
net854,175.38µm
net1045,175.38µm
net1192,175.38µm
net1572,175.38µm
net1643,175.38µm
net1727,175.38µm
net2111,175.38µm
net2134,175.38µm
net3083,175.38µm
net3162,175.38µm
_06409_,175.33µm
net79,175.33µm
net101,175.33µm
net107,175.33µm
net233,175.33µm
net2185,175.33µm
net2221,175.33µm
net3217,175.33µm
net3220,175.33µm
_04807_,175.28µm
net580,175.28µm
net615,175.28µm
net1249,175.28µm
net1454,175.28µm
net2602,175.28µm
net3005,175.28µm
_04908_,174.97µm
clknet_8_165__leaf_clk_IN,174.97µm
_05657_,174.92µm
net3283,174.92µm
clknet_8_194__leaf_clk_IN,174.92µm
u_core.u_master.u_slave.u_core.B2\[58\],174.87µm
u_core.u_master.u_slave.u_core.B4\[1\],174.87µm
net976,174.87µm
net2403,174.87µm
net662,174.82µm
net1561,174.82µm
net2292,174.82µm
net2647,174.82µm
net3198,174.82µm
net1321,174.77µm
net1467,174.77µm
net1805,174.77µm
net1963,174.77µm
net3211,174.77µm
_06547_,174.72µm
net308,174.72µm
net492,174.72µm
net774,174.72µm
net1272,174.72µm
net1551,174.72µm
net2092,174.72µm
net2471,174.72µm
net2511,174.72µm
net2532,174.72µm
net2655,174.72µm
net2876,174.72µm
net1591,174.64µm
net468,174.51µm
clknet_8_235__leaf_clk_IN,174.46µm
clknet_8_9__leaf_clk_IN,174.41µm
clknet_8_130__leaf_clk_IN,174.41µm
net1983,174.31µm
net2969,174.31µm
clknet_8_1__leaf_clk_IN,174.31µm
_06482_,174.26µm
net1267,174.26µm
net1907,174.26µm
net2285,174.26µm
net2462,174.26µm
net2686,174.26µm
net326,174.21µm
net872,174.21µm
net1205,174.21µm
net1401,174.21µm
net1724,174.21µm
net1897,174.21µm
_06657_,174.16µm
_06890_,174.16µm
_07255_,174.16µm
net619,174.16µm
net1498,174.16µm
net1933,174.16µm
net2521,174.16µm
clknet_8_228__leaf_clk_IN,173.9µm
clknet_8_115__leaf_clk_IN,173.8µm
net458,173.75µm
_06335_,173.7µm
_06507_,173.7µm
u_core.u_master.u_slave.u_core.S4\[35\],173.7µm
net292,173.7µm
net1990,173.7µm
net55,173.65µm
net1017,173.65µm
net1363,173.65µm
net1517,173.65µm
net1902,173.65µm
net2165,173.65µm
net2619,173.65µm
net674,173.6µm
net1386,173.6µm
net1523,173.6µm
net1937,173.6µm
clknet_8_53__leaf_clk_IN,173.44µm
net1691,173.29µm
net441,173.24µm
net2269,173.24µm
net2342,173.24µm
net2903,173.24µm
_07323_,173.14µm
net425,173.14µm
net491,173.14µm
net653,173.14µm
net1085,173.14µm
net2648,173.14µm
net373,173.09µm
net514,173.09µm
net588,173.09µm
net641,173.09µm
net1281,173.09µm
net1654,173.09µm
net2181,173.09µm
net2299,173.09µm
net2302,173.09µm
net2516,173.09µm
net3076,173.09µm
net3263,173.09µm
net272,173.04µm
net1450,173.04µm
net2122,173.04µm
net2268,173.04µm
net2518,173.04µm
net3092,173.04µm
net3175,173.04µm
net3525,172.88µm
clknet_8_147__leaf_clk_IN,172.88µm
net422,172.63µm
net1579,172.63µm
net2166,172.63µm
_05771_,172.58µm
u_core.u_master.u_slave.u_core.S0\[39\],172.58µm
net504,172.58µm
net797,172.58µm
net1125,172.58µm
net1369,172.58µm
net2439,172.58µm
net3027,172.58µm
net3051,172.58µm
net175,172.53µm
net322,172.53µm
net493,172.53µm
net1166,172.53µm
net1956,172.53µm
net2105,172.53µm
net2529,172.53µm
net2908,172.53µm
net2937,172.53µm
net3138,172.53µm
net284,172.48µm
net949,172.48µm
net2470,172.48µm
net2985,172.48µm
net3153,172.48µm
net3164,172.28µm
clknet_8_196__leaf_clk_IN,172.22µm
net374,172.12µm
net1533,172.12µm
net1894,172.12µm
net678,172.07µm
net1201,172.07µm
net2124,172.07µm
clknet_8_38__leaf_clk_IN,172.07µm
net306,172.02µm
net671,172.02µm
net2000,172.02µm
net2014,172.02µm
net2244,172.02µm
net2406,172.02µm
net3129,172.02µm
_03153_,171.97µm
net153,171.97µm
net1391,171.97µm
net2962,171.97µm
u_core.u_master.u_slave.u_core.B2\[4\],171.92µm
net133,171.92µm
net294,171.92µm
net1490,171.92µm
net2443,171.92µm
net1409,171.81µm
_05601_,171.69µm
net1266,171.61µm
net1652,171.51µm
net1736,171.51µm
net2141,171.51µm
u_core.u_master.u_slave.key1\[2\],171.46µm
u_core.u_master.u_slave.u_core.B4\[56\],171.46µm
u_core.u_master.u_slave.wdata_q\[5\],171.46µm
net194,171.46µm
net628,171.46µm
net1934,171.46µm
net2567,171.46µm
net3894,171.46µm
u_core.u_master.u_slave.wdata_q\[14\],171.41µm
net27,171.41µm
net1079,171.41µm
net1183,171.41µm
net1480,171.41µm
net2173,171.41µm
net330,171.36µm
net1428,171.36µm
net2300,171.36µm
net2423,171.36µm
net2456,171.36µm
net2808,171.36µm
net2869,171.36µm
net3111,171.36µm
net3130,171.36µm
clknet_8_221__leaf_clk_IN,171.15µm
net1539,171µm
net1232,170.95µm
net1390,170.95µm
net3295,170.95µm
clknet_8_119__leaf_clk_IN,170.95µm
net22,170.9µm
net2083,170.9µm
net2920,170.9µm
net3247,170.9µm
_03181_,170.85µm
net408,170.85µm
net945,170.85µm
net1241,170.85µm
net1469,170.85µm
net1683,170.85µm
net1887,170.85µm
net2152,170.85µm
net2358,170.85µm
net2907,170.85µm
net3012,170.85µm
net3045,170.85µm
_05619_,170.8µm
net510,170.8µm
net591,170.8µm
net3105,170.8µm
clknet_8_105__leaf_clk_IN,170.59µm
clknet_8_207__leaf_clk_IN,170.49µm
net3218,170.44µm
_05790_,170.39µm
u_core.u_master.u_slave.u_core.B2\[54\],170.39µm
net387,170.39µm
net540,170.39µm
net1489,170.39µm
clknet_8_71__leaf_clk_IN,170.39µm
net524,170.34µm
_06769_,170.29µm
_07263_,170.29µm
net8,170.29µm
net154,170.29µm
net775,170.29µm
net878,170.29µm
net2651,170.29µm
net2944,170.29µm
net3230,170.29µm
net843,170.24µm
net2030,170.24µm
clknet_8_25__leaf_clk_IN,170.13µm
clknet_8_120__leaf_clk_IN,170.13µm
net3524,169.93µm
net2974,169.88µm
clknet_8_31__leaf_clk_IN,169.88µm
_06119_,169.83µm
net2137,169.83µm
net54,169.78µm
net487,169.78µm
net1098,169.78µm
net1227,169.78µm
net1667,169.78µm
net1711,169.78µm
net1953,169.78µm
_06032_,169.73µm
_06359_,169.73µm
u_core.u_master.u_slave.wdata_q\[27\],169.73µm
net646,169.73µm
net1870,169.73µm
net2283,169.73µm
net2949,169.73µm
net2957,169.73µm
net5906,169.73µm
_05888_,169.68µm
net1356,169.68µm
net2119,169.68µm
net2301,169.68µm
net2378,169.68µm
net2461,169.68µm
net3087,169.38µm
net3010,169.37µm
net712,169.32µm
net2710,169.32µm
_07349_,169.27µm
u_core.u_master.u_slave.u_core.B4\[35\],169.27µm
net1780,169.27µm
net1905,169.27µm
net1945,169.27µm
net2338,169.27µm
net3335,169.27µm
_04564_,169.22µm
_04803_,169.22µm
_05894_,169.22µm
net1343,169.22µm
net1710,169.22µm
net1719,169.22µm
net1891,169.22µm
net2076,169.22µm
net2473,169.22µm
net3284,169.22µm
_03165_,169.17µm
_07286_,169.17µm
net214,169.17µm
net446,169.17µm
net1142,169.17µm
net1180,169.17µm
net1787,169.17µm
net2760,169.17µm
net3135,169.17µm
_05764_,169.12µm
net70,169.12µm
net1146,169.12µm
net1287,169.12µm
net1860,169.12µm
net2564,169.12µm
net2621,169.12µm
net2960,169.12µm
net2972,169.12µm
net3127,169.12µm
net3264,169.12µm
clknet_8_6__leaf_clk_IN,168.91µm
net3310,168.81µm
clknet_8_151__leaf_clk_IN,168.81µm
clknet_8_187__leaf_clk_IN,168.81µm
_04944_,168.71µm
net1998,168.71µm
net2716,168.71µm
_04623_,168.66µm
u_core.u_master.u_slave.u_core.B2\[12\],168.66µm
net248,168.66µm
net406,168.66µm
net611,168.66µm
net1293,168.66µm
net2638,168.66µm
net2979,168.66µm
_04168_,168.61µm
_06844_,168.61µm
net1196,168.61µm
net1486,168.61µm
_07977_,168.56µm
net16,168.56µm
net114,168.56µm
net123,168.56µm
net538,168.56µm
net582,168.56µm
net1738,168.56µm
net2115,168.56µm
net2218,168.56µm
net2536,168.56µm
net3094,168.56µm
net3221,168.56µm
net428,168.2µm
net139,168.15µm
net3008,168.15µm
net3222,168.15µm
net369,168.1µm
net1399,168.1µm
net1519,168.1µm
net2453,168.1µm
net50,168.05µm
net1315,168.05µm
net1695,168.05µm
net2279,168.05µm
net2353,168.05µm
net2623,168.05µm
net3069,168.05µm
net3121,168.05µm
net72,168µm
net162,168µm
net1317,168µm
net1530,168µm
net2058,168µm
net2267,168µm
clknet_8_224__leaf_clk_IN,167.89µm
net1946,167.87µm
_06347_,167.59µm
net2004,167.59µm
net2062,167.59µm
_04789_,167.54µm
u_core.u_master.u_slave.u_core.S0\[32\],167.54µm
net61,167.54µm
net597,167.54µm
net684,167.54µm
net2586,167.54µm
net144,167.49µm
net656,167.49µm
net940,167.49µm
net1070,167.49µm
net1270,167.49µm
net2022,167.49µm
net2454,167.49µm
net3038,167.49µm
net3159,167.49µm
_03331_,167.44µm
_05564_,167.44µm
_06012_,167.44µm
net379,167.44µm
net1244,167.41µm
net698,167.03µm
net792,167.03µm
net1950,167.03µm
_04107_,166.98µm
u_core.u_master.u_slave.u_core.S1\[62\],166.98µm
net577,166.98µm
net718,166.98µm
net810,166.98µm
net1086,166.98µm
net1218,166.98µm
net1833,166.98µm
net2736,166.98µm
_05677_,166.93µm
net1322,166.93µm
net1565,166.93µm
net3002,166.93µm
_05615_,166.88µm
net413,166.88µm
net549,166.88µm
net1313,166.88µm
net1340,166.88µm
net2235,166.88µm
net2650,166.88µm
net2862,166.88µm
net2909,166.88µm
net2064,166.7µm
net2724,166.52µm
net1373,166.47µm
net1685,166.47µm
net2054,166.47µm
net3477,166.47µm
clknet_8_227__leaf_clk_IN,166.47µm
_06492_,166.42µm
u_core.u_master.u_slave.u_core.S0\[33\],166.42µm
net651,166.42µm
net925,166.42µm
_06788_,166.37µm
u_core.u_master.u_slave.u_core.S0\[3\],166.37µm
net585,166.37µm
net1127,166.37µm
net1509,166.37µm
net142,166.32µm
net1252,166.32µm
net1681,166.32µm
net2777,166.32µm
net3147,166.32µm
net2668,166.11µm
_03088_,166.06µm
net1821,166.01µm
net732,165.96µm
net2103,165.96µm
_05137_,165.91µm
_07337_,165.91µm
net176,165.91µm
net695,165.91µm
_06317_,165.86µm
_06483_,165.86µm
net199,165.86µm
net1544,165.86µm
net1630,165.86µm
net2309,165.86µm
net3128,165.86µm
_06739_,165.81µm
u_core.u_master.u_slave.u_core.B4\[9\],165.81µm
net607,165.81µm
net1277,165.81µm
net1403,165.81µm
net1581,165.81µm
net2582,165.81µm
clknet_8_96__leaf_clk_IN,165.81µm
_06148_,165.76µm
net325,165.76µm
net329,165.76µm
net1222,165.76µm
net1354,165.76µm
net1355,165.76µm
net2718,165.76µm
net3389,165.6µm
clknet_8_19__leaf_clk_IN,165.5µm
clknet_8_52__leaf_clk_IN,165.45µm
net1208,165.4µm
clknet_8_97__leaf_clk_IN,165.4µm
net449,165.35µm
net1209,165.35µm
net1997,165.35µm
u_core.u_master.u_slave.u_core.S0\[47\],165.3µm
net565,165.3µm
net710,165.3µm
net1986,165.3µm
net3150,165.3µm
net390,165.25µm
net1502,165.25µm
_04502_,165.2µm
_05782_,165.2µm
_06746_,165.2µm
net189,165.2µm
net1264,165.2µm
net1518,165.2µm
net2359,165.2µm
net2996,165.2µm
net2369,164.94µm
u_core.u_master.u_slave.u_core.S0\[57\],164.89µm
net586,164.84µm
net2238,164.84µm
_06639_,164.79µm
net928,164.79µm
net161,164.74µm
net315,164.74µm
net1966,164.74µm
net42,164.69µm
net265,164.69µm
net610,164.69µm
net2683,164.69µm
net3169,164.69µm
_07264_,164.64µm
net1653,164.64µm
net1678,164.64µm
net1927,164.64µm
net2178,164.64µm
net2257,164.64µm
net2856,164.64µm
net3483,164.43µm
net3495,164.33µm
net575,164.23µm
net748,164.23µm
net795,164.23µm
net840,164.23µm
net1890,164.18µm
_05639_,164.13µm
_06027_,164.13µm
_08064_,164.13µm
net920,164.13µm
net1274,164.13µm
net2116,164.08µm
net2690,164.08µm
net2783,164.08µm
net2999,164.08µm
net3052,164.08µm
net1300,163.96µm
net552,163.77µm
net2702,163.72µm
_05157_,163.67µm
net1333,163.67µm
net1537,163.67µm
clknet_8_135__leaf_clk_IN,163.67µm
net3185,163.66µm
_05058_,163.62µm
net12,163.62µm
net1352,163.62µm
net2546,163.62µm
net3055,163.62µm
_07207_,163.57µm
net1119,163.57µm
net1419,163.57µm
net3025,163.57µm
net247,163.52µm
net271,163.52µm
net2846,163.52µm
clknet_8_117__leaf_clk_IN,163.46µm
net731,163.16µm
_07203_,163.11µm
u_core.u_master.u_slave.u_core.B2\[35\],163.11µm
net967,163.11µm
net1802,163.11µm
net2816,163.11µm
_05988_,163.06µm
net583,163.06µm
net1206,163.06µm
net1714,163.06µm
net2673,163.06µm
net2867,163.06µm
_03310_,163.01µm
_05016_,163.01µm
net1461,163.01µm
u_core.miso_sr\[16\],162.96µm
net192,162.96µm
net332,162.96µm
net1388,162.96µm
net1901,162.96µm
net2252,162.96µm
net2965,162.96µm
net4688,162.96µm
net3144,162.7µm
_06474_,162.55µm
net258,162.55µm
net405,162.55µm
net1811,162.55µm
net3013,162.55µm
net3503,162.55µm
_04195_,162.5µm
_06185_,162.5µm
_07996_,162.5µm
net771,162.5µm
net3530,162.5µm
net127,162.45µm
net1279,162.45µm
net2984,162.45µm
net3259,162.45µm
net1314,162.4µm
net1408,162.4µm
net1464,162.4µm
net1545,162.4µm
net1621,162.4µm
net2552,162.4µm
net1810,162.37µm
clknet_8_18__leaf_clk_IN,162.09µm
clknet_4_7__leaf_sclk_IN,162.09µm
net2918,161.99µm
u_core.u_master.u_slave.u_core.S0\[46\],161.94µm
net213,161.94µm
net343,161.94µm
net448,161.94µm
net563,161.94µm
net791,161.94µm
net841,161.94µm
net934,161.94µm
net1500,161.94µm
net1853,161.94µm
net1888,161.94µm
net2233,161.94µm
net2637,161.94µm
_03147_,161.89µm
u_core.u_master.u_slave.u_core.B2\[29\],161.89µm
net65,161.89µm
net299,161.89µm
net618,161.89µm
net1892,161.89µm
net1989,161.89µm
_06724_,161.84µm
net51,161.84µm
net2156,161.84µm
net2887,161.84µm
net3309,161.84µm
net3520,161.84µm
clknet_8_87__leaf_clk_IN,161.68µm
net2109,161.48µm
net3490,161.43µm
net421,161.38µm
net786,161.38µm
net1375,161.38µm
net1381,161.38µm
_03820_,161.33µm
_06155_,161.33µm
_06636_,161.33µm
_07252_,161.33µm
net264,161.33µm
_05799_,161.28µm
net690,161.28µm
net1075,161.28µm
net1382,161.28µm
net3444,161.02µm
clknet_8_112__leaf_clk_IN,160.97µm
net2467,160.9µm
net1840,160.87µm
_05994_,160.82µm
_06750_,160.82µm
_06895_,160.82µm
u_core.u_master.u_slave.u_core.S0\[5\],160.82µm
net21,160.82µm
net2400,160.82µm
net2815,160.82µm
net3384,160.82µm
_05040_,160.77µm
u_core.u_master.u_slave.u_core.B4\[32\],160.77µm
net469,160.77µm
net733,160.77µm
net782,160.77µm
net1255,160.77µm
net1815,160.77µm
net2258,160.77µm
_06226_,160.72µm
net296,160.72µm
net1389,160.72µm
net2132,160.72µm
net2386,160.72µm
net3048,160.72µm
clknet_8_163__leaf_clk_IN,160.46µm
net541,160.36µm
net759,160.36µm
_06795_,160.31µm
net358,160.26µm
net1240,160.26µm
net1295,160.26µm
_06191_,160.21µm
u_core.u_master.u_slave.u_core.B4\[61\],160.21µm
u_core.u_master.u_slave.wdata_q\[0\],160.21µm
u_core.u_master.u_slave.wdata_q\[28\],160.21µm
net348,160.21µm
net498,160.21µm
net658,160.21µm
net1151,160.21µm
net2055,160.21µm
net2074,160.21µm
net2159,160.21µm
net2757,160.21µm
net2769,160.21µm
net754,160.16µm
net2410,160.16µm
net2666,160.16µm
net2928,160.16µm
net3214,160.16µm
net2522,160.14µm
net2628,160.02µm
u_core.u_master.u_slave.u_core.S0\[42\],159.9µm
u_core.u_master.u_slave.u_core.S0\[38\],159.8µm
net1942,159.75µm
net7074,159.75µm
net87,159.7µm
net2945,159.7µm
_04915_,159.65µm
net319,159.65µm
net645,159.65µm
net1345,159.65µm
net1374,159.65µm
net3003,159.65µm
clknet_8_232__leaf_clk_IN,159.62µm
_06323_,159.6µm
_06505_,159.6µm
_06568_,159.6µm
net2138,159.6µm
net2587,159.6µm
net2828,159.6µm
net3427,159.49µm
clknet_8_118__leaf_clk_IN,159.29µm
net807,159.24µm
_06089_,159.19µm
net584,159.19µm
u_core.u_master.u_slave.u_core.B4\[36\],159.14µm
net1334,159.14µm
net2270,159.14µm
_05824_,159.09µm
_08058_,159.09µm
u_core.u_master.u_slave.u_core.B2\[49\],159.09µm
_05707_,159.04µm
_07301_,159.04µm
net1090,159.04µm
net1285,159.04µm
net1310,159.04µm
net1348,159.04µm
net2271,159.04µm
net2574,159.04µm
net2992,159.04µm
u_core.rst_n_spi,158.83µm
clknet_8_79__leaf_clk_IN,158.78µm
net772,158.68µm
_06529_,158.63µm
_04375_,158.58µm
_07304_,158.58µm
u_core.u_master.u_slave.u_core.B4\[52\],158.58µm
net1324,158.58µm
net1601,158.58µm
_05742_,158.53µm
_07208_,158.53µm
_07258_,158.53µm
_07259_,158.53µm
_07273_,158.53µm
_07275_,158.53µm
u_core.u_master.u_slave.u_core.B4\[12\],158.53µm
u_core.u_master.u_slave.u_core.B4\[20\],158.53µm
net430,158.53µm
net699,158.53µm
net1939,158.53µm
_04820_,158.48µm
_05804_,158.48µm
net1092,158.48µm
net1612,158.48µm
net1616,158.48µm
net2591,158.48µm
net2687,158.48µm
net2723,158.48µm
net2863,158.48µm
u_core.u_master.u_slave.u_core.S0\[13\],158.07µm
u_core.u_master.u_slave.u_core.S0\[36\],158.07µm
_04705_,158.02µm
_04868_,158.02µm
net256,158.02µm
net543,158.02µm
net1139,158.02µm
net1243,158.02µm
_06423_,157.97µm
_06838_,157.97µm
_07233_,157.97µm
net947,157.97µm
net2550,157.97µm
net2632,157.97µm
net2879,157.97µm
_06143_,157.92µm
net1705,157.92µm
net2072,157.92µm
clknet_8_48__leaf_clk_IN,157.71µm
net1740,157.56µm
net3387,157.56µm
clknet_8_69__leaf_clk_IN,157.51µm
_04855_,157.46µm
_06064_,157.46µm
net1791,157.46µm
net2211,157.46µm
_04618_,157.41µm
_05087_,157.41µm
_07305_,157.41µm
net10,157.41µm
net1332,157.41µm
net3187,157.41µm
net3203,157.41µm
net259,157.36µm
net3165,157.36µm
clknet_8_110__leaf_clk_IN,157.1µm
u_core.u_master.u_slave.key1\[3\],157µm
clknet_8_92__leaf_clk_IN,157µm
net974,156.95µm
net2547,156.95µm
net2658,156.95µm
net3395,156.95µm
clknet_8_143__leaf_clk_IN,156.95µm
u_core.u_master.u_slave.u_core.B2\[3\],156.9µm
net250,156.9µm
net1589,156.9µm
net3178,156.9µm
_03527_,156.85µm
u_core.u_master.u_slave.wdata_q\[21\],156.85µm
net1949,156.85µm
net2768,156.85µm
net3256,156.85µm
_06913_,156.8µm
_06958_,156.8µm
net44,156.8µm
net1720,156.8µm
net2253,156.8µm
net2861,156.8µm
clknet_8_13__leaf_clk_IN,156.54µm
clknet_8_51__leaf_clk_IN,156.54µm
clknet_8_75__leaf_clk_IN,156.49µm
_04522_,156.34µm
net668,156.34µm
net1525,156.34µm
net1558,156.34µm
net2842,156.34µm
net2892,156.34µm
_04910_,156.29µm
_05647_,156.29µm
u_core.u_master.u_slave.u_core.B4\[44\],156.29µm
net1133,156.29µm
net1370,156.29µm
net1415,156.29µm
net1430,156.29µm
net1516,156.29µm
net2805,156.29µm
net25,156.24µm
net1152,156.24µm
net1195,156.24µm
clknet_8_245__leaf_clk_IN,156.13µm
clknet_8_15__leaf_clk_IN,156.08µm
clknet_8_133__leaf_clk_IN,156.08µm
net811,155.88µm
net1931,155.88µm
clknet_8_12__leaf_clk_IN,155.88µm
clknet_8_23__leaf_clk_IN,155.88µm
net973,155.83µm
net506,155.78µm
net523,155.78µm
net1598,155.78µm
net2322,155.78µm
net2507,155.78µm
net3531,155.78µm
_05009_,155.73µm
_05670_,155.73µm
_05797_,155.73µm
net152,155.73µm
net1071,155.73µm
net1434,155.73µm
net1575,155.73µm
_04871_,155.68µm
_06006_,155.68µm
net773,155.68µm
net1329,155.68µm
net1443,155.68µm
net1457,155.68µm
net2348,155.68µm
net2959,155.68µm
net3189,155.68µm
net2509,155.65µm
clknet_8_244__leaf_clk_IN,155.32µm
_06416_,155.27µm
net462,155.27µm
net1848,155.27µm
net191,155.22µm
net2790,155.22µm
net3036,155.22µm
_07278_,155.17µm
net2066,155.17µm
net2158,155.17µm
net2526,155.17µm
net3063,155.17µm
_05754_,155.12µm
net1212,155.12µm
net2793,155.12µm
net3031,155.12µm
net470,154.76µm
net2097,154.76µm
net735,154.71µm
net1704,154.71µm
net1524,154.66µm
net1645,154.66µm
net126,154.61µm
net169,154.56µm
net301,154.56µm
net400,154.56µm
net2558,154.56µm
clknet_8_195__leaf_clk_IN,154.4µm
net1312,154.2µm
net3103,154.2µm
net3422,154.2µm
_06533_,154.15µm
u_core.u_master.u_slave.wdata_q\[1\],154.15µm
net361,154.15µm
net825,154.15µm
net849,154.15µm
net1477,154.15µm
_04802_,154.1µm
net706,154.1µm
_03152_,154.05µm
_05547_,154.05µm
_06730_,154.05µm
_08116_,154.05µm
net156,154.05µm
net270,154.05µm
net1879,154.05µm
net2496,154.05µm
_04365_,154µm
net640,154µm
net1543,154µm
net3049,154µm
net3075,154µm
net2694,153.67µm
u_core.u_master.u_slave.u_core.S1\[14\],153.64µm
clknet_8_77__leaf_clk_IN,153.64µm
_06196_,153.59µm
net1569,153.59µm
net3102,153.59µm
u_core.u_master.u_slave.u_core.B2\[13\],153.54µm
net752,153.54µm
net1896,153.54µm
net3097,153.54µm
_06329_,153.49µm
_06432_,153.49µm
net77,153.49µm
net655,153.49µm
net1573,153.49µm
net2222,153.49µm
net2402,153.49µm
_07250_,153.44µm
net131,153.44µm
net2872,153.44µm
net3183,153.44µm
clknet_8_67__leaf_clk_IN,153.28µm
u_core.u_master.u_slave.u_core.S0\[0\],153.08µm
_02781_,153.03µm
net2830,153.03µm
_08301_,152.98µm
net2090,152.98µm
_05578_,152.93µm
net1158,152.93µm
net1395,152.93µm
u_core.u_master.u_slave.wdata_q\[24\],152.88µm
net626,152.88µm
net852,152.88µm
net2306,152.88µm
net2656,152.88µm
u_core.u_master.u_slave.u_core.S1\[33\],152.52µm
net883,152.47µm
net3276,152.47µm
_06931_,152.42µm
net1903,152.42µm
net2570,152.42µm
_06471_,152.37µm
_08283_,152.37µm
u_core.u_master.u_slave.wdata_q\[6\],152.37µm
net2951,152.37µm
_05805_,152.32µm
net29,152.32µm
net132,152.32µm
net1347,152.32µm
net1936,152.32µm
net2819,152.32µm
net2882,152.32µm
net5435,152.32µm
clknet_8_55__leaf_clk_IN,152.11µm
clknet_8_190__leaf_clk_IN,152.01µm
_06519_,151.96µm
net1751,151.96µm
net3068,151.96µm
net2721,151.91µm
clknet_8_16__leaf_clk_IN,151.91µm
_05840_,151.86µm
net1351,151.86µm
net1353,151.86µm
net1593,151.86µm
_04833_,151.81µm
_06197_,151.81µm
net1503,151.81µm
net1826,151.81µm
net3237,151.81µm
net715,151.76µm
net1835,151.76µm
net2053,151.76µm
net2895,151.76µm
u_core.u_master.u_slave.u_core.S1\[2\],151.6µm
net3446,151.5µm
clknet_8_101__leaf_clk_IN,151.5µm
clknet_4_6__leaf_sclk_IN,151.45µm
net3281,151.4µm
clknet_8_44__leaf_clk_IN,151.4µm
net1040,151.35µm
net1366,151.35µm
net2389,151.35µm
_05789_,151.3µm
net399,151.3µm
net1413,151.3µm
net2214,151.3µm
net2535,151.3µm
_06244_,151.25µm
net350,151.25µm
net1082,151.25µm
net1605,151.25µm
_05813_,151.2µm
u_core.u_master.u_slave.core_done,151.2µm
net1248,151.2µm
net1535,151.2µm
net623,150.92µm
clknet_8_111__leaf_clk_IN,150.84µm
_04175_,150.74µm
_05603_,150.74µm
u_core.u_master.u_slave.u_core.B4\[22\],150.74µm
clknet_4_8__leaf_sclk_IN,150.74µm
u_core.u_master.u_slave.key3\[3\],150.69µm
net118,150.69µm
net1468,150.69µm
net2468,150.69µm
net1757,150.64µm
net2327,150.64µm
net2426,150.64µm
net2645,150.64µm
net3125,150.64µm
clknet_8_146__leaf_clk_IN,150.43µm
u_core.u_master.u_slave.u_core.B4\[41\],150.33µm
net1876,150.23µm
net2827,150.23µm
_04284_,150.18µm
net179,150.18µm
net813,150.18µm
net1977,150.18µm
net753,150.13µm
net1438,150.13µm
net2113,150.13µm
net2762,150.13µm
net2802,150.13µm
net3231,150.13µm
_06206_,150.08µm
_07313_,150.08µm
net351,150.08µm
net2823,150.08µm
_07321_,149.84µm
_07348_,149.69µm
u_core.u_master.u_slave.u_core.S0\[28\],149.67µm
_04780_,149.62µm
net971,149.62µm
_04517_,149.57µm
_06287_,149.57µm
_07720_,149.57µm
u_core.u_master.u_slave.u_core.B0\[11\],149.57µm
net963,149.57µm
net1132,149.57µm
net1806,149.57µm
net1940,149.57µm
net3022,149.57µm
_05946_,149.52µm
u_core.u_master.u_slave.u_core.S4\[39\],149.11µm
net2490,149.11µm
net3007,149.11µm
_06583_,149.01µm
net3269,149.01µm
_05628_,148.96µm
_07226_,148.96µm
_07291_,148.96µm
net850,148.96µm
net1276,148.96µm
net1338,148.96µm
net2657,148.96µm
net3089,148.96µm
net3142,148.96µm
net3358,148.65µm
clknet_8_208__leaf_clk_IN,148.65µm
net230,148.5µm
net2112,148.5µm
net3272,148.5µm
net3408,148.5µm
net346,148.45µm
_05683_,148.4µm
_08042_,148.4µm
net1179,148.4µm
net1433,148.4µm
net2089,148.4µm
net2394,148.4µm
net3016,148.4µm
net1231,148.22µm
clknet_8_148__leaf_clk_IN,148.14µm
clknet_8_50__leaf_clk_IN,148.09µm
_07246_,147.99µm
net224,147.99µm
net1619,147.99µm
net2101,147.99µm
net2316,147.99µm
_05575_,147.94µm
net1384,147.94µm
net2696,147.94µm
_04286_,147.89µm
_04769_,147.89µm
_05602_,147.89µm
_05990_,147.89µm
_06727_,147.89µm
net747,147.89µm
net1120,147.89µm
net1242,147.89µm
net2328,147.89µm
net2366,147.89µm
net2478,147.89µm
net2871,147.89µm
_06590_,147.84µm
net418,147.84µm
net697,147.84µm
net2295,147.84µm
net3139,147.84µm
clknet_8_189__leaf_clk_IN,147.63µm
net3380,147.53µm
clknet_8_144__leaf_clk_IN,147.53µm
clknet_8_164__leaf_clk_IN,147.53µm
u_core.u_master.u_slave.u_core.ci\[0\],147.48µm
net243,147.43µm
net2722,147.43µm
_05577_,147.38µm
_06903_,147.38µm
net2298,147.38µm
_06082_,147.33µm
_07346_,147.33µm
net1305,147.33µm
net1768,147.33µm
net1798,147.33µm
net2241,147.33µm
_06142_,147.28µm
_07194_,147.28µm
net1485,147.28µm
net1962,147.28µm
net3072,147.28µm
_06731_,147.22µm
net3362,147.12µm
net1644,146.97µm
clknet_8_217__leaf_clk_IN,146.92µm
net2294,146.87µm
net3009,146.87µm
net1261,146.82µm
_04997_,146.77µm
u_core.u_master.u_slave.wdata_q\[13\],146.77µm
net304,146.77µm
net725,146.77µm
_03811_,146.72µm
_06166_,146.72µm
_07279_,146.72µm
net336,146.72µm
net478,146.72µm
net779,146.72µm
net857,146.72µm
net1640,146.72µm
net2543,146.36µm
net2148,146.31µm
_05727_,146.26µm
_07322_,146.26µm
net814,146.26µm
net952,146.26µm
_04518_,146.21µm
_05649_,146.21µm
_05775_,146.21µm
_06976_,146.21µm
_07198_,146.21µm
_07235_,146.21µm
net1117,146.21µm
net1884,146.21µm
net2045,146.21µm
net2500,146.21µm
_05726_,146.16µm
_06131_,146.16µm
_06875_,146.16µm
net297,146.16µm
net622,146.16µm
clknet_8_36__leaf_clk_IN,145.85µm
_04578_,145.75µm
_06052_,145.75µm
net3047,145.75µm
net709,145.7µm
_07251_,145.65µm
net604,145.65µm
_04932_,145.6µm
_06353_,145.6µm
net926,145.6µm
net2289,145.6µm
net5900,145.6µm
clknet_8_5__leaf_clk_IN,145.44µm
net3405,145.39µm
net2281,145.29µm
clknet_4_10__leaf_sclk_IN,145.29µm
net3385,145.24µm
net867,145.19µm
net1048,145.19µm
_05862_,145.14µm
_06083_,145.14µm
net216,145.14µm
_04918_,145.09µm
_05610_,145.09µm
u_core.u_master.u_slave.u_core.B2\[48\],145.09µm
u_core.u_master.u_slave.wdata_q\[17\],145.09µm
net1396,145.09µm
net2571,145.09µm
net3004,145.09µm
net3526,145.09µm
net769,145.04µm
net847,145.04µm
net1238,145.04µm
net1392,145.04µm
net2916,145.04µm
clknet_8_8__leaf_clk_IN,144.88µm
_05832_,144.85µm
clknet_8_30__leaf_clk_IN,144.83µm
net616,144.63µm
net2888,144.63µm
_05605_,144.58µm
u_core.u_master.u_slave.u_core.B2\[33\],144.58µm
net2110,144.58µm
_08259_,144.53µm
net434,144.53µm
net3421,144.53µm
_07242_,144.48µm
clknet_8_220__leaf_clk_IN,144.12µm
u_core.u_master.u_slave.u_core.B2\[57\],144.02µm
net1801,144.02µm
_05691_,143.97µm
net4878,143.97µm
net936,143.92µm
net2084,143.92µm
net2804,143.92µm
clknet_8_238__leaf_clk_IN,143.61µm
_05569_,143.56µm
clknet_8_137__leaf_clk_IN,143.56µm
u_core.u_master.u_slave.u_core.S0\[61\],143.51µm
net2247,143.51µm
clknet_4_9__leaf_sclk_IN,143.51µm
u_core.u_master.u_slave.u_core.S0\[37\],143.46µm
net398,143.46µm
_06456_,143.41µm
_07269_,143.41µm
_07293_,143.41µm
u_core.u_master.u_slave.u_core.B4\[16\],143.41µm
net1009,143.41µm
net1597,143.41µm
net67,143.36µm
net557,143.36µm
net1590,143.36µm
net2904,143.36µm
net739,143.05µm
net3453,143.05µm
clknet_8_28__leaf_clk_IN,143.05µm
clknet_8_138__leaf_clk_IN,143µm
u_core.u_master.u_slave.u_core.B2\[20\],142.95µm
_06341_,142.9µm
_08046_,142.9µm
u_core.u_master.u_slave.u_core.B4\[59\],142.9µm
net113,142.9µm
net359,142.9µm
net245,142.85µm
net2577,142.85µm
_06967_,142.8µm
u_core.u_master.u_slave.wdata_q\[12\],142.8µm
net1204,142.8µm
net2755,142.8µm
clknet_8_107__leaf_clk_IN,142.49µm
_04426_,142.44µm
net1213,142.39µm
net2102,142.39µm
net2036,142.34µm
net2899,142.34µm
_05881_,142.29µm
_07271_,142.29µm
u_core.u_master.u_slave.key3\[6\],142.29µm
net253,142.29µm
net526,142.29µm
net576,142.29µm
net1114,142.29µm
net2126,142.29µm
net2493,142.29µm
net2767,142.29µm
net2832,142.29µm
_05164_,142.24µm
_05853_,142.24µm
net2343,142.24µm
clknet_8_26__leaf_clk_IN,141.98µm
clknet_8_86__leaf_clk_IN,141.98µm
u_core.u_master.u_slave.u_core.S1\[44\],141.83µm
_06611_,141.78µm
u_core.u_master.u_slave.key1\[23\],141.78µm
net942,141.78µm
net3196,141.78µm
_05658_,141.73µm
_06215_,141.73µm
_06548_,141.73µm
_07229_,141.73µm
_08244_,141.73µm
_08254_,141.73µm
net164,141.73µm
net1357,141.73µm
net1994,141.73µm
net2390,141.73µm
net3037,141.73µm
_06751_,141.68µm
_08142_,141.68µm
net1585,141.68µm
net1928,141.68µm
net2345,141.68µm
net2799,141.68µm
clknet_8_89__leaf_clk_IN,141.37µm
clknet_8_226__leaf_clk_IN,141.32µm
_06588_,141.27µm
_06756_,141.27µm
_07212_,141.27µm
clknet_8_58__leaf_clk_IN,141.27µm
net3061,141.22µm
clknet_4_11__leaf_sclk_IN,141.22µm
_04963_,141.17µm
_06644_,141.17µm
_06691_,141.17µm
u_core.u_master.u_slave.wdata_q\[18\],141.17µm
_07236_,141.12µm
net324,141.12µm
net1168,141.12µm
net1420,141.12µm
clknet_8_102__leaf_clk_IN,140.76µm
_05845_,140.71µm
u_core.u_master.u_slave.key1\[7\],140.71µm
u_core.u_master.u_slave.u_core.S1\[56\],140.71µm
net2344,140.71µm
_04684_,140.66µm
_05847_,140.66µm
u_core.u_master.u_slave.wdata_q\[11\],140.66µm
net598,140.66µm
net2213,140.66µm
net2781,140.66µm
net2991,140.66µm
_07223_,140.61µm
_07315_,140.61µm
u_core.u_master.u_slave.wdata_q\[19\],140.61µm
clknet_8_85__leaf_clk_IN,140.61µm
_04253_,140.56µm
_07216_,140.56µm
net3320,140.56µm
net3454,140.35µm
clknet_8_72__leaf_clk_IN,140.2µm
net2680,140.15µm
_04909_,140.1µm
u_core.u_master.u_slave.u_core.B2\[6\],140.1µm
net1595,140.1µm
net3078,140.1µm
net1423,140.05µm
net1451,140.05µm
net1883,140.05µm
net1991,140.05µm
net7333,140.05µm
_05698_,140µm
_06000_,140µm
_08040_,140µm
net1149,140µm
net1064,139.59µm
u_core.u_master.u_slave.u_core.B4\[18\],139.54µm
net1959,139.54µm
net3120,139.54µm
_05101_,139.49µm
_06398_,139.49µm
u_core.u_master.u_slave.dout_sh\[68\],139.49µm
u_core.u_master.u_slave.wdata_q\[20\],139.49µm
net75,139.49µm
net342,139.49µm
net812,139.49µm
net1446,139.49µm
net1618,139.49µm
net1924,139.49µm
net2143,139.49µm
net2210,139.49µm
net2556,139.49µm
net2636,139.49µm
_05083_,139.44µm
_07316_,139.44µm
net246,139.44µm
net436,139.44µm
net931,139.44µm
net2164,139.44µm
net2797,139.44µm
net3346,139.08µm
net1394,139.03µm
u_core.u_master.u_slave.u_core.B4\[28\],138.98µm
_02775_,138.93µm
_06858_,138.93µm
u_core.u_master.u_slave.u_core.B4\[31\],138.93µm
u_core.u_master.u_slave.wdata_q\[2\],138.93µm
net1421,138.93µm
net3654,138.93µm
net4677,138.93µm
net482,138.88µm
net1638,138.88µm
net2286,138.88µm
net3271,138.88µm
clknet_8_24__leaf_clk_IN,138.72µm
u_core.u_master.u_slave.u_core.S1\[50\],138.57µm
u_core.u_master.u_slave.u_core.B2\[1\],138.52µm
net1709,138.47µm
net2405,138.47µm
_06202_,138.42µm
_08138_,138.42µm
net1582,138.37µm
net2388,138.37µm
net2964,138.37µm
net1935,138.32µm
net2756,138.32µm
net2773,138.32µm
u_core.u_master.u_slave.u_core.S4\[38\],138.11µm
clknet_8_152__leaf_clk_IN,138.11µm
clknet_8_62__leaf_clk_IN,138.06µm
net404,137.96µm
u_core.u_master.u_slave.u_core.B0\[41\],137.91µm
net2121,137.91µm
net1726,137.86µm
_05875_,137.81µm
_06569_,137.81µm
_07205_,137.81µm
u_core.u_master.u_slave.tagr1\[1\],137.81µm
net427,137.81µm
net625,137.81µm
_04843_,137.76µm
_05984_,137.76µm
net567,137.76µm
net1431,137.76µm
net2563,137.76µm
net2691,137.76µm
clknet_8_192__leaf_clk_IN,137.45µm
_07458_,137.35µm
net2613,137.35µm
_04746_,137.3µm
_06715_,137.3µm
clknet_6_41_0_clk_IN,137.3µm
_07296_,137.25µm
net18,137.25µm
net1308,137.25µm
_07308_,137.2µm
net24,137.2µm
net837,137.2µm
net938,137.2µm
net2013,137.2µm
clknet_8_76__leaf_clk_IN,136.99µm
_07292_,136.79µm
net3468,136.79µm
_07256_,136.74µm
net2501,136.74µm
_05355_,136.69µm
_06395_,136.69µm
_06490_,136.69µm
_07211_,136.69µm
net2557,136.69µm
net2585,136.69µm
net2759,136.69µm
net2963,136.69µm
_03243_,136.64µm
_05839_,136.64µm
_08313_,136.64µm
net170,136.64µm
net474,136.64µm
net693,136.64µm
net785,136.64µm
net2056,136.64µm
net2331,136.64µm
net5497,136.64µm
clknet_8_68__leaf_clk_IN,136.33µm
net2531,136.23µm
net2538,136.23µm
_04294_,136.13µm
_05073_,136.13µm
_05645_,136.13µm
_05972_,136.13µm
_06597_,136.13µm
_07330_,136.13µm
net1534,136.13µm
_03189_,136.08µm
_03211_,136.08µm
_06823_,136.08µm
net327,136.08µm
net1163,136.08µm
net1414,136.08µm
net2393,136.08µm
clknet_8_27__leaf_clk_IN,135.92µm
clknet_8_199__leaf_clk_IN,135.87µm
u_core.u_master.u_slave.u_core.S4\[23\],135.72µm
u_core.u_master.u_slave.u_core.B2\[42\],135.67µm
_06424_,135.62µm
_06535_,135.57µm
_06718_,135.57µm
u_core.u_master.u_slave.wdata_q\[15\],135.57µm
net1331,135.57µm
net1439,135.57µm
net2220,135.57µm
_05600_,135.52µm
_05705_,135.52µm
_07362_,135.52µm
net1247,135.52µm
net3512,135.52µm
clknet_6_29_0_clk_IN,135.52µm
_08277_,135.11µm
_05042_,135.06µm
_05665_,135.06µm
_06077_,135.06µm
net564,135.01µm
net1361,135.01µm
clknet_6_8_0_clk_IN,135.01µm
_03168_,134.96µm
_05908_,134.96µm
_06263_,134.96µm
_08368_,134.96µm
net2193,134.96µm
net2517,134.96µm
net3084,134.96µm
net3154,134.96µm
net2154,134.66µm
net1122,134.62µm
net2073,134.55µm
net2811,134.55µm
net3024,134.55µm
_07312_,134.5µm
net105,134.5µm
net435,134.5µm
net1245,134.45µm
net2177,134.45µm
net183,134.4µm
net371,134.4µm
clknet_8_153__leaf_clk_IN,134.09µm
_06007_,133.99µm
_06101_,133.99µm
net165,133.99µm
_04142_,133.94µm
net816,133.94µm
net865,133.94µm
net2251,133.93µm
net37,133.89µm
net40,133.89µm
net2326,133.89µm
net2508,133.89µm
_07982_,133.84µm
net196,133.84µm
net1463,133.84µm
net1825,133.61µm
clknet_8_193__leaf_clk_IN,133.58µm
net3392,133.53µm
clknet_8_29__leaf_clk_IN,133.48µm
_04108_,133.43µm
net3584,133.43µm
_04590_,133.38µm
_08200_,133.38µm
u_core.u_master.u_slave.u_core.S4\[36\],133.38µm
net2912,133.38µm
clknet_6_25_0_clk_IN,133.38µm
_05571_,133.33µm
_05721_,133.33µm
_06885_,133.33µm
_07863_,133.33µm
net1044,133.33µm
net2065,133.33µm
net2130,133.33µm
net2256,133.33µm
clknet_6_48_0_clk_IN,133.33µm
_04806_,133.28µm
_05669_,133.28µm
_05819_,133.28µm
net659,133.28µm
net2368,133.28µm
net2460,133.28µm
net2481,133.28µm
net3508,133.28µm
clknet_8_156__leaf_clk_IN,132.92µm
net2579,132.89µm
_05653_,132.87µm
u_core.u_master.u_slave.u_core.S1\[26\],132.87µm
net1657,132.87µm
_04131_,132.82µm
net367,132.82µm
clknet_6_49_0_clk_IN,132.82µm
_04772_,132.77µm
u_core.u_master.u_slave.wdata_q\[8\],132.77µm
net726,132.77µm
net1054,132.77µm
net2588,132.77µm
net2875,132.77µm
net3368,132.77µm
net5483,132.77µm
_05592_,132.72µm
_06130_,132.72µm
_06251_,132.72µm
u_core.u_master.u_slave.u_core.B3\[54\],132.72µm
net295,132.72µm
net660,132.72µm
net1286,132.72µm
net1453,132.72µm
net1471,132.72µm
net1540,132.72µm
net3100,132.72µm
net3267,132.72µm
net612,132.36µm
u_core.u_master.u_slave.key1\[1\],132.31µm
_05156_,132.26µm
_05585_,132.26µm
net1604,132.26µm
clknet_6_24_0_clk_IN,132.26µm
net92,132.21µm
net1613,132.21µm
_06065_,132.16µm
net417,132.16µm
net627,132.16µm
net2172,132.16µm
clknet_8_0__leaf_clk_IN,131.85µm
clknet_8_218__leaf_clk_IN,131.8µm
net1669,131.75µm
clknet_6_60_0_clk_IN,131.75µm
clknet_8_32__leaf_clk_IN,131.75µm
_04154_,131.7µm
_05732_,131.65µm
_06684_,131.65µm
_06914_,131.65µm
_08289_,131.65µm
u_core.u_master.u_slave.u_core.B2\[44\],131.65µm
net494,131.65µm
net1069,131.6µm
net1407,131.6µm
net1733,131.6µm
_00067_,131.24µm
_03907_,131.14µm
_04562_,131.14µm
_07244_,131.14µm
u_core.u_master.u_slave.key2\[25\],131.14µm
_05106_,131.09µm
_05672_,131.09µm
net1917,131.09µm
net2774,131.09µm
_06673_,131.04µm
net1089,131.04µm
net1239,131.04µm
net2534,131.04µm
net2891,131.04µm
net232,130.76µm
_06095_,130.63µm
_07268_,130.63µm
net594,130.63µm
_06149_,130.58µm
net106,130.58µm
clknet_6_35_0_clk_IN,130.58µm
_03143_,130.53µm
_06655_,130.53µm
net1219,130.53µm
net2155,130.53µm
net2206,130.53µm
net2566,130.53µm
net3034,130.53µm
clknet_6_6_0_clk_IN,130.53µm
net4537,130.53µm
net202,130.48µm
net1258,130.48µm
net2069,130.48µm
net2401,130.48µm
clknet_8_21__leaf_clk_IN,130.27µm
clknet_8_176__leaf_clk_IN,130.07µm
clknet_6_9_0_clk_IN,130.02µm
_06798_,129.97µm
_07309_,129.97µm
net2987,129.97µm
_04130_,129.92µm
_04805_,129.92µm
_06376_,129.92µm
_07307_,129.92µm
net2479,129.92µm
net2849,129.92µm
_04556_,129.56µm
net455,129.51µm
net1817,129.51µm
_05163_,129.46µm
u_core.u_master.u_slave.u_core.S0\[26\],129.46µm
clknet_6_52_0_clk_IN,129.46µm
net2086,129.41µm
_04903_,129.36µm
_05712_,129.36µm
net1449,129.36µm
net2320,129.36µm
net3314,129.36µm
_05704_,129µm
clknet_6_26_0_clk_IN,129µm
clknet_8_7__leaf_clk_IN,129µm
clknet_6_5_0_clk_IN,128.95µm
net2135,128.9µm
net2179,128.9µm
net3056,128.9µm
net177,128.85µm
net2085,128.85µm
net2387,128.85µm
_06431_,128.8µm
net1564,128.8µm
net2346,128.8µm
net2968,128.8µm
u_core.u_master.u_slave.u_core.S0\[1\],128.54µm
_04730_,128.39µm
u_core.u_master.u_slave.u_core.S4\[63\],128.39µm
net1739,128.39µm
clknet_8_197__leaf_clk_IN,128.39µm
_06585_,128.34µm
net2142,128.34µm
_05784_,128.29µm
_05825_,128.29µm
net38,128.29µm
net3081,128.29µm
clknet_6_11_0_clk_IN,128.29µm
clknet_6_31_0_clk_IN,128.29µm
_07283_,128.24µm
_07959_,128.24µm
net1217,128.24µm
net1881,128.24µm
net2971,128.24µm
clknet_8_225__leaf_clk_IN,127.98µm
clknet_8_66__leaf_clk_IN,127.93µm
u_core.u_master.u_slave.u_core.S4\[17\],127.88µm
u_core.u_master.u_slave.u_core.S0\[60\],127.83µm
_06257_,127.78µm
_07894_,127.78µm
u_core.u_master.u_slave.wdata_q\[22\],127.78µm
net46,127.78µm
net1599,127.78µm
net2950,127.78µm
_05834_,127.73µm
net340,127.73µm
net420,127.73µm
net1459,127.68µm
net1834,127.68µm
net2144,127.68µm
net2836,127.68µm
u_core.u_master.u_slave.u_core.S1\[5\],127.32µm
_03322_,127.22µm
net2542,127.22µm
clknet_6_15_0_clk_IN,127.22µm
_03019_,127.17µm
_06002_,127.17µm
_07201_,127.17µm
net1639,127.17µm
clknet_6_33_0_clk_IN,127.17µm
_05511_,127.12µm
net1198,127.12µm
net2057,127.12µm
net2280,127.12µm
net3033,127.12µm
_06408_,126.66µm
net1253,126.66µm
net3319,126.66µm
_05169_,126.61µm
_06662_,126.61µm
_06669_,126.61µm
_07282_,126.61µm
net311,126.61µm
net2977,126.61µm
net3208,126.61µm
net3306,126.61µm
clknet_6_36_0_clk_IN,126.61µm
_03031_,126.56µm
_04488_,126.56µm
_05591_,126.56µm
_05676_,126.56µm
net32,126.56µm
net1476,126.56µm
net2639,126.56µm
net4400,126.56µm
clknet_8_223__leaf_clk_IN,126.3µm
_07191_,126.15µm
_07339_,126.15µm
net1417,126.15µm
clknet_8_100__leaf_clk_IN,126.15µm
clknet_6_0_0_clk_IN,126.1µm
_04781_,126.05µm
net307,126.05µm
net2207,126.05µm
_04779_,126µm
_05860_,126µm
_06438_,126µm
_06500_,126µm
net68,126µm
net734,126µm
u_core.u_master.u_slave.u_core.B2\[21\],125.64µm
u_core.u_master.u_slave.u_core.B2\[37\],125.59µm
net2023,125.59µm
net2465,125.59µm
_04892_,125.54µm
_06275_,125.54µm
_07270_,125.54µm
u_core.u_master.u_slave.u_core.S0\[7\],125.54µm
net461,125.54µm
clknet_6_53_0_clk_IN,125.54µm
_05553_,125.49µm
u_core.u_master.u_slave.u_core.B2\[16\],125.49µm
net1094,125.49µm
net1548,125.49µm
clknet_8_3__leaf_clk_IN,125.08µm
clknet_8_136__leaf_clk_IN,125.08µm
_05846_,125.03µm
u_core.u_master.u_slave.u_core.B4\[7\],125.03µm
net3430,125.03µm
net3467,125.03µm
_04688_,124.98µm
_05763_,124.98µm
u_core.u_master.u_slave.wdata_q\[3\],124.98µm
net1830,124.98µm
clknet_6_30_0_clk_IN,124.98µm
_06019_,124.93µm
net508,124.93µm
net1047,124.93µm
net2981,124.93µm
clknet_6_16_0_clk_IN,124.93µm
_03170_,124.88µm
_07209_,124.88µm
_07289_,124.88µm
net2114,124.88µm
net2896,124.88µm
clknet_6_37_0_clk_IN,124.88µm
u_core.u_master.u_slave.u_core.S1\[25\],124.52µm
_04934_,124.42µm
_06383_,124.42µm
net509,124.42µm
net1552,124.42µm
_04810_,124.37µm
_05947_,124.37µm
net159,124.37µm
clknet_8_203__leaf_clk_IN,124.37µm
_06555_,124.32µm
net1424,124.32µm
net2335,124.32µm
net2355,124.32µm
net2935,124.32µm
net2998,124.32µm
net5804,124.32µm
u_core.u_master.u_slave.u_core.S4\[40\],124.19µm
clknet_6_58_0_clk_IN,123.96µm
clknet_8_181__leaf_clk_IN,123.96µm
net2182,123.91µm
_03333_,123.86µm
_06422_,123.86µm
u_core.u_master.u_slave.blk_bytes\[3\],123.86µm
u_core.u_master.u_slave.u_core.S1\[39\],123.86µm
net438,123.86µm
net1257,123.86µm
net1529,123.86µm
net2851,123.86µm
_04955_,123.81µm
_05827_,123.81µm
_06026_,123.81µm
_08150_,123.81µm
u_core.u_master.u_slave.dout_sh\[3\],123.81µm
net631,123.81µm
net2860,123.81µm
net2866,123.81µm
clknet_6_10_0_clk_IN,123.81µm
_04788_,123.76µm
_05911_,123.76µm
_06419_,123.76µm
_07290_,123.76µm
net160,123.76µm
net231,123.76µm
net2396,123.76µm
net2506,123.76µm
net2649,123.76µm
u_core.u_master.u_slave.u_core.st\[3\],123.5µm
clknet_8_74__leaf_clk_IN,123.5µm
net2061,123.45µm
_03328_,123.35µm
u_core.u_master.u_slave.u_core.S4\[19\],123.35µm
_05964_,123.3µm
u_core.u_master.u_slave.u_core.S0\[15\],123.3µm
net3253,123.3µm
clknet_6_38_0_clk_IN,123.3µm
_04454_,123.25µm
_05178_,123.25µm
_07217_,123.25µm
_08221_,123.25µm
net49,123.25µm
net341,123.25µm
net2075,123.25µm
net2228,123.25µm
net2514,123.25µm
net2533,123.25µm
net2590,123.25µm
_04194_,123.2µm
_05662_,123.2µm
_05740_,123.2µm
_06463_,123.2µm
_08212_,123.2µm
net2264,123.2µm
net3461,122.94µm
clknet_8_154__leaf_clk_IN,122.94µm
clknet_8_201__leaf_clk_IN,122.94µm
net2606,122.79µm
_05112_,122.74µm
net2801,122.74µm
clknet_6_12_0_clk_IN,122.74µm
net5412,122.74µm
_03296_,122.69µm
_05817_,122.69µm
_06371_,122.69µm
_06464_,122.69µm
_05769_,122.64µm
_06256_,122.64µm
net415,122.64µm
net2304,122.64µm
net3148,122.64µm
clknet_6_28_0_clk_IN,122.46µm
clknet_8_184__leaf_clk_IN,122.43µm
_05181_,122.18µm
u_core.u_master.u_slave.key3\[16\],122.18µm
clknet_6_32_0_clk_IN,122.18µm
_03171_,122.13µm
_05855_,122.13µm
_07192_,122.13µm
net173,122.13µm
net834,122.13µm
_05631_,122.08µm
_06518_,122.08µm
_06922_,122.08µm
net143,122.08µm
net2217,122.08µm
clknet_8_98__leaf_clk_IN,121.87µm
u_core.u_master.u_slave.key1\[11\],121.67µm
net3044,121.67µm
clknet_8_37__leaf_clk_IN,121.67µm
clknet_8_94__leaf_clk_IN,121.67µm
_05685_,121.62µm
u_core.u_master.u_slave.key0\[5\],121.62µm
net2848,121.62µm
_05869_,121.57µm
_07320_,121.57µm
_08249_,121.57µm
net2936,121.57µm
_07266_,121.52µm
_08185_,121.52µm
net1677,121.52µm
net2071,121.52µm
net2171,121.52µm
net2474,121.52µm
net3020,121.52µm
_06854_,121.26µm
_06377_,121.24µm
clknet_8_150__leaf_clk_IN,121.16µm
_04930_,121.11µm
clknet_8_84__leaf_clk_IN,121.11µm
_04464_,121.06µm
u_core.u_master.u_slave.dout_sh\[101\],121.06µm
u_core.u_master.u_slave.u_core.B2\[47\],121.06µm
clknet_6_2_0_clk_IN,121.06µm
_04519_,121.01µm
_04883_,121.01µm
_05123_,121.01µm
_07210_,121.01µm
u_core.u_master.u_slave.u_core.S1\[58\],121.01µm
net666,121.01µm
net831,121.01µm
net1700,121.01µm
net2340,121.01µm
net414,120.96µm
net1068,120.96µm
net1425,120.96µm
net2357,120.96µm
u_core.u_master.u_slave.u_core.S1\[32\],120.65µm
_04471_,120.6µm
_05810_,120.5µm
_07464_,120.5µm
_05150_,120.45µm
_06110_,120.45µm
_06435_,120.45µm
_07200_,120.45µm
u_core.u_master.u_slave.u_core.B0\[18\],120.45µm
u_core.u_master.u_slave.u_core.S0\[31\],120.45µm
net793,120.45µm
net1637,120.45µm
net2688,120.45µm
_03223_,120.4µm
_05022_,120.4µm
_07204_,120.4µm
_07357_,120.4µm
_08307_,120.4µm
net1221,120.4µm
net2444,120.4µm
net3113,120.4µm
_05641_,119.94µm
net137,119.94µm
net2447,119.94µm
_04395_,119.89µm
_07310_,119.89µm
net1588,119.89µm
net2188,119.89µm
_05700_,119.84µm
_05714_,119.84µm
net187,119.84µm
net609,119.84µm
net1665,119.84µm
net2070,119.84µm
net2924,119.84µm
u_core.u_master.u_slave.u_core.S1\[18\],119.48µm
_06693_,119.38µm
net1230,119.38µm
clknet_6_3_0_clk_IN,119.38µm
clknet_6_27_0_clk_IN,119.38µm
clknet_6_61_0_clk_IN,119.38µm
_05170_,119.33µm
u_core.u_master.u_slave.key1\[13\],119.33µm
net2919,119.33µm
_06389_,119.28µm
_06576_,119.28µm
_06598_,119.28µm
net944,119.28µm
net2995,119.28µm
net3042,119.28µm
clknet_6_57_0_clk_IN,118.92µm
_04444_,118.87µm
_08217_,118.87µm
clknet_6_47_0_clk_IN,118.87µm
clknet_8_49__leaf_clk_IN,118.87µm
net537,118.82µm
net2978,118.82µm
clknet_6_51_0_clk_IN,118.82µm
_03826_,118.77µm
_05831_,118.77µm
_05883_,118.77µm
_06382_,118.77µm
u_core.u_master.u_slave.u_core.B4\[62\],118.77µm
net71,118.77µm
net1456,118.77µm
net2953,118.77µm
_04785_,118.72µm
_04943_,118.72µm
net60,118.72µm
net182,118.72µm
net285,118.72µm
net2199,118.72µm
net2354,118.72µm
net2425,118.72µm
net2503,118.72µm
net2795,118.72µm
_05719_,118.26µm
_07342_,118.26µm
_05778_,118.21µm
net150,118.21µm
net334,118.21µm
net667,118.21µm
net1051,118.21µm
net1812,118.21µm
net2150,118.21µm
net2202,118.21µm
net1330,118.16µm
net2087,118.16µm
net2297,118.16µm
net2608,118.16µm
net3029,118.16µm
net3136,118.16µm
_06401_,117.82µm
u_core.u_master.u_slave.u_core.st\[1\],117.8µm
_07319_,117.75µm
u_core.u_master.u_slave.key3\[4\],117.75µm
_06744_,117.7µm
clknet_6_54_0_clk_IN,117.7µm
_00359_,117.65µm
_06209_,117.65µm
_06362_,117.65µm
_07245_,117.65µm
net1505,117.65µm
net3006,117.65µm
_03260_,117.6µm
net2569,117.6µm
net3041,117.6µm
net3316,117.6µm
clknet_8_161__leaf_clk_IN,117.6µm
_03332_,117.39µm
clknet_8_178__leaf_clk_IN,117.34µm
u_core.u_master.u_slave.u_core.S0\[29\],117.24µm
_08071_,117.19µm
u_core.u_master.u_slave.key3\[23\],117.14µm
net2027,117.09µm
net2695,117.09µm
u_core.u_master.u_slave.u_core.B4\[19\],117.04µm
net1320,117.04µm
net1722,117.04µm
net2050,117.04µm
net2287,117.04µm
net3107,117.04µm
u_core.u_master.u_slave.u_core.S1\[46\],116.91µm
net419,116.9µm
clknet_8_234__leaf_clk_IN,116.78µm
u_core.u_master.u_slave.u_core.S1\[31\],116.68µm
net185,116.63µm
u_core.u_master.u_slave.u_core.B2\[27\],116.58µm
net2350,116.58µm
clknet_6_1_0_clk_IN,116.58µm
_06584_,116.53µm
net2750,116.53µm
clknet_6_13_0_clk_IN,116.53µm
_04770_,116.48µm
_06161_,116.48µm
net1224,116.48µm
net1278,116.48µm
net2524,116.48µm
net2809,116.48µm
u_core.u_master.u_slave.u_core.S4\[31\],116.17µm
net862,116.07µm
_07311_,116.02µm
net2922,115.97µm
_06663_,115.92µm
_06792_,115.92µm
_07241_,115.92µm
net1182,115.92µm
net1400,115.92µm
net2047,115.92µm
net2315,115.92µm
net2733,115.92µm
clknet_8_91__leaf_clk_IN,115.61µm
_04893_,115.51µm
_06465_,115.51µm
u_core.cmd_rdata\[13\],115.51µm
net2641,115.51µm
_04905_,115.46µm
_05760_,115.46µm
_06808_,115.46µm
net1341,115.46µm
net1426,115.46µm
net2847,115.46µm
clknet_6_56_0_clk_IN,115.46µm
_06179_,115.41µm
_06806_,115.41µm
net3260,115.41µm
_07708_,115.36µm
net2392,115.36µm
net2901,115.36µm
net2914,115.36µm
net2973,115.36µm
clknet_8_166__leaf_clk_IN,115.1µm
clknet_8_175__leaf_clk_IN,115.05µm
_04025_,115.03µm
u_core.u_master.u_slave.u_core.S4\[60\],115µm
net286,114.95µm
_05918_,114.9µm
_04387_,114.85µm
_05633_,114.85µm
_06113_,114.85µm
u_core.u_master.u_slave.wdata_q\[30\],114.85µm
net2383,114.85µm
net2763,114.85µm
net3313,114.85µm
_04996_,114.8µm
net281,114.8µm
net2758,114.8µm
net3058,114.8µm
clknet_8_200__leaf_clk_IN,114.49µm
u_core.u_master.u_slave.u_core.S3\[1\],114.44µm
_03160_,114.39µm
clknet_6_39_0_clk_IN,114.39µm
_08127_,114.34µm
u_core.u_master.u_slave.blk_bytes\[4\],114.34µm
u_core.u_master.u_slave.u_core.st\[0\],114.34µm
clknet_6_55_0_clk_IN,114.34µm
_06203_,114.29µm
net751,114.29µm
net2853,114.29µm
net1109,114.24µm
net2434,114.24µm
net2676,114.24µm
u_core.u_master.u_slave.u_core.S1\[15\],113.93µm
clknet_6_4_0_clk_IN,113.88µm
clknet_8_206__leaf_clk_IN,113.83µm
_05445_,113.78µm
net2379,113.78µm
_04596_,113.73µm
_06586_,113.73µm
u_core.u_master.u_slave.wdata_q\[16\],113.73µm
net2562,113.73µm
net3311,113.73µm
_05783_,113.68µm
_06014_,113.68µm
_06293_,113.68µm
net318,113.68µm
net1448,113.68µm
net2191,113.68µm
net2498,113.68µm
net3173,113.68µm
u_core.u_master.u_slave.u_core.S4\[49\],113.37µm
clknet_8_237__leaf_clk_IN,113.37µm
_04436_,113.32µm
_04462_,113.22µm
_04563_,113.22µm
_05776_,113.22µm
net2486,113.22µm
_05755_,113.17µm
_07839_,113.17µm
net2307,113.17µm
net2555,113.17µm
clknet_6_18_0_clk_IN,113.17µm
_05576_,113.12µm
net209,113.12µm
net337,113.12µm
net2197,113.12µm
net2376,113.12µm
net2599,113.12µm
net2700,113.12µm
clknet_8_80__leaf_clk_IN,113.09µm
clknet_8_183__leaf_clk_IN,112.91µm
clknet_8_95__leaf_clk_IN,112.81µm
u_core.u_master.u_slave.u_core.S1\[30\],112.76µm
u_core.miso_sr\[25\],112.71µm
u_core.u_master.u_slave.u_core.B2\[56\],112.71µm
net2028,112.71µm
net2770,112.66µm
_05983_,112.61µm
net305,112.61µm
net424,112.61µm
net624,112.61µm
net1466,112.61µm
net3062,112.61µm
_07968_,112.56µm
net331,112.56µm
net1155,112.56µm
net2234,112.56µm
net2880,112.56µm
_04666_,112.2µm
u_core.u_master.u_slave.key3\[8\],112.2µm
u_core.u_master.u_slave.u_core.S1\[4\],112.2µm
net2412,112.2µm
clknet_8_204__leaf_clk_IN,112.15µm
u_core.u_master.u_slave.u_core.B4\[6\],112.1µm
net1225,112.05µm
net2168,112.05µm
net2440,112.05µm
net2593,112.05µm
net3312,112.05µm
net5960,112.05µm
net7,112µm
net64,112µm
net2024,112µm
net2347,112µm
_06462_,111.59µm
clknet_8_159__leaf_clk_IN,111.59µm
_04737_,111.54µm
u_core.u_master.u_slave.u_core.B4\[29\],111.54µm
net219,111.54µm
net2600,111.54µm
net2837,111.54µm
net3054,111.54µm
clknet_8_242__leaf_clk_IN,111.54µm
_05143_,111.49µm
_05958_,111.49µm
u_core.u_master.u_slave.key3\[1\],111.49µm
net2520,111.49µm
_02722_,111.44µm
_08155_,111.44µm
u_core.miso_sr\[24\],111.44µm
net956,111.44µm
net1215,111.44µm
net2352,111.44µm
net2956,111.44µm
net3240,111.44µm
_04433_,111.13µm
_07206_,111.08µm
net1923,111.08µm
clknet_8_186__leaf_clk_IN,111.08µm
net5916,111.03µm
u_core.u_master.u_slave.u_core.S0\[59\],110.98µm
net1647,110.98µm
_03162_,110.93µm
_05593_,110.93µm
u_core.u_master.u_slave.core_dout_valid,110.93µm
u_core.u_master.u_slave.u_core.S4\[55\],110.93µm
net1214,110.93µm
net1402,110.93µm
_06472_,110.88µm
_08230_,110.88µm
net148,110.88µm
net1162,110.88µm
net1172,110.88µm
clknet_6_50_0_clk_IN,110.57µm
net1246,110.47µm
_04719_,110.42µm
_06088_,110.42µm
net130,110.42µm
_07833_,110.37µm
u_core.u_master.u_slave.u_core.B2\[8\],110.37µm
net855,110.37µm
_04243_,110.32µm
_05493_,110.32µm
_07281_,110.32µm
u_core.u_master.u_slave.u_core.B2\[15\],110.32µm
net141,110.32µm
net3266,110.32µm
u_core.u_master.u_slave.u_core.S1\[42\],109.96µm
_04411_,109.86µm
_07735_,109.86µm
u_core.u_master.u_slave.key0\[3\],109.86µm
net314,109.86µm
_06137_,109.81µm
_06859_,109.81µm
_06910_,109.81µm
_07340_,109.81µm
u_core.u_master.u_slave.key0\[20\],109.81µm
u_core.u_master.u_slave.u_core.B0\[52\],109.81µm
u_core.u_master.u_slave.u_core.S1\[41\],109.81µm
net28,109.81µm
net1406,109.81µm
net2189,109.81µm
net2375,109.81µm
net3534,109.81µm
_02985_,109.76µm
_03175_,109.76µm
net313,109.76µm
net1344,109.76µm
net1441,109.76µm
net2765,109.76µm
_03334_,109.7µm
_04434_,109.5µm
net966,109.35µm
_08094_,109.3µm
u_core.u_master.u_slave.u_core.B0\[37\],109.3µm
net35,109.3µm
net2452,109.3µm
_06238_,109.25µm
_08179_,109.25µm
net386,109.25µm
net1022,109.25µm
net2162,109.25µm
net3017,109.25µm
_06622_,109.2µm
_07260_,109.2µm
net1275,109.2µm
net2890,109.2µm
clknet_8_160__leaf_clk_IN,109.04µm
clknet_8_155__leaf_clk_IN,108.94µm
u_core.u_master.u_slave.u_core.S4\[48\],108.84µm
clknet_8_88__leaf_clk_IN,108.84µm
clknet_8_103__leaf_clk_IN,108.84µm
clknet_8_247__leaf_clk_IN,108.79µm
_05952_,108.74µm
_06503_,108.74µm
_07827_,108.74µm
net2037,108.74µm
net2446,108.74µm
_05541_,108.69µm
net1043,108.69µm
net2420,108.69µm
net3176,108.69µm
clknet_6_14_0_clk_IN,108.69µm
clknet_6_63_0_clk_IN,108.69µm
_07224_,108.64µm
_07370_,108.64µm
net2337,108.64µm
net2873,108.64µm
net3131,108.64µm
net323,108.4µm
_04476_,108.23µm
u_core.u_master.u_slave.u_core.B2\[26\],108.18µm
net1999,108.18µm
_05614_,108.13µm
_05733_,108.13µm
_05868_,108.13µm
_07219_,108.13µm
_07267_,108.13µm
net321,108.13µm
net2194,108.13µm
_06429_,108.08µm
_07227_,108.08µm
_08226_,108.08µm
net1280,108.08µm
net2136,108.08µm
net2411,108.08µm
_04460_,107.67µm
_04306_,107.62µm
net2609,107.62µm
_06018_,107.57µm
net2505,107.57µm
clknet_6_7_0_clk_IN,107.57µm
_07265_,107.52µm
net151,107.52µm
net184,107.52µm
net2215,107.52µm
net2584,107.52µm
net2788,107.52µm
net3192,107.52µm
_04455_,107.21µm
clknet_8_82__leaf_clk_IN,107.21µm
net2033,107.11µm
net2814,107.11µm
_05663_,107.06µm
net2681,107.06µm
_06167_,107.01µm
u_core.u_master.u_slave.u_core.B4\[33\],107.01µm
net1323,107.01µm
net1418,107.01µm
net2330,107.01µm
_05725_,106.96µm
_07247_,106.96µm
_07317_,106.96µm
u_core.u_master.u_slave.u_core.S0\[50\],106.96µm
net2940,106.96µm
net3212,106.96µm
clknet_8_157__leaf_clk_IN,106.55µm
net3046,106.5µm
clknet_6_19_0_clk_IN,106.5µm
_06908_,106.45µm
_07306_,106.45µm
_07325_,106.45µm
net2255,106.45µm
net2754,106.45µm
_05690_,106.4µm
_06552_,106.4µm
net2082,106.4µm
net2266,106.4µm
_04441_,105.99µm
_04452_,105.94µm
clknet_8_249__leaf_clk_IN,105.94µm
_06420_,105.89µm
_07285_,105.89µm
_07929_,105.89µm
u_core.u_master.u_slave.dout_sh\[37\],105.89µm
u_core.u_master.u_slave.wdata_q\[9\],105.89µm
net163,105.89µm
net335,105.89µm
net1226,105.89µm
net2029,105.89µm
net1398,105.84µm
net1587,105.84µm
net1608,105.84µm
net2341,105.84µm
net2469,105.84µm
net3035,105.84µm
net3161,105.84µm
u_core.u_master.u_slave.u_core.S1\[13\],105.58µm
_04369_,105.43µm
_04593_,105.38µm
_03148_,105.33µm
net333,105.33µm
net859,105.33µm
net1273,105.33µm
net2094,105.33µm
net2840,105.33µm
net2859,105.33µm
net2961,105.33µm
_07238_,105.28µm
_08093_,105.28µm
net338,105.28µm
net1437,105.28µm
net2237,105.28µm
net2877,105.28µm
u_core.u_master.u_slave.u_core.S0\[11\],104.87µm
clknet_8_174__leaf_clk_IN,104.87µm
u_core.u_master.u_slave.key1\[9\],104.82µm
_08089_,104.77µm
u_core.u_master.u_slave.u_core.S1\[57\],104.77µm
net1555,104.77µm
net2898,104.77µm
_05620_,104.72µm
_08357_,104.72µm
net316,104.72µm
net1200,104.72µm
net2275,104.72µm
net2707,104.72µm
_05646_,104.26µm
_07870_,104.26µm
net2833,104.26µm
clknet_6_17_0_clk_IN,104.26µm
_04989_,104.21µm
_07218_,104.21µm
_07230_,104.21µm
_07333_,104.21µm
net1973,104.21µm
net2455,104.21µm
u_core.u_master.u_slave.u_core.B3\[38\],104.16µm
net687,104.16µm
net1339,104.16µm
net2677,104.16µm
_04717_,103.8µm
clknet_6_20_0_clk_IN,103.75µm
clknet_6_62_0_clk_IN,103.75µm
_04619_,103.7µm
_03157_,103.6µm
_07257_,103.6µm
net497,103.6µm
net1584,103.6µm
net3155,103.6µm
_04466_,103.34µm
u_core.u_master.u_slave.u_core.S1\[7\],103.24µm
net3023,103.24µm
u_core.u_master.u_slave.u_core.ci\[2\],103.19µm
clknet_8_173__leaf_clk_IN,103.19µm
_06589_,103.14µm
u_core.u_master.u_slave.key0\[1\],103.14µm
u_core.u_master.u_slave.u_core.B4\[39\],103.14µm
net2277,103.14µm
net3095,103.14µm
_03178_,103.09µm
_06781_,103.09µm
_07302_,103.09µm
net2437,103.09µm
net2523,103.09µm
net2766,103.09µm
_04119_,103.04µm
_07261_,103.04µm
net1203,103.04µm
net1319,103.04µm
net1416,103.04µm
net2994,103.04µm
_08373_,102.68µm
clknet_8_241__leaf_clk_IN,102.68µm
_06266_,102.63µm
net2492,102.63µm
_04440_,102.58µm
_05572_,102.53µm
_05684_,102.53µm
_05735_,102.53µm
net1497,102.53µm
net2537,102.53µm
net2693,102.53µm
net2772,102.53µm
_05901_,102.48µm
_06041_,102.48µm
_07231_,102.48µm
_07363_,102.48µm
net9,102.48µm
net339,102.48µm
net1303,102.48µm
net2404,102.48µm
net2622,102.48µm
net2826,102.48µm
u_core.u_master.u_slave.u_core.S4\[56\],102.17µm
u_core.u_master.u_slave.u_core.S1\[43\],102.07µm
_04879_,102.02µm
_06846_,101.97µm
_07215_,101.97µm
net2117,101.97µm
_04846_,101.92µm
_05880_,101.92µm
net1282,101.92µm
net1316,101.92µm
net1914,101.92µm
net2099,101.92µm
net2184,101.92µm
net2398,101.92µm
net3210,101.92µm
_04477_,101.51µm
u_core.u_master.u_slave.u_core.S1\[24\],101.51µm
_04484_,101.41µm
net2107,101.41µm
net1898,101.36µm
net2060,101.36µm
net2339,101.36µm
net2431,101.36µm
u_core.u_master.u_slave.u_core.S1\[37\],100.95µm
_07240_,100.9µm
u_core.u_master.u_slave.u_core.S4\[6\],100.9µm
net2314,100.9µm
net3101,100.9µm
clknet_6_45_0_clk_IN,100.9µm
_03154_,100.85µm
_08208_,100.85µm
net486,100.85µm
net1165,100.85µm
net2427,100.85µm
net2776,100.85µm
net3238,100.85µm
_02674_,100.8µm
_05995_,100.8µm
net2133,100.8µm
net2146,100.8µm
net2230,100.8µm
net2232,100.8µm
net2363,100.8µm
net2699,100.8µm
net3119,100.8µm
u_core.u_master.u_slave.key1\[18\],100.49µm
u_core.u_master.u_slave.u_core.S4\[58\],100.49µm
net1455,100.39µm
_04745_,100.34µm
_05654_,100.34µm
u_core.u_master.u_slave.key0\[7\],100.34µm
net2106,100.34µm
_04726_,100.29µm
_04859_,100.29µm
_06534_,100.29µm
_06826_,100.29µm
net235,100.29µm
net3015,100.29µm
_05070_,100.24µm
_05739_,100.24µm
_06613_,100.24µm
net2123,100.24µm
net2324,100.24µm
net3506,100.24µm
u_core.u_master.u_slave.u_core.S4\[26\],100.16µm
clknet_8_64__leaf_clk_IN,99.93µm
_04432_,99.78µm
_04815_,99.78µm
_05867_,99.78µm
net2044,99.78µm
net3011,99.78µm
_06601_,99.73µm
u_core.u_master.u_slave.u_core.S4\[18\],99.73µm
net3223,99.73µm
net5823,99.73µm
_06059_,99.68µm
_06491_,99.68µm
_07338_,99.68µm
net933,99.68µm
net1387,99.68µm
net2068,99.68µm
net2080,99.68µm
u_core.u_master.u_slave.key0\[17\],99.5µm
_04458_,99.32µm
u_core.u_master.u_slave.u_core.S4\[52\],99.32µm
_04585_,99.27µm
u_core.u_master.u_slave.awaddr_q\[6\],99.27µm
u_core.u_master.u_slave.blk_last,99.22µm
clknet_6_23_0_clk_IN,99.22µm
clknet_8_240__leaf_clk_IN,99.22µm
_04978_,99.17µm
net303,99.17µm
net2463,99.17µm
clknet_6_34_0_clk_IN,99.17µm
_07369_,99.12µm
u_core.u_master.u_slave.u_core.B4\[58\],99.12µm
net1447,99.12µm
net1993,99.12µm
net2779,99.12µm
_04744_,98.76µm
u_core.u_master.u_slave.key0\[23\],98.76µm
clknet_8_171__leaf_clk_IN,98.76µm
_04560_,98.66µm
u_core.u_master.u_slave.u_core.S1\[23\],98.66µm
u_core.u_master.u_slave.u_core.S1\[61\],98.66µm
_04783_,98.61µm
_06076_,98.61µm
_07360_,98.56µm
net2096,98.56µm
net2893,98.56µm
net2926,98.56µm
u_core.u_master.u_slave.u_core.S1\[11\],98.25µm
u_core.u_master.u_slave.u_core.S4\[54\],98.2µm
_04296_,98.1µm
_04924_,98.1µm
net282,98.1µm
clknet_8_169__leaf_clk_IN,98.1µm
_05217_,98.05µm
u_core.u_master.u_slave.u_core.B4\[37\],98.05µm
net385,98.05µm
net760,98.05µm
net1427,98.05µm
net2259,98.05µm
net2293,98.05µm
net2864,98.05µm
_03305_,98µm
_03324_,98µm
_04118_,98µm
_04581_,98µm
_04829_,98µm
_06776_,98µm
_07220_,98µm
net1039,98µm
net1188,98µm
net1359,98µm
net2140,98µm
u_core.u_master.u_slave.u_core.S1\[6\],97.79µm
clknet_8_239__leaf_clk_IN,97.69µm
clknet_8_248__leaf_clk_IN,97.69µm
_04423_,97.64µm
_04501_,97.59µm
_06857_,97.54µm
u_core.u_master.u_slave.u_core.S4\[51\],97.54µm
_04741_,97.49µm
_07196_,97.49µm
net293,97.49µm
net2147,97.49µm
net2513,97.49µm
_04203_,97.44µm
_05594_,97.44µm
_05977_,97.44µm
_07193_,97.44µm
_07276_,97.44µm
_07284_,97.44µm
net120,97.44µm
net309,97.44µm
net1211,97.44µm
net1237,97.44µm
net2125,97.44µm
net2771,97.44µm
u_core.u_master.u_slave.u_core.S1\[22\],97.23µm
u_core.u_master.u_slave.u_core.S4\[33\],97.03µm
net2284,96.93µm
_06455_,96.88µm
net146,96.88µm
net1145,96.88µm
net1318,96.88µm
net2192,96.88µm
net2248,96.88µm
net2370,96.88µm
net2372,96.88µm
net3197,96.88µm
u_core.u_master.u_slave.u_core.S1\[54\],96.7µm
_04461_,96.52µm
u_core.u_master.u_slave.u_core.S1\[12\],96.52µm
u_core.u_master.u_slave.u_core.S0\[18\],96.47µm
clknet_8_158__leaf_clk_IN,96.47µm
_05922_,96.42µm
net1397,96.42µm
_03010_,96.37µm
_04403_,96.37µm
u_core.u_master.u_slave.araddr_q\[6\],96.37µm
net681,96.37µm
net2495,96.37µm
net2782,96.37µm
_06813_,96.32µm
net559,96.32µm
net930,96.32µm
net950,96.32µm
net2361,96.32µm
net2603,96.32µm
net2906,96.32µm
net3000,96.32µm
clknet_8_172__leaf_clk_IN,96.11µm
clknet_6_43_0_clk_IN,96.01µm
u_core.u_master.u_slave.u_core.S1\[38\],95.96µm
u_core.u_master.u_slave.key3\[17\],95.91µm
_04526_,95.81µm
_05811_,95.81µm
clknet_8_243__leaf_clk_IN,95.81µm
_03245_,95.76µm
_06612_,95.76µm
_07297_,95.76µm
net416,95.76µm
net2063,95.76µm
net2450,95.76µm
net2820,95.76µm
net4370,95.76µm
u_core.u_master.u_slave.u_core.S1\[10\],95.6µm
u_core.u_master.u_slave.u_core.B2\[61\],95.35µm
_06512_,95.3µm
u_core.u_master.u_slave.u_core.B2\[52\],95.3µm
_04503_,95.25µm
_04931_,95.25µm
_07303_,95.25µm
net186,95.25µm
net320,95.25µm
net2870,95.25µm
clknet_6_44_0_clk_IN,95.25µm
_04381_,95.2µm
_06949_,95.2µm
_08204_,95.2µm
net2477,95.2µm
clknet_6_46_0_clk_IN,95.2µm
clknet_6_40_0_clk_IN,94.89µm
net1053,94.79µm
_07963_,94.74µm
_06573_,94.69µm
net1,94.69µm
net2052,94.69µm
_05629_,94.64µm
_06770_,94.64µm
_06940_,94.64µm
_07232_,94.64µm
u_core.u_master.u_slave.u_core.S1\[45\],94.64µm
net1102,94.64µm
net1176,94.64µm
net2457,94.64µm
net2678,94.64µm
_04435_,94.23µm
clknet_8_251__leaf_clk_IN,94.23µm
_03145_,94.18µm
_06480_,94.18µm
u_core.u_master.u_slave.u_core.B2\[5\],94.18µm
net2240,94.18µm
_05433_,94.13µm
net1412,94.13µm
net1938,94.13µm
net2413,94.13µm
_07225_,94.08µm
_08077_,94.08µm
net1233,94.08µm
net2145,94.08µm
net2224,94.08µm
net2551,94.08µm
net2596,94.08µm
net3039,94.08µm
net3318,94.08µm
_04437_,93.87µm
u_core.u_master.u_slave.u_core.S1\[0\],93.77µm
u_core.u_master.u_slave.key2\[2\],93.72µm
_04520_,93.67µm
net2806,93.67µm
clknet_8_90__leaf_clk_IN,93.67µm
clknet_8_231__leaf_clk_IN,93.67µm
u_core.u_master.u_slave.key0\[0\],93.62µm
_03149_,93.57µm
_05866_,93.57µm
net1229,93.57µm
_06621_,93.52µm
_07314_,93.52µm
_07973_,93.52µm
net1269,93.52µm
net1429,93.52µm
net2560,93.52µm
net3019,93.52µm
_04442_,93.36µm
_04582_,93.11µm
u_core.u_master.u_slave.u_core.st\[2\],93.11µm
net2196,93.11µm
u_core.u_master.u_slave.u_core.B4\[14\],93.06µm
_02696_,93.01µm
_04213_,92.96µm
_05008_,92.96µm
_05319_,92.96µm
_05818_,92.96µm
u_core.u_master.u_slave.wdata_q\[31\],92.96µm
net310,92.96µm
net1234,92.96µm
net1462,92.96µm
net2262,92.96µm
u_core.u_master.u_slave.u_core.S4\[9\],92.6µm
_04496_,92.55µm
_06415_,92.55µm
u_core.u_master.u_slave.u_core.B4\[21\],92.55µm
_05583_,92.5µm
u_core.u_master.u_slave.u_core.S1\[27\],92.5µm
_06418_,92.45µm
_06553_,92.45µm
_08097_,92.45µm
net1175,92.45µm
_03312_,92.4µm
_07986_,92.4µm
net2093,92.4µm
net3804,92.4µm
_04470_,92.09µm
u_core.u_master.u_slave.u_core.S0\[58\],92.09µm
net2095,92.04µm
clknet_8_2__leaf_clk_IN,92.04µm
_04451_,91.99µm
clknet_8_205__leaf_clk_IN,91.99µm
_05768_,91.94µm
_05622_,91.89µm
_05838_,91.89µm
_05852_,91.89µm
_06702_,91.89µm
_07941_,91.89µm
net1435,91.89µm
net2118,91.89µm
net2243,91.89µm
net2685,91.89µm
_06864_,91.84µm
net1263,91.84µm
net2034,91.84µm
net2153,91.84µm
net2325,91.84µm
net3228,91.84µm
clknet_6_59_0_clk_IN,91.38µm
clknet_8_252__leaf_clk_IN,91.38µm
_04450_,91.33µm
u_core.u_master.u_slave.key2\[1\],91.33µm
net1974,91.33µm
net2618,91.33µm
net2634,91.33µm
net3021,91.33µm
_04774_,91.28µm
_05054_,91.28µm
net145,91.28µm
net300,91.28µm
net1197,91.28µm
net2051,91.28µm
net2273,91.28µm
net2630,91.28µm
net2967,91.28µm
clknet_8_93__leaf_clk_IN,91.02µm
_04494_,90.87µm
u_core.u_master.u_slave.key2\[5\],90.87µm
_04493_,90.82µm
u_core.u_master.u_slave.u_core.ci\[3\],90.82µm
net1207,90.82µm
_04263_,90.77µm
u_core.u_master.u_slave.key0\[21\],90.77µm
u_core.u_master.u_slave.u_core.B2\[17\],90.77µm
_04157_,90.72µm
_06836_,90.72µm
_07248_,90.72µm
_07272_,90.72µm
net1364,90.72µm
net1411,90.72µm
_04428_,90.31µm
clknet_8_167__leaf_clk_IN,90.31µm
net2581,90.26µm
clknet_8_202__leaf_clk_IN,90.21µm
_03192_,90.16µm
_05611_,90.16µm
_06227_,90.16µm
net1586,90.16µm
net2077,90.16µm
net2549,90.16µm
net2835,90.16µm
net3251,90.16µm
_04468_,89.9µm
u_core.u_master.u_slave.u_core.S1\[51\],89.9µm
u_core.u_master.u_slave.key3\[27\],89.75µm
u_core.u_master.u_slave.u_core.S0\[25\],89.75µm
_04425_,89.7µm
u_core.u_master.u_slave.u_core.S4\[12\],89.7µm
u_core.u_master.u_slave.u_core.S1\[60\],89.65µm
net520,89.6µm
net2616,89.6µm
net3745,89.6µm
_04446_,89.29µm
u_core.u_master.u_slave.u_core.S1\[36\],89.29µm
u_core.u_master.u_slave.u_core.S1\[55\],89.24µm
u_core.u_master.u_slave.key2\[8\],89.19µm
u_core.u_master.u_slave.u_core.S4\[42\],89.19µm
_06763_,89.09µm
net2129,89.09µm
_05753_,89.04µm
net109,89.04µm
net2059,89.04µm
net2333,89.04µm
_04449_,88.73µm
_04443_,88.63µm
net1297,88.58µm
net3511,88.58µm
_04566_,88.53µm
_05803_,88.48µm
_06527_,88.48µm
_06745_,88.48µm
net190,88.48µm
net1194,88.48µm
net1271,88.48µm
net2091,88.48µm
net2332,88.48µm
net2997,88.48µm
_04430_,88.17µm
u_core.u_master.u_slave.adempty_q,88.12µm
_04482_,88.07µm
u_core.u_master.u_slave.key0\[12\],88.07µm
clknet_8_81__leaf_clk_IN,88.07µm
_05001_,88.02µm
_03308_,87.97µm
_04463_,87.97µm
_06522_,87.97µm
u_core.u_master.u_slave.u_core.S4\[44\],87.97µm
net1202,87.97µm
net2108,87.97µm
net1193,87.92µm
net2367,87.92µm
net2458,87.92µm
net3170,87.92µm
u_core.u_master.u_slave.u_core.S4\[28\],87.74µm
_04431_,87.61µm
u_core.u_master.u_slave.key1\[5\],87.61µm
_07935_,87.51µm
_04472_,87.41µm
u_core.u_master.u_slave.u_core.B2\[30\],87.41µm
u_core.u_master.u_slave.wdata_q\[4\],87.41µm
net291,87.41µm
net1405,87.41µm
net1889,87.41µm
net2104,87.41µm
net2385,87.41µm
net2780,87.41µm
net5442,87.41µm
_04223_,87.36µm
_05055_,87.36µm
_06254_,87.36µm
net91,87.36µm
net2429,87.36µm
net2990,87.36µm
_04438_,87µm
_04773_,87µm
net1236,86.95µm
_04457_,86.9µm
u_core.u_master.u_slave.key3\[24\],86.9µm
net110,86.9µm
net572,86.9µm
net2729,86.9µm
net3191,86.9µm
_04661_,86.8µm
_05630_,86.8µm
_06709_,86.8µm
net1325,86.8µm
net1452,86.8µm
u_core.u_master.u_slave.u_core.B2\[14\],86.44µm
_04990_,86.39µm
u_core.u_master.u_slave.key2\[26\],86.34µm
_04233_,86.29µm
_05098_,86.29µm
_05409_,86.29µm
_05887_,86.29µm
net2483,86.29µm
net1650,85.83µm
_02769_,85.78µm
_06614_,85.73µm
u_core.u_master.u_slave.dout_sh\[96\],85.73µm
u_core.u_master.u_slave.u_core.S0\[12\],85.73µm
net188,85.73µm
net1346,85.73µm
_03874_,85.68µm
u_core.u_master.u_slave.u_core.B0\[10\],85.68µm
net675,85.68µm
net1404,85.68µm
u_core.u_master.u_slave.u_core.S4\[16\],85.5µm
u_core.u_master.u_slave.u_core.S4\[30\],85.27µm
_07953_,85.22µm
u_core.u_master.u_slave.key0\[26\],85.22µm
net2792,85.22µm
u_core.u_master.u_slave.u_core.S4\[59\],85.17µm
net328,85.17µm
u_core.u_master.u_slave.wdata_q\[29\],85.12µm
net2749,85.12µm
net3026,85.12µm
u_core.u_master.u_slave.u_core.S1\[19\],84.91µm
u_core.u_master.u_slave.key3\[9\],84.81µm
_06446_,84.71µm
u_core.u_master.u_slave.u_core.S2\[39\],84.71µm
_02625_,84.66µm
u_core.u_master.u_slave.key3\[11\],84.66µm
u_core.u_master.u_slave.u_core.B4\[54\],84.61µm
net2128,84.61µm
net1445,84.56µm
net2943,84.56µm
_04475_,84.25µm
u_core.u_master.u_slave.key3\[19\],84.15µm
_04577_,84.1µm
net1788,84.05µm
_04791_,84µm
net1184,84µm
net1284,84µm
net1871,84µm
_04439_,83.64µm
u_core.u_master.u_slave.dout_sh\[39\],83.54µm
u_core.u_master.u_slave.key0\[13\],83.49µm
_04867_,83.44µm
_06358_,83.44µm
u_core.u_master.u_slave.u_core.S4\[50\],83.44µm
net283,83.44µm
net1410,83.44µm
_04427_,83.23µm
clknet_8_254__leaf_clk_IN,83.23µm
u_core.u_master.u_slave.u_core.S4\[34\],83.08µm
_04794_,83.03µm
u_core.u_master.u_slave.u_core.S1\[20\],82.98µm
clknet_8_255__leaf_clk_IN,82.98µm
_04527_,82.93µm
_04913_,82.93µm
_07821_,82.93µm
net2149,82.93µm
_04896_,82.88µm
_05024_,82.88µm
net2349,82.88µm
_04711_,82.52µm
_06762_,82.52µm
u_core.u_master.u_slave.u_core.S1\[28\],82.47µm
_08083_,82.37µm
u_core.u_master.u_slave.key1\[17\],82.37µm
net1976,82.32µm
net2120,82.32µm
net2976,82.32µm
_04456_,82.26µm
clknet_8_191__leaf_clk_IN,82.11µm
clknet_6_21_0_clk_IN,81.91µm
_04511_,81.86µm
net1050,81.81µm
net1379,81.81µm
net2416,81.76µm
net2753,81.76µm
u_core.u_master.u_slave.u_core.S4\[21\],81.4µm
u_core.u_master.u_slave.key1\[4\],81.35µm
clknet_8_83__leaf_clk_IN,81.35µm
_04469_,81.3µm
u_core.u_master.u_slave.u_core.S0\[62\],81.3µm
_06122_,81.25µm
u_core.u_master.u_slave.key3\[5\],81.25µm
net2079,81.25µm
_05032_,81.2µm
_05796_,81.2µm
_07991_,81.2µm
net2209,81.2µm
_04429_,80.94µm
_04474_,80.94µm
u_core.u_master.u_slave.u_core.S0\[51\],80.94µm
u_core.u_master.u_slave.key3\[7\],80.79µm
u_core.u_master.u_slave.u_core.S4\[25\],80.79µm
_05084_,80.74µm
u_core.u_master.u_slave.key3\[26\],80.74µm
u_core.u_master.u_slave.u_core.S1\[21\],80.74µm
u_core.u_master.u_slave.u_core.S2\[27\],80.74µm
_08391_,80.69µm
_06436_,80.64µm
_07917_,80.64µm
u_core.u_master.u_slave.dec_q,80.64µm
net193,80.64µm
net1235,80.64µm
net1251,80.64µm
_03309_,80.23µm
_04695_,80.18µm
u_core.u_master.u_slave.u_core.B4\[15\],80.18µm
u_core.u_master.u_slave.u_core.S1\[8\],80.18µm
net3763,80.13µm
net2983,80.08µm
net3517,80.08µm
u_core.u_master.u_slave.u_core.S1\[29\],80.05µm
_04459_,79.72µm
u_core.u_master.u_slave.key2\[28\],79.72µm
u_core.u_master.u_slave.u_core.S4\[4\],79.67µm
u_core.u_master.u_slave.u_core.S2\[16\],79.62µm
_03314_,79.57µm
_06214_,79.57µm
_08385_,79.57µm
_06473_,79.52µm
_07253_,79.52µm
u_core.rx_sr\[33\],79.52µm
u_core.u_master.u_slave.u_core.S4\[47\],79.36µm
_04447_,79.11µm
_04505_,79.11µm
_04586_,79.06µm
_04945_,79.06µm
u_core.u_master.u_slave.key3\[18\],79.06µm
u_core.u_master.u_slave.u_core.S1\[49\],79.06µm
_05909_,79.01µm
u_core.u_master.u_slave.tagr3\[12\],79.01µm
net1038,78.96µm
u_core.u_master.u_slave.u_core.S4\[53\],78.65µm
_04706_,78.6µm
u_core.u_master.u_slave.key2\[21\],78.6µm
u_core.u_master.u_slave.u_core.S1\[47\],78.6µm
_04587_,78.5µm
u_core.u_master.u_slave.u_core.B4\[57\],78.5µm
u_core.u_master.u_slave.u_core.S3\[0\],78.5µm
u_core.u_master.u_slave.u_core.S4\[37\],78.5µm
_04490_,78.45µm
net2487,78.45µm
_04507_,78.4µm
_08407_,78.4µm
net1174,78.4µm
u_core.u_master.u_slave.key1\[19\],77.99µm
clknet_8_170__leaf_clk_IN,77.99µm
_04904_,77.89µm
_04959_,77.84µm
_05915_,77.84µm
u_core.u_master.u_slave.key2\[3\],77.84µm
net1173,77.84µm
u_core.u_master.u_slave.u_core.S1\[9\],77.66µm
_04448_,77.48µm
u_core.u_master.u_slave.key0\[16\],77.43µm
u_core.u_master.u_slave.u_core.S1\[17\],77.43µm
u_core.u_master.u_slave.u_core.B4\[60\],77.38µm
clknet_8_250__leaf_clk_IN,77.38µm
_06233_,77.33µm
_06274_,77.33µm
net1436,77.28µm
u_core.u_master.u_slave.u_core.S4\[5\],77.02µm
u_core.u_master.u_slave.u_core.S1\[52\],76.92µm
_04589_,76.87µm
_05176_,76.77µm
_05638_,76.77µm
u_core.cmd_addr\[2\],76.77µm
u_core.u_master.u_slave.araddr_q\[4\],76.77µm
_06489_,76.72µm
net1074,76.72µm
u_core.u_master.u_slave.u_core.S4\[41\],76.61µm
_04270_,76.21µm
u_core.u_master.u_slave.dout_sh\[35\],76.21µm
u_core.u_master.u_slave.u_core.S4\[43\],76.21µm
net1442,76.21µm
_03326_,76.16µm
_06388_,76.16µm
u_core.u_master.u_slave.key0\[19\],75.75µm
u_core.u_master.u_slave.u_core.S2\[48\],75.75µm
_05679_,75.7µm
_05904_,75.7µm
u_core.u_master.u_slave.u_core.S0\[23\],75.7µm
_04572_,75.65µm
_06587_,75.65µm
u_core.u_master.u_slave.u_core.B2\[32\],75.65µm
u_core.u_master.u_slave.u_core.S4\[11\],75.24µm
net5491,75.09µm
_03859_,75.04µm
_04508_,74.68µm
_08239_,74.53µm
u_core.u_master.u_slave.dout_sh\[57\],74.53µm
_05960_,74.48µm
_06567_,74.48µm
u_core.u_master.u_slave.blk_bytes\[0\],74.48µm
clknet_6_42_0_clk_IN,74.12µm
u_core.u_master.u_slave.u_core.B4\[51\],74.02µm
u_core.u_master.u_slave.u_core.S4\[8\],74.02µm
u_core.u_master.u_slave.u_core.S1\[48\],73.97µm
u_core.u_master.u_slave.wdata_q\[7\],73.92µm
clknet_8_229__leaf_clk_IN,73.61µm
_03316_,73.41µm
_05746_,73.36µm
_04597_,72.9µm
u_core.u_master.u_slave.dout_sh\[13\],72.85µm
u_core.u_master.u_slave.key0\[18\],72.85µm
u_core.u_master.u_slave.key0\[2\],72.85µm
_08105_,72.8µm
u_core.u_master.u_slave.u_core.S4\[15\],72.44µm
_04536_,72.34µm
_04920_,72.34µm
_04977_,72.34µm
_03244_,72.29µm
_03330_,72.29µm
u_core.u_master.u_slave.key1\[30\],72.29µm
u_core.u_master.u_slave.u_core.B0\[59\],72.29µm
net8333,72.29µm
_03880_,72.24µm
_04588_,71.83µm
_04762_,71.78µm
u_core.u_master.u_slave.awaddr_q\[2\],71.78µm
u_core.u_master.u_slave.key1\[0\],71.78µm
u_core.u_master.u_slave.key3\[10\],71.78µm
_03091_,71.73µm
_07492_,71.68µm
_04424_,71.32µm
net3,71.27µm
u_core.u_master.u_slave.u_core.S4\[13\],71.27µm
u_core.u_master.u_slave.core_t1\[47\],71.22µm
u_core.u_master.u_slave.u_core.B2\[55\],71.22µm
clknet_6_22_0_clk_IN,71.22µm
_03841_,71.12µm
_04790_,71.12µm
_05565_,71.12µm
_04465_,70.86µm
_04445_,70.76µm
_04571_,70.71µm
u_core.u_master.u_slave.awaddr_q\[5\],70.71µm
u_core.u_master.u_slave.key2\[0\],70.66µm
u_core.u_master.u_slave.key3\[2\],70.66µm
u_core.u_master.u_slave.u_core.S4\[29\],70.66µm
_04529_,70.61µm
_06965_,70.61µm
u_core.u_master.u_slave.key3\[0\],70.2µm
u_core.u_master.u_slave.u_core.S2\[40\],70.15µm
u_core.u_master.u_slave.u_core.S4\[46\],70.15µm
_04576_,70.1µm
_07857_,70.1µm
u_core.u_master.u_slave.u_core.S4\[27\],70.05µm
_02668_,70µm
_03329_,70µm
_05077_,70µm
_05584_,70µm
_06178_,70µm
_06430_,70µm
net2761,70µm
u_core.u_master.u_slave.blk0\[19\],69.59µm
u_core.u_master.u_slave.key0\[15\],69.59µm
u_core.u_master.u_slave.key0\[8\],69.59µm
u_core.u_master.u_slave.key2\[17\],69.59µm
net3765,69.54µm
_03306_,69.49µm
_04548_,69.49µm
_05451_,69.49µm
_06029_,69.49µm
u_core.u_master.u_slave.u_core.S4\[57\],69.03µm
_04552_,68.98µm
u_core.u_master.u_slave.key1\[27\],68.98µm
u_core.u_master.u_slave.u_core.S1\[53\],68.98µm
_04614_,68.93µm
_06941_,68.93µm
_07512_,68.93µm
net8327,68.93µm
_06741_,68.88µm
u_core.u_master.u_slave.u_core.B4\[17\],68.88µm
u_core.u_master.u_slave.u_core.S4\[10\],68.75µm
u_core.u_master.u_slave.u_core.B2\[24\],68.52µm
u_core.u_master.u_slave.u_core.S0\[41\],68.52µm
_04467_,68.47µm
_04478_,68.47µm
_04510_,68.42µm
_02744_,68.37µm
u_core.u_master.u_slave.dout_sh\[33\],68.37µm
_03232_,68.32µm
u_core.u_master.u_slave.u_core.S4\[61\],68.24µm
_04421_,67.91µm
u_core.u_master.u_slave.key0\[10\],67.91µm
_07851_,67.86µm
u_core.u_master.u_slave.u_core.S0\[4\],67.86µm
net8270,67.81µm
_03862_,67.76µm
u_core.u_master.u_slave.u_core.S4\[24\],67.76µm
u_core.u_master.u_slave.u_core.S4\[45\],67.53µm
u_core.u_master.u_slave.u_core.S0\[19\],67.4µm
u_core.u_master.u_slave.blk0\[28\],67.3µm
_04327_,67.25µm
_05692_,67.25µm
u_core.u_master.u_slave.key1\[14\],67.25µm
u_core.u_master.u_slave.key1\[15\],67.25µm
u_core.u_master.u_slave.u_core.B0\[62\],67.25µm
net5449,67.25µm
_08146_,67.2µm
u_core.u_master.u_slave.dout_sh\[24\],67.2µm
net344,67.2µm
u_core.u_master.u_slave.blk1\[14\],67.16µm
net5490,66.92µm
u_core.u_master.u_slave.u_core.S2\[8\],66.79µm
_08099_,66.69µm
net8155,66.69µm
_05149_,66.64µm
_07214_,66.64µm
u_core.u_master.u_slave.u_core.S1\[16\],66.64µm
_04558_,66.38µm
u_core.u_master.u_slave.u_core.S2\[24\],66.28µm
_02630_,66.18µm
_03745_,66.13µm
_06284_,66.13µm
_04165_,66.08µm
_05566_,66.08µm
net5995,66.08µm
u_core.u_master.u_slave.u_core.S2\[51\],65.77µm
clknet_8_253__leaf_clk_IN,65.67µm
_05876_,65.62µm
u_core.u_master.u_slave.blk1\[27\],65.62µm
u_core.u_master.u_slave.key3\[12\],65.62µm
u_core.u_master.u_slave.u_core.S2\[30\],65.62µm
u_core.u_master.u_slave.dout_sh\[112\],65.57µm
u_core.u_master.u_slave.u_core.S4\[62\],65.21µm
_04453_,65.16µm
_04491_,65.11µm
u_core.u_master.u_slave.key0\[6\],65.06µm
_06426_,65.01µm
u_core.u_master.u_slave.dout_sh\[28\],65.01µm
_05301_,64.96µm
u_core.u_master.u_slave.key3\[25\],64.65µm
_05582_,64.5µm
_07237_,64.5µm
u_core.u_master.u_slave.u_core.B2\[51\],64.5µm
_03787_,64.45µm
_04409_,64.45µm
_06425_,64.45µm
u_core.u_master.u_slave.u_core.B4\[11\],64.45µm
u_core.u_master.u_slave.blk0\[25\],64.04µm
u_core.u_master.u_slave.key3\[30\],64.04µm
u_core.u_master.u_slave.u_core.S1\[59\],64.04µm
_07485_,63.94µm
u_core.u_master.u_slave.u_core.S0\[9\],63.94µm
u_core.u_master.u_slave.u_core.S2\[7\],63.94µm
net7550,63.84µm
_04559_,63.48µm
_04530_,63.38µm
u_core.u_master.u_slave.blk1\[11\],63.38µm
u_core.u_master.u_slave.u_core.S0\[30\],63.38µm
_03320_,63.33µm
_08145_,63.28µm
_02612_,62.82µm
_02640_,62.82µm
_04545_,62.82µm
_06028_,62.82µm
u_core.u_master.u_slave.blk2\[26\],62.82µm
net2291,62.82µm
_04111_,62.77µm
_06280_,62.77µm
_07434_,62.77µm
_08161_,62.77µm
u_core.u_master.u_slave.u_core.S0\[48\],62.77µm
_02632_,62.72µm
_03241_,62.72µm
u_core.u_master.u_slave.key0\[9\],62.36µm
u_core.u_master.u_slave.u_core.S3\[2\],62.36µm
_06603_,62.31µm
u_core.u_master.u_slave.key2\[22\],62.31µm
_04506_,62.26µm
u_core.u_master.u_slave.key0\[25\],62.26µm
u_core.u_master.u_slave.u_core.B2\[10\],62.26µm
u_core.u_master.u_slave.u_core.S2\[19\],62.26µm
u_core.u_master.u_slave.u_core.S4\[20\],62.26µm
_05711_,62.21µm
u_core.u_master.u_slave.u_core.B2\[34\],62.21µm
_04410_,62.16µm
_06239_,62.16µm
_07725_,62.16µm
u_core.u_master.u_slave.blk1\[3\],61.7µm
u_core.u_master.u_slave.u_core.din_last_q,61.7µm
_02724_,61.65µm
u_core.u_master.u_slave.u_core.S3\[3\],61.65µm
_03751_,61.6µm
u_core.u_master.u_slave.blk3\[17\],61.29µm
u_core.u_master.u_slave.blk1\[12\],61.14µm
u_core.u_master.u_slave.u_core.B2\[23\],61.14µm
_04544_,61.09µm
_04620_,61.09µm
u_core.u_master.u_slave.u_core.S2\[44\],61.09µm
_07358_,61.04µm
_07676_,61.04µm
u_core.u_master.u_slave.key0\[27\],61.04µm
u_core.u_master.u_slave.u_core.S2\[56\],60.63µm
u_core.u_master.u_slave.blk0\[29\],60.58µm
u_core.u_master.u_slave.u_core.S0\[52\],60.58µm
_06170_,60.53µm
_03380_,60.48µm
net3590,60.48µm
_06743_,60.02µm
u_core.u_master.u_slave.key2\[4\],60.02µm
u_core.u_master.u_slave.u_core.B2\[60\],59.97µm
net3600,59.97µm
net3693,59.97µm
_07318_,59.92µm
u_core.u_master.u_slave.dout_sh\[97\],59.92µm
u_core.u_master.u_slave.tagr0\[8\],59.92µm
net3970,59.92µm
u_core.u_master.u_slave.blk2\[27\],59.66µm
_04473_,59.56µm
u_core.u_master.u_slave.key0\[14\],59.46µm
u_core.u_master.u_slave.key1\[29\],59.46µm
_07470_,59.41µm
u_core.u_master.u_slave.dout_sh\[41\],59.41µm
_03224_,59.36µm
net5460,59.36µm
u_core.u_master.u_slave.key0\[11\],58.95µm
u_core.u_master.u_slave.key0\[4\],58.95µm
u_core.u_master.u_slave.key1\[6\],58.9µm
u_core.u_master.u_slave.key3\[29\],58.9µm
u_core.u_master.u_slave.u_core.B0\[44\],58.9µm
_03248_,58.85µm
u_core.u_master.u_slave.key2\[6\],58.85µm
_04337_,58.8µm
_08403_,58.8µm
u_core.u_master.u_slave.u_core.S0\[54\],58.57µm
_04696_,58.39µm
u_core.u_master.u_slave.blk3\[5\],58.34µm
u_core.u_master.u_slave.key2\[16\],58.34µm
u_core.u_master.u_slave.u_core.B0\[9\],58.34µm
net7882,58.34µm
_03213_,58.29µm
_06979_,58.29µm
u_core.u_master.u_slave.u_core.S0\[56\],58.29µm
u_core.u_master.u_slave.u_core.S4\[0\],58.29µm
u_core.u_master.u_slave.dout_sh\[49\],58.24µm
u_core.u_master.u_slave.key0\[22\],57.88µm
u_core.u_master.u_slave.key1\[16\],57.83µm
u_core.u_master.u_slave.u_core.S2\[11\],57.83µm
u_core.u_master.u_slave.key1\[10\],57.78µm
u_core.u_master.u_slave.u_core.B2\[11\],57.78µm
_04567_,57.73µm
_08191_,57.73µm
u_core.u_master.u_slave.dout_sh\[38\],57.73µm
_03817_,57.68µm
_04569_,57.68µm
_04809_,57.68µm
u_core.u_master.u_slave.blk1\[30\],57.32µm
u_core.u_master.u_slave.awaddr_q\[3\],57.22µm
u_core.u_master.u_slave.blk2\[12\],57.22µm
u_core.u_master.u_slave.u_core.S3\[7\],57.22µm
_03686_,57.17µm
_04392_,57.17µm
_04733_,57.17µm
_06305_,57.17µm
_06572_,57.17µm
_07344_,57.17µm
u_core.u_master.u_slave.u_core.S2\[10\],57.17µm
_07750_,57.12µm
u_core.u_master.u_slave.key3\[15\],56.76µm
_02620_,56.66µm
_04580_,56.66µm
_03210_,56.61µm
u_core.u_master.u_slave.key3\[31\],56.61µm
u_core.u_master.u_slave.u_core.B4\[49\],56.61µm
_05481_,56.56µm
_06708_,56.56µm
_08098_,56.56µm
u_core.u_master.u_slave.wdata_q\[25\],56.56µm
u_core.u_master.u_slave.blk0\[31\],56.25µm
u_core.u_master.u_slave.blk3\[21\],56.2µm
u_core.u_master.u_slave.blk3\[22\],56.2µm
net149,56.15µm
_03808_,56.1µm
u_core.u_master.u_slave.blk3\[26\],56.1µm
net5894,56.1µm
_04574_,56.05µm
_07249_,56.05µm
u_core.u_master.u_slave.dout_sh\[113\],56.05µm
net5896,56.05µm
_03034_,56µm
_07446_,56µm
_08264_,56µm
_04701_,55.69µm
u_core.u_master.u_slave.key1\[25\],55.64µm
u_core.u_master.u_slave.u_core.B4\[45\],55.59µm
u_core.u_master.u_slave.key2\[18\],55.54µm
_03142_,55.49µm
_03365_,55.49µm
_03802_,55.49µm
_05978_,55.49µm
_06499_,55.49µm
u_core.u_master.u_slave.key0\[28\],55.49µm
_06650_,55.44µm
_06671_,55.44µm
u_core.u_master.u_slave.blk2\[23\],55.03µm
u_core.u_master.u_slave.key0\[31\],55.03µm
u_core.u_master.u_slave.key3\[20\],55.03µm
u_core.u_master.u_slave.u_core.S0\[53\],54.98µm
_04486_,54.88µm
u_core.u_master.u_slave.u_core.S2\[47\],54.52µm
u_core.u_master.u_slave.u_core.S4\[1\],54.52µm
u_core.u_master.u_slave.key2\[29\],54.47µm
_04418_,54.42µm
_04693_,54.42µm
net5927,54.42µm
net7960,54.42µm
_03736_,54.37µm
_04622_,54.37µm
net3741,54.32µm
u_core.u_master.u_slave.u_core.B2\[18\],53.96µm
u_core.u_master.u_slave.blk0\[27\],53.91µm
_04550_,53.86µm
u_core.u_master.u_slave.blk0\[7\],53.86µm
u_core.u_master.u_slave.u_core.S4\[14\],53.86µm
u_core.u_master.u_slave.dout_sh\[98\],53.81µm
_02994_,53.76µm
_03254_,53.76µm
_04549_,53.76µm
u_core.u_master.u_slave.u_core.S2\[25\],53.45µm
_04755_,53.4µm
u_core.u_master.u_slave.key2\[19\],53.4µm
u_core.u_master.u_slave.blk0\[15\],53.35µm
u_core.u_master.u_slave.key2\[27\],53.35µm
_04422_,53.3µm
u_core.u_master.u_slave.u_core.S2\[37\],53.3µm
u_core.u_master.u_slave.u_core.S2\[57\],53.3µm
u_core.u_master.u_slave.u_core.B4\[30\],53.25µm
u_core.u_master.u_slave.u_core.S0\[14\],53.25µm
_03202_,53.2µm
_05134_,53.2µm
net3592,53.2µm
_04513_,52.79µm
_06629_,52.79µm
_07480_,52.74µm
u_core.u_master.u_slave.u_core.S2\[14\],52.74µm
_06444_,52.69µm
_05621_,52.64µm
u_core.u_master.u_slave.blk0\[5\],52.23µm
u_core.u_master.u_slave.key2\[31\],52.23µm
net5051,52.23µm
_04417_,52.18µm
u_core.u_master.u_slave.u_core.S0\[34\],52.18µm
net6902,52.18µm
_03078_,52.13µm
_06292_,52.13µm
u_core.u_master.st\[1\],52.13µm
u_core.u_master.u_slave.key0\[29\],52.13µm
u_core.u_master.u_slave.tagr2\[20\],52.13µm
_00356_,52.08µm
_03263_,52.08µm
u_core.u_master.u_slave.dout_sh\[34\],52.08µm
u_core.u_master.u_slave.u_core.B2\[2\],52.08µm
u_core.u_master.u_slave.blk3\[10\],51.95µm
u_core.u_master.u_slave.blk1\[10\],51.67µm
u_core.u_master.u_slave.u_core.S2\[32\],51.67µm
_06923_,51.62µm
u_core.u_master.u_slave.u_core.B4\[42\],51.62µm
u_core.u_master.u_slave.key2\[30\],51.57µm
net8241,51.57µm
_04374_,51.52µm
_08363_,51.52µm
_04547_,51.11µm
_07361_,51.06µm
u_core.u_master.u_slave.u_core.S2\[29\],51.06µm
u_core.u_master.u_slave.u_core.S2\[53\],51.06µm
_03539_,51.01µm
_03742_,51.01µm
_04551_,51.01µm
_04565_,51.01µm
_06577_,51.01µm
u_core.u_master.u_slave.blk2\[13\],51.01µm
u_core.u_master.u_slave.dout_sh\[16\],50.96µm
u_core.u_master.u_slave.u_core.B0\[48\],50.96µm
_04414_,50.55µm
u_core.u_master.u_slave.blk0\[11\],50.55µm
_04492_,50.5µm
u_core.u_master.u_slave.blk1\[19\],50.5µm
u_core.u_master.u_slave.u_core.B1\[12\],50.5µm
_04143_,50.45µm
net3632,50.45µm
net7800,50.45µm
_03515_,50.4µm
_04957_,50.4µm
u_core.u_master.u_slave.dout_sh\[63\],50.4µm
_04697_,49.99µm
_06551_,49.94µm
u_core.u_master.u_slave.blk3\[7\],49.89µm
net4602,49.89µm
_03950_,49.84µm
_04176_,49.84µm
u_core.u_master.u_slave.dout_sh\[75\],49.84µm
u_core.u_master.u_slave.dout_sh\[99\],49.84µm
net3664,49.84µm
_03304_,49.48µm
_04512_,49.38µm
u_core.u_master.u_slave.key1\[21\],49.38µm
u_core.u_master.u_slave.key2\[15\],49.38µm
u_core.u_master.u_slave.u_core.S1\[40\],49.38µm
_04716_,49.33µm
net3749,49.33µm
net4204,49.33µm
net4987,49.33µm
_03261_,49.28µm
u_core.u_master.u_slave.u_core.S2\[63\],48.92µm
_04420_,48.87µm
u_core.u_master.u_slave.blk2\[28\],48.87µm
net5887,48.87µm
_06245_,48.82µm
u_core.u_master.u_slave.u_core.S0\[17\],48.82µm
net5170,48.82µm
_04412_,48.77µm
_04532_,48.72µm
_04664_,48.72µm
_07730_,48.72µm
u_core.u_master.u_slave.blk0\[22\],48.51µm
u_core.u_master.u_slave.blk3\[9\],48.36µm
u_core.u_master.u_slave.blk1\[0\],48.31µm
u_core.u_master.u_slave.dout_sh\[43\],48.26µm
_03291_,48.21µm
net3657,48.21µm
net5057,48.21µm
_07352_,48.16µm
u_core.u_master.u_slave.blk2\[30\],47.75µm
u_core.u_master.u_slave.u_core.S4\[32\],47.75µm
_04516_,47.7µm
u_core.u_master.u_slave.blk3\[1\],47.7µm
u_core.u_master.u_slave.u_core.B0\[63\],47.7µm
_03760_,47.65µm
_07459_,47.65µm
net3862,47.65µm
net6392,47.6µm
u_core.u_master.u_slave.u_core.S4\[22\],47.29µm
u_core.u_master.u_slave.araddr_q\[2\],47.24µm
_04521_,47.19µm
_04487_,47.14µm
u_core.u_master.u_slave.blk3\[18\],47.14µm
u_core.u_master.u_slave.key0\[24\],47.14µm
net4543,47.14µm
_03721_,47.09µm
_03748_,47.09µm
_03853_,47.09µm
net4582,47.09µm
_07469_,47.04µm
u_core.u_master.u_slave.u_core.S0\[8\],47.04µm
u_core.u_master.u_slave.blk0\[6\],46.68µm
u_core.u_master.u_slave.blk1\[31\],46.63µm
u_core.u_master.u_slave.u_core.S2\[18\],46.63µm
u_core.txcnt\[3\],46.58µm
u_core.u_master.u_slave.u_core.B4\[10\],46.53µm
u_core.u_master.u_slave.u_core.S2\[36\],46.53µm
net4313,46.53µm
net7867,46.53µm
_04186_,46.48µm
_04187_,46.48µm
u_core.u_master.u_slave.blk1\[13\],46.07µm
u_core.u_master.u_slave.u_core.B0\[6\],46.07µm
u_core.u_master.u_slave.dout_sh\[55\],46.02µm
u_core.u_master.u_slave.u_core.S2\[49\],46.02µm
_06220_,45.97µm
net6019,45.97µm
_02742_,45.92µm
_06736_,45.92µm
_07540_,45.92µm
u_core.u_master.u_slave.key3\[22\],45.56µm
u_core.u_master.u_slave.blk_bytes\[1\],45.51µm
_03395_,45.41µm
_04514_,45.41µm
_05379_,45.41µm
_05873_,45.41µm
_07888_,45.41µm
u_core.u_master.u_slave.blk3\[14\],45.41µm
u_core.u_master.u_slave.u_core.B2\[45\],45.41µm
u_core.u_master.u_slave.u_core.S2\[38\],45.41µm
net4883,45.41µm
net6013,45.41µm
_06370_,45.36µm
u_core.u_master.u_slave.u_core.B4\[46\],45.36µm
net5864,45.36µm
_06742_,44.9µm
u_core.u_master.u_slave.key1\[12\],44.9µm
u_core.u_master.u_slave.u_core.B2\[41\],44.9µm
_04718_,44.85µm
_06637_,44.85µm
net5036,44.85µm
net6136,44.85µm
_03877_,44.8µm
_03938_,44.8µm
_04419_,44.8µm
net3731,44.8µm
_03614_,44.39µm
u_core.u_master.u_slave.u_core.S2\[20\],44.34µm
_03559_,44.29µm
_04599_,44.29µm
_04732_,44.29µm
_04380_,44.24µm
_06932_,44.24µm
u_core.u_master.u_slave.u_core.B2\[62\],44.24µm
net7863,44.24µm
u_core.u_master.u_slave.blk0\[26\],43.83µm
u_core.u_master.u_slave.blk2\[31\],43.83µm
_04579_,43.78µm
_08168_,43.78µm
u_core.u_master.u_slave.blk3\[13\],43.78µm
u_core.u_master.u_slave.blk3\[8\],43.78µm
u_core.u_master.u_slave.dout_sh\[6\],43.78µm
u_core.u_master.u_slave.u_core.S2\[9\],43.78µm
_08144_,43.73µm
net5989,43.73µm
_03838_,43.68µm
_06978_,43.68µm
_07784_,43.68µm
_08203_,43.68µm
_04613_,43.27µm
u_core.u_master.u_slave.blk2\[15\],43.27µm
u_core.u_master.u_slave.blk2\[14\],43.22µm
u_core.u_master.u_slave.dout_sh\[47\],43.22µm
_04489_,43.17µm
_04546_,43.17µm
_04880_,43.17µm
u_core.u_master.u_slave.key2\[23\],43.17µm
u_core.u_master.u_slave.dout_sh\[77\],43.12µm
u_core.u_master.u_slave.u_core.S2\[45\],42.81µm
u_core.u_master.u_slave.key2\[9\],42.76µm
u_core.u_master.u_slave.blk2\[18\],42.71µm
u_core.u_master.u_slave.blk3\[29\],42.71µm
_08405_,42.66µm
u_core.u_master.u_slave.blk0\[4\],42.66µm
u_core.u_master.u_slave.u_core.S0\[20\],42.66µm
net4141,42.66µm
net4378,42.66µm
net6956,42.66µm
_05579_,42.61µm
_06664_,42.61µm
_07356_,42.61µm
_08180_,42.61µm
u_core.u_master.u_slave.blk2\[10\],42.61µm
u_core.u_master.u_slave.dout_sh\[88\],42.61µm
u_core.u_master.u_slave.u_core.S2\[55\],42.61µm
net4125,42.61µm
net5670,42.61µm
net6365,42.61µm
_04610_,42.56µm
_07692_,42.56µm
u_core.u_master.u_slave.core_busy,42.56µm
u_core.u_master.u_slave.u_core.S2\[17\],42.25µm
u_core.u_master.u_slave.u_core.S2\[22\],42.25µm
u_core.u_master.u_slave.u_core.S0\[16\],42.15µm
u_core.u_master.u_slave.u_core.S2\[28\],42.15µm
u_core.u_master.u_slave.u_core.S2\[42\],42.15µm
u_core.u_master.u_slave.u_core.S2\[58\],42.15µm
_04724_,42.1µm
_08393_,42.1µm
u_core.cmd_rdata\[25\],42.1µm
u_core.u_master.u_slave.blk0\[0\],42.1µm
u_core.u_master.u_slave.blk0\[10\],42.1µm
u_core.u_master.u_slave.blk2\[29\],42.1µm
u_core.u_master.u_slave.key2\[24\],42.1µm
net6712,42.1µm
u_core.u_master.u_slave.u_core.B0\[0\],42.05µm
net5,42.05µm
_03518_,42µm
_03883_,42µm
_04504_,42µm
u_core.u_master.u_slave.key3\[13\],42µm
net3757,42µm
net4040,42µm
u_core.u_master.u_slave.blk1\[15\],41.64µm
u_core.u_master.u_slave.blk2\[17\],41.59µm
u_core.u_master.u_slave.blk_sel,41.59µm
u_core.u_master.u_slave.u_core.S0\[55\],41.59µm
net4121,41.59µm
u_core.u_master.u_slave.blk0\[18\],41.54µm
u_core.u_master.u_slave.tagw2\[16\],41.54µm
u_core.u_master.u_slave.u_core.B0\[23\],41.54µm
net5190,41.54µm
_07592_,41.49µm
net7966,41.49µm
_03665_,41.44µm
_03757_,41.44µm
_06107_,41.44µm
_07479_,41.44µm
net8541,41.44µm
u_core.u_master.u_slave.u_core.S2\[46\],41.18µm
u_core.u_master.u_slave.key1\[22\],41.03µm
_02577_,40.98µm
_03302_,40.98µm
u_core.u_master.st\[4\],40.98µm
net4212,40.98µm
net4330,40.98µm
_05949_,40.93µm
u_core.u_master.u_slave.tagr3\[11\],40.93µm
u_core.u_master.u_slave.u_core.B2\[19\],40.93µm
_03290_,40.88µm
_03357_,40.88µm
_03698_,40.88µm
_05361_,40.88µm
_06454_,40.88µm
u_core.u_master.u_slave.tagr1\[11\],40.88µm
net7007,40.88µm
u_core.u_master.u_slave.blk2\[9\],40.52µm
net4201,40.42µm
net4557,40.42µm
net6971,40.42µm
_02721_,40.37µm
_03941_,40.37µm
_08387_,40.37µm
net5956,40.37µm
net6504,40.37µm
_02597_,40.32µm
_04302_,40.32µm
_06136_,40.32µm
u_core.u_master.u_slave.blk0\[3\],39.91µm
_04535_,39.86µm
_04800_,39.86µm
u_core.u_master.u_slave.blk2\[21\],39.86µm
u_core.u_master.u_slave.blk3\[15\],39.86µm
u_core.u_master.u_slave.key1\[20\],39.86µm
u_core.u_master.u_slave.key2\[14\],39.86µm
u_core.u_master.u_slave.u_core.S2\[61\],39.86µm
net5910,39.86µm
_04198_,39.81µm
u_core.u_master.u_slave.u_core.S3\[5\],39.81µm
net3737,39.81µm
net5378,39.81µm
_05063_,39.76µm
_06414_,39.76µm
_07451_,39.76µm
_07508_,39.76µm
u_core.u_master.u_slave.core_t1\[35\],39.76µm
net5958,39.76µm
_04743_,39.4µm
u_core.u_master.u_slave.blk2\[19\],39.4µm
u_core.u_master.u_slave.araddr_q\[3\],39.35µm
u_core.u_master.u_slave.blk1\[20\],39.35µm
u_core.u_master.u_slave.blk2\[6\],39.35µm
_04004_,39.3µm
_06959_,39.3µm
u_core.u_master.u_slave.blk3\[20\],39.3µm
u_core.u_master.u_slave.key2\[11\],39.3µm
u_core.u_master.u_slave.u_core.S0\[10\],39.3µm
net4337,39.3µm
_04204_,39.25µm
_04609_,39.25µm
_05177_,39.25µm
u_core.u_master.u_slave.araddr_q\[5\],39.25µm
net5067,39.25µm
_04672_,39.2µm
_06560_,39.2µm
_07516_,39.2µm
u_core.u_master.u_slave.u_core.B1\[59\],39.2µm
net4139,39.2µm
net3646,38.79µm
net3679,38.79µm
_02664_,38.74µm
_05039_,38.74µm
net4216,38.74µm
net7100,38.74µm
_03212_,38.69µm
_04224_,38.69µm
u_core.u_master.u_slave.tagw1\[15\],38.69µm
net3687,38.69µm
net8594,38.69µm
_02912_,38.64µm
_03688_,38.64µm
_05053_,38.64µm
u_core.u_master.u_slave.blk0\[8\],38.64µm
u_core.u_master.u_slave.dout_sh\[44\],38.64µm
net4779,38.64µm
u_core.u_master.u_slave.blk1\[26\],38.33µm
_08279_,38.23µm
net885,38.23µm
_04912_,38.18µm
u_core.u_master.u_slave.dout_sh\[27\],38.18µm
u_core.u_master.u_slave.u_core.B0\[16\],38.18µm
u_core.u_master.u_slave.u_core.B0\[21\],38.18µm
_04479_,38.13µm
_04634_,38.13µm
_04731_,38.13µm
_06184_,38.13µm
_06821_,38.13µm
_07433_,38.13µm
u_core.cmd_addr_q\[4\],38.13µm
u_core.u_master.u_slave.dout_sh\[84\],38.13µm
u_core.u_master.u_slave.tagr1\[14\],38.13µm
net3602,38.13µm
net4149,38.13µm
_03805_,38.08µm
_04076_,38.08µm
_04383_,38.08µm
_04799_,38.08µm
_05069_,38.08µm
_06820_,38.08µm
u_core.u_master.u_slave.blk_bytes\[2\],38.08µm
net3711,38.08µm
_04603_,37.67µm
_04751_,37.67µm
u_core.u_master.u_slave.blk3\[6\],37.67µm
u_core.u_master.u_slave.u_core.S2\[62\],37.67µm
_03144_,37.62µm
_04525_,37.62µm
u_core.u_master.u_slave.blk1\[9\],37.62µm
u_core.u_master.u_slave.u_core.full_nS1_q\[25\],37.62µm
net5065,37.62µm
net5902,37.62µm
_04557_,37.57µm
_05559_,37.57µm
u_core.u_master.u_slave.tagr0\[4\],37.57µm
u_core.u_master.u_slave.u_core.full_nS0_q\[24\],37.57µm
net3743,37.57µm
net5486,37.57µm
_02684_,37.52µm
_02692_,37.52µm
_03443_,37.52µm
_05609_,37.52µm
_06779_,37.52µm
_07668_,37.52µm
_07740_,37.52µm
net3579,37.52µm
net4224,37.52µm
_04735_,37.16µm
u_core.u_master.u_slave.blk2\[2\],37.11µm
u_core.u_master.u_slave.u_core.S2\[1\],37.11µm
u_core.u_master.u_slave.u_core.S2\[34\],37.11µm
_04798_,37.06µm
_05697_,37.06µm
_06977_,37.06µm
_07781_,37.06µm
u_core.u_master.u_slave.blk1\[2\],37.06µm
u_core.u_master.u_slave.blk3\[28\],37.06µm
u_core.u_master.u_slave.u_core.S2\[54\],37.06µm
net5440,37.06µm
net6744,37.06µm
_04736_,37.01µm
_04811_,37.01µm
_07187_,37.01µm
u_core.u_master.u_slave.u_core.S2\[13\],37.01µm
net3588,37.01µm
_04293_,36.96µm
_04720_,36.96µm
_05092_,36.96µm
_07604_,36.96µm
_07925_,36.96µm
u_core.u_master.u_slave.dout_sh\[10\],36.96µm
net3596,36.96µm
net3701,36.96µm
net3733,36.96µm
net6087,36.96µm
u_core.u_master.u_slave.u_core.S3\[4\],36.65µm
u_core.u_master.u_slave.blk0\[21\],36.6µm
_06623_,36.55µm
_04540_,36.5µm
_05036_,36.5µm
_07683_,36.5µm
u_core.u_master.u_slave.key0\[30\],36.5µm
_03700_,36.45µm
_04316_,36.45µm
_07288_,36.45µm
u_core.u_master.u_slave.u_core.S2\[52\],36.45µm
u_core.u_master.u_slave.u_core.last_nrate_q\[120\],36.45µm
net3620,36.45µm
net4958,36.45µm
net5104,36.45µm
net5918,36.45µm
net8517,36.45µm
_07150_,36.4µm
_07536_,36.4µm
u_core.u_master.u_slave.u_core.B0\[7\],36.4µm
u_core.u_master.u_slave.blk0\[2\],35.99µm
u_core.u_master.u_slave.blk3\[23\],35.99µm
u_core.u_master.u_slave.u_core.S2\[23\],35.99µm
net4256,35.99µm
u_core.u_master.u_slave.u_core.B0\[39\],35.94µm
u_core.u_master.u_slave.u_core.B0\[47\],35.94µm
net4335,35.94µm
net4356,35.94µm
net4719,35.94µm
net5875,35.94µm
net5890,35.94µm
net6760,35.94µm
_04793_,35.89µm
_07504_,35.89µm
_07612_,35.89µm
u_core.u_master.u_slave.u_core.B0\[60\],35.89µm
net3614,35.89µm
net4174,35.89µm
net4422,35.89µm
net7705,35.89µm
_00032_,35.84µm
_03935_,35.84µm
_06980_,35.84µm
_07075_,35.84µm
net4654,35.84µm
net6021,35.84µm
net7869,35.84µm
_04698_,35.66µm
_04964_,35.53µm
u_core.u_master.u_slave.blk0\[30\],35.48µm
u_core.u_master.u_slave.blk2\[25\],35.48µm
u_core.u_master.u_slave.u_core.B0\[46\],35.43µm
_06852_,35.38µm
_08379_,35.38µm
u_core.u_master.u_slave.blk0\[1\],35.38µm
u_core.u_master.u_slave.blk3\[27\],35.38µm
u_core.u_master.u_slave.u_core.S0\[2\],35.38µm
u_core.u_master.u_slave.u_core.S2\[15\],35.38µm
net4163,35.38µm
net6942,35.38µm
net7843,35.38µm
_03692_,35.33µm
_03959_,35.33µm
_04408_,35.33µm
_06556_,35.33µm
u_core.u_master.u_slave.tagr1\[27\],35.33µm
net3767,35.33µm
net4807,35.33µm
net6886,35.33µm
_00358_,35.28µm
_04070_,35.28µm
_04282_,35.28µm
_07064_,35.28µm
_07758_,35.28µm
u_core.u_master.u_slave.dout_sh\[86\],35.28µm
u_core.u_master.u_slave.u_core.S2\[33\],35.28µm
net3759,35.28µm
net6034,35.28µm
net6515,35.28µm
u_core.u_master.u_slave.blk2\[20\],34.92µm
u_core.u_master.u_slave.u_core.B4\[0\],34.92µm
u_core.u_master.u_slave.blk2\[8\],34.87µm
u_core.u_master.u_slave.blk3\[12\],34.87µm
net3703,34.87µm
net8516,34.87µm
_04606_,34.82µm
u_core.u_master.u_slave.tagr2\[9\],34.82µm
u_core.u_master.u_slave.u_core.B0\[42\],34.82µm
_06322_,34.77µm
_06835_,34.77µm
_07084_,34.77µm
u_core.u_master.u_slave.u_core.B0\[45\],34.77µm
u_core.u_master.u_slave.u_core.B4\[13\],34.77µm
mosi_IN,34.77µm
net3681,34.77µm
net4305,34.77µm
_04292_,34.72µm
_04352_,34.72µm
_05295_,34.72µm
_05427_,34.72µm
_06546_,34.72µm
_06699_,34.72µm
_07082_,34.72µm
_07351_,34.72µm
_07445_,34.72µm
_07825_,34.72µm
_07887_,34.72µm
u_core.u_master.u_slave.u_core.last_dout_q\[85\],34.72µm
net3535,34.72µm
net3658,34.72µm
net3673,34.72µm
net7779,34.72µm
net8130,34.72µm
_07452_,34.31µm
_07583_,34.31µm
_08196_,34.31µm
u_core.u_master.u_slave.dout_sh\[124\],34.31µm
u_core.u_master.u_slave.u_core.B1\[52\],34.31µm
_02680_,34.26µm
_03129_,34.26µm
_04956_,34.26µm
u_core.u_master.u_slave.blk1\[21\],34.26µm
u_core.u_master.u_slave.key3\[14\],34.26µm
u_core.u_master.u_slave.u_core.B0\[50\],34.26µm
u_core.u_master.u_slave.u_core.B0\[57\],34.26µm
net3616,34.26µm
_04914_,34.21µm
_05180_,34.21µm
u_core.u_master.u_slave.non2\[6\],34.21µm
u_core.u_master.u_slave.u_core.B0\[24\],34.21µm
net3834,34.21µm
net4145,34.21µm
net5733,34.21µm
net6932,34.21µm
_02626_,34.16µm
_02689_,34.16µm
_03847_,34.16µm
_04356_,34.16µm
_06991_,34.16µm
net3626,34.16µm
net8523,34.16µm
u_core.u_master.u_slave.blk0\[14\],33.8µm
u_core.u_master.u_slave.blk2\[22\],33.8µm
u_core.u_master.u_slave.u_core.B0\[29\],33.75µm
_04831_,33.7µm
u_core.u_master.u_slave.blk3\[30\],33.7µm
u_core.u_master.u_slave.tagr0\[3\],33.7µm
u_core.u_master.u_slave.u_core.B0\[20\],33.7µm
u_core.u_master.u_slave.u_core.B0\[8\],33.7µm
net4079,33.7µm
net4924,33.7µm
_03580_,33.65µm
_07841_,33.65µm
u_core.u_master.u_slave.blk1\[7\],33.65µm
u_core.u_master.u_slave.blk2\[3\],33.65µm
u_core.u_master.u_slave.u_core.B0\[17\],33.65µm
u_core.u_master.u_slave.u_core.last_nrate_q\[78\],33.65µm
net3598,33.65µm
net3944,33.65µm
net4271,33.65µm
net5079,33.65µm
net8475,33.65µm
_04094_,33.6µm
_06242_,33.6µm
_07672_,33.6µm
_07878_,33.6µm
u_core.u_master.u_slave.tagr0\[5\],33.6µm
u_core.u_master.u_slave.u_core.full_nS1_q\[18\],33.6µm
u_core.u_master.u_slave.u_core.full_nS1_q\[43\],33.6µm
u_core.u_master.u_slave.u_core.last_nrate_q\[21\],33.6µm
net3806,33.6µm
net4014,33.6µm
net4531,33.6µm
u_core.u_master.u_slave.blk1\[22\],33.29µm
u_core.u_master.u_slave.blk3\[2\],33.19µm
u_core.u_master.u_slave.key2\[20\],33.19µm
net7634,33.19µm
_04415_,33.14µm
u_core.u_master.u_slave.blk0\[20\],33.14µm
u_core.u_master.u_slave.blk3\[4\],33.14µm
u_core.u_master.u_slave.u_core.last_nrate_q\[17\],33.14µm
u_core.u_master.u_slave.u_core.ph,33.14µm
_03203_,33.09µm
_04416_,33.09µm
_07712_,33.09µm
net3618,33.09µm
net3655,33.09µm
net3696,33.09µm
net4353,33.09µm
net4372,33.09µm
net4756,33.09µm
net5130,33.09µm
net6500,33.09µm
_06340_,33.04µm
_06950_,33.04µm
_07009_,33.04µm
_07094_,33.04µm
u_core.txcnt\[4\],33.04µm
u_core.u_master.u_slave.dout_sh\[56\],33.04µm
u_core.u_master.u_slave.key1\[24\],33.04µm
net3890,33.04µm
net4073,33.04µm
net6007,33.04µm
net6077,33.04µm
net6512,33.04µm
net3542,33.02µm
net8610,32.76µm
u_core.u_master.u_slave.blk1\[17\],32.68µm
u_core.u_master.u_slave.key2\[12\],32.63µm
net5652,32.63µm
_03622_,32.58µm
_04594_,32.58µm
_06562_,32.58µm
_08315_,32.58µm
_08322_,32.58µm
_08401_,32.58µm
u_core.u_master.u_slave.u_core.B0\[32\],32.58µm
u_core.u_master.u_slave.u_core.B3\[49\],32.58µm
u_core.u_master.u_slave.u_core.full_nS0_q\[47\],32.58µm
u_core.u_master.u_slave.u_core.full_nS1_q\[14\],32.58µm
u_core.u_master.u_slave.u_core.last_nrate_q\[124\],32.58µm
net4032,32.58µm
net4786,32.58µm
net5892,32.58µm
_03289_,32.53µm
_03386_,32.53µm
_03831_,32.53µm
_05082_,32.53µm
_05586_,32.53µm
_06126_,32.53µm
_06445_,32.53µm
_07949_,32.53µm
u_core.u_master.u_slave.tagr3\[31\],32.53µm
u_core.u_master.u_slave.u_core.B0\[19\],32.53µm
u_core.u_master.u_slave.u_core.B0\[35\],32.53µm
u_core.u_master.u_slave.u_core.S2\[50\],32.53µm
u_core.u_master.u_slave.u_core.S3\[24\],32.53µm
u_core.u_master.u_slave.u_core.full_nS1_q\[16\],32.53µm
net4273,32.53µm
net4588,32.53µm
net5765,32.53µm
net6017,32.53µm
net6818,32.53µm
net8299,32.53µm
_06044_,32.48µm
_06058_,32.48µm
_07134_,32.48µm
_07861_,32.48µm
_08206_,32.48µm
u_core.u_master.u_slave.blk1\[24\],32.48µm
u_core.u_master.u_slave.tagr3\[0\],32.48µm
u_core.u_master.u_slave.u_core.B3\[2\],32.48µm
net3630,32.48µm
net5454,32.48µm
net7298,32.48µm
net8145,32.48µm
net3554,32.2µm
u_core.u_master.u_slave.u_core.S0\[21\],32.17µm
u_core.u_master.u_slave.blk1\[29\],32.12µm
_02676_,32.02µm
_05468_,32.02µm
_07659_,32.02µm
_07876_,32.02µm
_08198_,32.02µm
u_core.u_master.m_wvalid,32.02µm
u_core.u_master.u_slave.dout_sh\[42\],32.02µm
u_core.u_master.u_slave.tagr1\[26\],32.02µm
net4427,32.02µm
net4522,32.02µm
_02682_,31.97µm
_04481_,31.97µm
_04713_,31.97µm
_05186_,31.97µm
_07175_,31.97µm
_08246_,31.97µm
u_core.u_master.u_slave.dout_sh\[126\],31.97µm
u_core.u_master.u_slave.u_core.S2\[21\],31.97µm
net4218,31.97µm
net4350,31.97µm
net5077,31.97µm
net5109,31.97µm
net5124,31.97µm
net8518,31.97µm
_03293_,31.92µm
_03656_,31.92µm
_04103_,31.92µm
_05743_,31.92µm
_06198_,31.92µm
_08003_,31.92µm
_08125_,31.92µm
u_core.u_master.u_slave.dout_sh\[2\],31.92µm
u_core.u_master.u_slave.tagr2\[14\],31.92µm
net4357,31.92µm
net6042,31.92µm
_04604_,31.51µm
u_core.u_master.u_slave.blk3\[19\],31.51µm
u_core.u_master.u_slave.u_core.S2\[41\],31.51µm
net6746,31.51µm
_05135_,31.46µm
u_core.u_master.u_slave.blk0\[17\],31.46µm
u_core.u_master.u_slave.blk2\[7\],31.46µm
u_core.u_master.u_slave.blk3\[25\],31.46µm
net4559,31.46µm
net4662,31.46µm
net5743,31.46µm
net7055,31.46µm
_02666_,31.41µm
_03834_,31.41µm
_06609_,31.41µm
_06851_,31.41µm
_07034_,31.41µm
_08411_,31.41µm
u_core.rst_n_clk,31.41µm
u_core.u_master.u_slave.u_core.B0\[4\],31.41µm
u_core.u_master.u_slave.u_core.B0\[56\],31.41µm
u_core.u_master.u_slave.u_core.B1\[1\],31.41µm
net3975,31.41µm
net3993,31.41µm
net4172,31.41µm
net4484,31.41µm
_03676_,31.36µm
_04970_,31.36µm
_05031_,31.36µm
_05635_,31.36µm
_07153_,31.36µm
_07864_,31.36µm
net2,31.36µm
u_core.cmd_write,31.36µm
u_core.u_master.u_slave.key2\[10\],31.36µm
net3583,31.36µm
net3715,31.36µm
net4909,31.36µm
net3561,31.1µm
net3566,31.01µm
net7021,30.95µm
_03229_,30.9µm
_03769_,30.9µm
_06607_,30.9µm
_07767_,30.9µm
u_core.u_master.u_slave.dout_sh\[18\],30.9µm
u_core.u_master.u_slave.tagw3\[23\],30.9µm
u_core.u_master.u_slave.u_core.S3\[9\],30.9µm
net3934,30.9µm
net6228,30.9µm
net6684,30.9µm
_00035_,30.85µm
_02652_,30.85µm
_04245_,30.85µm
_04499_,30.85µm
_04524_,30.85µm
_05750_,30.85µm
_07123_,30.85µm
_07786_,30.85µm
_08110_,30.85µm
_08240_,30.85µm
u_core.u_master.u_slave.awaddr_q\[4\],30.85µm
u_core.u_master.u_slave.blk2\[1\],30.85µm
net1995,30.85µm
net5085,30.85µm
net5387,30.85µm
net5735,30.85µm
net6218,30.85µm
net6834,30.85µm
_00408_,30.8µm
_03018_,30.8µm
_03272_,30.8µm
_04347_,30.8µm
_06328_,30.8µm
_06698_,30.8µm
_07059_,30.8µm
_07490_,30.8µm
u_core.u_master.u_slave.u_core.B0\[40\],30.8µm
u_core.u_master.u_slave.u_core.last_nrate_q\[98\],30.8µm
net4435,30.8µm
net4549,30.8µm
net4606,30.8µm
net5444,30.8µm
net3563,30.6µm
_04573_,30.39µm
u_core.u_master.u_slave.u_core.B2\[25\],30.39µm
net7900,30.39µm
_02574_,30.34µm
_03455_,30.34µm
_04714_,30.34µm
_07520_,30.34µm
u_core.u_master.m_rvalid,30.34µm
u_core.u_master.u_slave.dout_sh\[69\],30.34µm
u_core.u_master.u_slave.u_core.B0\[26\],30.34µm
u_core.u_master.u_slave.u_core.S2\[59\],30.34µm
net3836,30.34µm
net4119,30.34µm
net4210,30.34µm
net4562,30.34µm
net4648,30.34µm
net4650,30.34µm
net4802,30.34µm
net4937,30.34µm
net5099,30.34µm
net6644,30.34µm
_02871_,30.29µm
_03404_,30.29µm
_03545_,30.29µm
_04537_,30.29µm
_05308_,30.29µm
net3624,30.29µm
net4000,30.29µm
net4286,30.29µm
net4742,30.29µm
net5457,30.29µm
net5825,30.29µm
net6748,30.29µm
net7842,30.29µm
net8480,30.29µm
net8599,30.29µm
_00946_,30.24µm
_02872_,30.24µm
_03246_,30.24µm
_03504_,30.24µm
_03625_,30.24µm
_03661_,30.24µm
_03683_,30.24µm
_03844_,30.24µm
_05068_,30.24µm
_05162_,30.24µm
_07047_,30.24µm
_07826_,30.24µm
_07859_,30.24µm
u_core.u_master.u_slave.blk0\[9\],30.24µm
u_core.u_master.u_slave.dout_sh\[114\],30.24µm
u_core.u_master.u_slave.tagr3\[1\],30.24µm
u_core.u_master.u_slave.tagw0\[17\],30.24µm
net3612,30.24µm
net4132,30.24µm
net4336,30.24µm
net5223,30.24µm
net3546,30.2µm
net3557,29.96µm
u_core.u_master.u_slave.blk1\[4\],29.83µm
u_core.u_master.u_slave.key3\[28\],29.83µm
u_core.u_master.u_slave.u_core.S2\[43\],29.83µm
net4102,29.83µm
_07746_,29.78µm
_07961_,29.78µm
u_core.u_master.u_slave.key1\[28\],29.78µm
u_core.u_master.u_slave.key2\[13\],29.78µm
u_core.u_master.u_slave.u_core.B1\[19\],29.78µm
net4063,29.78µm
net6548,29.78µm
_02773_,29.73µm
_03962_,29.73µm
_06541_,29.73µm
_07239_,29.73µm
_07632_,29.73µm
u_core.bitcnt\[4\],29.73µm
u_core.u_master.u_slave.non3\[3\],29.73µm
u_core.u_master.u_slave.tagr3\[4\],29.73µm
u_core.u_master.u_slave.tagw2\[1\],29.73µm
u_core.u_master.u_slave.u_core.B0\[5\],29.73µm
u_core.u_master.u_slave.u_core.B1\[8\],29.73µm
u_core.u_master.u_slave.u_core.B3\[20\],29.73µm
net3941,29.73µm
net4577,29.73µm
net5092,29.73µm
net5998,29.73µm
net6009,29.73µm
_02628_,29.68µm
_02737_,29.68µm
_03889_,29.68µm
_04043_,29.68µm
_05581_,29.68µm
_06540_,29.68µm
_07109_,29.68µm
_07117_,29.68µm
_07881_,29.68µm
_08028_,29.68µm
u_core.u_master.u_slave.dout_sh\[14\],29.68µm
net4460,29.68µm
net4728,29.68µm
net4769,29.68µm
net5946,29.68µm
net6025,29.68µm
net7268,29.68µm
_04766_,29.32µm
u_core.u_master.u_slave.blk2\[4\],29.32µm
net5638,29.27µm
net3576,29.255µm
_02670_,29.22µm
_04542_,29.22µm
_04605_,29.22µm
u_core.u_master.u_slave.blk1\[1\],29.22µm
u_core.u_master.u_slave.blk3\[24\],29.22µm
u_core.u_master.u_slave.dout_sh\[9\],29.22µm
u_core.u_master.u_slave.u_core.S2\[26\],29.22µm
u_core.u_master.u_slave.u_core.full_nS1_q\[8\],29.22µm
net3812,29.22µm
net3966,29.22µm
net3983,29.22µm
net6934,29.22µm
_02605_,29.17µm
_04276_,29.17µm
_06259_,29.17µm
_07025_,29.17µm
_07171_,29.17µm
u_core.cmd_addr_q\[2\],29.17µm
u_core.u_master.u_slave.tagr3\[9\],29.17µm
u_core.u_master.u_slave.tagw2\[29\],29.17µm
net3915,29.17µm
net3980,29.17µm
net4388,29.17µm
net4897,29.17µm
net6519,29.17µm
net6562,29.17µm
_01159_,29.12µm
_03704_,29.12µm
_04117_,29.12µm
_04214_,29.12µm
_05195_,29.12µm
_05484_,29.12µm
_06066_,29.12µm
_06140_,29.12µm
_06234_,29.12µm
_06536_,29.12µm
_07476_,29.12µm
_07737_,29.12µm
_08325_,29.12µm
u_core.u_master.u_slave.tagr1\[28\],29.12µm
net4558,29.12µm
net4946,29.12µm
net6568,29.12µm
net6628,29.12µm
cs_n_IN,28.98µm
net6987,28.94µm
_08122_,28.81µm
u_core.u_master.u_slave.u_core.B0\[55\],28.76µm
net4192,28.71µm
net4646,28.71µm
net4749,28.71µm
_02646_,28.66µm
_02738_,28.66µm
_03342_,28.66µm
_06374_,28.66µm
_07793_,28.66µm
u_core.u_master.u_slave.dout_sh\[29\],28.66µm
u_core.u_master.u_slave.u_core.B0\[28\],28.66µm
u_core.u_master.u_slave.u_core.S0\[49\],28.66µm
u_core.u_master.u_slave.u_core.last_dout_q\[62\],28.66µm
net280,28.66µm
net3971,28.66µm
net4075,28.66µm
net5073,28.66µm
net5218,28.66µm
_00435_,28.61µm
_02861_,28.61µm
_03895_,28.61µm
_03953_,28.61µm
_04498_,28.61µm
_08341_,28.61µm
u_core.cmd_addr_q\[3\],28.61µm
u_core.u_master.u_slave.tagr2\[4\],28.61µm
u_core.u_master.u_slave.u_core.B0\[58\],28.61µm
u_core.u_master.u_slave.u_core.S3\[55\],28.61µm
net4692,28.61µm
net4954,28.61µm
net5025,28.61µm
net5135,28.61µm
net5165,28.61µm
net5167,28.61µm
net5496,28.61µm
net6341,28.61µm
net6999,28.61µm
_03190_,28.56µm
_03886_,28.56µm
_04303_,28.56µm
_05096_,28.56µm
_05435_,28.56µm
_07061_,28.56µm
net3795,28.56µm
net4214,28.56µm
net4551,28.56µm
net4670,28.56µm
net4917,28.56µm
net5306,28.56µm
net5935,28.56µm
net3544,28.47µm
net4744,28.33µm
net5397,28.33µm
_08173_,28.15µm
_08260_,28.15µm
u_core.u_master.u_slave.blk0\[23\],28.15µm
u_core.u_master.u_slave.u_core.B0\[51\],28.15µm
u_core.u_master.u_slave.u_core.B2\[36\],28.15µm
net3560,28.11µm
_02610_,28.1µm
_07663_,28.1µm
u_core.u_master.u_slave.blk0\[13\],28.1µm
u_core.u_master.u_slave.u_core.full_nS0_q\[19\],28.1µm
u_core.u_master.u_slave.u_core.full_nS0_q\[8\],28.1µm
net5272,28.1µm
net5999,28.1µm
net6734,28.1µm
net6839,28.1µm
net7266,28.1µm
net7619,28.1µm
net8495,28.1µm
_03124_,28.05µm
_03194_,28.05µm
_03209_,28.05µm
_03856_,28.05µm
_05235_,28.05µm
_06016_,28.05µm
_06501_,28.05µm
_06506_,28.05µm
_06678_,28.05µm
_06989_,28.05µm
_07091_,28.05µm
_08012_,28.05µm
_08133_,28.05µm
u_core.u_master.u_slave.dout_sh\[120\],28.05µm
u_core.u_master.u_slave.u_core.B0\[15\],28.05µm
u_core.u_master.u_slave.u_core.S2\[12\],28.05µm
net2675,28.05µm
net3833,28.05µm
net4519,28.05µm
net4548,28.05µm
net4715,28.05µm
net6032,28.05µm
net6669,28.05µm
net7875,28.05µm
net8591,28.05µm
_00945_,28µm
_03413_,28µm
_04561_,28µm
_05021_,28µm
_05131_,28µm
_05146_,28µm
_05940_,28µm
_06246_,28µm
_07180_,28µm
_08035_,28µm
_08209_,28µm
u_core.rx_sr\[30\],28µm
u_core.u_master.u_slave.tagr3\[5\],28µm
u_core.u_master.u_slave.u_core.B1\[21\],28µm
net4086,28µm
net4328,28µm
net5975,28µm
net7841,28µm
net3545,27.745µm
net3551,27.69µm
net3541,27.63µm
_02706_,27.59µm
u_core.u_master.u_slave.u_core.S2\[60\],27.59µm
net4258,27.59µm
_02599_,27.54µm
_03673_,27.54µm
_07564_,27.54µm
_07884_,27.54µm
_07923_,27.54µm
u_core.u_master.m_arready,27.54µm
u_core.u_master.u_slave.tagr3\[26\],27.54µm
u_core.u_master.u_slave.u_core.B4\[8\],27.54µm
net4107,27.54µm
net4242,27.54µm
net4278,27.54µm
net4593,27.54µm
net4732,27.54µm
net4891,27.54µm
net5133,27.54µm
net6001,27.54µm
net3568,27.495µm
_03431_,27.49µm
_03503_,27.49µm
_03583_,27.49µm
_04255_,27.49µm
_04612_,27.49µm
_05281_,27.49µm
_07608_,27.49µm
_07759_,27.49µm
u_core.u_master.u_slave.tagr0\[13\],27.49µm
u_core.u_master.u_slave.u_core.B0\[3\],27.49µm
u_core.u_master.u_slave.u_core.B0\[43\],27.49µm
u_core.u_master.u_slave.u_core.S3\[39\],27.49µm
u_core.u_master.u_slave.u_core.full_nS1_q\[44\],27.49µm
net4260,27.49µm
net4660,27.49µm
net6506,27.49µm
net6710,27.49µm
net8278,27.49µm
net8438,27.49µm
net3574,27.46µm
_03274_,27.44µm
_03814_,27.44µm
_07144_,27.44µm
_07718_,27.44µm
_07946_,27.44µm
u_core.u_master.u_slave.tagr2\[5\],27.44µm
net4302,27.44µm
net4398,27.44µm
net7620,27.44µm
net8400,27.44µm
net3537,27.31µm
net3553,27.08µm
net6752,27.03µm
_02582_,26.98µm
_03637_,26.98µm
_06128_,26.98µm
u_core.u_master.u_slave.blk0\[12\],26.98µm
u_core.u_master.u_slave.key1\[8\],26.98µm
u_core.u_master.u_slave.key3\[21\],26.98µm
u_core.u_master.u_slave.u_core.B1\[60\],26.98µm
u_core.u_master.u_slave.u_core.full_nS1_q\[42\],26.98µm
net4315,26.98µm
net4448,26.98µm
net5075,26.98µm
net5973,26.98µm
net6377,26.98µm
net7045,26.98µm
rst_n_IN,26.95µm
_02690_,26.93µm
_02957_,26.93µm
_03763_,26.93µm
_03813_,26.93µm
_03868_,26.93µm
_04343_,26.93µm
_06620_,26.93µm
_06936_,26.93µm
_07754_,26.93µm
u_core.frame_hold\[34\],26.93µm
u_core.u_master.u_slave.tagw0\[8\],26.93µm
u_core.u_master.u_slave.u_core.B0\[54\],26.93µm
u_core.u_master.u_slave.u_core.full_nS1_q\[36\],26.93µm
net3735,26.93µm
net3839,26.93µm
net3973,26.93µm
net4190,26.93µm
net4409,26.93µm
net5045,26.93µm
net5922,26.93µm
net6418,26.93µm
net6624,26.93µm
net6650,26.93µm
net7017,26.93µm
net7065,26.93µm
net7270,26.93µm
_01062_,26.88µm
_03440_,26.88µm
_03452_,26.88µm
_04283_,26.88µm
_07125_,26.88µm
_07556_,26.88µm
_07700_,26.88µm
_08124_,26.88µm
_08266_,26.88µm
_08359_,26.88µm
_08360_,26.88µm
_08377_,26.88µm
net3536,26.88µm
u_core.u_master.u_slave.dout_sh\[54\],26.88µm
u_core.u_master.u_slave.tagr1\[23\],26.88µm
u_core.u_master.u_slave.tagw0\[21\],26.88µm
u_core.u_master.u_slave.u_core.B4\[23\],26.88µm
net4652,26.88µm
net4855,26.88µm
net5015,26.88µm
net5310,26.88µm
net5667,26.88µm
net5955,26.88µm
net6018,26.88µm
net6111,26.88µm
net4793,26.65µm
u_core.u_master.u_slave.blk3\[11\],26.52µm
u_core.u_master.u_slave.tagr0\[2\],26.47µm
u_core.u_master.u_slave.u_core.B0\[14\],26.47µm
net4123,26.47µm
net4466,26.47µm
_04495_,26.42µm
net3985,26.42µm
net3991,26.42µm
net4237,26.42µm
net4402,26.42µm
net5140,26.42µm
net5368,26.42µm
net5993,26.42µm
net6592,26.42µm
_00802_,26.37µm
_02815_,26.37µm
_04555_,26.37µm
_05389_,26.37µm
_06334_,26.37µm
_06363_,26.37µm
_07280_,26.37µm
_08162_,26.37µm
_08399_,26.37µm
u_core.rd_data_clk\[12\],26.37µm
u_core.u_master.u_slave.core_dout_data\[111\],26.37µm
u_core.u_master.u_slave.dout_sh\[92\],26.37µm
u_core.u_master.u_slave.non3\[20\],26.37µm
u_core.u_master.u_slave.tagr1\[7\],26.37µm
u_core.u_master.u_slave.tagr2\[6\],26.37µm
u_core.u_master.u_slave.tagw2\[30\],26.37µm
u_core.u_master.u_slave.u_core.B1\[61\],26.37µm
u_core.u_master.u_slave.u_core.B4\[63\],26.37µm
u_core.u_master.u_slave.u_core.full_nS1_q\[56\],26.37µm
u_core.u_master.u_slave.u_core.last_nrate_q\[84\],26.37µm
net4540,26.37µm
net4590,26.37µm
net4672,26.37µm
net5012,26.37µm
net5180,26.37µm
net5898,26.37µm
net5952,26.37µm
net6804,26.37µm
net7622,26.37µm
net7938,26.37µm
_00391_,26.32µm
_00776_,26.32µm
_03379_,26.32µm
_03636_,26.32µm
_05020_,26.32µm
_05856_,26.32µm
_06180_,26.32µm
_06354_,26.32µm
_07050_,26.32µm
_07589_,26.32µm
_07785_,26.32µm
_08095_,26.32µm
_08370_,26.32µm
u_core.u_master.u_slave.dout_sh\[91\],26.32µm
u_core.u_master.u_slave.tagr1\[10\],26.32µm
u_core.u_master.u_slave.u_core.last_dout_q\[43\],26.32µm
net3594,26.32µm
net3634,26.32µm
net4025,26.32µm
net4117,26.32µm
net4395,26.32µm
net4421,26.32µm
net4698,26.32µm
net6244,26.32µm
net6285,26.32µm
net8521,26.32µm
net3543,26.04µm
net3559,26.04µm
_07886_,25.96µm
_03562_,25.91µm
_08174_,25.91µm
_08270_,25.91µm
net3539,25.9µm
_02595_,25.86µm
_03536_,25.86µm
_04570_,25.86µm
_07774_,25.86µm
u_core.rd_data_clk\[17\],25.86µm
u_core.u_master.u_slave.dout_sh\[61\],25.86µm
u_core.u_master.u_slave.dout_sh\[87\],25.86µm
u_core.u_master.u_slave.u_core.full_nS0_q\[16\],25.86µm
net3628,25.86µm
net4511,25.86µm
net5395,25.86µm
net6993,25.86µm
net7911,25.86µm
_00426_,25.81µm
_01044_,25.81µm
_02603_,25.81µm
_03064_,25.81µm
_04595_,25.81µm
_04729_,25.81µm
_05467_,25.81µm
_05523_,25.81µm
_06830_,25.81µm
_07491_,25.81µm
_07733_,25.81µm
_07787_,25.81µm
_08402_,25.81µm
_08409_,25.81µm
u_core.rd_data_clk\[26\],25.81µm
u_core.rd_data_clk\[7\],25.81µm
u_core.rd_data_clk\[8\],25.81µm
u_core.u_master.u_slave.dout_sh\[119\],25.81µm
u_core.u_master.u_slave.dout_sh\[74\],25.81µm
u_core.u_master.u_slave.non2\[12\],25.81µm
u_core.u_master.u_slave.u_core.B4\[5\],25.81µm
u_core.u_master.u_slave.u_core.full_nS0_q\[46\],25.81µm
net3636,25.81µm
net3868,25.81µm
net4185,25.81µm
net4579,25.81µm
net4707,25.81µm
net4847,25.81µm
net5011,25.81µm
net5063,25.81µm
net5705,25.81µm
net5885,25.81µm
net5971,25.81µm
net6430,25.81µm
net6484,25.81µm
net8296,25.81µm
_00819_,25.76µm
_02660_,25.76µm
_02777_,25.76µm
_03719_,25.76µm
_04667_,25.76µm
_05470_,25.76µm
_05842_,25.76µm
_06563_,25.76µm
_06843_,25.76µm
_06861_,25.76µm
_07147_,25.76µm
_07838_,25.76µm
_08020_,25.76µm
_08171_,25.76µm
_08281_,25.76µm
_08381_,25.76µm
u_core.u_master.u_slave.blk3\[16\],25.76µm
net3754,25.76µm
net4976,25.76µm
net5764,25.76µm
net5966,25.76µm
net7057,25.76µm
u_core.u_master.u_slave.blk1\[28\],25.4µm
_04541_,25.35µm
net5925,25.35µm
net3575,25.34µm
_04500_,25.3µm
_08255_,25.3µm
u_core.u_master.u_slave.dout_sh\[31\],25.3µm
u_core.u_master.u_slave.dout_sh\[45\],25.3µm
u_core.u_master.u_slave.non3\[23\],25.3µm
net3725,25.3µm
net4065,25.3µm
net4229,25.3µm
net4417,25.3µm
net4454,25.3µm
net4734,25.3µm
net4973,25.3µm
net5929,25.3µm
net6452,25.3µm
net6582,25.3µm
net7627,25.3µm
net8318,25.3µm
_03128_,25.25µm
_03647_,25.25µm
_03919_,25.25µm
_04584_,25.25µm
_05115_,25.25µm
_06134_,25.25µm
_07848_,25.25µm
_07890_,25.25µm
_08134_,25.25µm
_08205_,25.25µm
_08218_,25.25µm
_08372_,25.25µm
_08395_,25.25µm
net3571,25.25µm
u_core.u_master.u_slave.blk1\[5\],25.25µm
u_core.u_master.u_slave.tagr1\[31\],25.25µm
u_core.u_master.u_slave.tagr2\[1\],25.25µm
u_core.u_master.u_slave.u_core.B1\[63\],25.25µm
u_core.u_master.u_slave.u_core.S0\[6\],25.25µm
u_core.u_master.u_slave.u_core.full_nS0_q\[28\],25.25µm
u_core.u_master.u_slave.u_core.full_nS0_q\[43\],25.25µm
u_core.u_master.u_slave.u_core.full_nS1_q\[47\],25.25µm
net3650,25.25µm
net3747,25.25µm
net4100,25.25µm
net4113,25.25µm
net4171,25.25µm
net4198,25.25µm
net4690,25.25µm
net4935,25.25µm
net5061,25.25µm
net5289,25.25µm
net5609,25.25µm
net5745,25.25µm
net6560,25.25µm
net6632,25.25µm
net7855,25.25µm
_00052_,25.2µm
_00405_,25.2µm
_03063_,25.2µm
_03569_,25.2µm
_03616_,25.2µm
_03646_,25.2µm
_04022_,25.2µm
_04046_,25.2µm
_04334_,25.2µm
_05221_,25.2µm
_05236_,25.2µm
_05242_,25.2µm
_05343_,25.2µm
_05441_,25.2µm
_06342_,25.2µm
_07098_,25.2µm
_07130_,25.2µm
_07909_,25.2µm
_08085_,25.2µm
_08135_,25.2µm
_08382_,25.2µm
_08400_,25.2µm
u_core.u_master.u_slave.tagw0\[4\],25.2µm
u_core.u_master.u_slave.tagw1\[0\],25.2µm
u_core.u_master.u_slave.u_core.B1\[22\],25.2µm
u_core.u_master.u_slave.u_core.full_nS1_q\[59\],25.2µm
u_core.u_master.u_slave.u_core.last_nrate_q\[115\],25.2µm
miso_OUT,25.2µm
net3699,25.2µm
net3855,25.2µm
net4311,25.2µm
net4529,25.2µm
net4736,25.2µm
net4760,25.2µm
net4845,25.2µm
net5049,25.2µm
net5274,25.2µm
net6458,25.2µm
net6861,25.2µm
net8432,25.2µm
net3573,25.125µm
_05049_,24.97µm
net4143,24.92µm
net3549,24.83µm
net4046,24.79µm
net7155,24.79µm
net7347,24.79µm
_00149_,24.74µm
_03571_,24.74µm
_04600_,24.74µm
_04752_,24.74µm
_07624_,24.74µm
_08344_,24.74µm
u_core.u_master.u_slave.tagr0\[21\],24.74µm
u_core.u_master.u_slave.tagw0\[16\],24.74µm
u_core.u_master.u_slave.u_core.B0\[53\],24.74µm
u_core.u_master.u_slave.u_core.B1\[17\],24.74µm
net4565,24.74µm
net4889,24.74µm
net7636,24.74µm
net8510,24.74µm
net3538,24.71µm
_01261_,24.69µm
_02601_,24.69µm
_02607_,24.69µm
_02779_,24.69µm
_03667_,24.69µm
_04264_,24.69µm
_04598_,24.69µm
_04669_,24.69µm
_04998_,24.69µm
_05471_,24.69µm
_05917_,24.69µm
_06805_,24.69µm
_06815_,24.69µm
_07057_,24.69µm
_07609_,24.69µm
_07906_,24.69µm
_08351_,24.69µm
u_core.rd_data_clk\[0\],24.69µm
u_core.rd_data_clk\[23\],24.69µm
u_core.u_master.u_slave.blk0\[16\],24.69µm
u_core.u_master.u_slave.blk_pending,24.69µm
u_core.u_master.u_slave.dout_sh\[127\],24.69µm
u_core.u_master.u_slave.dout_sh\[51\],24.69µm
u_core.u_master.u_slave.dout_sh\[90\],24.69µm
u_core.u_master.u_slave.non2\[5\],24.69µm
u_core.u_master.u_slave.tagr1\[24\],24.69µm
u_core.u_master.u_slave.tagw0\[19\],24.69µm
u_core.u_master.u_slave.u_core.B0\[49\],24.69µm
u_core.u_master.u_slave.u_core.last_dout_q\[93\],24.69µm
net3608,24.69µm
net4705,24.69µm
net5494,24.69µm
net6523,24.69µm
net6588,24.69µm
net6642,24.69µm
net6648,24.69µm
net6784,24.69µm
net7628,24.69µm
net7664,24.69µm
net8509,24.69µm
_02025_,24.64µm
_03368_,24.64µm
_03524_,24.64µm
_04215_,24.64µm
_04371_,24.64µm
_05015_,24.64µm
_05097_,24.64µm
_06217_,24.64µm
_07005_,24.64µm
_07027_,24.64µm
_07177_,24.64µm
_07820_,24.64µm
u_core.u_master.u_slave.u_core.S3\[16\],24.64µm
u_core.u_master.u_slave.u_core.last_nrate_q\[34\],24.64µm
net3958,24.64µm
net4332,24.64µm
net4713,24.64µm
net5188,24.64µm
net7757,24.64µm
net7763,24.64µm
net8119,24.64µm
net8203,24.64µm
_05458_,24.36µm
_03589_,24.23µm
u_core.u_master.u_slave.u_core.S2\[35\],24.23µm
net3675,24.23µm
net8496,24.23µm
_04615_,24.18µm
_04710_,24.18µm
_08417_,24.18µm
u_core.u_master.u_slave.blk0\[24\],24.18µm
u_core.u_master.u_slave.dout_sh\[1\],24.18µm
u_core.u_master.u_slave.tagr3\[23\],24.18µm
u_core.u_master.u_slave.u_core.B0\[13\],24.18µm
net3587,24.18µm
net3638,24.18µm
net3729,24.18µm
net3996,24.18µm
net5681,24.18µm
net6005,24.18µm
net8444,24.18µm
net3569,24.17µm
_00103_,24.13µm
_01141_,24.13µm
_02634_,24.13µm
_03277_,24.13µm
_03668_,24.13µm
_03904_,24.13µm
_04008_,24.13µm
_04278_,24.13µm
_04626_,24.13µm
_05121_,24.13µm
_05172_,24.13µm
_05393_,24.13µm
_05898_,24.13µm
_06316_,24.13µm
_06330_,24.13µm
_06968_,24.13µm
_07077_,24.13µm
_07460_,24.13µm
_07688_,24.13µm
_07810_,24.13µm
_07902_,24.13µm
_08009_,24.13µm
_08106_,24.13µm
_08311_,24.13µm
u_core.cmd_done,24.13µm
u_core.cmd_valid,24.13µm
u_core.rd_data_clk\[27\],24.13µm
u_core.rd_data_clk\[9\],24.13µm
u_core.u_master.u_slave.dout_sh\[32\],24.13µm
u_core.u_master.u_slave.non2\[31\],24.13µm
u_core.u_master.u_slave.u_core.B0\[38\],24.13µm
u_core.u_master.u_slave.u_core.S2\[31\],24.13µm
u_core.u_master.u_slave.u_core.S3\[27\],24.13µm
u_core.u_master.u_slave.u_core.full_nS1_q\[41\],24.13µm
net3858,24.13µm
net4082,24.13µm
net4182,24.13µm
net4244,24.13µm
net4694,24.13µm
net4985,24.13µm
net5128,24.13µm
net5374,24.13µm
net5704,24.13µm
net5950,24.13µm
net6517,24.13µm
net6880,24.13µm
net7177,24.13µm
net7240,24.13µm
net7741,24.13µm
net8590,24.13µm
_01127_,24.08µm
_02934_,24.08µm
_03110_,24.08µm
_03239_,24.08µm
_03819_,24.08µm
_04388_,24.08µm
_05261_,24.08µm
_05267_,24.08µm
_05347_,24.08µm
_05970_,24.08µm
_06146_,24.08µm
_06186_,24.08µm
_07528_,24.08µm
_07655_,24.08µm
_07849_,24.08µm
_08037_,24.08µm
_08232_,24.08µm
_08328_,24.08µm
u_core.rx_sr\[14\],24.08µm
u_core.u_master.u_slave.u_core.full_nS0_q\[32\],24.08µm
net3670,24.08µm
net3755,24.08µm
net3774,24.08µm
net3847,24.08µm
net3909,24.08µm
net4294,24.08µm
net4354,24.08µm
net4538,24.08µm
net5729,24.08µm
net5766,24.08µm
net5802,24.08µm
net5987,24.08µm
net6410,24.08µm
net6968,24.08µm
net7217,24.08µm
net7681,24.08µm
net3577,23.99µm
net5658,23.85µm
_08031_,23.67µm
net4319,23.67µm
_04523_,23.62µm
_07474_,23.62µm
_07507_,23.62µm
_07809_,23.62µm
_08096_,23.62µm
_08265_,23.62µm
u_core.u_master.u_slave.u_core.B0\[36\],23.62µm
u_core.u_master.u_slave.u_core.B1\[14\],23.62µm
u_core.u_master.u_slave.u_core.full_nS0_q\[26\],23.62µm
u_core.u_master.u_slave.u_core.full_nS0_q\[31\],23.62µm
u_core.u_master.u_slave.u_core.full_nS1_q\[1\],23.62µm
u_core.u_master.u_slave.u_core.last_nrate_q\[119\],23.62µm
net3794,23.62µm
net4105,23.62µm
net4345,23.62µm
net4416,23.62µm
net4487,23.62µm
net4962,23.62µm
net5055,23.62µm
net5083,23.62µm
net5937,23.62µm
net6030,23.62µm
net6766,23.62µm
net6788,23.62µm
_02702_,23.57µm
_02793_,23.57µm
_02982_,23.57µm
_03137_,23.57µm
_03151_,23.57µm
_03659_,23.57µm
_06313_,23.57µm
_07133_,23.57µm
_07853_,23.57µm
_07919_,23.57µm
_07972_,23.57µm
u_core.u_master.u_slave.tagw3\[16\],23.57µm
u_core.u_master.u_slave.u_core.B3\[10\],23.57µm
u_core.u_master.u_slave.u_core.B3\[31\],23.57µm
u_core.u_master.u_slave.u_core.B3\[56\],23.57µm
u_core.u_master.u_slave.u_core.B3\[9\],23.57µm
u_core.u_master.u_slave.u_core.last_nrate_q\[83\],23.57µm
net3684,23.57µm
net3713,23.57µm
net4050,23.57µm
net4376,23.57µm
net4664,23.57µm
net4825,23.57µm
net4857,23.57µm
net5060,23.57µm
net5209,23.57µm
net5678,23.57µm
net5830,23.57µm
net6023,23.57µm
net6038,23.57µm
net6300,23.57µm
net6404,23.57µm
net6566,23.57µm
net6667,23.57µm
net8461,23.57µm
net8585,23.57µm
_00016_,23.52µm
_00875_,23.52µm
_02811_,23.52µm
_04304_,23.52µm
_05291_,23.52µm
_05626_,23.52µm
_06004_,23.52µm
_06319_,23.52µm
_06355_,23.52µm
_06648_,23.52µm
_06904_,23.52µm
_07095_,23.52µm
_07184_,23.52µm
_07732_,23.52µm
_07762_,23.52µm
_08103_,23.52µm
_08223_,23.52µm
_08263_,23.52µm
u_core.u_master.u_slave.dout_sh\[26\],23.52µm
u_core.u_master.u_slave.u_core.full_nS0_q\[23\],23.52µm
net3986,23.52µm
net4136,23.52µm
net5304,23.52µm
net5600,23.52µm
net5710,23.52µm
net5932,23.52µm
net6422,23.52µm
net3552,23.5µm
net3565,23.38µm
net3572,23.335µm
u_core.u_master.u_slave.blk3\[3\],23.21µm
net3540,23.15µm
_04554_,23.11µm
u_core.u_master.u_slave.u_core.B0\[30\],23.11µm
net4194,23.11µm
net4472,23.11µm
net5393,23.11µm
_02710_,23.06µm
_07591_,23.06µm
_08340_,23.06µm
u_core.u_master.u_slave.blk1\[16\],23.06µm
u_core.u_master.u_slave.tagw1\[23\],23.06µm
u_core.u_master.u_slave.u_core.B0\[2\],23.06µm
u_core.u_master.u_slave.u_core.last_dout_q\[31\],23.06µm
u_core.u_master.u_slave.u_core.last_nrate_q\[45\],23.06µm
u_core.u_master.u_slave.u_core.last_nrate_q\[80\],23.06µm
net3606,23.06µm
net4248,23.06µm
net4525,23.06µm
net5116,23.06µm
net5317,23.06µm
net7023,23.06µm
net7215,23.06µm
net8481,23.06µm
net8502,23.06µm
_00237_,23.01µm
_02650_,23.01µm
_02920_,23.01µm
_03036_,23.01µm
_03335_,23.01µm
_03521_,23.01µm
_03718_,23.01µm
_03839_,23.01µm
_04146_,23.01µm
_04601_,23.01µm
_05650_,23.01µm
_06100_,23.01µm
_06171_,23.01µm
_06579_,23.01µm
_07067_,23.01µm
_07076_,23.01µm
_07169_,23.01µm
_07444_,23.01µm
_07691_,23.01µm
_07847_,23.01µm
u_core.cmd_addr_q\[6\],23.01µm
u_core.u_master.u_slave.non3\[25\],23.01µm
u_core.u_master.u_slave.u_core.full_nS1_q\[19\],23.01µm
net4282,23.01µm
net4331,23.01µm
net4389,23.01µm
net4545,23.01µm
net5022,23.01µm
net5029,23.01µm
net5915,23.01µm
net6540,23.01µm
net6678,23.01µm
net6997,23.01µm
net7273,23.01µm
net7667,23.01µm
net8022,23.01µm
net8041,23.01µm
net8531,23.01µm
_00703_,22.96µm
_02667_,22.96µm
_02818_,22.96µm
_03345_,22.96µm
_03383_,22.96µm
_03446_,22.96µm
_03553_,22.96µm
_03555_,22.96µm
_03932_,22.96µm
_03937_,22.96µm
_04298_,22.96µm
_05303_,22.96µm
_05377_,22.96µm
_06346_,22.96µm
_07165_,22.96µm
_07880_,22.96µm
_08329_,22.96µm
_08397_,22.96µm
u_core.rx_sr\[9\],22.96µm
u_core.u_master.u_slave.core_dout_data\[42\],22.96µm
u_core.u_master.u_slave.tagr1\[17\],22.96µm
net3727,22.96µm
net3800,22.96µm
net4263,22.96µm
net4280,22.96µm
net4491,22.96µm
net4644,22.96µm
net4849,22.96µm
net5358,22.96µm
net5799,22.96µm
net5909,22.96µm
net6646,22.96µm
net7653,22.96µm
net8533,22.96µm
net3567,22.95µm
net3548,22.645µm
net3555,22.59µm
_07974_,22.55µm
net4134,22.55µm
net4493,22.55µm
_02622_,22.5µm
_03658_,22.5µm
u_core.cst\[0\],22.5µm
u_core.txcnt\[5\],22.5µm
u_core.u_master.u_slave.blk1\[23\],22.5µm
u_core.u_master.u_slave.tagw0\[23\],22.5µm
u_core.u_master.u_slave.tagw2\[5\],22.5µm
u_core.u_master.u_slave.u_core.B0\[1\],22.5µm
u_core.u_master.u_slave.u_core.B0\[34\],22.5µm
u_core.u_master.u_slave.u_core.S4\[2\],22.5µm
u_core.u_master.u_slave.u_core.last_dout_q\[107\],22.5µm
u_core.u_master.u_slave.u_core.last_nrate_q\[106\],22.5µm
u_core.u_master.u_slave.u_core.last_nrate_q\[48\],22.5µm
net3953,22.5µm
net4160,22.5µm
net4576,22.5µm
net4835,22.5µm
net5032,22.5µm
net6604,22.5µm
net7203,22.5µm
net8494,22.5µm
_02560_,22.45µm
_02643_,22.45µm
_02761_,22.45µm
_02796_,22.45µm
_02938_,22.45µm
_03164_,22.45µm
_03218_,22.45µm
_03275_,22.45µm
_03607_,22.45µm
_04313_,22.45µm
_04344_,22.45µm
_05289_,22.45µm
_05359_,22.45µm
_06324_,22.45µm
_06394_,22.45µm
_06773_,22.45µm
_06790_,22.45µm
_06834_,22.45µm
_07014_,22.45µm
_07461_,22.45µm
_07478_,22.45µm
_07755_,22.45µm
_07943_,22.45µm
_08021_,22.45µm
_08156_,22.45µm
u_core.u_master.m_araddr\[6\],22.45µm
u_core.u_master.m_wdata\[18\],22.45µm
u_core.u_master.u_slave.dout_sh\[83\],22.45µm
u_core.u_master.u_slave.non3\[16\],22.45µm
u_core.u_master.u_slave.tagw0\[7\],22.45µm
u_core.u_master.u_slave.tagw3\[18\],22.45µm
u_core.u_master.u_slave.u_core.B0\[12\],22.45µm
u_core.u_master.u_slave.u_core.S3\[36\],22.45µm
u_core.u_master.u_slave.u_core.S3\[50\],22.45µm
u_core.u_master.u_slave.u_core.full_nS0_q\[0\],22.45µm
u_core.u_master.u_slave.u_core.full_nS1_q\[46\],22.45µm
net3780,22.45µm
net3995,22.45µm
net4048,22.45µm
net4059,22.45µm
net4236,22.45µm
net4318,22.45µm
net4446,22.45µm
net4717,22.45µm
net4867,22.45µm
net5336,22.45µm
net6530,22.45µm
net6586,22.45µm
net6991,22.45µm
net7142,22.45µm
net8151,22.45µm
net8232,22.45µm
net8544,22.45µm
net8549,22.45µm
_00691_,22.4µm
_02726_,22.4µm
_02965_,22.4µm
_03394_,22.4µm
_03450_,22.4µm
_04064_,22.4µm
_05487_,22.4µm
_05501_,22.4µm
_05892_,22.4µm
_06545_,22.4µm
_06935_,22.4µm
_07032_,22.4µm
_07103_,22.4µm
_07812_,22.4µm
_08022_,22.4µm
_08416_,22.4µm
u_core.u_master.u_slave.blk2\[11\],22.4µm
u_core.u_master.u_slave.core_dout_data\[41\],22.4µm
u_core.u_master.u_slave.dout_sh\[0\],22.4µm
u_core.u_master.u_slave.u_core.B0\[22\],22.4µm
u_core.u_master.u_slave.u_core.last_dout_q\[47\],22.4µm
u_core.u_master.u_slave.u_core.last_dout_q\[67\],22.4µm
u_core.u_master.u_slave.u_core.last_dout_q\[9\],22.4µm
u_core.u_master.u_slave.u_core.last_nrate_q\[103\],22.4µm
net3709,22.4µm
net4015,22.4µm
net4359,22.4µm
net4431,22.4µm
net4599,22.4µm
net4821,22.4µm
net5000,22.4µm
net5064,22.4µm
net5142,22.4µm
net5185,22.4µm
net5360,22.4µm
net5515,22.4µm
net6983,22.4µm
net7673,22.4µm
net3562,22.31µm
_04860_,22.17µm
net3550,22.105µm
_03565_,21.99µm
u_core.u_master.u_slave.u_core.B1\[41\],21.99µm
u_core.u_master.u_slave.u_core.B1\[62\],21.99µm
u_core.u_master.u_slave.u_core.S3\[6\],21.99µm
net1055,21.99µm
_02730_,21.94µm
_02740_,21.94µm
_04413_,21.94µm
_05403_,21.94µm
_07731_,21.94µm
_08049_,21.94µm
u_core.u_master.u_slave.tagr3\[18\],21.94µm
u_core.u_master.u_slave.tagw0\[20\],21.94µm
u_core.u_master.u_slave.tagw1\[24\],21.94µm
u_core.u_master.u_slave.u_core.B0\[27\],21.94µm
net1789,21.94µm
net4432,21.94µm
net4508,21.94µm
net6446,21.94µm
net6554,21.94µm
net6626,21.94µm
net7136,21.94µm
net7149,21.94µm
net3558,21.9µm
_00141_,21.89µm
_00438_,21.89µm
_00708_,21.89µm
_00885_,21.89µm
_03046_,21.89µm
_04055_,21.89µm
_04335_,21.89µm
_05438_,21.89µm
_05736_,21.89µm
_06396_,21.89µm
_06863_,21.89µm
_06926_,21.89µm
_07100_,21.89µm
_07137_,21.89µm
_07791_,21.89µm
_08054_,21.89µm
_08320_,21.89µm
u_core.u_master.m_bvalid,21.89µm
u_core.u_master.u_slave.dout_sh\[23\],21.89µm
u_core.u_master.u_slave.dout_sh\[48\],21.89µm
u_core.u_master.u_slave.tagr0\[10\],21.89µm
u_core.u_master.u_slave.u_core.last_nrate_q\[71\],21.89µm
u_core.u_master.u_slave.u_core.last_nrate_q\[81\],21.89µm
net3821,21.89µm
net3830,21.89µm
net3988,21.89µm
net4037,21.89µm
net4176,21.89µm
net4322,21.89µm
net4711,21.89µm
net4977,21.89µm
net5524,21.89µm
net5858,21.89µm
net5944,21.89µm
net5977,21.89µm
net6314,21.89µm
net6412,21.89µm
net6442,21.89µm
net6714,21.89µm
net3556,21.875µm
_00599_,21.84µm
_01007_,21.84µm
_01395_,21.84µm
_03174_,21.84µm
_03905_,21.84µm
_03909_,21.84µm
_04104_,21.84µm
_04373_,21.84µm
_04611_,21.84µm
_04657_,21.84µm
_05822_,21.84µm
_05973_,21.84µm
_06390_,21.84µm
_06523_,21.84µm
_06544_,21.84µm
_06660_,21.84µm
_07081_,21.84µm
_07108_,21.84µm
_07181_,21.84µm
_07875_,21.84µm
_07940_,21.84µm
_08123_,21.84µm
_08214_,21.84µm
u_core.u_master.u_slave.u_core.B1\[48\],21.84µm
net,21.84µm
net3906,21.84µm
net4116,21.84µm
net4382,21.84µm
net4476,21.84µm
net4618,21.84µm
net4721,21.84µm
net4837,21.84µm
net4848,21.84µm
net4911,21.84µm
net4913,21.84µm
net5737,21.84µm
net5904,21.84µm
net7687,21.84µm
net7690,21.84µm
net7811,21.84µm
net8133,21.84µm
net8189,21.84µm
net8397,21.84µm
net8596,21.84µm
net3547,21.75µm
net3564,21.58µm
_02759_,21.43µm
_03598_,21.43µm
_04231_,21.43µm
_08309_,21.43µm
u_core.u_master.u_slave.blk1\[25\],21.43µm
u_core.u_master.u_slave.blk1\[6\],21.43µm
u_core.u_master.u_slave.u_core.B0\[25\],21.43µm
net7025,21.43µm
_05010_,21.38µm
_08415_,21.38µm
u_core.txcnt\[0\],21.38µm
u_core.u_master.u_slave.u_core.B4\[3\],21.38µm
net3842,21.38µm
net3945,21.38µm
net4656,21.38µm
net5081,21.38µm
net5355,21.38µm
net5727,21.38µm
net5914,21.38µm
net5991,21.38µm
_00808_,21.33µm
_02583_,21.33µm
_02662_,21.33µm
_03005_,21.33µm
_03301_,21.33µm
_03649_,21.33µm
_04265_,21.33µm
_04323_,21.33µm
_04385_,21.33µm
_04399_,21.33µm
_04539_,21.33µm
_04632_,21.33µm
_04654_,21.33µm
_05556_,21.33µm
_05934_,21.33µm
_07026_,21.33µm
_07390_,21.33µm
_07611_,21.33µm
_08024_,21.33µm
_08257_,21.33µm
u_core.frame_hold\[35\],21.33µm
u_core.u_master.m_awaddr\[6\],21.33µm
u_core.u_master.m_awready,21.33µm
u_core.u_master.u_slave.dout_sh\[116\],21.33µm
u_core.u_master.u_slave.tagw1\[4\],21.33µm
u_core.u_master.u_slave.u_core.last_dout_q\[58\],21.33µm
net3798,21.33µm
net3926,21.33µm
net4103,21.33µm
net4165,21.33µm
net4570,21.33µm
net5778,21.33µm
net6383,21.33µm
net6462,21.33µm
net7222,21.33µm
net7784,21.33µm
net7835,21.33µm
net8507,21.33µm
net8534,21.33µm
net8593,21.33µm
net8602,21.33µm
net8604,21.33µm
_00182_,21.28µm
_00495_,21.28µm
_00989_,21.28µm
_01037_,21.28µm
_02665_,21.28µm
_03179_,21.28µm
_03449_,21.28µm
_03784_,21.28µm
_04234_,21.28µm
_04629_,21.28µm
_04861_,21.28µm
_05431_,21.28µm
_05745_,21.28µm
_05762_,21.28µm
_06386_,21.28µm
_06721_,21.28µm
_07936_,21.28µm
_08248_,21.28µm
_08349_,21.28µm
u_core.bitcnt\[2\],21.28µm
u_core.u_master.u_slave.blk1\[18\],21.28µm
u_core.u_master.u_slave.dout_sh\[52\],21.28µm
u_core.u_master.u_slave.tagr0\[0\],21.28µm
u_core.u_master.u_slave.u_core.B1\[16\],21.28µm
u_core.u_master.u_slave.u_core.last_nrate_q\[113\],21.28µm
u_core.u_master.u_slave.u_core.last_nrate_q\[89\],21.28µm
net3840,21.28µm
net3850,21.28µm
net4154,21.28µm
net4375,21.28µm
net4442,21.28µm
net4595,21.28µm
net4704,21.28µm
net5479,21.28µm
net5641,21.28µm
net6753,21.28µm
net8090,21.28µm
net8390,21.28µm
net8447,21.28µm
net8473,21.28µm
net4505,21µm
u_core.u_master.m_awvalid,20.87µm
net5111,20.87µm
_05111_,20.82µm
u_core.u_master.m_wready,20.82µm
u_core.u_master.u_slave.tagw1\[19\],20.82µm
u_core.u_master.u_slave.u_core.B1\[26\],20.82µm
u_core.u_master.u_slave.u_core.B1\[29\],20.82µm
u_core.u_master.u_slave.u_core.full_nS1_q\[5\],20.82µm
net4254,20.82µm
net4284,20.82µm
net4709,20.82µm
net5725,20.82µm
net6256,20.82µm
net7080,20.82µm
net8239,20.82µm
_00413_,20.77µm
_01145_,20.77µm
_01196_,20.77µm
_01269_,20.77µm
_02718_,20.77µm
_02734_,20.77µm
_03434_,20.77µm
_04940_,20.77µm
_04994_,20.77µm
_05023_,20.77µm
_05244_,20.77µm
_05320_,20.77µm
_05549_,20.77µm
_06124_,20.77µm
_06173_,20.77µm
_06224_,20.77µm
_06372_,20.77µm
_06578_,20.77µm
_06894_,20.77µm
_07033_,20.77µm
_07048_,20.77µm
_07172_,20.77µm
_07581_,20.77µm
_07598_,20.77µm
_07707_,20.77µm
_07922_,20.77µm
_08014_,20.77µm
_08163_,20.77µm
_08297_,20.77µm
_08352_,20.77µm
u_core.u_master.u_slave.dout_sh\[106\],20.77µm
u_core.u_master.u_slave.dout_sh\[110\],20.77µm
u_core.u_master.u_slave.non2\[16\],20.77µm
u_core.u_master.u_slave.tagr2\[25\],20.77µm
u_core.u_master.u_slave.u_core.B3\[14\],20.77µm
u_core.u_master.u_slave.u_core.B3\[51\],20.77µm
u_core.u_master.u_slave.u_core.B3\[59\],20.77µm
u_core.u_master.u_slave.u_core.full_nS1_q\[52\],20.77µm
u_core.u_master.u_slave.u_core.last_dout_q\[69\],20.77µm
u_core.u_master.u_slave.u_core.ret_st\[2\],20.77µm
net3897,20.77µm
net4017,20.77µm
net4130,20.77µm
net4681,20.77µm
net4754,20.77µm
net4831,20.77µm
net4890,20.77µm
net5963,20.77µm
net6510,20.77µm
net6598,20.77µm
net6850,20.77µm
net7948,20.77µm
net8009,20.77µm
net8046,20.77µm
net8101,20.77µm
_00007_,20.72µm
_00056_,20.72µm
_00478_,20.72µm
_01372_,20.72µm
_02788_,20.72µm
_02846_,20.72µm
_02867_,20.72µm
_02966_,20.72µm
_02974_,20.72µm
_03711_,20.72µm
_03741_,20.72µm
_03797_,20.72µm
_04028_,20.72µm
_04644_,20.72µm
_05206_,20.72µm
_05401_,20.72µm
_05485_,20.72µm
_05786_,20.72µm
_05968_,20.72µm
_06035_,20.72µm
_06127_,20.72µm
_06457_,20.72µm
_06777_,20.72µm
_06787_,20.72µm
_06840_,20.72µm
_06961_,20.72µm
_06975_,20.72µm
_06981_,20.72µm
_06984_,20.72µm
_07001_,20.72µm
_07105_,20.72µm
_07183_,20.72µm
_07713_,20.72µm
_08295_,20.72µm
net3570,20.72µm
u_core.frame_hold\[20\],20.72µm
u_core.u_master.m_wdata\[22\],20.72µm
u_core.u_master.u_slave.tagr3\[27\],20.72µm
u_core.u_master.u_slave.tagw3\[0\],20.72µm
u_core.u_master.u_slave.u_core.last_nrate_q\[28\],20.72µm
u_core.u_master.u_slave.u_core.last_nrate_q\[65\],20.72µm
net4023,20.72µm
net4069,20.72µm
net4324,20.72µm
net4658,20.72µm
net4822,20.72µm
net4885,20.72µm
net4931,20.72µm
net8277,20.72µm
net8399,20.72µm
net8419,20.72µm
net8587,20.72µm
net8597,20.72µm
u_core.u_master.u_slave.blk2\[5\],20.36µm
_04221_,20.31µm
_05007_,20.31µm
_03085_,20.26µm
_03425_,20.26µm
_05969_,20.26µm
_06356_,20.26µm
_07687_,20.26µm
_08066_,20.26µm
u_core.u_master.u_slave.non3\[15\],20.26µm
u_core.u_master.u_slave.tagr2\[17\],20.26µm
u_core.u_master.u_slave.tagw2\[11\],20.26µm
u_core.u_master.u_slave.tagw2\[9\],20.26µm
u_core.u_master.u_slave.u_core.B3\[6\],20.26µm
u_core.u_master.u_slave.u_core.S3\[21\],20.26µm
net3610,20.26µm
net3640,20.26µm
net4361,20.26µm
net4478,20.26µm
net4496,20.26µm
net4499,20.26µm
net4781,20.26µm
net4903,20.26µm
net5090,20.26µm
net5689,20.26µm
net5851,20.26µm
net5948,20.26µm
net6011,20.26µm
net6480,20.26µm
net6764,20.26µm
net7187,20.26µm
net7631,20.26µm
_02701_,20.21µm
_02767_,20.21µm
_02771_,20.21µm
_02819_,20.21µm
_03049_,20.21µm
_03295_,20.21µm
_03476_,20.21µm
_03890_,20.21µm
_03892_,20.21µm
_03952_,20.21µm
_04185_,20.21µm
_04324_,20.21µm
_04640_,20.21µm
_05245_,20.21µm
_05562_,20.21µm
_07110_,20.21µm
_07448_,20.21µm
_07529_,20.21µm
_07542_,20.21µm
_07817_,20.21µm
_07850_,20.21µm
_08023_,20.21µm
u_core.rd_data_clk\[16\],20.21µm
u_core.rd_data_clk\[20\],20.21µm
u_core.u_master.u_slave.core_dout_data\[54\],20.21µm
u_core.u_master.u_slave.dout_pending,20.21µm
u_core.u_master.u_slave.tagr0\[6\],20.21µm
u_core.u_master.u_slave.tagr1\[20\],20.21µm
u_core.u_master.u_slave.tagr3\[16\],20.21µm
u_core.u_master.u_slave.tagw2\[19\],20.21µm
u_core.u_master.u_slave.u_core.S2\[5\],20.21µm
u_core.u_master.u_slave.u_core.full_nS0_q\[48\],20.21µm
u_core.u_master.u_slave.u_core.full_nS1_q\[4\],20.21µm
u_core.u_master.u_slave.u_core.last_nrate_q\[19\],20.21µm
net3680,20.21µm
net4070,20.21µm
net4455,20.21µm
net4506,20.21µm
net4865,20.21µm
net4926,20.21µm
net5166,20.21µm
net5224,20.21µm
net5636,20.21µm
net5723,20.21µm
net6450,20.21µm
net6492,20.21µm
net6715,20.21µm
net7039,20.21µm
net7101,20.21µm
net7174,20.21µm
net7308,20.21µm
net7362,20.21µm
net7587,20.21µm
net7807,20.21µm
net7915,20.21µm
net7988,20.21µm
net8020,20.21µm
net8107,20.21µm
net8256,20.21µm
net8285,20.21µm
_00690_,20.16µm
_00707_,20.16µm
_01148_,20.16µm
_02491_,20.16µm
_02644_,20.16µm
_02714_,20.16µm
_02787_,20.16µm
_02909_,20.16µm
_03105_,20.16µm
_03385_,20.16µm
_03458_,20.16µm
_03464_,20.16µm
_04515_,20.16µm
_04575_,20.16µm
_05251_,20.16µm
_05560_,20.16µm
_05849_,20.16µm
_06264_,20.16µm
_06320_,20.16µm
_06646_,20.16µm
_06766_,20.16µm
_07563_,20.16µm
_07696_,20.16µm
_07897_,20.16µm
_08053_,20.16µm
_08187_,20.16µm
u_core.cmd_wdata_q\[28\],20.16µm
u_core.rd_data_clk\[10\],20.16µm
u_core.rd_data_clk\[3\],20.16µm
u_core.u_master.u_slave.dout_sh\[64\],20.16µm
u_core.u_master.u_slave.tagw3\[15\],20.16µm
u_core.u_master.u_slave.u_core.B3\[30\],20.16µm
u_core.u_master.u_slave.u_core.full_nS1_q\[37\],20.16µm
u_core.u_master.u_slave.u_core.full_nS1_q\[38\],20.16µm
u_core.u_master.u_slave.u_core.last_nrate_q\[30\],20.16µm
u_core.u_master.u_slave.u_core.last_nrate_q\[85\],20.16µm
net3720,20.16µm
net3753,20.16µm
net3785,20.16µm
net4006,20.16µm
net4298,20.16µm
net4823,20.16µm
net5040,20.16µm
net5510,20.16µm
net6411,20.16µm
net6490,20.16µm
net7276,20.16µm
net7353,20.16µm
net7529,20.16µm
net7858,20.16µm
net7977,20.16µm
net8039,20.16µm
net8097,20.16µm
_05332_,19.93µm
_04497_,19.8µm
_07736_,19.75µm
net4019,19.75µm
_02712_,19.7µm
_05761_,19.7µm
_07643_,19.7µm
_07970_,19.7µm
_08025_,19.7µm
_08227_,19.7µm
_08291_,19.7µm
u_core.u_master.u_slave.dout_sh\[22\],19.7µm
u_core.u_master.u_slave.non3\[6\],19.7µm
u_core.u_master.u_slave.tagw2\[8\],19.7µm
u_core.u_master.u_slave.u_core.B1\[36\],19.7µm
u_core.u_master.u_slave.u_core.B3\[15\],19.7µm
u_core.u_master.u_slave.u_core.B3\[17\],19.7µm
u_core.u_master.u_slave.u_core.S2\[3\],19.7µm
u_core.u_master.u_slave.u_core.S3\[29\],19.7µm
u_core.u_master.u_slave.u_core.S3\[58\],19.7µm
u_core.u_master.u_slave.u_core.last_nrate_q\[110\],19.7µm
u_core.u_master.u_slave.u_core.last_nrate_q\[116\],19.7µm
net3719,19.7µm
net3878,19.7µm
net3912,19.7µm
net4391,19.7µm
net5731,19.7µm
net5862,19.7µm
net6954,19.7µm
net7015,19.7µm
_00485_,19.65µm
_00935_,19.65µm
_01017_,19.65µm
_01188_,19.65µm
_02463_,19.65µm
_02594_,19.65µm
_03354_,19.65µm
_03732_,19.65µm
_05202_,19.65µm
_05285_,19.65µm
_05302_,19.65µm
_05406_,19.65µm
_05612_,19.65µm
_05919_,19.65µm
_05937_,19.65µm
_06652_,19.65µm
_07069_,19.65µm
_07579_,19.65µm
_07630_,19.65µm
_07756_,19.65µm
_07763_,19.65µm
_07955_,19.65µm
_08256_,19.65µm
u_core.rd_data_clk\[15\],19.65µm
u_core.rd_data_clk\[24\],19.65µm
u_core.rx_sr\[8\],19.65µm
u_core.u_master.u_slave.non2\[29\],19.65µm
u_core.u_master.u_slave.tagr0\[18\],19.65µm
u_core.u_master.u_slave.tagw1\[11\],19.65µm
u_core.u_master.u_slave.u_core.B1\[47\],19.65µm
u_core.u_master.u_slave.u_core.B1\[54\],19.65µm
u_core.u_master.u_slave.u_core.B3\[53\],19.65µm
u_core.u_master.u_slave.u_core.last_dout_q\[57\],19.65µm
u_core.u_master.u_slave.u_core.last_nrate_q\[14\],19.65µm
u_core.u_master.u_slave.u_core.last_nrate_q\[46\],19.65µm
net3662,19.65µm
net3690,19.65µm
net3982,19.65µm
net4128,19.65µm
net4374,19.65µm
net4385,19.65µm
net4418,19.65µm
net4914,19.65µm
net5318,19.65µm
net5381,19.65µm
net5879,19.65µm
net6564,19.65µm
net6655,19.65µm
net6699,19.65µm
net6780,19.65µm
net7043,19.65µm
net7213,19.65µm
net7793,19.65µm
net7808,19.65µm
net8306,19.65µm
_00373_,19.6µm
_00376_,19.6µm
_00687_,19.6µm
_00883_,19.6µm
_00887_,19.6µm
_01036_,19.6µm
_02208_,19.6µm
_02604_,19.6µm
_02647_,19.6µm
_03182_,19.6µm
_03269_,19.6µm
_03439_,19.6µm
_03574_,19.6µm
_03601_,19.6µm
_04088_,19.6µm
_04174_,19.6µm
_04362_,19.6µm
_04786_,19.6µm
_05002_,19.6µm
_05027_,19.6µm
_05080_,19.6µm
_05161_,19.6µm
_05395_,19.6µm
_05636_,19.6µm
_05710_,19.6µm
_06616_,19.6µm
_06666_,19.6µm
_06899_,19.6µm
_07384_,19.6µm
_07569_,19.6µm
_07610_,19.6µm
_07797_,19.6µm
_07824_,19.6µm
_07835_,19.6µm
_07843_,19.6µm
_07945_,19.6µm
_07962_,19.6µm
_07979_,19.6µm
_08002_,19.6µm
_08078_,19.6µm
_08137_,19.6µm
_08366_,19.6µm
_08398_,19.6µm
u_core.rd_data_clk\[28\],19.6µm
u_core.u_master.u_slave.blk2\[24\],19.6µm
u_core.u_master.u_slave.tagw3\[10\],19.6µm
u_core.u_master.u_slave.u_core.B1\[27\],19.6µm
net2674,19.6µm
net3969,19.6µm
net4009,19.6µm
net4012,19.6µm
net4066,19.6µm
net4199,19.6µm
net4482,19.6µm
net5112,19.6µm
net5608,19.6µm
net6577,19.6µm
net6849,19.6µm
net6858,19.6µm
net7068,19.6µm
net7290,19.6µm
net7655,19.6µm
net8157,19.6µm
net8163,19.6µm
net8275,19.6µm
net8413,19.6µm
net8569,19.6µm
_07623_,19.24µm
_02708_,19.19µm
_05203_,19.19µm
_07721_,19.19µm
_07947_,19.19µm
u_core.u_master.u_slave.blk3\[31\],19.19µm
u_core.u_master.u_slave.key1\[26\],19.19µm
net4206,19.19µm
net6693,19.19µm
_03548_,19.14µm
_03592_,19.14µm
_04483_,19.14µm
_04543_,19.14µm
_04709_,19.14µm
_06380_,19.14µm
_06947_,19.14µm
_07931_,19.14µm
_08015_,19.14µm
_08250_,19.14µm
u_core.u_master.u_slave.dout_sh\[76\],19.14µm
u_core.u_master.u_slave.tagr3\[6\],19.14µm
u_core.u_master.u_slave.tagw0\[11\],19.14µm
u_core.u_master.u_slave.tagw1\[21\],19.14µm
u_core.u_master.u_slave.tagw1\[5\],19.14µm
u_core.u_master.u_slave.u_core.full_nS0_q\[45\],19.14µm
u_core.u_master.u_slave.u_core.full_nS1_q\[54\],19.14µm
u_core.u_master.u_slave.u_core.last_nrate_q\[107\],19.14µm
u_core.u_master.u_slave.u_core.last_nrate_q\[96\],19.14µm
net3918,19.14µm
net5205,19.14µm
net5615,19.14µm
net6456,19.14µm
net6578,19.14µm
net6961,19.14µm
net7158,19.14µm
net7852,19.14µm
net8505,19.14µm
_00066_,19.09µm
_01200_,19.09µm
_02120_,19.09µm
_02232_,19.09µm
_02732_,19.09µm
_02802_,19.09µm
_02922_,19.09µm
_03009_,19.09µm
_03287_,19.09µm
_03664_,19.09µm
_03789_,19.09µm
_04162_,19.09µm
_04179_,19.09µm
_04267_,19.09µm
_04357_,19.09µm
_04653_,19.09µm
_04742_,19.09µm
_05263_,19.09µm
_05325_,19.09µm
_05447_,19.09µm
_05491_,19.09µm
_06286_,19.09µm
_06325_,19.09µm
_06378_,19.09µm
_06992_,19.09µm
_06993_,19.09µm
_07041_,19.09µm
_07652_,19.09µm
_07706_,19.09µm
_07745_,19.09µm
_07806_,19.09µm
_07829_,19.09µm
_08068_,19.09µm
_08199_,19.09µm
u_core.u_master.u_slave.core_dout_data\[69\],19.09µm
u_core.u_master.u_slave.dout_sh\[8\],19.09µm
u_core.u_master.u_slave.non3\[29\],19.09µm
u_core.u_master.u_slave.tagr2\[28\],19.09µm
u_core.u_master.u_slave.tagw0\[12\],19.09µm
u_core.u_master.u_slave.u_core.B1\[7\],19.09µm
u_core.u_master.u_slave.u_core.full_dout_q\[70\],19.09µm
u_core.u_master.u_slave.u_core.full_nS0_q\[42\],19.09µm
u_core.u_master.u_slave.u_core.last_nrate_q\[100\],19.09µm
u_core.u_master.u_slave.u_core.last_nrate_q\[16\],19.09µm
net3586,19.09µm
net4475,19.09µm
net4762,19.09µm
net4809,19.09µm
net4936,19.09µm
net4991,19.09µm
net5002,19.09µm
net5042,19.09µm
net5422,19.09µm
net5690,19.09µm
net5930,19.09µm
net5979,19.09µm
net5997,19.09µm
net6486,19.09µm
net6608,19.09µm
net6716,19.09µm
net6769,19.09µm
net6907,19.09µm
net7677,19.09µm
net7787,19.09µm
net8463,19.09µm
net8560,19.09µm
net8601,19.09µm
_00465_,19.04µm
_00756_,19.04µm
_01099_,19.04µm
_02181_,19.04µm
_02200_,19.04µm
_02677_,19.04µm
_02858_,19.04µm
_02960_,19.04µm
_02997_,19.04µm
_03139_,19.04µm
_03216_,19.04µm
_03257_,19.04µm
_03585_,19.04µm
_03595_,19.04µm
_03781_,19.04µm
_04113_,19.04µm
_04840_,19.04µm
_04844_,19.04µm
_04878_,19.04µm
_04916_,19.04µm
_05035_,19.04µm
_05110_,19.04µm
_05130_,19.04µm
_05365_,19.04µm
_05596_,19.04µm
_05802_,19.04µm
_06055_,19.04µm
_06188_,19.04µm
_06349_,19.04µm
_06513_,19.04µm
_06537_,19.04µm
_06677_,19.04µm
_06712_,19.04µm
_06938_,19.04µm
_07104_,19.04µm
_07548_,19.04µm
_07551_,19.04µm
_07665_,19.04µm
_07823_,19.04µm
_07999_,19.04µm
_08011_,19.04µm
_08113_,19.04µm
_08129_,19.04µm
_08140_,19.04µm
_08220_,19.04µm
_08268_,19.04µm
_08287_,19.04µm
u_core.u_master.u_slave.non2\[26\],19.04µm
u_core.u_master.u_slave.non3\[18\],19.04µm
u_core.u_master.u_slave.non3\[26\],19.04µm
u_core.u_master.u_slave.u_core.B3\[3\],19.04µm
u_core.u_master.u_slave.u_core.S3\[49\],19.04µm
u_core.u_master.u_slave.u_core.full_nS0_q\[41\],19.04µm
u_core.u_master.u_slave.u_core.full_nS0_q\[44\],19.04µm
net2624,19.04µm
net3622,19.04µm
net4051,19.04µm
net4101,19.04µm
net4155,19.04µm
net4166,19.04µm
net4276,19.04µm
net4443,19.04µm
net4636,19.04µm
net4773,19.04µm
net4969,19.04µm
net4971,19.04µm
net4983,19.04µm
net5366,19.04µm
net5534,19.04µm
net5674,19.04µm
net5708,19.04µm
net5839,19.04µm
net6020,19.04µm
net6261,19.04µm
net6859,19.04µm
net7201,19.04µm
net7535,19.04µm
net7565,19.04µm
net7586,19.04µm
net7679,19.04µm
net8174,19.04µm
net8358,19.04µm
net8441,19.04µm
net8459,19.04µm
net8573,19.04µm
_08197_,18.81µm
_08294_,18.81µm
_04761_,18.68µm
net6396,18.63µm
_04703_,18.58µm
_07294_,18.58µm
_07523_,18.58µm
_07635_,18.58µm
_08060_,18.58µm
u_core.u_master.u_slave.dout_sh\[78\],18.58µm
u_core.u_master.u_slave.tagr2\[23\],18.58µm
u_core.u_master.u_slave.tagw0\[18\],18.58µm
u_core.u_master.u_slave.u_core.B3\[62\],18.58µm
net4366,18.58µm
net5954,18.58µm
net6977,18.58µm
net6989,18.58µm
net7118,18.58µm
net7227,18.58µm
net8487,18.58µm
net8490,18.58µm
_00400_,18.53µm
_00814_,18.53µm
_01029_,18.53µm
_02457_,18.53µm
_02616_,18.53µm
_02813_,18.53µm
_02911_,18.53µm
_03024_,18.53µm
_03039_,18.53µm
_03373_,18.53µm
_03502_,18.53µm
_03634_,18.53µm
_03898_,18.53µm
_04651_,18.53µm
_04792_,18.53µm
_05062_,18.53µm
_05429_,18.53µm
_05694_,18.53µm
_06258_,18.53µm
_06310_,18.53µm
_07085_,18.53µm
_07585_,18.53µm
_07594_,18.53µm
_07716_,18.53µm
_07768_,18.53µm
_07948_,18.53µm
_07988_,18.53µm
_08016_,18.53µm
_08017_,18.53µm
_08074_,18.53µm
_08303_,18.53µm
_08318_,18.53µm
u_core.rd_data_clk\[18\],18.53µm
u_core.u_master.u_slave.dout_sh\[115\],18.53µm
u_core.u_master.u_slave.dout_sh\[36\],18.53µm
u_core.u_master.u_slave.non3\[11\],18.53µm
u_core.u_master.u_slave.tagr2\[26\],18.53µm
u_core.u_master.u_slave.tagw0\[27\],18.53µm
u_core.u_master.u_slave.tagw0\[2\],18.53µm
u_core.u_master.u_slave.u_core.S3\[22\],18.53µm
u_core.u_master.u_slave.u_core.S3\[26\],18.53µm
u_core.u_master.u_slave.u_core.full_dout_q\[111\],18.53µm
u_core.u_master.u_slave.u_core.full_nS0_q\[18\],18.53µm
u_core.u_master.u_slave.u_core.last_dout_q\[39\],18.53µm
net3661,18.53µm
net3739,18.53µm
net3752,18.53µm
net4001,18.53µm
net4246,18.53µm
net4307,18.53µm
net4312,18.53µm
net4957,18.53µm
net5053,18.53µm
net5424,18.53µm
net5656,18.53µm
net5695,18.53µm
net5842,18.53µm
net6164,18.53µm
net6448,18.53µm
net6652,18.53µm
net6875,18.53µm
net6967,18.53µm
net7128,18.53µm
net7288,18.53µm
net7548,18.53µm
net7670,18.53µm
net7730,18.53µm
net8083,18.53µm
net8374,18.53µm
net8396,18.53µm
net8469,18.53µm
net8503,18.53µm
net8551,18.53µm
_00406_,18.48µm
_00444_,18.48µm
_00498_,18.48µm
_02750_,18.48µm
_02765_,18.48µm
_02889_,18.48µm
_03270_,18.48µm
_03522_,18.48µm
_03720_,18.48µm
_03766_,18.48µm
_03829_,18.48µm
_03882_,18.48µm
_04011_,18.48µm
_04042_,18.48µm
_04087_,18.48µm
_04099_,18.48µm
_04407_,18.48µm
_04702_,18.48µm
_04757_,18.48µm
_05383_,18.48µm
_05444_,18.48µm
_05515_,18.48µm
_05912_,18.48µm
_05950_,18.48µm
_06410_,18.48µm
_07466_,18.48µm
_07819_,18.48µm
_07836_,18.48µm
_08030_,18.48µm
_08157_,18.48µm
_08210_,18.48µm
_08361_,18.48µm
u_core.u_master.u_slave.core_dout_data\[127\],18.48µm
u_core.u_master.u_slave.dout_sh\[12\],18.48µm
u_core.u_master.u_slave.dout_sh\[4\],18.48µm
u_core.u_master.u_slave.non2\[7\],18.48µm
u_core.u_master.u_slave.non2\[9\],18.48µm
u_core.u_master.u_slave.non3\[21\],18.48µm
u_core.u_master.u_slave.tagr1\[2\],18.48µm
u_core.u_master.u_slave.u_core.B0\[31\],18.48µm
u_core.u_master.u_slave.u_core.B1\[35\],18.48µm
u_core.u_master.u_slave.u_core.B2\[53\],18.48µm
u_core.u_master.u_slave.u_core.full_nS1_q\[10\],18.48µm
u_core.u_master.u_slave.u_core.full_nS1_q\[63\],18.48µm
u_core.u_master.u_slave.u_core.full_nS1_q\[9\],18.48µm
u_core.u_master.u_slave.u_core.last_dout_q\[7\],18.48µm
u_core.u_master.u_slave.u_core.last_nrate_q\[118\],18.48µm
u_core.u_master.u_slave.u_core.last_nrate_q\[91\],18.48µm
u_core.w1,18.48µm
net3817,18.48µm
net4097,18.48µm
net4158,18.48µm
net4290,18.48µm
net4433,18.48µm
net4613,18.48µm
net4678,18.48µm
net4966,18.48µm
net4990,18.48µm
net5008,18.48µm
net5201,18.48µm
net5227,18.48µm
net5294,18.48µm
net5592,18.48µm
net5941,18.48µm
net6091,18.48µm
net6473,18.48µm
net6574,18.48µm
net6770,18.48µm
net6890,18.48µm
net6903,18.48µm
net7278,18.48µm
net7302,18.48µm
net8387,18.48µm
net8389,18.48µm
net5645,18.2µm
_02636_,18.07µm
net4168,18.07µm
net4740,18.07µm
net4996,18.07µm
net5908,18.07µm
net8508,18.07µm
_02580_,18.02µm
_03542_,18.02µm
_06897_,18.02µm
_06974_,18.02µm
_07300_,18.02µm
_07882_,18.02µm
_08111_,18.02µm
u_core.u_master.u_slave.blk1\[8\],18.02µm
u_core.u_master.u_slave.u_core.B3\[21\],18.02µm
u_core.u_master.u_slave.u_core.S2\[0\],18.02µm
u_core.u_master.u_slave.u_core.last_dout_q\[27\],18.02µm
net3604,18.02µm
net3929,18.02µm
net4436,18.02µm
net4439,18.02µm
net4573,18.02µm
net4915,18.02µm
net5150,18.02µm
net5246,18.02µm
net5329,18.02µm
net5346,18.02µm
net6373,18.02µm
net7287,18.02µm
net8511,18.02µm
_00851_,17.97µm
_00956_,17.97µm
_00959_,17.97µm
_01242_,17.97µm
_01293_,17.97µm
_02398_,17.97µm
_02790_,17.97µm
_03007_,17.97µm
_03337_,17.97µm
_03556_,17.97µm
_03772_,17.97µm
_03774_,17.97µm
_03835_,17.97µm
_04013_,17.97µm
_04266_,17.97µm
_04321_,17.97µm
_04528_,17.97µm
_04715_,17.97µm
_04801_,17.97µm
_04887_,17.97µm
_05124_,17.97µm
_05339_,17.97µm
_05394_,17.97µm
_05687_,17.97µm
_05708_,17.97µm
_06120_,17.97µm
_06240_,17.97µm
_07028_,17.97µm
_07600_,17.97µm
_07801_,17.97µm
_07868_,17.97µm
_08333_,17.97µm
u_core.rd_data_clk\[13\],17.97µm
u_core.rx_sr\[7\],17.97µm
u_core.u_master.u_slave.core_dout_data\[91\],17.97µm
u_core.u_master.u_slave.dout_sh\[25\],17.97µm
u_core.u_master.u_slave.non2\[18\],17.97µm
u_core.u_master.u_slave.tagr2\[11\],17.97µm
u_core.u_master.u_slave.tagw0\[15\],17.97µm
u_core.u_master.u_slave.tagw2\[15\],17.97µm
u_core.u_master.u_slave.u_core.B1\[18\],17.97µm
u_core.u_master.u_slave.u_core.B1\[51\],17.97µm
u_core.u_master.u_slave.u_core.B3\[12\],17.97µm
u_core.u_master.u_slave.u_core.B3\[18\],17.97µm
u_core.u_master.u_slave.u_core.B3\[19\],17.97µm
u_core.u_master.u_slave.u_core.S3\[51\],17.97µm
u_core.u_master.u_slave.u_core.full_dout_q\[101\],17.97µm
u_core.u_master.u_slave.u_core.full_nS0_q\[40\],17.97µm
u_core.u_master.u_slave.u_core.full_nS1_q\[13\],17.97µm
u_core.u_master.u_slave.u_core.full_nS1_q\[51\],17.97µm
u_core.u_master.u_slave.u_core.last_dout_q\[73\],17.97µm
u_core.u_master.u_slave.u_core.last_nrate_q\[114\],17.97µm
u_core.u_master.u_slave.u_core.last_nrate_q\[59\],17.97µm
u_core.u_master.u_slave.u_core.last_nrate_q\[75\],17.97µm
u_core.u_master.u_slave.u_core.last_nrate_q\[8\],17.97µm
u_core.u_master.u_slave.wdata_q\[10\],17.97µm
net4085,17.97µm
net4126,17.97µm
net4628,17.97µm
net4702,17.97µm
net5117,17.97µm
net5349,17.97µm
net5353,17.97µm
net5439,17.97µm
net5860,17.97µm
net5933,17.97µm
net6079,17.97µm
net6478,17.97µm
net6794,17.97µm
net7036,17.97µm
net7126,17.97µm
net7221,17.97µm
net7247,17.97µm
net7674,17.97µm
net7735,17.97µm
net7760,17.97µm
net7958,17.97µm
net7975,17.97µm
net8127,17.97µm
net8169,17.97µm
net8216,17.97µm
net8276,17.97µm
net8392,17.97µm
net8451,17.97µm
net8477,17.97µm
net8556,17.97µm
_00020_,17.92µm
_00161_,17.92µm
_00494_,17.92µm
_00796_,17.92µm
_01047_,17.92µm
_01164_,17.92µm
_02728_,17.92µm
_03281_,17.92µm
_03399_,17.92µm
_03730_,17.92µm
_03744_,17.92µm
_03956_,17.92µm
_04054_,17.92µm
_04091_,17.92µm
_04151_,17.92µm
_04678_,17.92µm
_04687_,17.92µm
_04767_,17.92µm
_04869_,17.92µm
_04897_,17.92µm
_04982_,17.92µm
_05056_,17.92µm
_05241_,17.92µm
_05276_,17.92µm
_05344_,17.92µm
_05563_,17.92µm
_05598_,17.92µm
_05717_,17.92µm
_05808_,17.92µm
_06248_,17.92µm
_06467_,17.92µm
_07007_,17.92µm
_07060_,17.92µm
_07087_,17.92µm
_07099_,17.92µm
_07152_,17.92µm
_07154_,17.92µm
_07703_,17.92µm
_07747_,17.92µm
_07915_,17.92µm
_07952_,17.92µm
_07993_,17.92µm
_08007_,17.92µm
_08104_,17.92µm
_08234_,17.92µm
_08337_,17.92µm
u_core.u_master.u_slave.core_t0\[8\],17.92µm
u_core.u_master.u_slave.dout_sh\[117\],17.92µm
u_core.u_master.u_slave.dout_sh\[15\],17.92µm
u_core.u_master.u_slave.non2\[17\],17.92µm
u_core.u_master.u_slave.tagw2\[13\],17.92µm
u_core.u_master.u_slave.u_core.B3\[40\],17.92µm
u_core.u_master.u_slave.u_core.full_nS1_q\[50\],17.92µm
u_core.u_master.u_slave.u_core.last_dout_q\[0\],17.92µm
u_core.u_master.u_slave.u_core.last_dout_q\[103\],17.92µm
net3860,17.92µm
net4253,17.92µm
net4296,17.92µm
net4306,17.92µm
net4381,17.92µm
net5143,17.92µm
net5508,17.92µm
net5673,17.92µm
net5992,17.92µm
net6096,17.92µm
net6391,17.92µm
net6720,17.92µm
net6731,17.92µm
net6845,17.92µm
net6949,17.92µm
net6953,17.92µm
net6982,17.92µm
net7363,17.92µm
net7509,17.92µm
net7571,17.92µm
net7615,17.92µm
net7659,17.92µm
net8166,17.92µm
net8361,17.92µm
net8567,17.92µm
_02618_,17.61µm
_02673_,17.51µm
_06368_,17.51µm
_07896_,17.51µm
net4096,17.51µm
net4411,17.51µm
net4981,17.51µm
net6958,17.51µm
_02698_,17.46µm
_02763_,17.46µm
_03282_,17.46µm
_03900_,17.46µm
_04038_,17.46µm
_04988_,17.46µm
_06716_,17.46µm
_07584_,17.46µm
_07814_,17.46µm
u_core.u_master.u_slave.non3\[14\],17.46µm
u_core.u_master.u_slave.tagw0\[26\],17.46µm
u_core.u_master.u_slave.tagw3\[26\],17.46µm
u_core.u_master.u_slave.u_core.B3\[42\],17.46µm
u_core.u_master.u_slave.u_core.full_nS0_q\[63\],17.46µm
net4764,17.46µm
net4777,17.46µm
net5407,17.46µm
net5981,17.46µm
net6470,17.46µm
net7224,17.46µm
net7372,17.46µm
net8485,17.46µm
net8492,17.46µm
_00782_,17.41µm
_01117_,17.41µm
_01149_,17.41µm
_01251_,17.41µm
_01253_,17.41µm
_01518_,17.41µm
_01693_,17.41µm
_01852_,17.41µm
_02417_,17.41µm
_02606_,17.41µm
_02942_,17.41µm
_03126_,17.41µm
_03313_,17.41µm
_03315_,17.41µm
_03376_,17.41µm
_03512_,17.41µm
_03568_,17.41µm
_04012_,17.41µm
_04083_,17.41µm
_04393_,17.41µm
_04602_,17.41µm
_04699_,17.41µm
_04832_,17.41µm
_05358_,17.41µm
_05643_,17.41µm
_05681_,17.41µm
_05906_,17.41µm
_06154_,17.41µm
_06525_,17.41µm
_06582_,17.41µm
_06619_,17.41µm
_06672_,17.41µm
_06697_,17.41µm
_06986_,17.41µm
_07039_,17.41µm
_07513_,17.41µm
_07837_,17.41µm
_07976_,17.41µm
_07983_,17.41µm
_08338_,17.41µm
_08371_,17.41µm
u_core.u_master.u_slave.dout_sh\[59\],17.41µm
u_core.u_master.u_slave.dout_sh\[93\],17.41µm
u_core.u_master.u_slave.tagr1\[12\],17.41µm
u_core.u_master.u_slave.tagr2\[0\],17.41µm
u_core.u_master.u_slave.u_core.B1\[25\],17.41µm
u_core.u_master.u_slave.u_core.B1\[31\],17.41µm
u_core.u_master.u_slave.u_core.B1\[9\],17.41µm
u_core.u_master.u_slave.u_core.S0\[40\],17.41µm
u_core.u_master.u_slave.u_core.S3\[13\],17.41µm
u_core.u_master.u_slave.u_core.S3\[31\],17.41µm
u_core.u_master.u_slave.u_core.S3\[57\],17.41µm
u_core.u_master.u_slave.u_core.full_dout_q\[110\],17.41µm
net4177,17.41µm
net4341,17.41µm
net4364,17.41µm
net4423,17.41µm
net4553,17.41µm
net4592,17.41µm
net4683,17.41µm
net4928,17.41µm
net4951,17.41µm
net5113,17.41µm
net5141,17.41µm
net5334,17.41µm
net5505,17.41µm
net5624,17.41µm
net5730,17.41µm
net5738,17.41µm
net5747,17.41µm
net6192,17.41µm
net6602,17.41µm
net7012,17.41µm
net7202,17.41µm
net7838,17.41µm
net8073,17.41µm
net8341,17.41µm
net8486,17.41µm
_00715_,17.36µm
_00719_,17.36µm
_01012_,17.36µm
_01014_,17.36µm
_01034_,17.36µm
_01038_,17.36µm
_01120_,17.36µm
_02091_,17.36µm
_02844_,17.36µm
_02893_,17.36µm
_03084_,17.36µm
_03401_,17.36µm
_03500_,17.36µm
_03854_,17.36µm
_03922_,17.36µm
_03926_,17.36µm
_04152_,17.36µm
_04153_,17.36µm
_04244_,17.36µm
_05986_,17.36µm
_06199_,17.36µm
_06282_,17.36µm
_06502_,17.36µm
_06659_,17.36µm
_07170_,17.36µm
_07677_,17.36µm
_07760_,17.36µm
_07770_,17.36µm
_07846_,17.36µm
_07958_,17.36µm
_08167_,17.36µm
u_core.u_master.u_slave.core_dout_data\[34\],17.36µm
u_core.u_master.u_slave.core_dout_data\[6\],17.36µm
u_core.u_master.u_slave.core_t1\[32\],17.36µm
u_core.u_master.u_slave.non1\[30\],17.36µm
u_core.u_master.u_slave.tagw3\[11\],17.36µm
u_core.u_master.u_slave.u_core.last_nrate_q\[25\],17.36µm
net3627,17.36µm
net3801,17.36µm
net4021,17.36µm
net4265,17.36µm
net4407,17.36µm
net4929,17.36µm
net5020,17.36µm
net5039,17.36µm
net5043,17.36µm
net5056,17.36µm
net5235,17.36µm
net5315,17.36µm
net5362,17.36µm
net5511,17.36µm
net5537,17.36µm
net6080,17.36µm
net6137,17.36µm
net6222,17.36µm
net6301,17.36µm
net6401,17.36µm
net6436,17.36µm
net6449,17.36µm
net6575,17.36µm
net6686,17.36µm
net7047,17.36µm
net7172,17.36µm
net7262,17.36µm
net7733,17.36µm
net8219,17.36µm
net8404,17.36µm
net3789,17.13µm
net6609,17.08µm
_02585_,17µm
_03697_,16.95µm
_04591_,16.95µm
_06882_,16.95µm
_07155_,16.95µm
_07711_,16.95µm
_08181_,16.95µm
_08421_,16.95µm
u_core.u_master.u_slave.tagr2\[21\],16.95µm
net5256,16.95µm
net7082,16.95µm
_03682_,16.9µm
_05923_,16.9µm
_07398_,16.9µm
_07539_,16.9µm
_07998_,16.9µm
u_core.u_master.u_slave.non3\[12\],16.9µm
u_core.u_master.u_slave.tagr2\[30\],16.9µm
u_core.u_master.u_slave.tagr3\[10\],16.9µm
u_core.u_master.u_slave.u_core.B0\[61\],16.9µm
u_core.u_master.u_slave.u_core.B3\[16\],16.9µm
u_core.u_master.u_slave.u_core.B3\[63\],16.9µm
u_core.u_master.u_slave.u_core.full_nS0_q\[25\],16.9µm
u_core.u_master.u_slave.u_core.full_nS1_q\[20\],16.9µm
net4170,16.9µm
net4469,16.9µm
net5431,16.9µm
net5755,16.9µm
net5962,16.9µm
net5983,16.9µm
net6057,16.9µm
net6498,16.9µm
net6822,16.9µm
net7019,16.9µm
net8109,16.9µm
_00002_,16.85µm
_00521_,16.85µm
_00823_,16.85µm
_00849_,16.85µm
_01175_,16.85µm
_01227_,16.85µm
_01657_,16.85µm
_02174_,16.85µm
_02239_,16.85µm
_02438_,16.85µm
_03030_,16.85µm
_03119_,16.85µm
_03278_,16.85µm
_03483_,16.85µm
_03955_,16.85µm
_04030_,16.85µm
_04319_,16.85µm
_04366_,16.85µm
_04906_,16.85µm
_05204_,16.85µm
_05233_,16.85µm
_05352_,16.85µm
_05617_,16.85µm
_06003_,16.85µm
_06042_,16.85µm
_06385_,16.85µm
_06470_,16.85µm
_06870_,16.85µm
_07141_,16.85µm
_07975_,16.85µm
_07978_,16.85µm
_08079_,16.85µm
_08090_,16.85µm
_08120_,16.85µm
_08412_,16.85µm
u_core.cmd_wdata_q\[26\],16.85µm
u_core.u_master.u_slave.core_dout_data\[10\],16.85µm
u_core.u_master.u_slave.core_t1\[6\],16.85µm
u_core.u_master.u_slave.tagr0\[24\],16.85µm
u_core.u_master.u_slave.tagr1\[3\],16.85µm
u_core.u_master.u_slave.tagw0\[0\],16.85µm
u_core.u_master.u_slave.tagw0\[14\],16.85µm
u_core.u_master.u_slave.tagw2\[20\],16.85µm
u_core.u_master.u_slave.tagw2\[24\],16.85µm
u_core.u_master.u_slave.tagw2\[3\],16.85µm
u_core.u_master.u_slave.tagw2\[6\],16.85µm
u_core.u_master.u_slave.tagw3\[27\],16.85µm
u_core.u_master.u_slave.u_core.B1\[13\],16.85µm
u_core.u_master.u_slave.u_core.B1\[43\],16.85µm
u_core.u_master.u_slave.u_core.B3\[41\],16.85µm
u_core.u_master.u_slave.u_core.full_nS0_q\[38\],16.85µm
u_core.u_master.u_slave.u_core.full_nS1_q\[22\],16.85µm
u_core.u_master.u_slave.u_core.full_nS1_q\[45\],16.85µm
u_core.u_master.u_slave.u_core.last_nrate_q\[7\],16.85µm
net3717,16.85µm
net3793,16.85µm
net3853,16.85µm
net3877,16.85µm
net4222,16.85µm
net4383,16.85µm
net4457,16.85µm
net4459,16.85µm
net4489,16.85µm
net4526,16.85µm
net4944,16.85µm
net5026,16.85µm
net5072,16.85µm
net5488,16.85µm
net5661,16.85µm
net5753,16.85µm
net5783,16.85µm
net5912,16.85µm
net5964,16.85µm
net6345,16.85µm
net6502,16.85µm
net6532,16.85µm
net6654,16.85µm
net7035,16.85µm
net7360,16.85µm
net7518,16.85µm
net7772,16.85µm
net7825,16.85µm
net7878,16.85µm
net7910,16.85µm
net7930,16.85µm
net7995,16.85µm
net8054,16.85µm
net8144,16.85µm
net8168,16.85µm
net8193,16.85µm
net8253,16.85µm
net8298,16.85µm
_00327_,16.8µm
_00761_,16.8µm
_01108_,16.8µm
_01288_,16.8µm
_01338_,16.8µm
_01384_,16.8µm
_01418_,16.8µm
_02241_,16.8µm
_02273_,16.8µm
_02609_,16.8µm
_02658_,16.8µm
_02868_,16.8µm
_02923_,16.8µm
_03048_,16.8µm
_03265_,16.8µm
_03550_,16.8µm
_03624_,16.8µm
_03671_,16.8µm
_03685_,16.8µm
_03695_,16.8µm
_03996_,16.8µm
_04073_,16.8µm
_04314_,16.8µm
_05188_,16.8µm
_05227_,16.8µm
_05472_,16.8µm
_05573_,16.8µm
_05779_,16.8µm
_05835_,16.8µm
_05864_,16.8µm
_06078_,16.8µm
_06269_,16.8µm
_06665_,16.8µm
_06670_,16.8µm
_07124_,16.8µm
_07456_,16.8µm
_07634_,16.8µm
_07680_,16.8µm
_07956_,16.8µm
_08131_,16.8µm
_08153_,16.8µm
u_core.cmd_wdata_q\[21\],16.8µm
u_core.u_master.u_slave.tagw3\[31\],16.8µm
u_core.u_master.u_slave.u_core.B1\[10\],16.8µm
u_core.u_master.u_slave.u_core.full_dout_q\[3\],16.8µm
u_core.u_master.u_slave.u_core.full_nS1_q\[33\],16.8µm
u_core.u_master.u_slave.u_core.full_nS1_q\[57\],16.8µm
net3705,16.8µm
net3820,16.8µm
net4094,16.8µm
net4193,16.8µm
net4465,16.8µm
net4575,16.8µm
net4623,16.8µm
net4868,16.8µm
net5031,16.8µm
net5089,16.8µm
net5159,16.8µm
net5163,16.8µm
net5323,16.8µm
net5432,16.8µm
net5602,16.8µm
net5682,16.8µm
net5726,16.8µm
net5792,16.8µm
net5899,16.8µm
net6205,16.8µm
net6531,16.8µm
net6570,16.8µm
net6696,16.8µm
net6806,16.8µm
net6995,16.8µm
net7320,16.8µm
net7405,16.8µm
net7613,16.8µm
net7721,16.8µm
net7931,16.8µm
net8139,16.8µm
net8172,16.8µm
_04922_,16.49µm
u_core.u_master.u_slave.u_core.S2\[4\],16.44µm
_05215_,16.39µm
u_core.u_master.u_slave.tagw3\[1\],16.39µm
net7175,16.39µm
_02694_,16.34µm
_06314_,16.34µm
_06326_,16.34µm
_06392_,16.34µm
_06911_,16.34µm
_06933_,16.34µm
_07751_,16.34µm
_08186_,16.34µm
u_core.u_master.u_slave.blk2\[16\],16.34µm
u_core.u_master.u_slave.dout_sh\[17\],16.34µm
u_core.u_master.u_slave.dout_sh\[30\],16.34µm
u_core.u_master.u_slave.tagr0\[16\],16.34µm
u_core.u_master.u_slave.tagr1\[8\],16.34µm
u_core.u_master.u_slave.tagr1\[9\],16.34µm
u_core.u_master.u_slave.tagr2\[8\],16.34µm
u_core.u_master.u_slave.u_core.B4\[4\],16.34µm
u_core.u_master.u_slave.u_core.S3\[48\],16.34µm
u_core.u_master.u_slave.u_core.last_dout_q\[76\],16.34µm
net3644,16.34µm
net3888,16.34µm
net4788,16.34µm
net4873,16.34µm
net5411,16.34µm
net6353,16.34µm
net6367,16.34µm
net6952,16.34µm
net7140,16.34µm
net7168,16.34µm
net7211,16.34µm
net7947,16.34µm
_00410_,16.29µm
_00484_,16.29µm
_00958_,16.29µm
_00969_,16.29µm
_00980_,16.29µm
_02402_,16.29µm
_02425_,16.29µm
_02500_,16.29µm
_02824_,16.29µm
_02962_,16.29µm
_03140_,16.29µm
_03176_,16.29µm
_03186_,16.29µm
_03200_,16.29µm
_03225_,16.29µm
_03470_,16.29µm
_03478_,16.29µm
_03530_,16.29µm
_03738_,16.29µm
_03810_,16.29µm
_03906_,16.29µm
_03910_,16.29µm
_03912_,16.29µm
_04063_,16.29µm
_04085_,16.29µm
_04101_,16.29µm
_04134_,16.29µm
_04853_,16.29µm
_05194_,16.29µm
_05456_,16.29µm
_05660_,16.29µm
_06118_,16.29µm
_06182_,16.29µm
_06236_,16.29µm
_06318_,16.29µm
_06565_,16.29µm
_06618_,16.29µm
_06704_,16.29µm
_06985_,16.29µm
_07463_,16.29µm
_07487_,16.29µm
_07546_,16.29µm
_07568_,16.29µm
_07577_,16.29µm
_07607_,16.29µm
_07790_,16.29µm
_08033_,16.29µm
_08136_,16.29µm
_08158_,16.29µm
_08242_,16.29µm
_08336_,16.29µm
u_core.cmd_wdata_q\[17\],16.29µm
u_core.rx_sr\[11\],16.29µm
u_core.rx_sr\[18\],16.29µm
u_core.u_master.m_arvalid,16.29µm
u_core.u_master.u_slave.dout_sh\[109\],16.29µm
u_core.u_master.u_slave.dout_sh\[66\],16.29µm
u_core.u_master.u_slave.non2\[15\],16.29µm
u_core.u_master.u_slave.tagr0\[22\],16.29µm
u_core.u_master.u_slave.tagw2\[27\],16.29µm
u_core.u_master.u_slave.u_core.B3\[7\],16.29µm
u_core.u_master.u_slave.u_core.full_dout_q\[116\],16.29µm
u_core.u_master.u_slave.u_core.full_dout_q\[40\],16.29µm
u_core.u_master.u_slave.u_core.full_dout_q\[96\],16.29µm
u_core.u_master.u_slave.u_core.last_dout_q\[41\],16.29µm
u_core.u_master.u_slave.u_core.last_nrate_q\[117\],16.29µm
net3694,16.29µm
net3841,16.29µm
net3903,16.29µm
net3947,16.29µm
net4057,16.29µm
net4219,16.29µm
net4297,16.29µm
net4301,16.29µm
net4310,16.29µm
net4393,16.29µm
net4580,16.29µm
net4668,16.29µm
net4813,16.29µm
net4893,16.29µm
net5054,16.29µm
net5249,16.29µm
net5281,16.29µm
net5285,16.29µm
net5529,16.29µm
net5650,16.29µm
net5826,16.29µm
net5868,16.29µm
net5876,16.29µm
net6110,16.29µm
net6534,16.29µm
net6596,16.29µm
net6843,16.29µm
net6943,16.29µm
net7051,16.29µm
net7063,16.29µm
net7090,16.29µm
net7102,16.29µm
net7199,16.29µm
net7440,16.29µm
net7743,16.29µm
net7749,16.29µm
net7754,16.29µm
net7893,16.29µm
net8024,16.29µm
net8088,16.29µm
net8185,16.29µm
net8342,16.29µm
net8354,16.29µm
net8364,16.29µm
net8515,16.29µm
net8589,16.29µm
net8606,16.29µm
_00474_,16.24µm
_00704_,16.24µm
_00845_,16.24µm
_00951_,16.24µm
_01104_,16.24µm
_01137_,16.24µm
_02280_,16.24µm
_02399_,16.24µm
_02723_,16.24µm
_02825_,16.24µm
_03188_,16.24µm
_03347_,16.24µm
_03398_,16.24µm
_03406_,16.24µm
_03467_,16.24µm
_03480_,16.24µm
_03514_,16.24µm
_03669_,16.24µm
_03690_,16.24µm
_03725_,16.24µm
_04024_,16.24µm
_04097_,16.24µm
_04164_,16.24µm
_04257_,16.24µm
_04353_,16.24µm
_05311_,16.24µm
_05336_,16.24µm
_05530_,16.24µm
_05673_,16.24µm
_05943_,16.24µm
_06021_,16.24µm
_06096_,16.24µm
_06162_,16.24µm
_06205_,16.24µm
_06954_,16.24µm
_06963_,16.24µm
_07131_,16.24µm
_07326_,16.24µm
_07453_,16.24µm
_07503_,16.24µm
_07544_,16.24µm
_07545_,16.24µm
_07573_,16.24µm
_07644_,16.24µm
_07648_,16.24µm
_07920_,16.24µm
_08213_,16.24µm
_08229_,16.24µm
_08231_,16.24µm
_08312_,16.24µm
u_core.cmd_rdata\[23\],16.24µm
u_core.rx_sr\[10\],16.24µm
u_core.u_master.m_rdata\[26\],16.24µm
u_core.u_master.u_slave.dout_sh\[60\],16.24µm
u_core.u_master.u_slave.non1\[19\],16.24µm
u_core.u_master.u_slave.tagr0\[12\],16.24µm
u_core.u_master.u_slave.tagw0\[31\],16.24µm
u_core.u_master.u_slave.u_core.B1\[50\],16.24µm
u_core.u_master.u_slave.u_core.full_dout_q\[48\],16.24µm
u_core.u_master.u_slave.u_core.full_nS1_q\[0\],16.24µm
u_core.u_master.u_slave.u_core.full_nS1_q\[21\],16.24µm
u_core.u_master.u_slave.u_core.full_nS1_q\[31\],16.24µm
u_core.u_master.u_slave.u_core.last_dout_q\[90\],16.24µm
u_core.u_master.u_slave.u_core.last_nrate_q\[0\],16.24µm
u_core.u_master.u_slave.u_core.last_nrate_q\[88\],16.24µm
net4035,16.24µm
net4081,16.24µm
net4127,16.24µm
net4264,16.24µm
net4561,16.24µm
net4596,16.24µm
net5237,16.24µm
net5473,16.24µm
net5884,16.24µm
net6508,16.24µm
net6544,16.24µm
net6567,16.24µm
net6656,16.24µm
net6895,16.24µm
net7260,16.24µm
net7567,16.24µm
net7577,16.24µm
net7699,16.24µm
net8161,16.24µm
net8291,16.24µm
net8550,16.24µm
net8581,16.24µm
net8603,16.24µm
_05410_,16.01µm
u_core.u_master.u_slave.u_core.B3\[25\],16.01µm
net6063,15.96µm
_05078_,15.83µm
u_core.u_master.u_slave.tagr3\[21\],15.83µm
net4052,15.83µm
net4752,15.83µm
net8504,15.83µm
_00998_,15.78µm
_03949_,15.78µm
_04192_,15.78µm
_04712_,15.78µm
_06404_,15.78µm
_06837_,15.78µm
_06877_,15.78µm
_07580_,15.78µm
u_core.cmd_addr_q\[5\],15.78µm
u_core.u_master.u_slave.tagr2\[19\],15.78µm
u_core.u_master.u_slave.tagr2\[27\],15.78µm
u_core.u_master.u_slave.u_core.B1\[15\],15.78µm
u_core.u_master.u_slave.u_core.B1\[20\],15.78µm
u_core.u_master.u_slave.u_core.B3\[45\],15.78µm
u_core.u_master.u_slave.u_core.S3\[15\],15.78µm
u_core.u_master.u_slave.u_core.S3\[19\],15.78µm
u_core.u_master.u_slave.u_core.last_nrate_q\[105\],15.78µm
net4029,15.78µm
net5071,15.78µm
net5277,15.78µm
net6107,15.78µm
net6756,15.78µm
net6926,15.78µm
net7009,15.78µm
net7854,15.78µm
net7884,15.78µm
net8070,15.78µm
net8483,15.78µm
_00434_,15.73µm
_00518_,15.73µm
_00637_,15.73µm
_00643_,15.73µm
_00822_,15.73µm
_01010_,15.73µm
_01042_,15.73µm
_01095_,15.73µm
_01367_,15.73µm
_01373_,15.73µm
_01374_,15.73µm
_01377_,15.73µm
_01404_,15.73µm
_02395_,15.73µm
_02659_,15.73µm
_03060_,15.73µm
_03089_,15.73µm
_03146_,15.73µm
_03491_,15.73µm
_03533_,15.73µm
_03680_,15.73µm
_03694_,15.73µm
_03703_,15.73µm
_03724_,15.73µm
_04027_,15.73µm
_04180_,15.73µm
_04485_,15.73µm
_04625_,15.73µm
_04694_,15.73µm
_04707_,15.73µm
_04784_,15.73µm
_04821_,15.73µm
_04971_,15.73µm
_05200_,15.73µm
_05337_,15.73µm
_05413_,15.73µm
_05513_,15.73µm
_05539_,15.73µm
_06060_,15.73µm
_06073_,15.73µm
_06168_,15.73µm
_06290_,15.73µm
_06297_,15.73µm
_06299_,15.73µm
_06391_,15.73µm
_06580_,15.73µm
_06635_,15.73µm
_06687_,15.73µm
_06706_,15.73µm
_07023_,15.73µm
_07173_,15.73µm
_07511_,15.73µm
_07599_,15.73µm
_07686_,15.73µm
_07705_,15.73µm
_07830_,15.73µm
_07904_,15.73µm
_08041_,15.73µm
_08086_,15.73µm
_08288_,15.73µm
_08347_,15.73µm
_08365_,15.73µm
u_core.cmd_rdata\[17\],15.73µm
u_core.txcnt\[2\],15.73µm
u_core.u_master.u_slave.dout_sh\[121\],15.73µm
u_core.u_master.u_slave.dout_sh\[20\],15.73µm
u_core.u_master.u_slave.dout_sh\[71\],15.73µm
u_core.u_master.u_slave.non2\[14\],15.73µm
u_core.u_master.u_slave.tagr0\[19\],15.73µm
u_core.u_master.u_slave.tagr3\[25\],15.73µm
u_core.u_master.u_slave.tagw1\[10\],15.73µm
u_core.u_master.u_slave.tagw1\[22\],15.73µm
u_core.u_master.u_slave.tagw2\[21\],15.73µm
u_core.u_master.u_slave.u_core.B3\[0\],15.73µm
u_core.u_master.u_slave.u_core.B3\[26\],15.73µm
u_core.u_master.u_slave.u_core.B3\[5\],15.73µm
u_core.u_master.u_slave.u_core.full_dout_q\[29\],15.73µm
u_core.u_master.u_slave.u_core.full_nS1_q\[39\],15.73µm
u_core.u_master.u_slave.u_core.last_dout_q\[122\],15.73µm
u_core.u_master.u_slave.u_core.last_dout_q\[95\],15.73µm
net3667,15.73µm
net3873,15.73µm
net3950,15.73µm
net4030,15.73µm
net4147,15.73µm
net4632,15.73µm
net4714,15.73µm
net4975,15.73µm
net5010,15.73µm
net5401,15.73µm
net6071,15.73µm
net6184,15.73µm
net6332,15.73µm
net6649,15.73µm
net6933,15.73µm
net7088,15.73µm
net7573,15.73µm
net7599,15.73µm
net7697,15.73µm
net7828,15.73µm
net8002,15.73µm
net8102,15.73µm
net8238,15.73µm
net8365,15.73µm
net8379,15.73µm
net8426,15.73µm
net8428,15.73µm
net8431,15.73µm
_00026_,15.68µm
_00173_,15.68µm
_00337_,15.68µm
_00757_,15.68µm
_00913_,15.68µm
_00961_,15.68µm
_01005_,15.68µm
_01296_,15.68µm
_01673_,15.68µm
_01935_,15.68µm
_02359_,15.68µm
_02430_,15.68µm
_02487_,15.68µm
_02840_,15.68µm
_02918_,15.68µm
_02975_,15.68µm
_03081_,15.68µm
_03118_,15.68µm
_03276_,15.68µm
_03628_,15.68µm
_03888_,15.68µm
_03958_,15.68µm
_03960_,15.68µm
_04041_,15.68µm
_04059_,15.68µm
_04120_,15.68µm
_04288_,15.68µm
_04333_,15.68µm
_04354_,15.68µm
_05185_,15.68µm
_05239_,15.68µm
_05290_,15.68µm
_05305_,15.68µm
_05367_,15.68µm
_05376_,15.68µm
_05457_,15.68µm
_05801_,15.68µm
_06079_,15.68µm
_06306_,15.68µm
_06511_,15.68µm
_06531_,15.68µm
_06945_,15.68µm
_07158_,15.68µm
_07486_,15.68µm
_07613_,15.68µm
_07656_,15.68µm
_07934_,15.68µm
_08335_,15.68µm
_08404_,15.68µm
u_core.u_master.u_slave.core_t0\[19\],15.68µm
u_core.u_master.u_slave.non2\[11\],15.68µm
u_core.u_master.u_slave.tagr1\[6\],15.68µm
u_core.u_master.u_slave.tagr3\[30\],15.68µm
u_core.u_master.u_slave.u_core.B1\[0\],15.68µm
u_core.u_master.u_slave.u_core.B3\[50\],15.68µm
u_core.u_master.u_slave.u_core.S3\[11\],15.68µm
u_core.u_master.u_slave.u_core.last_dout_q\[117\],15.68µm
u_core.u_master.u_slave.u_core.last_nrate_q\[35\],15.68µm
u_core.u_master.u_slave.u_core.last_nrate_q\[72\],15.68µm
net3721,15.68µm
net3751,15.68µm
net3922,15.68µm
net4004,15.68µm
net4169,15.68µm
net4444,15.68µm
net4486,15.68µm
net4494,15.68µm
net4578,15.68µm
net4697,15.68µm
net4992,15.68µm
net5091,15.68µm
net5288,15.68µm
net5406,15.68µm
net5613,15.68µm
net5630,15.68µm
net5763,15.68µm
net5810,15.68µm
net5895,15.68µm
net6055,15.68µm
net6226,15.68µm
net6343,15.68µm
net6765,15.68µm
net7272,15.68µm
net7305,15.68µm
net7576,15.68µm
net7796,15.68µm
net8051,15.68µm
net8052,15.68µm
_05479_,15.4µm
u_core.u_master.u_slave.u_core.full_nS0_q\[30\],15.32µm
_02700_,15.27µm
_04509_,15.27µm
_07186_,15.27µm
_08143_,15.27µm
u_core.u_master.u_slave.u_core.B1\[37\],15.27µm
_01370_,15.22µm
_02638_,15.22µm
_04019_,15.22µm
_05003_,15.22µm
_08245_,15.22µm
u_core.miso_sr\[11\],15.22µm
u_core.u_master.u_slave.tagw3\[2\],15.22µm
u_core.u_master.u_slave.u_core.B3\[47\],15.22µm
u_core.u_master.u_slave.u_core.S3\[45\],15.22µm
u_core.u_master.u_slave.u_core.full_nS0_q\[60\],15.22µm
u_core.u_master.u_slave.u_core.full_nS1_q\[49\],15.22µm
u_core.u_master.u_slave.u_core.last_nrate_q\[27\],15.22µm
u_core.u_master.u_slave.u_core.last_nrate_q\[77\],15.22µm
net3990,15.22µm
net4110,15.22µm
net4179,15.22µm
net4841,15.22µm
net6614,15.22µm
net6981,15.22µm
net7104,15.22µm
net7160,15.22µm
net7195,15.22µm
net8466,15.22µm
net8488,15.22µm
net8489,15.22µm
_00245_,15.17µm
_00693_,15.17µm
_00816_,15.17µm
_00991_,15.17µm
_01223_,15.17µm
_01240_,15.17µm
_01255_,15.17µm
_01865_,15.17µm
_01914_,15.17µm
_02177_,15.17µm
_02368_,15.17µm
_02435_,15.17µm
_02473_,15.17µm
_02575_,15.17µm
_02736_,15.17µm
_02860_,15.17µm
_03123_,15.17µm
_03159_,15.17µm
_03193_,15.17µm
_03249_,15.17µm
_03422_,15.17µm
_03613_,15.17µm
_03755_,15.17µm
_03778_,15.17µm
_03832_,15.17µm
_03925_,15.17µm
_04182_,15.17µm
_05103_,15.17µm
_05265_,15.17µm
_05309_,15.17µm
_05397_,15.17µm
_05724_,15.17µm
_05884_,15.17µm
_05907_,15.17µm
_06047_,15.17µm
_06360_,15.17µm
_06509_,15.17µm
_06574_,15.17µm
_06972_,15.17µm
_07008_,15.17µm
_07071_,15.17µm
_07178_,15.17µm
_07541_,15.17µm
_07723_,15.17µm
_07777_,15.17µm
_07867_,15.17µm
_08285_,15.17µm
_08296_,15.17µm
_08376_,15.17µm
u_core.is_read,15.17µm
u_core.rd_addr_s\[6\],15.17µm
u_core.u_master.u_slave.non2\[21\],15.17µm
u_core.u_master.u_slave.non3\[30\],15.17µm
u_core.u_master.u_slave.tagr0\[25\],15.17µm
u_core.u_master.u_slave.tagr2\[7\],15.17µm
u_core.u_master.u_slave.tagw1\[31\],15.17µm
u_core.u_master.u_slave.tagw2\[17\],15.17µm
u_core.u_master.u_slave.tagw2\[23\],15.17µm
u_core.u_master.u_slave.tagw2\[26\],15.17µm
u_core.u_master.u_slave.u_core.S3\[20\],15.17µm
u_core.u_master.u_slave.u_core.full_nS1_q\[48\],15.17µm
u_core.u_master.u_slave.u_core.last_dout_q\[48\],15.17µm
u_core.u_master.u_slave.u_core.last_dout_q\[66\],15.17µm
u_core.u_master.u_slave.u_core.last_nrate_q\[67\],15.17µm
net3615,15.17µm
net3921,15.17µm
net4231,15.17µm
net4309,15.17µm
net4362,15.17µm
net4513,15.17µm
net4515,15.17µm
net4630,15.17µm
net5093,15.17µm
net5115,15.17µm
net5376,15.17µm
net5446,15.17µm
net5565,15.17µm
net5629,15.17µm
net5697,15.17µm
net5736,15.17µm
net5816,15.17µm
net6003,15.17µm
net6022,15.17µm
net6093,15.17µm
net6141,15.17µm
net6268,15.17µm
net6289,15.17µm
net6292,15.17µm
net6414,15.17µm
net6629,15.17µm
net6935,15.17µm
net7041,15.17µm
net7144,15.17µm
net7223,15.17µm
net7232,15.17µm
net7286,15.17µm
net7644,15.17µm
net7692,15.17µm
net7813,15.17µm
net7873,15.17µm
net8008,15.17µm
net8055,15.17µm
net8195,15.17µm
net8197,15.17µm
net8229,15.17µm
net8336,15.17µm
net8512,15.17µm
net8578,15.17µm
_00268_,15.12µm
_00279_,15.12µm
_00680_,15.12µm
_00754_,15.12µm
_00841_,15.12µm
_00952_,15.12µm
_01013_,15.12µm
_01281_,15.12µm
_01287_,15.12µm
_01303_,15.12µm
_01313_,15.12µm
_01330_,15.12µm
_01385_,15.12µm
_01457_,15.12µm
_01741_,15.12µm
_01841_,15.12µm
_02002_,15.12µm
_02128_,15.12µm
_02262_,15.12µm
_02282_,15.12µm
_02629_,15.12µm
_02901_,15.12µm
_03021_,15.12µm
_03132_,15.12µm
_03253_,15.12µm
_03299_,15.12µm
_03408_,15.12µm
_03436_,15.12µm
_03516_,15.12µm
_03621_,15.12µm
_03876_,15.12µm
_04032_,15.12µm
_04044_,15.12µm
_04159_,15.12µm
_04170_,15.12µm
_04289_,15.12µm
_04637_,15.12µm
_04650_,15.12µm
_04902_,15.12µm
_05037_,15.12µm
_05229_,15.12µm
_05419_,15.12µm
_05590_,15.12µm
_05703_,15.12µm
_05895_,15.12µm
_06022_,15.12µm
_06675_,15.12µm
_06767_,15.12µm
_06774_,15.12µm
_06785_,15.12µm
_06819_,15.12µm
_06983_,15.12µm
_07090_,15.12µm
_07336_,15.12µm
_07535_,15.12µm
_07576_,15.12µm
_07752_,15.12µm
_07782_,15.12µm
_07932_,15.12µm
_08118_,15.12µm
_08262_,15.12µm
_08319_,15.12µm
_08323_,15.12µm
_08422_,15.12µm
u_core.frame_hold\[14\],15.12µm
u_core.u_master.m_rdata\[6\],15.12µm
u_core.u_master.u_slave.core_dout_data\[51\],15.12µm
u_core.u_master.u_slave.dout_sh\[65\],15.12µm
u_core.u_master.u_slave.tagr1\[30\],15.12µm
u_core.u_master.u_slave.tagr2\[31\],15.12µm
u_core.u_master.u_slave.tagr3\[3\],15.12µm
u_core.u_master.u_slave.tagw0\[1\],15.12µm
u_core.u_master.u_slave.u_core.B1\[32\],15.12µm
u_core.u_master.u_slave.u_core.S3\[33\],15.12µm
u_core.u_master.u_slave.u_core.full_nS0_q\[61\],15.12µm
u_core.u_master.u_slave.u_core.last_dout_q\[110\],15.12µm
u_core.u_master.u_slave.u_core.last_dout_q\[30\],15.12µm
net3629,15.12µm
net3691,15.12µm
net3723,15.12µm
net3869,15.12µm
net4314,15.12µm
net4747,15.12µm
net4869,15.12µm
net4920,15.12µm
net5023,15.12µm
net5028,15.12µm
net5038,15.12µm
net5123,15.12µm
net5182,15.12µm
net5264,15.12µm
net5588,15.12µm
net5646,15.12µm
net5675,15.12µm
net5744,15.12µm
net5939,15.12µm
net6291,15.12µm
net6675,15.12µm
net6767,15.12µm
net6768,15.12µm
net6823,15.12µm
net6965,15.12µm
net7105,15.12µm
net7239,15.12µm
net7468,15.12µm
net7722,15.12µm
net7778,15.12µm
net7944,15.12µm
net8106,15.12µm
net8250,15.12µm
net8429,15.12µm
net8520,15.12µm
net8522,15.12µm
u_core.u_master.u_slave.dout_sh\[103\],14.84µm
u_core.u_master.u_slave.u_core.full_nS1_q\[3\],14.76µm
_03762_,14.71µm
_08375_,14.71µm
u_core.u_master.u_slave.dout_sh\[46\],14.71µm
u_core.u_master.u_slave.tagw2\[25\],14.71µm
net3848,14.71µm
net3900,14.71µm
_01178_,14.66µm
_01183_,14.66µm
_02648_,14.66µm
_05061_,14.66µm
_05196_,14.66µm
_05462_,14.66µm
_06247_,14.66µm
_06524_,14.66µm
_07937_,14.66µm
u_core.u_master.u_slave.non3\[4\],14.66µm
u_core.u_master.u_slave.tagr1\[16\],14.66µm
u_core.u_master.u_slave.tagr2\[24\],14.66µm
u_core.u_master.u_slave.tagw1\[13\],14.66µm
u_core.u_master.u_slave.tagw1\[14\],14.66µm
u_core.u_master.u_slave.tagw1\[18\],14.66µm
u_core.u_master.u_slave.tagw3\[25\],14.66µm
u_core.u_master.u_slave.u_core.B0\[33\],14.66µm
u_core.u_master.u_slave.u_core.last_nrate_q\[66\],14.66µm
net4317,14.66µm
net4642,14.66µm
net4851,14.66µm
net5426,14.66µm
net5751,14.66µm
net5920,14.66µm
net5931,14.66µm
net6036,14.66µm
net7094,14.66µm
net7183,14.66µm
net7231,14.66µm
net7245,14.66µm
net7390,14.66µm
net8388,14.66µm
_00106_,14.61µm
_00420_,14.61µm
_00458_,14.61µm
_00517_,14.61µm
_00522_,14.61µm
_00888_,14.61µm
_01360_,14.61µm
_01735_,14.61µm
_01744_,14.61µm
_01757_,14.61µm
_01927_,14.61µm
_01961_,14.61µm
_02466_,14.61µm
_02493_,14.61µm
_02608_,14.61µm
_02807_,14.61µm
_02836_,14.61µm
_02915_,14.61µm
_02928_,14.61µm
_02959_,14.61µm
_03017_,14.61µm
_03227_,14.61µm
_03238_,14.61µm
_03591_,14.61µm
_03812_,14.61µm
_03943_,14.61µm
_03988_,14.61µm
_04002_,14.61µm
_04183_,14.61µm
_04229_,14.61µm
_04287_,14.61µm
_04391_,14.61µm
_04531_,14.61µm
_04995_,14.61µm
_05059_,14.61µm
_05099_,14.61µm
_05387_,14.61µm
_05550_,14.61µm
_05599_,14.61µm
_05729_,14.61µm
_05766_,14.61µm
_06011_,14.61µm
_06024_,14.61µm
_06276_,14.61µm
_06526_,14.61µm
_06581_,14.61µm
_06862_,14.61µm
_06994_,14.61µm
_07049_,14.61µm
_07115_,14.61µm
_07188_,14.61µm
_07345_,14.61µm
_07570_,14.61µm
_07704_,14.61µm
_08216_,14.61µm
u_core.cmd_wdata_q\[1\],14.61µm
u_core.cmd_wdata_q\[3\],14.61µm
u_core.frame_hold\[31\],14.61µm
u_core.u_master.u_slave.core_t1\[49\],14.61µm
u_core.u_master.u_slave.dout_sh\[19\],14.61µm
u_core.u_master.u_slave.tagw0\[5\],14.61µm
u_core.u_master.u_slave.tagw3\[28\],14.61µm
u_core.u_master.u_slave.u_core.B1\[24\],14.61µm
u_core.u_master.u_slave.u_core.B1\[30\],14.61µm
u_core.u_master.u_slave.u_core.B1\[33\],14.61µm
u_core.u_master.u_slave.u_core.S3\[59\],14.61µm
u_core.u_master.u_slave.u_core.full_nS1_q\[55\],14.61µm
u_core.u_master.u_slave.u_core.last_dout_q\[3\],14.61µm
net3695,14.61µm
net4054,14.61µm
net4497,14.61µm
net4564,14.61µm
net4581,14.61µm
net4624,14.61µm
net4800,14.61µm
net4942,14.61µm
net4949,14.61µm
net5087,14.61µm
net5101,14.61µm
net5129,14.61µm
net5169,14.61µm
net5492,14.61µm
net5532,14.61µm
net5582,14.61µm
net5672,14.61µm
net5767,14.61µm
net6031,14.61µm
net6294,14.61µm
net6447,14.61µm
net6663,14.61µm
net7092,14.61µm
net7134,14.61µm
net7514,14.61µm
net7525,14.61µm
net7530,14.61µm
net7604,14.61µm
net7668,14.61µm
net7896,14.61µm
net7907,14.61µm
net7954,14.61µm
net7959,14.61µm
net8118,14.61µm
net8125,14.61µm
net8196,14.61µm
net8286,14.61µm
net8289,14.61µm
net8300,14.61µm
net8326,14.61µm
net8383,14.61µm
net8571,14.61µm
net8614,14.61µm
_00128_,14.56µm
_00231_,14.56µm
_00418_,14.56µm
_00873_,14.56µm
_00939_,14.56µm
_00941_,14.56µm
_01050_,14.56µm
_01056_,14.56µm
_01059_,14.56µm
_01111_,14.56µm
_01121_,14.56µm
_01154_,14.56µm
_01184_,14.56µm
_01337_,14.56µm
_01740_,14.56µm
_02096_,14.56µm
_02278_,14.56µm
_02300_,14.56µm
_02451_,14.56µm
_02475_,14.56µm
_02485_,14.56µm
_02743_,14.56µm
_02792_,14.56µm
_02808_,14.56µm
_02823_,14.56µm
_02961_,14.56µm
_03029_,14.56µm
_03061_,14.56µm
_03115_,14.56µm
_03158_,14.56µm
_03187_,14.56µm
_03191_,14.56µm
_03197_,14.56µm
_03392_,14.56µm
_03501_,14.56µm
_03619_,14.56µm
_03860_,14.56µm
_04129_,14.56µm
_04390_,14.56µm
_04480_,14.56µm
_04639_,14.56µm
_04723_,14.56µm
_05081_,14.56µm
_05171_,14.56µm
_05666_,14.56µm
_06097_,14.56µm
_06270_,14.56µm
_06366_,14.56µm
_06367_,14.56µm
_06397_,14.56µm
_06411_,14.56µm
_06510_,14.56µm
_06606_,14.56µm
_06765_,14.56µm
_06783_,14.56µm
_06927_,14.56µm
_07116_,14.56µm
_07176_,14.56µm
_07481_,14.56µm
_07633_,14.56µm
_07699_,14.56µm
_07799_,14.56µm
_07964_,14.56µm
_08082_,14.56µm
_08293_,14.56µm
_08418_,14.56µm
u_core.miso_sr\[28\],14.56µm
u_core.u_master.m_wdata\[19\],14.56µm
u_core.u_master.u_slave.core_dout_data\[105\],14.56µm
u_core.u_master.u_slave.core_dout_data\[112\],14.56µm
u_core.u_master.u_slave.u_core.B1\[34\],14.56µm
u_core.u_master.u_slave.u_core.S3\[47\],14.56µm
u_core.u_master.u_slave.u_core.full_dout_q\[97\],14.56µm
u_core.u_master.u_slave.u_core.full_nS1_q\[23\],14.56µm
u_core.u_master.u_slave.u_core.last_dout_q\[100\],14.56µm
u_core.u_master.u_slave.u_core.last_dout_q\[46\],14.56µm
net3884,14.56µm
net4161,14.56µm
net4202,14.56µm
net4261,14.56µm
net4334,14.56µm
net4339,14.56µm
net4373,14.56µm
net4521,14.56µm
net4569,14.56µm
net4789,14.56µm
net4925,14.56µm
net5019,14.56µm
net5047,14.56µm
net5095,14.56µm
net5269,14.56µm
net5451,14.56µm
net5596,14.56µm
net5614,14.56µm
net5635,14.56µm
net5666,14.56µm
net5818,14.56µm
net5828,14.56µm
net6090,14.56µm
net6108,14.56µm
net6290,14.56µm
net6336,14.56µm
net6444,14.56µm
net6524,14.56µm
net6545,14.56µm
net6565,14.56µm
net6670,14.56µm
net6709,14.56µm
net6775,14.56µm
net6809,14.56µm
net7206,14.56µm
net7373,14.56µm
net7610,14.56µm
net7777,14.56µm
net8004,14.56µm
net8147,14.56µm
net8332,14.56µm
net8353,14.56µm
net8367,14.56µm
_02656_,14.28µm
net7652,14.28µm
_06700_,14.2µm
_00125_,14.15µm
_03586_,14.15µm
net3977,14.15µm
_02661_,14.1µm
_02705_,14.1µm
_03286_,14.1µm
_05066_,14.1µm
_05519_,14.1µm
_06038_,14.1µm
_07631_,14.1µm
_08151_,14.1µm
_08275_,14.1µm
u_core.u_master.u_slave.u_core.full_nS0_q\[21\],14.1µm
u_core.u_master.u_slave.u_core.last_dout_q\[1\],14.1µm
net4363,14.1µm
net5352,14.1µm
net5829,14.1µm
net6272,14.1µm
net6476,14.1µm
net6742,14.1µm
net8062,14.1µm
net8395,14.1µm
_00392_,14.05µm
_00472_,14.05µm
_00527_,14.05µm
_00656_,14.05µm
_00741_,14.05µm
_00817_,14.05µm
_00949_,14.05µm
_00981_,14.05µm
_01067_,14.05µm
_01171_,14.05µm
_01347_,14.05µm
_01436_,14.05µm
_01663_,14.05µm
_01765_,14.05µm
_01971_,14.05µm
_02115_,14.05µm
_02159_,14.05µm
_02190_,14.05µm
_02289_,14.05µm
_02478_,14.05µm
_02499_,14.05µm
_02516_,14.05µm
_02543_,14.05µm
_02735_,14.05µm
_02783_,14.05µm
_02971_,14.05µm
_03000_,14.05µm
_03016_,14.05µm
_03065_,14.05µm
_03134_,14.05µm
_03201_,14.05µm
_03359_,14.05µm
_03416_,14.05µm
_03437_,14.05µm
_03498_,14.05µm
_03551_,14.05µm
_03652_,14.05µm
_03946_,14.05µm
_03974_,14.05µm
_03991_,14.05µm
_04058_,14.05µm
_04235_,14.05µm
_04261_,14.05µm
_04686_,14.05µm
_05012_,14.05µm
_05025_,14.05µm
_05218_,14.05µm
_05237_,14.05µm
_05322_,14.05µm
_05329_,14.05µm
_05345_,14.05µm
_05437_,14.05µm
_05752_,14.05µm
_06653_,14.05µm
_06918_,14.05µm
_06946_,14.05µm
_07571_,14.05µm
_07572_,14.05µm
_07593_,14.05µm
_07603_,14.05µm
_07651_,14.05µm
_07693_,14.05µm
_07695_,14.05µm
_07741_,14.05µm
_07944_,14.05µm
_08072_,14.05µm
_08076_,14.05µm
_08271_,14.05µm
u_core.cmd_wdata_q\[20\],14.05µm
u_core.rd_data_clk\[22\],14.05µm
u_core.u_master.u_slave.core_dout_data\[104\],14.05µm
u_core.u_master.u_slave.core_dout_data\[5\],14.05µm
u_core.u_master.u_slave.core_t1\[45\],14.05µm
u_core.u_master.u_slave.tagr0\[20\],14.05µm
u_core.u_master.u_slave.tagw0\[22\],14.05µm
u_core.u_master.u_slave.tagw0\[24\],14.05µm
u_core.u_master.u_slave.tagw1\[1\],14.05µm
u_core.u_master.u_slave.tagw3\[6\],14.05µm
u_core.u_master.u_slave.u_core.B3\[1\],14.05µm
u_core.u_master.u_slave.u_core.B3\[22\],14.05µm
u_core.u_master.u_slave.u_core.B3\[44\],14.05µm
u_core.u_master.u_slave.u_core.B3\[52\],14.05µm
u_core.u_master.u_slave.u_core.B3\[8\],14.05µm
u_core.u_master.u_slave.u_core.full_dout_q\[7\],14.05µm
u_core.u_master.u_slave.u_core.full_nS0_q\[13\],14.05µm
u_core.u_master.u_slave.u_core.full_nS0_q\[17\],14.05µm
u_core.u_master.u_slave.u_core.full_nS1_q\[11\],14.05µm
u_core.u_master.u_slave.u_core.last_nrate_q\[58\],14.05µm
net3593,14.05µm
net3659,14.05µm
net3692,14.05µm
net3822,14.05µm
net3852,14.05µm
net3879,14.05µm
net4215,14.05µm
net4288,14.05µm
net4344,14.05µm
net4419,14.05µm
net4725,14.05µm
net4961,14.05µm
net5194,14.05µm
net5669,14.05µm
net5758,14.05µm
net6067,14.05µm
net6130,14.05µm
net6284,14.05µm
net6324,14.05µm
net6333,14.05µm
net6576,14.05µm
net6846,14.05µm
net6852,14.05µm
net7066,14.05µm
net7071,14.05µm
net7166,14.05µm
net7538,14.05µm
net7848,14.05µm
net7993,14.05µm
net7997,14.05µm
net8027,14.05µm
net8087,14.05µm
net8148,14.05µm
net8316,14.05µm
net8351,14.05µm
net8369,14.05µm
net8405,14.05µm
net8491,14.05µm
net8548,14.05µm
_00025_,14µm
_00236_,14µm
_00427_,14µm
_00437_,14µm
_00479_,14µm
_00675_,14µm
_00906_,14µm
_01035_,14µm
_01612_,14µm
_01707_,14µm
_02097_,14µm
_02413_,14µm
_02748_,14µm
_02987_,14µm
_03083_,14µm
_03459_,14µm
_03662_,14µm
_03693_,14µm
_03723_,14µm
_03790_,14µm
_03793_,14µm
_04147_,14µm
_04190_,14µm
_04219_,14µm
_04379_,14µm
_04804_,14µm
_05223_,14µm
_05369_,14µm
_05709_,14µm
_05758_,14µm
_06152_,14µm
_06218_,14µm
_06253_,14µm
_06634_,14µm
_06782_,14µm
_06925_,14µm
_07174_,14µm
_07477_,14µm
_07664_,14µm
_07698_,14µm
_07761_,14µm
_07900_,14µm
_08228_,14µm
_08326_,14µm
u_core.cmd_wdata_q\[14\],14µm
u_core.cmd_wdata_q\[9\],14µm
u_core.frame_hold\[29\],14µm
u_core.rd_data_clk\[21\],14µm
u_core.u_master.u_slave.core_dout_data\[52\],14µm
u_core.u_master.u_slave.dout_sh\[53\],14µm
u_core.u_master.u_slave.non2\[19\],14µm
u_core.u_master.u_slave.tagw0\[29\],14µm
u_core.u_master.u_slave.tagw1\[27\],14µm
u_core.u_master.u_slave.tagw3\[5\],14µm
u_core.u_master.u_slave.u_core.B1\[3\],14µm
u_core.u_master.u_slave.u_core.B1\[40\],14µm
u_core.u_master.u_slave.u_core.B3\[13\],14µm
u_core.u_master.u_slave.u_core.B3\[57\],14µm
u_core.u_master.u_slave.u_core.B3\[61\],14µm
u_core.u_master.u_slave.u_core.full_dout_q\[94\],14µm
u_core.u_master.u_slave.u_core.last_dout_q\[91\],14µm
u_core.u_master.u_slave.u_core.last_dout_q\[97\],14µm
u_core.u_master.u_slave.u_core.last_nrate_q\[37\],14µm
u_core.u_master.u_slave.u_core.last_nrate_q\[76\],14µm
u_core.u_master.u_slave.u_core.last_nrate_q\[79\],14µm
net3591,14µm
net3782,14µm
net3959,14µm
net4287,14µm
net4308,14µm
net4343,14µm
net4483,14µm
net4541,14µm
net4542,14µm
net4745,14µm
net4817,14µm
net4896,14µm
net5127,14µm
net5189,14µm
net5200,14µm
net5297,14µm
net5330,14µm
net5345,14µm
net5498,14µm
net5587,14µm
net5610,14µm
net5649,14µm
net5808,14µm
net6027,14µm
net6086,14µm
net6100,14µm
net6123,14µm
net6181,14µm
net6419,14µm
net6581,14µm
net6787,14µm
net6927,14µm
net6951,14µm
net7185,14µm
net7524,14µm
net7574,14µm
net7647,14µm
net7970,14µm
net8011,14µm
net8040,14µm
net8152,14µm
net8225,14µm
net8377,14µm
net8468,14µm
u_core.u_master.u_slave.blk3\[0\],13.77µm
u_core.u_master.u_slave.u_core.last_nrate_q\[127\],13.72µm
net7318,13.72µm
u_core.u_master.u_slave.u_core.S2\[2\],13.64µm
_05048_,13.59µm
_08332_,13.59µm
net3964,13.59µm
net4490,13.59µm
_01271_,13.54µm
_02678_,13.54µm
_03095_,13.54µm
_03715_,13.54µm
_05060_,13.54µm
_05424_,13.54µm
_06176_,13.54µm
_06230_,13.54µm
_06332_,13.54µm
_07161_,13.54µm
_07277_,13.54µm
_07524_,13.54µm
_08147_,13.54µm
u_core.u_master.u_slave.done_sticky,13.54µm
u_core.u_master.u_slave.u_core.S3\[32\],13.54µm
u_core.u_master.u_slave.u_core.S3\[43\],13.54µm
u_core.u_master.u_slave.u_core.last_nrate_q\[60\],13.54µm
net3881,13.54µm
net4500,13.54µm
net5659,13.54µm
net6156,13.54µm
net6782,13.54µm
net7179,13.54µm
net7418,13.54µm
net8068,13.54µm
net8212,13.54µm
_00023_,13.49µm
_00401_,13.49µm
_00446_,13.49µm
_00475_,13.49µm
_00493_,13.49µm
_00739_,13.49µm
_00858_,13.49µm
_00904_,13.49µm
_01119_,13.49µm
_01187_,13.49µm
_01192_,13.49µm
_01468_,13.49µm
_01924_,13.49µm
_01986_,13.49µm
_02204_,13.49µm
_02459_,13.49µm
_02770_,13.49µm
_02837_,13.49µm
_03033_,13.49µm
_03093_,13.49µm
_03104_,13.49µm
_03221_,13.49µm
_03427_,13.49µm
_03768_,13.49µm
_03981_,13.49µm
_04005_,13.49µm
_04123_,13.49µm
_04256_,13.49µm
_04277_,13.49µm
_04398_,13.49µm
_04655_,13.49µm
_04690_,13.49µm
_04834_,13.49µm
_04901_,13.49µm
_05065_,13.49µm
_05144_,13.49µm
_05168_,13.49µm
_05197_,13.49µm
_05231_,13.49µm
_05373_,13.49µm
_05434_,13.49µm
_05454_,13.49µm
_05667_,13.49µm
_05815_,13.49µm
_06133_,13.49µm
_06538_,13.49µm
_06842_,13.49µm
_06887_,13.49µm
_06898_,13.49µm
_06955_,13.49µm
_07000_,13.49µm
_07012_,13.49µm
_07015_,13.49µm
_07078_,13.49µm
_07543_,13.49µm
_07549_,13.49µm
_07596_,13.49µm
_07726_,13.49µm
_07856_,13.49µm
_07914_,13.49µm
u_core.cmd_rdata\[8\],13.49µm
u_core.cmd_wdata_q\[29\],13.49µm
u_core.cmd_wdata_q\[6\],13.49µm
u_core.u_master.u_slave.core_dout_data\[72\],13.49µm
u_core.u_master.u_slave.core_dout_data\[7\],13.49µm
u_core.u_master.u_slave.non3\[0\],13.49µm
u_core.u_master.u_slave.u_core.S3\[38\],13.49µm
u_core.u_master.u_slave.u_core.S3\[46\],13.49µm
u_core.u_master.u_slave.u_core.full_dout_q\[107\],13.49µm
u_core.u_master.u_slave.u_core.last_dout_q\[45\],13.49µm
u_core.u_master.u_slave.u_core.last_nrate_q\[112\],13.49µm
u_core.u_master.u_slave.u_core.last_nrate_q\[26\],13.49µm
u_core.u_master.u_slave.u_core.last_nrate_q\[82\],13.49µm
net4045,13.49µm
net4062,13.49µm
net4098,13.49µm
net4133,13.49µm
net4191,13.49µm
net4211,13.49µm
net4262,13.49µm
net4274,13.49µm
net4470,13.49µm
net4589,13.49µm
net4666,13.49µm
net4833,13.49µm
net4956,13.49µm
net4978,13.49µm
net5215,13.49µm
net5403,13.49µm
net5732,13.49µm
net5803,13.49µm
net6046,13.49µm
net6089,13.49µm
net6119,13.49µm
net6128,13.49µm
net6177,13.49µm
net6202,13.49µm
net6212,13.49µm
net6219,13.49µm
net6351,13.49µm
net6468,13.49µm
net6542,13.49µm
net6726,13.49µm
net6832,13.49µm
net6897,13.49µm
net6918,13.49µm
net6920,13.49µm
net6924,13.49µm
net6941,13.49µm
net6969,13.49µm
net7044,13.49µm
net7096,13.49µm
net7307,13.49µm
net7368,13.49µm
net7448,13.49µm
net7476,13.49µm
net7643,13.49µm
net7780,13.49µm
net7880,13.49µm
net7992,13.49µm
net8029,13.49µm
net8032,13.49µm
net8069,13.49µm
net8108,13.49µm
net8131,13.49µm
net8136,13.49µm
net8146,13.49µm
net8221,13.49µm
net8260,13.49µm
net8307,13.49µm
net8329,13.49µm
net8513,13.49µm
net8514,13.49µm
_00058_,13.44µm
_00200_,13.44µm
_00598_,13.44µm
_00747_,13.44µm
_01004_,13.44µm
_01023_,13.44µm
_01041_,13.44µm
_01106_,13.44µm
_01276_,13.44µm
_01304_,13.44µm
_01349_,13.44µm
_01601_,13.44µm
_02032_,13.44µm
_02279_,13.44µm
_02356_,13.44µm
_02415_,13.44µm
_02821_,13.44µm
_03069_,13.44µm
_03131_,13.44µm
_03350_,13.44µm
_03513_,13.44µm
_03540_,13.44µm
_03554_,13.44µm
_03648_,13.44µm
_03733_,13.44µm
_03917_,13.44µm
_04128_,13.44µm
_04163_,13.44µm
_04749_,13.44µm
_04863_,13.44µm
_04928_,13.44µm
_04942_,13.44µm
_05071_,13.44µm
_05262_,13.44µm
_05428_,13.44µm
_05748_,13.44µm
_05781_,13.44µm
_05910_,13.44µm
_05957_,13.44µm
_05959_,13.44µm
_06015_,13.44µm
_06211_,13.44µm
_06449_,13.44µm
_06610_,13.44µm
_06825_,13.44µm
_06943_,13.44µm
_07164_,13.44µm
_07213_,13.44µm
_07368_,13.44µm
_08010_,13.44µm
_08170_,13.44µm
_08247_,13.44µm
_08292_,13.44µm
u_core.frame_hold\[17\],13.44µm
u_core.u_master.u_slave.dout_sh\[123\],13.44µm
u_core.u_master.u_slave.non0\[30\],13.44µm
u_core.u_master.u_slave.tagr1\[22\],13.44µm
u_core.u_master.u_slave.tagr3\[29\],13.44µm
u_core.u_master.u_slave.tagw3\[3\],13.44µm
u_core.u_master.u_slave.u_core.B1\[23\],13.44µm
u_core.u_master.u_slave.u_core.B3\[58\],13.44µm
u_core.u_master.u_slave.u_core.S3\[28\],13.44µm
u_core.u_master.u_slave.u_core.full_nS0_q\[9\],13.44µm
u_core.u_master.u_slave.u_core.last_dout_q\[53\],13.44µm
u_core.u_master.u_slave.u_core.last_nrate_q\[74\],13.44µm
net3603,13.44µm
net3704,13.44µm
net3808,13.44µm
net3867,13.44µm
net3892,13.44µm
net3952,13.44µm
net4153,13.44µm
net4159,13.44µm
net4241,13.44µm
net4259,13.44µm
net4424,13.44µm
net4453,13.44µm
net4805,13.44µm
net5017,13.44µm
net5105,13.44µm
net5132,13.44µm
net5204,13.44µm
net5238,13.44µm
net5402,13.44µm
net5480,13.44µm
net5526,13.44µm
net5760,13.44µm
net5840,13.44µm
net5873,13.44µm
net6241,13.44µm
net6246,13.44µm
net6303,13.44µm
net6434,13.44µm
net6705,13.44µm
net6790,13.44µm
net6863,13.44µm
net7147,13.44µm
net7317,13.44µm
net7336,13.44µm
net7338,13.44µm
net7415,13.44µm
net7434,13.44µm
net7491,13.44µm
net7578,13.44µm
net7580,13.44µm
net7649,13.44µm
net7753,13.44µm
net7840,13.44µm
net7850,13.44µm
net7962,13.44µm
net8001,13.44µm
net8295,13.44µm
net8357,13.44µm
net8406,13.44µm
net8574,13.44µm
_06200_,13.03µm
_07995_,13.03µm
_08192_,13.03µm
net6558,13.03µm
_02591_,12.98µm
_02753_,12.98µm
_02786_,12.98µm
_03643_,12.98µm
_04211_,12.98µm
_04818_,12.98µm
_05034_,12.98µm
_06086_,12.98µm
_06399_,12.98µm
_06661_,12.98µm
_07908_,12.98µm
_08115_,12.98µm
u_core.bitcnt\[5\],12.98µm
u_core.u_master.st\[3\],12.98µm
u_core.u_master.u_slave.dout_sh\[85\],12.98µm
u_core.u_master.u_slave.tagw0\[10\],12.98µm
u_core.u_master.u_slave.tagw0\[13\],12.98µm
u_core.u_master.u_slave.u_core.full_nS0_q\[27\],12.98µm
u_core.u_master.u_slave.u_core.last_dout_q\[11\],12.98µm
u_core.u_master.u_slave.u_core.last_dout_q\[88\],12.98µm
net4026,12.98µm
net4049,12.98µm
net4534,12.98µm
net4568,12.98µm
net5340,12.98µm
net6375,12.98µm
net6408,12.98µm
net6416,12.98µm
net6740,12.98µm
_00148_,12.93µm
_00174_,12.93µm
_00351_,12.93µm
_00366_,12.93µm
_00436_,12.93µm
_00443_,12.93µm
_00488_,12.93µm
_00552_,12.93µm
_00627_,12.93µm
_00666_,12.93µm
_00729_,12.93µm
_00853_,12.93µm
_00975_,12.93µm
_00982_,12.93µm
_01008_,12.93µm
_01085_,12.93µm
_01133_,12.93µm
_01138_,12.93µm
_01224_,12.93µm
_01438_,12.93µm
_01483_,12.93µm
_01485_,12.93µm
_01680_,12.93µm
_01782_,12.93µm
_01853_,12.93µm
_01879_,12.93µm
_01891_,12.93µm
_01948_,12.93µm
_02286_,12.93µm
_02357_,12.93µm
_02468_,12.93µm
_02663_,12.93µm
_02693_,12.93µm
_02805_,12.93µm
_02921_,12.93µm
_03156_,12.93µm
_03285_,12.93µm
_03384_,12.93µm
_03672_,12.93µm
_03794_,12.93µm
_03825_,12.93µm
_04339_,12.93µm
_04404_,12.93µm
_05052_,12.93µm
_05243_,12.93µm
_05333_,12.93µm
_05477_,12.93µm
_05512_,12.93µm
_05836_,12.93µm
_05928_,12.93µm
_06005_,12.93µm
_06288_,12.93µm
_06302_,12.93µm
_06406_,12.93µm
_06694_,12.93µm
_07065_,12.93µm
_07160_,12.93µm
_07167_,12.93µm
_07432_,12.93µm
_07642_,12.93µm
_07670_,12.93µm
_07678_,12.93µm
_07749_,12.93µm
_07852_,12.93µm
_07942_,12.93µm
_08321_,12.93µm
u_core.u_master.u_slave.core_dout_data\[85\],12.93µm
u_core.u_master.u_slave.start_pulse,12.93µm
u_core.u_master.u_slave.tagw1\[25\],12.93µm
u_core.u_master.u_slave.tagw3\[12\],12.93µm
u_core.u_master.u_slave.u_core.full_dout_q\[113\],12.93µm
u_core.u_master.u_slave.u_core.full_dout_q\[114\],12.93µm
u_core.u_master.u_slave.u_core.last_dout_q\[112\],12.93µm
u_core.u_master.u_slave.u_core.last_dout_q\[19\],12.93µm
u_core.u_master.u_slave.u_core.last_dout_q\[34\],12.93µm
u_core.u_master.u_slave.u_core.last_dout_q\[75\],12.93µm
u_core.u_master.u_slave.u_core.last_dout_q\[84\],12.93µm
u_core.u_master.u_slave.u_core.last_nrate_q\[47\],12.93µm
net3824,12.93µm
net4090,12.93µm
net4162,12.93µm
net4181,12.93µm
net4325,12.93µm
net4365,12.93µm
net4474,12.93µm
net4509,12.93µm
net4520,12.93µm
net4619,12.93µm
net4669,12.93µm
net4696,12.93µm
net4776,12.93µm
net4806,12.93µm
net4899,12.93µm
net4921,12.93µm
net5006,12.93µm
net5041,12.93µm
net5157,12.93µm
net5418,12.93µm
net5441,12.93µm
net5572,12.93µm
net5618,12.93µm
net5722,12.93µm
net5866,12.93µm
net5994,12.93µm
net6073,12.93µm
net6094,12.93µm
net6115,12.93µm
net6369,12.93µm
net6454,12.93µm
net6520,12.93µm
net6552,12.93µm
net6708,12.93µm
net6750,12.93µm
net6758,12.93µm
net6778,12.93µm
net6855,12.93µm
net7349,12.93µm
net7478,12.93µm
net7693,12.93µm
net7794,12.93µm
net7846,12.93µm
net7853,12.93µm
net7941,12.93µm
net7949,12.93µm
net7953,12.93µm
net8077,12.93µm
net8233,12.93µm
net8246,12.93µm
net8301,12.93µm
net8577,12.93µm
_00166_,12.88µm
_00175_,12.88µm
_00187_,12.88µm
_00381_,12.88µm
_00605_,12.88µm
_00647_,12.88µm
_00772_,12.88µm
_00852_,12.88µm
_00880_,12.88µm
_01054_,12.88µm
_01155_,12.88µm
_01218_,12.88µm
_01246_,12.88µm
_01274_,12.88µm
_01569_,12.88µm
_01813_,12.88µm
_01826_,12.88µm
_01859_,12.88µm
_02012_,12.88µm
_02393_,12.88µm
_02446_,12.88µm
_02464_,12.88µm
_02548_,12.88µm
_03004_,12.88µm
_03109_,12.88µm
_03141_,12.88µm
_03180_,12.88µm
_03484_,12.88µm
_03564_,12.88µm
_03575_,12.88µm
_03777_,12.88µm
_03837_,12.88µm
_03887_,12.88µm
_03929_,12.88µm
_04045_,12.88µm
_04328_,12.88µm
_04338_,12.88µm
_04616_,12.88µm
_05085_,12.88µm
_05249_,12.88µm
_05269_,12.88µm
_05555_,12.88µm
_05558_,12.88µm
_05913_,12.88µm
_05914_,12.88µm
_06020_,12.88µm
_06688_,12.88µm
_06794_,12.88µm
_06886_,12.88µm
_06892_,12.88µm
_07037_,12.88µm
_07418_,12.88µm
_07457_,12.88µm
_07467_,12.88µm
_07514_,12.88µm
_07531_,12.88µm
_07566_,12.88µm
_07628_,12.88µm
_07684_,12.88µm
_07775_,12.88µm
_07800_,12.88µm
_07807_,12.88µm
_07831_,12.88µm
_07832_,12.88µm
_07872_,12.88µm
_07899_,12.88µm
_08148_,12.88µm
_08304_,12.88µm
_08310_,12.88µm
u_core.miso_sr\[8\],12.88µm
u_core.u_master.u_slave.core_dout_data\[60\],12.88µm
u_core.u_master.u_slave.dout_sh\[100\],12.88µm
u_core.u_master.u_slave.dout_sh\[111\],12.88µm
u_core.u_master.u_slave.dout_sh\[5\],12.88µm
u_core.u_master.u_slave.tagr0\[1\],12.88µm
u_core.u_master.u_slave.tagr0\[9\],12.88µm
u_core.u_master.u_slave.tagr1\[18\],12.88µm
u_core.u_master.u_slave.tagw0\[25\],12.88µm
u_core.u_master.u_slave.tagw2\[12\],12.88µm
u_core.u_master.u_slave.u_core.B1\[44\],12.88µm
u_core.u_master.u_slave.u_core.B3\[28\],12.88µm
u_core.u_master.u_slave.u_core.S3\[14\],12.88µm
u_core.u_master.u_slave.u_core.S3\[25\],12.88µm
u_core.u_master.u_slave.u_core.full_dout_q\[84\],12.88µm
u_core.u_master.u_slave.u_core.full_nS0_q\[49\],12.88µm
u_core.u_master.u_slave.u_core.full_nS1_q\[6\],12.88µm
u_core.u_master.u_slave.u_core.last_dout_q\[126\],12.88µm
u_core.u_master.u_slave.u_core.last_dout_q\[24\],12.88µm
u_core.u_master.u_slave.u_core.last_dout_q\[33\],12.88µm
u_core.u_master.u_slave.u_core.last_nrate_q\[23\],12.88µm
u_core.u_master.u_slave.u_core.last_nrate_q\[57\],12.88µm
u_core.u_master.u_slave.u_core.last_nrate_q\[64\],12.88µm
u_core.u_master.u_slave.u_core.last_nrate_q\[69\],12.88µm
u_core.u_master.u_slave.u_core.last_nrate_q\[87\],12.88µm
u_core.u_master.u_slave.w_hs,12.88µm
net3605,12.88µm
net3698,12.88µm
net3761,12.88µm
net3768,12.88µm
net3792,12.88µm
net3844,12.88µm
net3849,12.88µm
net4091,12.88µm
net4152,12.88µm
net4213,12.88µm
net4243,12.88µm
net4498,12.88µm
net4516,12.88µm
net4536,12.88µm
net4571,12.88µm
net4607,12.88µm
net4634,12.88µm
net4797,12.88µm
net5035,12.88µm
net5044,12.88µm
net5217,12.88µm
net5469,12.88µm
net5521,12.88µm
net5625,12.88µm
net5684,12.88µm
net6006,12.88µm
net6047,12.88µm
net6146,12.88µm
net6223,12.88µm
net6287,12.88µm
net6318,12.88µm
net6413,12.88µm
net6417,12.88µm
net6600,12.88µm
net6625,12.88µm
net6751,12.88µm
net6773,12.88µm
net6812,12.88µm
net6885,12.88µm
net6962,12.88µm
net7056,12.88µm
net7073,12.88µm
net7291,12.88µm
net7520,12.88µm
net7585,12.88µm
net7675,12.88µm
net7738,12.88µm
net7891,12.88µm
net7998,12.88µm
net8023,12.88µm
net8134,12.88µm
net8386,12.88µm
net8430,12.88µm
net8498,12.88µm
u_core.u_master.u_slave.blk2\[0\],12.52µm
_00101_,12.47µm
_07509_,12.47µm
_07567_,12.47µm
net5721,12.47µm
_00163_,12.42µm
_00365_,12.42µm
_00480_,12.42µm
_02746_,12.42µm
_03121_,12.42µm
_03348_,12.42µm
_05335_,12.42µm
_05634_,12.42µm
_06352_,12.42µm
_06591_,12.42µm
_06682_,12.42µm
_07482_,12.42µm
_07619_,12.42µm
_08092_,12.42µm
u_core.u_master.u_slave.dout_sh\[122\],12.42µm
u_core.u_master.u_slave.tagr2\[15\],12.42µm
u_core.u_master.u_slave.tagr2\[2\],12.42µm
u_core.u_master.u_slave.tagw0\[3\],12.42µm
u_core.u_master.u_slave.tagw2\[2\],12.42µm
u_core.u_master.u_slave.u_core.B3\[29\],12.42µm
u_core.u_master.u_slave.u_core.S3\[42\],12.42µm
u_core.u_master.u_slave.u_core.full_nS1_q\[17\],12.42µm
net4187,12.42µm
net5543,12.42µm
net7106,12.42µm
net7243,12.42µm
net7851,12.42µm
net8060,12.42µm
net8120,12.42µm
net8530,12.42µm
_00003_,12.37µm
_00036_,12.37µm
_00055_,12.37µm
_00130_,12.37µm
_00143_,12.37µm
_00144_,12.37µm
_00301_,12.37µm
_00303_,12.37µm
_00557_,12.37µm
_00561_,12.37µm
_00762_,12.37µm
_00966_,12.37µm
_00984_,12.37µm
_01049_,12.37µm
_01063_,12.37µm
_01071_,12.37µm
_01076_,12.37µm
_01129_,12.37µm
_01260_,12.37µm
_01283_,12.37µm
_01333_,12.37µm
_01461_,12.37µm
_01549_,12.37µm
_01592_,12.37µm
_01773_,12.37µm
_01851_,12.37µm
_01872_,12.37µm
_01959_,12.37µm
_01987_,12.37µm
_02021_,12.37µm
_02033_,12.37µm
_02048_,12.37µm
_02148_,12.37µm
_02614_,12.37µm
_02833_,12.37µm
_02849_,12.37µm
_02900_,12.37µm
_02990_,12.37µm
_03043_,12.37µm
_03072_,12.37µm
_03076_,12.37µm
_03101_,12.37µm
_03173_,12.37µm
_03271_,12.37µm
_03382_,12.37µm
_03891_,12.37µm
_03970_,12.37µm
_03976_,12.37µm
_04017_,12.37µm
_04061_,12.37µm
_04112_,12.37µm
_04115_,12.37µm
_04161_,12.37µm
_04275_,12.37µm
_04281_,12.37µm
_04331_,12.37µm
_04649_,12.37µm
_04768_,12.37µm
_04847_,12.37µm
_04947_,12.37µm
_04975_,12.37µm
_05280_,12.37µm
_05293_,12.37µm
_05364_,12.37µm
_05464_,12.37µm
_05489_,12.37µm
_05772_,12.37µm
_05961_,12.37µm
_05987_,12.37µm
_06102_,12.37µm
_06348_,12.37µm
_06643_,12.37µm
_06738_,12.37µm
_06853_,12.37µm
_07107_,12.37µm
_07112_,12.37µm
_07364_,12.37µm
_07447_,12.37µm
_07499_,12.37µm
_07518_,12.37µm
_07794_,12.37µm
_07844_,12.37µm
_07858_,12.37µm
_07951_,12.37µm
_07971_,12.37µm
_08300_,12.37µm
u_core.miso_sr\[21\],12.37µm
u_core.u_master.m_awaddr\[2\],12.37µm
u_core.u_master.m_awaddr\[5\],12.37µm
u_core.u_master.u_slave.core_dout_data\[17\],12.37µm
u_core.u_master.u_slave.tagr1\[13\],12.37µm
u_core.u_master.u_slave.tagw3\[17\],12.37µm
u_core.u_master.u_slave.u_core.B3\[11\],12.37µm
u_core.u_master.u_slave.u_core.full_dout_q\[103\],12.37µm
u_core.u_master.u_slave.u_core.full_dout_q\[55\],12.37µm
u_core.u_master.u_slave.u_core.last_dout_q\[16\],12.37µm
u_core.u_master.u_slave.u_core.last_dout_q\[25\],12.37µm
u_core.u_master.u_slave.u_core.last_dout_q\[2\],12.37µm
u_core.u_master.u_slave.u_core.last_dout_q\[51\],12.37µm
u_core.u_master.u_slave.u_core.last_nrate_q\[40\],12.37µm
net3589,12.37µm
net3702,12.37µm
net3777,12.37µm
net3835,12.37µm
net3843,12.37µm
net3896,12.37µm
net3925,12.37µm
net3955,12.37µm
net4061,12.37µm
net4289,12.37µm
net4342,12.37µm
net4445,12.37µm
net4451,12.37µm
net4638,12.37µm
net4661,12.37µm
net4765,12.37µm
net4767,12.37µm
net4828,12.37µm
net4930,12.37µm
net4997,12.37µm
net5214,12.37µm
net5267,12.37µm
net5507,12.37µm
net5644,12.37µm
net5861,12.37µm
net6051,12.37µm
net6097,12.37µm
net6099,12.37µm
net6252,12.37µm
net6511,12.37µm
net6695,12.37µm
net6772,12.37µm
net6774,12.37µm
net6904,12.37µm
net7040,12.37µm
net7157,12.37µm
net7346,12.37µm
net7400,12.37µm
net7406,12.37µm
net7617,12.37µm
net7723,12.37µm
net7792,12.37µm
net7890,12.37µm
net7985,12.37µm
net8015,12.37µm
net8063,12.37µm
net8084,12.37µm
net8154,12.37µm
net8176,12.37µm
net8254,12.37µm
net8258,12.37µm
net8267,12.37µm
net8272,12.37µm
net8280,12.37µm
net8407,12.37µm
net8449,12.37µm
net8575,12.37µm
_00150_,12.32µm
_00302_,12.32µm
_00428_,12.32µm
_00512_,12.32µm
_00571_,12.32µm
_00692_,12.32µm
_00805_,12.32µm
_00957_,12.32µm
_01018_,12.32µm
_01030_,12.32µm
_01066_,12.32µm
_01078_,12.32µm
_01093_,12.32µm
_01307_,12.32µm
_01311_,12.32µm
_01642_,12.32µm
_01770_,12.32µm
_01780_,12.32µm
_02015_,12.32µm
_02098_,12.32µm
_02110_,12.32µm
_02126_,12.32µm
_02140_,12.32µm
_02169_,12.32µm
_02246_,12.32µm
_02265_,12.32µm
_02316_,12.32µm
_02641_,12.32µm
_02681_,12.32µm
_02686_,12.32µm
_02768_,12.32µm
_02817_,12.32µm
_03028_,12.32µm
_03102_,12.32µm
_03166_,12.32µm
_03195_,12.32µm
_03370_,12.32µm
_03393_,12.32µm
_03560_,12.32µm
_03587_,12.32µm
_03609_,12.32µm
_03803_,12.32µm
_03881_,12.32µm
_03934_,12.32µm
_03968_,12.32µm
_04003_,12.32µm
_04040_,12.32µm
_04136_,12.32µm
_04178_,12.32µm
_04226_,12.32µm
_04250_,12.32µm
_04332_,12.32µm
_04341_,12.32µm
_04633_,12.32µm
_04656_,12.32µm
_04665_,12.32µm
_04907_,12.32µm
_05128_,12.32µm
_05238_,12.32µm
_05312_,12.32µm
_05416_,12.32µm
_05503_,12.32µm
_05545_,12.32µm
_05773_,12.32µm
_05777_,12.32µm
_05798_,12.32µm
_05865_,12.32µm
_05932_,12.32µm
_06098_,12.32µm
_06278_,12.32µm
_06301_,12.32µm
_06412_,12.32µm
_06543_,12.32µm
_06696_,12.32µm
_06802_,12.32µm
_07006_,12.32µm
_07016_,12.32µm
_07024_,12.32µm
_07093_,12.32µm
_07660_,12.32µm
_07714_,12.32µm
_07885_,12.32µm
_08006_,12.32µm
_08039_,12.32µm
_08317_,12.32µm
u_core.u_master.u_slave.core_dout_data\[11\],12.32µm
u_core.u_master.u_slave.core_dout_data\[81\],12.32µm
u_core.u_master.u_slave.core_t0\[48\],12.32µm
u_core.u_master.u_slave.core_t1\[62\],12.32µm
u_core.u_master.u_slave.dout_sh\[104\],12.32µm
u_core.u_master.u_slave.non1\[28\],12.32µm
u_core.u_master.u_slave.non2\[10\],12.32µm
u_core.u_master.u_slave.tagr0\[28\],12.32µm
u_core.u_master.u_slave.tagr2\[22\],12.32µm
u_core.u_master.u_slave.tagw1\[29\],12.32µm
u_core.u_master.u_slave.tagw3\[20\],12.32µm
u_core.u_master.u_slave.u_core.B3\[36\],12.32µm
u_core.u_master.u_slave.u_core.S3\[60\],12.32µm
u_core.u_master.u_slave.u_core.full_dout_q\[56\],12.32µm
u_core.u_master.u_slave.u_core.full_dout_q\[81\],12.32µm
u_core.u_master.u_slave.u_core.full_nS0_q\[56\],12.32µm
u_core.u_master.u_slave.u_core.full_nS1_q\[30\],12.32µm
u_core.u_master.u_slave.u_core.last_dout_q\[10\],12.32µm
u_core.u_master.u_slave.u_core.last_dout_q\[114\],12.32µm
u_core.u_master.u_slave.u_core.last_dout_q\[80\],12.32µm
u_core.u_master.u_slave.u_core.last_nrate_q\[126\],12.32µm
u_core.u_master.u_slave.u_core.last_nrate_q\[39\],12.32µm
u_core.u_master.u_slave.u_core.last_nrate_q\[68\],12.32µm
net3651,12.32µm
net3669,12.32µm
net3676,12.32µm
net3770,12.32µm
net4108,12.32µm
net4196,12.32µm
net4200,12.32µm
net4232,12.32µm
net4367,12.32µm
net4468,12.32µm
net4816,12.32µm
net4863,12.32µm
net4955,12.32µm
net4960,12.32µm
net4999,12.32µm
net5001,12.32µm
net5086,12.32µm
net5134,12.32µm
net5154,12.32µm
net5213,12.32µm
net5303,12.32µm
net5347,12.32µm
net5445,12.32µm
net5466,12.32µm
net5504,12.32µm
net5589,12.32µm
net5604,12.32µm
net5665,12.32µm
net5756,12.32µm
net5769,12.32µm
net5833,12.32µm
net6112,12.32µm
net6133,12.32µm
net6135,12.32µm
net6230,12.32µm
net6283,12.32µm
net6310,12.32µm
net6338,12.32µm
net6386,12.32µm
net6387,12.32µm
net6394,12.32µm
net6424,12.32µm
net6469,12.32µm
net6579,12.32µm
net6893,12.32µm
net7018,12.32µm
net7037,12.32µm
net7095,12.32µm
net7359,12.32µm
net7375,12.32µm
net7387,12.32µm
net7444,12.32µm
net7560,12.32µm
net7956,12.32µm
net7976,12.32µm
net8078,12.32µm
net8220,12.32µm
net8412,12.32µm
net8458,12.32µm
net8482,12.32µm
_02716_,11.91µm
net4796,11.91µm
net5943,11.91µm
_00137_,11.86µm
_00147_,11.86µm
_03552_,11.86µm
_04201_,11.86µm
_04232_,11.86µm
_06267_,11.86µm
_06272_,11.86µm
_07575_,11.86µm
_08044_,11.86µm
_08241_,11.86µm
_08419_,11.86µm
u_core.rd_data_clk\[25\],11.86µm
u_core.u_master.u_slave.dout_sh\[125\],11.86µm
u_core.u_master.u_slave.dout_sh\[7\],11.86µm
u_core.u_master.u_slave.non3\[17\],11.86µm
u_core.u_master.u_slave.tagr0\[14\],11.86µm
u_core.u_master.u_slave.tagr2\[12\],11.86µm
u_core.u_master.u_slave.tagw3\[24\],11.86µm
u_core.u_master.u_slave.u_core.B3\[35\],11.86µm
u_core.u_master.u_slave.u_core.full_nS1_q\[12\],11.86µm
u_core.u_master.u_slave.u_core.last_dout_q\[29\],11.86µm
u_core.u_master.u_slave.u_core.last_dout_q\[89\],11.86µm
u_core.u_master.u_slave.u_core.last_nrate_q\[29\],11.86µm
u_core.u_master.u_slave.u_core.last_nrate_q\[41\],11.86µm
net3924,11.86µm
net4811,11.86µm
net5421,11.86µm
net7191,11.86µm
net7327,11.86µm
net7860,11.86µm
net8153,11.86µm
net8182,11.86µm
_00048_,11.81µm
_00071_,11.81µm
_00086_,11.81µm
_00108_,11.81µm
_00122_,11.81µm
_00297_,11.81µm
_00386_,11.81µm
_00424_,11.81µm
_00519_,11.81µm
_00529_,11.81µm
_00612_,11.81µm
_00638_,11.81µm
_00837_,11.81µm
_01074_,11.81µm
_01079_,11.81µm
_01158_,11.81µm
_01160_,11.81µm
_01176_,11.81µm
_01232_,11.81µm
_01682_,11.81µm
_01748_,11.81µm
_01811_,11.81µm
_01864_,11.81µm
_01963_,11.81µm
_02494_,11.81µm
_02845_,11.81µm
_02890_,11.81µm
_02895_,11.81µm
_03026_,11.81µm
_03258_,11.81µm
_03336_,11.81µm
_03456_,11.81µm
_03573_,11.81µm
_03611_,11.81µm
_03709_,11.81µm
_03713_,11.81µm
_03783_,11.81µm
_03792_,11.81µm
_03804_,11.81µm
_03947_,11.81µm
_03966_,11.81µm
_04010_,11.81µm
_04018_,11.81µm
_04279_,11.81µm
_04290_,11.81µm
_04309_,11.81µm
_04400_,11.81µm
_04628_,11.81µm
_04866_,11.81µm
_04873_,11.81µm
_04999_,11.81µm
_05088_,11.81µm
_05250_,11.81µm
_05270_,11.81µm
_05348_,11.81µm
_05392_,11.81µm
_05423_,11.81µm
_05499_,11.81µm
_05624_,11.81µm
_05656_,11.81µm
_05793_,11.81µm
_06034_,11.81µm
_06116_,11.81µm
_06150_,11.81µm
_06231_,11.81µm
_06283_,11.81µm
_06439_,11.81µm
_06557_,11.81µm
_06707_,11.81µm
_06807_,11.81µm
_06866_,11.81µm
_06893_,11.81µm
_06990_,11.81µm
_07483_,11.81µm
_07578_,11.81µm
_07627_,11.81µm
_07694_,11.81µm
_07842_,11.81µm
_07877_,11.81µm
_07992_,11.81µm
_08036_,11.81µm
_08073_,11.81µm
_08130_,11.81µm
_08152_,11.81µm
_08175_,11.81µm
_08193_,11.81µm
_08353_,11.81µm
u_core.cmd_rdata\[26\],11.81µm
u_core.miso_sr\[20\],11.81µm
u_core.miso_sr\[31\],11.81µm
u_core.rx_sr\[26\],11.81µm
u_core.u_master.u_slave.core_dout_data\[0\],11.81µm
u_core.u_master.u_slave.core_dout_data\[109\],11.81µm
u_core.u_master.u_slave.tagw3\[22\],11.81µm
u_core.u_master.u_slave.u_core.B1\[58\],11.81µm
u_core.u_master.u_slave.u_core.B3\[33\],11.81µm
u_core.u_master.u_slave.u_core.S2\[6\],11.81µm
u_core.u_master.u_slave.u_core.S3\[40\],11.81µm
u_core.u_master.u_slave.u_core.full_dout_q\[13\],11.81µm
u_core.u_master.u_slave.u_core.full_nS1_q\[28\],11.81µm
u_core.u_master.u_slave.u_core.last_dout_q\[59\],11.81µm
u_core.u_master.u_slave.u_core.last_nrate_q\[121\],11.81µm
u_core.u_master.u_slave.u_core.last_nrate_q\[20\],11.81µm
net3730,11.81µm
net3779,11.81µm
net3831,11.81µm
net3846,11.81µm
net3887,11.81µm
net3917,11.81µm
net3939,11.81µm
net3960,11.81µm
net4074,11.81µm
net4270,11.81µm
net4279,11.81µm
net4798,11.81µm
net4918,11.81µm
net4943,11.81µm
net5024,11.81µm
net5119,11.81µm
net5375,11.81µm
net5447,11.81µm
net5530,11.81µm
net5547,11.81µm
net5627,11.81µm
net5724,11.81µm
net5834,11.81µm
net6008,11.81µm
net6298,11.81µm
net6697,11.81µm
net6721,11.81µm
net6785,11.81µm
net6798,11.81µm
net6945,11.81µm
net7061,11.81µm
net7132,11.81µm
net7173,11.81µm
net7252,11.81µm
net7313,11.81µm
net7326,11.81µm
net7329,11.81µm
net7340,11.81µm
net7388,11.81µm
net7422,11.81µm
net7450,11.81µm
net7611,11.81µm
net7656,11.81µm
net7732,11.81µm
net7744,11.81µm
net7770,11.81µm
net7790,11.81µm
net7804,11.81µm
net7892,11.81µm
net7963,11.81µm
net8003,11.81µm
net8026,11.81µm
net8076,11.81µm
net8113,11.81µm
net8126,11.81µm
net8248,11.81µm
net8274,11.81µm
net8434,11.81µm
net8528,11.81µm
_00062_,11.76µm
_00138_,11.76µm
_00142_,11.76µm
_00203_,11.76µm
_00339_,11.76µm
_00640_,11.76µm
_00661_,11.76µm
_00673_,11.76µm
_00790_,11.76µm
_00795_,11.76µm
_00801_,11.76µm
_00898_,11.76µm
_00938_,11.76µm
_00942_,11.76µm
_00983_,11.76µm
_00985_,11.76µm
_01011_,11.76µm
_01039_,11.76µm
_01123_,11.76µm
_01226_,11.76µm
_01297_,11.76µm
_01343_,11.76µm
_01369_,11.76µm
_01645_,11.76µm
_01775_,11.76µm
_01798_,11.76µm
_01809_,11.76µm
_02168_,11.76µm
_02441_,11.76µm
_02529_,11.76µm
_02565_,11.76µm
_02633_,11.76µm
_02729_,11.76µm
_02925_,11.76µm
_02983_,11.76µm
_03003_,11.76µm
_03057_,11.76µm
_03138_,11.76µm
_03236_,11.76µm
_03268_,11.76µm
_03351_,11.76µm
_03410_,11.76µm
_03460_,11.76µm
_03463_,11.76µm
_03610_,11.76µm
_03651_,11.76µm
_03779_,11.76µm
_03799_,11.76µm
_03846_,11.76µm
_03894_,11.76µm
_03993_,11.76µm
_04299_,11.76µm
_04300_,11.76µm
_04630_,11.76µm
_04854_,11.76µm
_05160_,11.76µm
_05166_,11.76µm
_05201_,11.76µm
_05272_,11.76µm
_05304_,11.76µm
_05368_,11.76µm
_05551_,11.76µm
_05759_,11.76µm
_05787_,11.76µm
_05809_,11.76µm
_05851_,11.76µm
_05939_,11.76µm
_06023_,11.76µm
_06085_,11.76µm
_06115_,11.76µm
_06260_,11.76µm
_06350_,11.76µm
_06384_,11.76µm
_06475_,11.76µm
_06549_,11.76µm
_06625_,11.76µm
_06628_,11.76µm
_06748_,11.76µm
_06784_,11.76µm
_07088_,11.76µm
_07221_,11.76µm
_07525_,11.76µm
_07618_,11.76µm
_07647_,11.76µm
_07697_,11.76µm
_07828_,11.76µm
_07869_,11.76µm
_07913_,11.76µm
_07927_,11.76µm
u_core.cmd_wdata_q\[31\],11.76µm
u_core.frame_hold\[13\],11.76µm
u_core.frame_hold\[21\],11.76µm
u_core.rd_data_clk\[5\],11.76µm
u_core.u_master.m_wdata\[16\],11.76µm
u_core.u_master.u_slave.core_dout_data\[64\],11.76µm
u_core.u_master.u_slave.core_dout_data\[9\],11.76µm
u_core.u_master.u_slave.core_t1\[22\],11.76µm
u_core.u_master.u_slave.core_t1\[54\],11.76µm
u_core.u_master.u_slave.core_t1\[8\],11.76µm
u_core.u_master.u_slave.non0\[21\],11.76µm
u_core.u_master.u_slave.tagr2\[16\],11.76µm
u_core.u_master.u_slave.tagr2\[18\],11.76µm
u_core.u_master.u_slave.tagr3\[24\],11.76µm
u_core.u_master.u_slave.tagw1\[9\],11.76µm
u_core.u_master.u_slave.tagw3\[8\],11.76µm
u_core.u_master.u_slave.u_core.B3\[4\],11.76µm
u_core.u_master.u_slave.u_core.full_dout_q\[64\],11.76µm
u_core.u_master.u_slave.u_core.full_nS0_q\[29\],11.76µm
u_core.u_master.u_slave.u_core.full_nS0_q\[39\],11.76µm
u_core.u_master.u_slave.u_core.full_nS0_q\[58\],11.76µm
u_core.u_master.u_slave.u_core.last_dout_q\[120\],11.76µm
u_core.u_master.u_slave.u_core.last_dout_q\[38\],11.76µm
u_core.u_master.u_slave.u_core.last_nrate_q\[104\],11.76µm
net3672,11.76µm
net3802,11.76µm
net3814,11.76µm
net3927,11.76µm
net3984,11.76µm
net3987,11.76µm
net4386,11.76µm
net4412,11.76µm
net4415,11.76µm
net4437,11.76µm
net4583,11.76µm
net4586,11.76µm
net4723,11.76µm
net4733,11.76µm
net4791,11.76µm
net4900,11.76µm
net5126,11.76µm
net5495,11.76µm
net5549,11.76µm
net5683,11.76µm
net6120,11.76µm
net6207,11.76µm
net6329,11.76µm
net6372,11.76µm
net6527,11.76µm
net6584,11.76µm
net6594,11.76µm
net6687,11.76µm
net6694,11.76µm
net6698,11.76µm
net6722,11.76µm
net6755,11.76µm
net6909,11.76µm
net7011,11.76µm
net7205,11.76µm
net7256,11.76µm
net7267,11.76µm
net7312,11.76µm
net7331,11.76µm
net7399,11.76µm
net7442,11.76µm
net7594,11.76µm
net7684,11.76µm
net7745,11.76µm
net8045,11.76µm
net8287,11.76µm
net8462,11.76µm
net8535,11.76µm
_06929_,11.35µm
_07455_,11.35µm
u_core.rd_data_clk\[11\],11.35µm
u_core.u_master.u_slave.u_core.B3\[24\],11.35µm
u_core.u_master.u_slave.u_core.full_nS1_q\[2\],11.35µm
net5122,11.35µm
_01132_,11.3µm
_01229_,11.3µm
_02030_,11.3µm
_02044_,11.3µm
_02225_,11.3µm
_03198_,11.3µm
_03374_,11.3µm
_03640_,11.3µm
_04237_,11.3µm
_04881_,11.3µm
_04954_,11.3µm
_06068_,11.3µm
_08081_,11.3µm
_08348_,11.3µm
u_core.u_master.u_slave.authok_q,11.3µm
u_core.u_master.u_slave.dout_sh\[108\],11.3µm
u_core.u_master.u_slave.tagr0\[27\],11.3µm
u_core.u_master.u_slave.tagr3\[28\],11.3µm
u_core.u_master.u_slave.tagw3\[29\],11.3µm
u_core.u_master.u_slave.u_core.B3\[48\],11.3µm
u_core.u_master.u_slave.u_core.S3\[35\],11.3µm
u_core.u_master.u_slave.u_core.full_nS1_q\[32\],11.3µm
u_core.u_master.u_slave.u_core.last_dout_q\[12\],11.3µm
net3648,11.3µm
net3854,11.3µm
net4156,11.3µm
net4871,11.3µm
net5273,11.3µm
net5503,11.3µm
net5679,11.3µm
net5685,11.3µm
net7637,11.3µm
net7650,11.3µm
net8007,11.3µm
net8501,11.3µm
_00050_,11.25µm
_00115_,11.25µm
_00209_,11.25µm
_00262_,11.25µm
_00274_,11.25µm
_00360_,11.25µm
_00378_,11.25µm
_00417_,11.25µm
_00453_,11.25µm
_00473_,11.25µm
_00492_,11.25µm
_00665_,11.25µm
_00745_,11.25µm
_00911_,11.25µm
_00950_,11.25µm
_00955_,11.25µm
_00993_,11.25µm
_01128_,11.25µm
_01326_,11.25µm
_01329_,11.25µm
_01429_,11.25µm
_01459_,11.25µm
_01474_,11.25µm
_01482_,11.25µm
_01501_,11.25µm
_01559_,11.25µm
_01869_,11.25µm
_01876_,11.25µm
_02132_,11.25µm
_02220_,11.25µm
_02234_,11.25µm
_02392_,11.25µm
_02394_,11.25µm
_02492_,11.25µm
_02542_,11.25µm
_02870_,11.25µm
_02875_,11.25µm
_02882_,11.25µm
_03415_,11.25µm
_03457_,11.25µm
_03563_,11.25µm
_03608_,11.25µm
_03739_,11.25µm
_03903_,11.25µm
_03942_,11.25µm
_03977_,11.25µm
_03979_,11.25µm
_04021_,11.25µm
_04098_,11.25µm
_04322_,11.25µm
_04325_,11.25µm
_04739_,11.25µm
_04812_,11.25µm
_04837_,11.25µm
_04953_,11.25µm
_05067_,11.25µm
_05105_,11.25µm
_05225_,11.25µm
_05715_,11.25µm
_05723_,11.25µm
_05767_,11.25µm
_05872_,11.25µm
_06157_,11.25µm
_06212_,11.25µm
_06338_,11.25µm
_06717_,11.25µm
_06839_,11.25µm
_06891_,11.25µm
_06956_,11.25µm
_07053_,11.25µm
_07106_,11.25µm
_07121_,11.25µm
_07431_,11.25µm
_07622_,11.25µm
_07661_,11.25µm
_07679_,11.25µm
_07966_,11.25µm
_07969_,11.25µm
_08108_,11.25µm
_08225_,11.25µm
_08251_,11.25µm
_08364_,11.25µm
_08386_,11.25µm
_08406_,11.25µm
u_core.cmd_wdata_q\[0\],11.25µm
u_core.cmd_wdata_q\[19\],11.25µm
u_core.rx_sr\[27\],11.25µm
u_core.rx_sr\[35\],11.25µm
u_core.u_master.m_wdata\[14\],11.25µm
u_core.u_master.u_slave.core_dout_data\[101\],11.25µm
u_core.u_master.u_slave.core_t0\[42\],11.25µm
u_core.u_master.u_slave.core_t0\[4\],11.25µm
u_core.u_master.u_slave.non2\[23\],11.25µm
u_core.u_master.u_slave.non2\[8\],11.25µm
u_core.u_master.u_slave.non3\[7\],11.25µm
u_core.u_master.u_slave.non3\[8\],11.25µm
u_core.u_master.u_slave.tagr3\[8\],11.25µm
u_core.u_master.u_slave.tagw0\[30\],11.25µm
u_core.u_master.u_slave.u_core.B3\[27\],11.25µm
u_core.u_master.u_slave.u_core.full_dout_q\[115\],11.25µm
u_core.u_master.u_slave.u_core.full_dout_q\[126\],11.25µm
u_core.u_master.u_slave.u_core.full_nS1_q\[7\],11.25µm
u_core.u_master.u_slave.u_core.last_dout_q\[105\],11.25µm
u_core.u_master.u_slave.u_core.last_dout_q\[119\],11.25µm
u_core.u_master.u_slave.u_core.last_dout_q\[50\],11.25µm
u_core.u_master.u_slave.u_core.last_dout_q\[79\],11.25µm
u_core.u_master.u_slave.u_core.last_nrate_q\[123\],11.25µm
u_core.u_rs_clk.m,11.25µm
u_core.w2,11.25µm
net3665,11.25µm
net3707,11.25µm
net3786,11.25µm
net3886,11.25µm
net4013,11.25µm
net4205,11.25µm
net4249,11.25µm
net4349,11.25µm
net4390,11.25µm
net4408,11.25µm
net4768,11.25µm
net4826,11.25µm
net4933,11.25µm
net4941,11.25µm
net5120,11.25µm
net5136,11.25µm
net5263,11.25µm
net5337,11.25µm
net5351,11.25µm
net5370,11.25µm
net5516,11.25µm
net5518,11.25µm
net5651,11.25µm
net5757,11.25µm
net5968,11.25µm
net6065,11.25µm
net6083,11.25µm
net6170,11.25µm
net6188,11.25µm
net6339,11.25µm
net6349,11.25µm
net6441,11.25µm
net6518,11.25µm
net6730,11.25µm
net6814,11.25µm
net6841,11.25µm
net6856,11.25µm
net6884,11.25µm
net7059,11.25µm
net7120,11.25µm
net7162,11.25µm
net7165,11.25µm
net7257,11.25µm
net7376,11.25µm
net7394,11.25µm
net7462,11.25µm
net7492,11.25µm
net7512,11.25µm
net7618,11.25µm
net7707,11.25µm
net7909,11.25µm
net7964,11.25µm
net7983,11.25µm
net8064,11.25µm
net8191,11.25µm
net8198,11.25µm
net8302,11.25µm
net8346,11.25µm
net8347,11.25µm
net8384,11.25µm
net8443,11.25µm
net8532,11.25µm
net8595,11.25µm
_00129_,11.2µm
_00181_,11.2µm
_00367_,11.2µm
_00559_,11.2µm
_00607_,11.2µm
_00608_,11.2µm
_00620_,11.2µm
_00783_,11.2µm
_00811_,11.2µm
_00862_,11.2µm
_00997_,11.2µm
_01003_,11.2µm
_01021_,11.2µm
_01165_,11.2µm
_01173_,11.2µm
_01209_,11.2µm
_01275_,11.2µm
_01375_,11.2µm
_01378_,11.2µm
_01432_,11.2µm
_01774_,11.2µm
_02006_,11.2µm
_02072_,11.2µm
_02256_,11.2µm
_02281_,11.2µm
_02561_,11.2µm
_02588_,11.2µm
_02602_,11.2µm
_02747_,11.2µm
_02945_,11.2µm
_02956_,11.2µm
_02989_,11.2µm
_03012_,11.2µm
_03013_,11.2µm
_03037_,11.2µm
_03087_,11.2µm
_03233_,11.2µm
_03264_,11.2µm
_03298_,11.2µm
_03421_,11.2µm
_03493_,11.2µm
_03520_,11.2µm
_03549_,11.2µm
_03617_,11.2µm
_03707_,11.2µm
_03816_,11.2µm
_03852_,11.2µm
_03872_,11.2µm
_03948_,11.2µm
_04014_,11.2µm
_04051_,11.2µm
_04216_,11.2µm
_04230_,11.2µm
_04645_,11.2µm
_04763_,11.2µm
_04960_,11.2µm
_04969_,11.2µm
_05140_,11.2µm
_05145_,11.2µm
_05298_,11.2µm
_05324_,11.2µm
_05380_,11.2µm
_05448_,11.2µm
_05505_,11.2µm
_05506_,11.2µm
_05536_,11.2µm
_05616_,11.2µm
_05702_,11.2µm
_05751_,11.2µm
_05945_,11.2µm
_06164_,11.2µm
_06194_,11.2µm
_06277_,11.2µm
_06307_,11.2µm
_06315_,11.2µm
_06656_,11.2µm
_06732_,11.2µm
_06771_,11.2µm
_06786_,11.2µm
_06817_,11.2µm
_06919_,11.2µm
_07035_,11.2µm
_07138_,11.2µm
_07254_,11.2µm
_07327_,11.2µm
_07374_,11.2µm
_07378_,11.2µm
_07387_,11.2µm
_07396_,11.2µm
_07537_,11.2µm
_07587_,11.2µm
_07617_,11.2µm
_07640_,11.2µm
_07742_,11.2µm
_07907_,11.2µm
_07938_,11.2µm
_07954_,11.2µm
_08070_,11.2µm
_08149_,11.2µm
_08331_,11.2µm
_08343_,11.2µm
u_core.frame_hold\[26\],11.2µm
u_core.frame_hold\[36\],11.2µm
u_core.rd_data_clk\[29\],11.2µm
u_core.rd_data_clk\[30\],11.2µm
u_core.rx_sr\[22\],11.2µm
u_core.u_master.m_rdata\[27\],11.2µm
u_core.u_master.u_slave.core_dout_data\[35\],11.2µm
u_core.u_master.u_slave.core_dout_data\[4\],11.2µm
u_core.u_master.u_slave.core_t0\[58\],11.2µm
u_core.u_master.u_slave.dout_sh\[67\],11.2µm
u_core.u_master.u_slave.non2\[24\],11.2µm
u_core.u_master.u_slave.tagr3\[19\],11.2µm
u_core.u_master.u_slave.tagw0\[9\],11.2µm
u_core.u_master.u_slave.tagw1\[26\],11.2µm
u_core.u_master.u_slave.tagw1\[3\],11.2µm
u_core.u_master.u_slave.tagw3\[9\],11.2µm
u_core.u_master.u_slave.u_core.S3\[41\],11.2µm
u_core.u_master.u_slave.u_core.S3\[62\],11.2µm
u_core.u_master.u_slave.u_core.full_dout_q\[10\],11.2µm
u_core.u_master.u_slave.u_core.full_dout_q\[21\],11.2µm
u_core.u_master.u_slave.u_core.full_dout_q\[42\],11.2µm
u_core.u_master.u_slave.u_core.full_dout_q\[99\],11.2µm
u_core.u_master.u_slave.u_core.full_nS0_q\[11\],11.2µm
u_core.u_master.u_slave.u_core.full_nS1_q\[15\],11.2µm
u_core.u_master.u_slave.u_core.last_dout_q\[111\],11.2µm
u_core.u_master.u_slave.u_core.last_dout_q\[44\],11.2µm
u_core.u_master.u_slave.u_core.last_dout_q\[65\],11.2µm
u_core.u_master.u_slave.u_core.last_dout_q\[72\],11.2µm
u_core.u_master.u_slave.u_core.last_dout_q\[87\],11.2µm
u_core.u_master.u_slave.u_core.last_nrate_q\[31\],11.2µm
u_core.u_master.u_slave.u_core.last_nrate_q\[62\],11.2µm
u_core.u_master.u_slave.u_core.last_nrate_q\[90\],11.2µm
u_core.u_master.u_slave.u_core.last_nrate_q\[94\],11.2µm
net3599,11.2µm
net3678,11.2µm
net3813,11.2µm
net4585,11.2µm
net4657,11.2µm
net4737,11.2µm
net4840,11.2µm
net4859,11.2µm
net4972,11.2µm
net5007,11.2µm
net5103,11.2µm
net5108,11.2µm
net5322,11.2µm
net5428,11.2µm
net5448,11.2µm
net5455,11.2µm
net5554,11.2µm
net5597,11.2µm
net5617,11.2µm
net5715,11.2µm
net5867,11.2µm
net6043,11.2µm
net6053,11.2µm
net6081,11.2µm
net6274,11.2µm
net6305,11.2µm
net6334,11.2µm
net6368,11.2µm
net6384,11.2µm
net6395,11.2µm
net6547,11.2µm
net6587,11.2µm
net6607,11.2µm
net6613,11.2µm
net6689,11.2µm
net6691,11.2µm
net6762,11.2µm
net6776,11.2µm
net6777,11.2µm
net6801,11.2µm
net6860,11.2µm
net7027,11.2µm
net7098,11.2µm
net7116,11.2µm
net7152,11.2µm
net7233,11.2µm
net7237,11.2µm
net7284,11.2µm
net7381,11.2µm
net7483,11.2µm
net7609,11.2µm
net7701,11.2µm
net8230,11.2µm
net8437,11.2µm
net8465,11.2µm
net8558,11.2µm
_04228_,10.79µm
_06593_,10.79µm
_06725_,10.79µm
net4394,10.79µm
_00600_,10.74µm
_00743_,10.74µm
_01113_,10.74µm
_01257_,10.74µm
_01315_,10.74µm
_03655_,10.74µm
_04872_,10.74µm
_05113_,10.74µm
_06441_,10.74µm
_06599_,10.74µm
_06764_,10.74µm
_07547_,10.74µm
_08088_,10.74µm
u_core.u_master.u_slave.non3\[27\],10.74µm
u_core.u_master.u_slave.tagr0\[23\],10.74µm
u_core.u_master.u_slave.u_core.B1\[57\],10.74µm
u_core.u_master.u_slave.u_core.S3\[17\],10.74µm
u_core.u_master.u_slave.u_core.full_nS0_q\[62\],10.74µm
u_core.u_master.u_slave.u_core.last_dout_q\[5\],10.74µm
net3961,10.74µm
net4111,10.74µm
net4738,10.74µm
net4819,10.74µm
net5094,10.74µm
net5748,10.74µm
net6928,10.74µm
net7013,10.74µm
net7864,10.74µm
net7920,10.74µm
net7984,10.74µm
_00019_,10.69µm
_00134_,10.69µm
_00206_,10.69µm
_00221_,10.69µm
_00240_,10.69µm
_00260_,10.69µm
_00313_,10.69µm
_00374_,10.69µm
_00469_,10.69µm
_00525_,10.69µm
_00617_,10.69µm
_00714_,10.69µm
_00732_,10.69µm
_00735_,10.69µm
_00974_,10.69µm
_01055_,10.69µm
_01096_,10.69µm
_01107_,10.69µm
_01177_,10.69µm
_01205_,10.69µm
_01258_,10.69µm
_01290_,10.69µm
_01294_,10.69µm
_01331_,10.69µm
_01453_,10.69µm
_01475_,10.69µm
_01546_,10.69µm
_01732_,10.69µm
_01747_,10.69µm
_01866_,10.69µm
_01882_,10.69µm
_01903_,10.69µm
_01962_,10.69µm
_01965_,10.69µm
_01973_,10.69µm
_02003_,10.69µm
_02233_,10.69µm
_02238_,10.69µm
_02380_,10.69µm
_02509_,10.69µm
_02521_,10.69µm
_02762_,10.69µm
_02798_,10.69µm
_02866_,10.69µm
_02892_,10.69µm
_02940_,10.69µm
_03094_,10.69µm
_03199_,10.69µm
_03346_,10.69µm
_03349_,10.69µm
_03482_,10.69µm
_03496_,10.69µm
_03497_,10.69µm
_03594_,10.69µm
_03771_,10.69µm
_03800_,10.69µm
_03865_,10.69µm
_03871_,10.69µm
_03915_,10.69µm
_03933_,10.69µm
_04057_,10.69µm
_04100_,10.69µm
_04106_,10.69µm
_04318_,10.69µm
_05165_,10.69µm
_05508_,10.69µm
_05533_,10.69µm
_05608_,10.69µm
_05613_,10.69µm
_06114_,10.69µm
_06189_,10.69µm
_06210_,10.69µm
_06237_,10.69µm
_06265_,10.69µm
_06337_,10.69µm
_06373_,10.69µm
_06539_,10.69µm
_06592_,10.69µm
_06608_,10.69µm
_06640_,10.69µm
_06647_,10.69µm
_06658_,10.69µm
_06728_,10.69µm
_06753_,10.69µm
_06804_,10.69µm
_06920_,10.69µm
_06934_,10.69µm
_07002_,10.69µm
_07489_,10.69µm
_07719_,10.69µm
_07981_,10.69µm
_07984_,10.69µm
_08194_,10.69µm
_08413_,10.69µm
u_core.cmd_addr\[4\],10.69µm
u_core.rd_data_clk\[19\],10.69µm
u_core.u_master.u_slave.core_dout_data\[114\],10.69µm
u_core.u_master.u_slave.core_dout_data\[74\],10.69µm
u_core.u_master.u_slave.core_t0\[35\],10.69µm
u_core.u_master.u_slave.core_t1\[24\],10.69µm
u_core.u_master.u_slave.non0\[23\],10.69µm
u_core.u_master.u_slave.non2\[4\],10.69µm
u_core.u_master.u_slave.non3\[10\],10.69µm
u_core.u_master.u_slave.tagr0\[31\],10.69µm
u_core.u_master.u_slave.u_core.B1\[11\],10.69µm
u_core.u_master.u_slave.u_core.B3\[39\],10.69µm
u_core.u_master.u_slave.u_core.B3\[43\],10.69µm
u_core.u_master.u_slave.u_core.B3\[55\],10.69µm
u_core.u_master.u_slave.u_core.full_nS1_q\[53\],10.69µm
u_core.u_master.u_slave.u_core.last_dout_q\[127\],10.69µm
u_core.u_master.u_slave.u_core.last_dout_q\[15\],10.69µm
u_core.u_master.u_slave.u_core.last_dout_q\[6\],10.69µm
u_core.u_master.u_slave.u_core.last_nrate_q\[50\],10.69µm
u_core.u_master.u_slave.u_core.last_nrate_q\[73\],10.69µm
net3585,10.69µm
net3689,10.69µm
net3797,10.69µm
net3810,10.69µm
net3872,10.69µm
net3942,10.69µm
net3976,10.69µm
net4323,10.69µm
net4495,10.69µm
net4550,10.69µm
net4603,10.69µm
net4801,10.69µm
net4862,10.69µm
net4887,10.69µm
net4907,10.69µm
net4947,10.69µm
net5139,10.69µm
net5171,10.69µm
net5260,10.69µm
net5279,10.69µm
net5312,10.69µm
net5373,10.69µm
net5419,10.69µm
net5513,10.69µm
net5585,10.69µm
net5694,10.69µm
net5874,10.69µm
net6113,10.69µm
net6235,10.69µm
net6319,10.69µm
net6350,10.69µm
net6406,10.69µm
net6415,10.69µm
net6471,10.69µm
net6553,10.69µm
net6638,10.69µm
net6668,10.69µm
net6878,10.69µm
net6944,10.69µm
net6984,10.69µm
net6994,10.69µm
net7110,10.69µm
net7248,10.69µm
net7335,10.69µm
net7342,10.69µm
net7384,10.69µm
net7420,10.69µm
net7516,10.69µm
net7527,10.69µm
net7612,10.69µm
net7886,10.69µm
net7971,10.69µm
net8042,10.69µm
net8048,10.69µm
net8080,10.69µm
net8117,10.69µm
net8124,10.69µm
net8141,10.69µm
net8165,10.69µm
net8226,10.69µm
net8252,10.69µm
net8363,10.69µm
net8460,10.69µm
_00061_,10.64µm
_00074_,10.64µm
_00104_,10.64µm
_00116_,10.64µm
_00156_,10.64µm
_00289_,10.64µm
_00368_,10.64µm
_00411_,10.64µm
_00419_,10.64µm
_00460_,10.64µm
_00568_,10.64µm
_00582_,10.64µm
_00630_,10.64µm
_00696_,10.64µm
_00978_,10.64µm
_00986_,10.64µm
_00992_,10.64µm
_01077_,10.64µm
_01087_,10.64µm
_01210_,10.64µm
_01219_,10.64µm
_01259_,10.64µm
_01285_,10.64µm
_01456_,10.64µm
_01531_,10.64µm
_01647_,10.64µm
_01676_,10.64µm
_01711_,10.64µm
_01720_,10.64µm
_01843_,10.64µm
_01847_,10.64µm
_01871_,10.64µm
_01884_,10.64µm
_01991_,10.64µm
_01996_,10.64µm
_02056_,10.64µm
_02060_,10.64µm
_02095_,10.64µm
_02130_,10.64µm
_02142_,10.64µm
_02185_,10.64µm
_02188_,10.64µm
_02197_,10.64µm
_02202_,10.64µm
_02203_,10.64µm
_02236_,10.64µm
_02251_,10.64µm
_02274_,10.64µm
_02423_,10.64µm
_02431_,10.64µm
_02472_,10.64µm
_02486_,10.64µm
_02539_,10.64µm
_02631_,10.64µm
_02725_,10.64µm
_02766_,10.64µm
_02919_,10.64µm
_03222_,10.64µm
_03280_,10.64µm
_03419_,10.64µm
_03468_,10.64µm
_03469_,10.64µm
_03508_,10.64µm
_03546_,10.64µm
_03796_,10.64µm
_03885_,10.64µm
_03902_,10.64µm
_04035_,10.64µm
_04148_,10.64µm
_04248_,10.64µm
_04259_,10.64µm
_04262_,10.64µm
_04272_,10.64µm
_04583_,10.64µm
_04681_,10.64µm
_04835_,10.64µm
_05030_,10.64µm
_05074_,10.64µm
_05132_,10.64µm
_05253_,10.64µm
_05297_,10.64µm
_05313_,10.64µm
_05524_,10.64µm
_05538_,10.64µm
_05976_,10.64µm
_06138_,10.64µm
_06187_,10.64µm
_06760_,10.64µm
_07122_,10.64µm
_07179_,10.64µm
_07410_,10.64µm
_08034_,10.64µm
_08166_,10.64µm
_08253_,10.64µm
u_core.frame_hold\[12\],10.64µm
u_core.u_master.m_wdata\[2\],10.64µm
u_core.u_master.u_slave.core_dout_data\[106\],10.64µm
u_core.u_master.u_slave.core_t0\[30\],10.64µm
u_core.u_master.u_slave.non0\[22\],10.64µm
u_core.u_master.u_slave.non2\[2\],10.64µm
u_core.u_master.u_slave.tagr1\[4\],10.64µm
u_core.u_master.u_slave.tagr2\[29\],10.64µm
u_core.u_master.u_slave.tagw2\[18\],10.64µm
u_core.u_master.u_slave.tagw3\[19\],10.64µm
u_core.u_master.u_slave.u_core.S3\[10\],10.64µm
u_core.u_master.u_slave.u_core.full_dout_q\[123\],10.64µm
u_core.u_master.u_slave.u_core.full_nS0_q\[37\],10.64µm
u_core.u_master.u_slave.u_core.last_dout_q\[116\],10.64µm
u_core.u_master.u_slave.u_core.last_dout_q\[98\],10.64µm
u_core.u_master.u_slave.u_core.last_nrate_q\[108\],10.64µm
net3607,10.64µm
net3663,10.64µm
net3784,10.64µm
net3790,10.64µm
net3825,10.64µm
net4020,10.64µm
net4027,10.64µm
net4053,10.64µm
net4124,10.64µm
net4197,10.64µm
net4227,10.64µm
net4228,10.64µm
net4428,10.64µm
net4430,10.64µm
net4440,10.64µm
net4523,10.64µm
net4612,10.64µm
net4645,10.64µm
net4679,10.64µm
net4691,10.64µm
net4710,10.64µm
net4735,10.64µm
net4783,10.64µm
net4785,10.64µm
net4790,10.64µm
net4875,10.64µm
net5100,10.64µm
net5131,10.64µm
net5147,10.64µm
net5155,10.64µm
net5175,10.64µm
net5222,10.64µm
net5244,10.64µm
net5335,10.64µm
net5484,10.64µm
net5561,10.64µm
net5660,10.64µm
net5814,10.64µm
net5945,10.64µm
net5986,10.64µm
net6076,10.64µm
net6132,10.64µm
net6138,10.64µm
net6145,10.64µm
net6173,10.64µm
net6203,10.64µm
net6328,10.64µm
net6346,10.64µm
net6453,10.64µm
net6457,10.64µm
net6677,10.64µm
net6811,10.64µm
net6868,10.64µm
net6896,10.64µm
net6925,10.64µm
net7163,10.64µm
net7192,10.64µm
net7495,10.64µm
net7543,10.64µm
net7706,10.64µm
net7713,10.64µm
net7714,10.64µm
net7798,10.64µm
net7999,10.64µm
net8014,10.64µm
net8132,10.64µm
net8173,10.64µm
net8356,10.64µm
net8393,10.64µm
net4854,10.36µm
_03855_,10.23µm
_05720_,10.23µm
u_core.u_master.u_slave.dout_sh\[58\],10.23µm
u_core.u_master.u_slave.u_core.last_nrate_q\[44\],10.23µm
net8227,10.23µm
_01083_,10.18µm
_01170_,10.18µm
_01181_,10.18µm
_01201_,10.18µm
_01238_,10.18µm
_01306_,10.18µm
_01359_,10.18µm
_01613_,10.18µm
_02071_,10.18µm
_02160_,10.18µm
_02163_,10.18µm
_02284_,10.18µm
_02654_,10.18µm
_03604_,10.18µm
_03716_,10.18µm
_05334_,10.18µm
_05371_,10.18µm
_06405_,10.18µm
_06476_,10.18µm
_06937_,10.18µm
_07324_,10.18µm
_07555_,10.18µm
_07616_,10.18µm
_07715_,10.18µm
_08005_,10.18µm
_08324_,10.18µm
u_core.u_master.m_rdata\[8\],10.18µm
u_core.u_master.u_slave.core_dout_data\[8\],10.18µm
u_core.u_master.u_slave.core_t1\[10\],10.18µm
u_core.u_master.u_slave.dout_sh\[40\],10.18µm
u_core.u_master.u_slave.tagr0\[26\],10.18µm
u_core.u_master.u_slave.u_core.B1\[42\],10.18µm
u_core.u_master.u_slave.u_core.B3\[37\],10.18µm
u_core.u_master.u_slave.u_core.B3\[60\],10.18µm
u_core.u_master.u_slave.u_core.full_nS0_q\[3\],10.18µm
u_core.u_master.u_slave.u_core.last_nrate_q\[86\],10.18µm
net4220,10.18µm
net5207,10.18µm
net5291,10.18µm
net5384,10.18µm
net5957,10.18µm
net6869,10.18µm
net6882,10.18µm
net7138,10.18µm
net7207,10.18µm
net7404,10.18µm
net7856,10.18µm
net7857,10.18µm
net7861,10.18µm
net8484,10.18µm
_00039_,10.13µm
_00043_,10.13µm
_00054_,10.13µm
_00118_,10.13µm
_00162_,10.13µm
_00312_,10.13µm
_00396_,10.13µm
_00407_,10.13µm
_00433_,10.13µm
_00449_,10.13µm
_00486_,10.13µm
_00524_,10.13µm
_00674_,10.13µm
_00689_,10.13µm
_00751_,10.13µm
_00872_,10.13µm
_00910_,10.13µm
_00914_,10.13µm
_00963_,10.13µm
_01116_,10.13µm
_01266_,10.13µm
_01351_,10.13µm
_01434_,10.13µm
_01532_,10.13µm
_01537_,10.13µm
_01561_,10.13µm
_01584_,10.13µm
_01627_,10.13µm
_01832_,10.13µm
_01835_,10.13µm
_01875_,10.13µm
_01881_,10.13µm
_01909_,10.13µm
_01913_,10.13µm
_01951_,10.13µm
_02245_,10.13µm
_02343_,10.13µm
_02361_,10.13µm
_02427_,10.13µm
_02489_,10.13µm
_02579_,10.13µm
_02988_,10.13µm
_03027_,10.13µm
_03250_,10.13µm
_03284_,10.13µm
_03297_,10.13µm
_03361_,10.13µm
_03488_,10.13µm
_03557_,10.13µm
_03987_,10.13µm
_04006_,10.13µm
_04029_,10.13µm
_04056_,10.13µm
_04102_,10.13µm
_04271_,10.13µm
_04311_,10.13µm
_04377_,10.13µm
_04782_,10.13µm
_04787_,10.13µm
_05126_,10.13µm
_05191_,10.13µm
_05220_,10.13µm
_05299_,10.13µm
_05306_,10.13µm
_05386_,10.13µm
_05450_,10.13µm
_05520_,10.13µm
_05544_,10.13µm
_05757_,10.13µm
_05931_,10.13µm
_05967_,10.13µm
_06067_,10.13µm
_06631_,10.13µm
_06632_,10.13µm
_06952_,10.13µm
_07051_,10.13µm
_07092_,10.13µm
_07379_,10.13µm
_07439_,10.13µm
_07462_,10.13µm
_08091_,10.13µm
_08128_,10.13µm
_08202_,10.13µm
_08222_,10.13µm
_08308_,10.13µm
_08354_,10.13µm
u_core.cmd_wdata_q\[22\],10.13µm
u_core.rd_addr_s\[5\],10.13µm
u_core.txcnt\[1\],10.13µm
u_core.u_master.m_rdata\[14\],10.13µm
u_core.u_master.u_slave.core_t0\[15\],10.13µm
u_core.u_master.u_slave.core_t1\[17\],10.13µm
u_core.u_master.u_slave.non0\[10\],10.13µm
u_core.u_master.u_slave.non0\[24\],10.13µm
u_core.u_master.u_slave.non1\[16\],10.13µm
u_core.u_master.u_slave.tagr1\[15\],10.13µm
u_core.u_master.u_slave.tagr3\[14\],10.13µm
u_core.u_master.u_slave.tagw1\[16\],10.13µm
u_core.u_master.u_slave.tagw1\[8\],10.13µm
u_core.u_master.u_slave.u_core.full_dout_q\[43\],10.13µm
u_core.u_master.u_slave.u_core.full_nS0_q\[14\],10.13µm
u_core.u_master.u_slave.u_core.full_nS0_q\[20\],10.13µm
u_core.u_master.u_slave.u_core.last_nrate_q\[22\],10.13µm
net3756,10.13µm
net4007,10.13µm
net4092,10.13µm
net4772,10.13µm
net4881,10.13µm
net4939,10.13µm
net4950,10.13µm
net4952,10.13µm
net5097,10.13µm
net5145,10.13µm
net5210,10.13µm
net5251,10.13µm
net5338,10.13µm
net5380,10.13µm
net5622,10.13µm
net5859,10.13µm
net5972,10.13µm
net6010,10.13µm
net6088,10.13µm
net6161,10.13µm
net6335,10.13µm
net6420,10.13µm
net6463,10.13µm
net6535,10.13µm
net6550,10.13µm
net6664,10.13µm
net6692,10.13µm
net6805,10.13µm
net6833,10.13µm
net6873,10.13µm
net6936,10.13µm
net7112,10.13µm
net7188,10.13µm
net7225,10.13µm
net7226,10.13µm
net7315,10.13µm
net7367,10.13µm
net7458,10.13µm
net7532,10.13µm
net7551,10.13µm
net7657,10.13µm
net7696,10.13µm
net7728,10.13µm
net7751,10.13µm
net7759,10.13µm
net7849,10.13µm
net7905,10.13µm
net7991,10.13µm
net8072,10.13µm
net8123,10.13µm
net8184,10.13µm
net8194,10.13µm
net8205,10.13µm
net8263,10.13µm
net8273,10.13µm
net8284,10.13µm
net8290,10.13µm
net8304,10.13µm
net8394,10.13µm
net8401,10.13µm
net8410,10.13µm
net8445,10.13µm
net8529,10.13µm
net8536,10.13µm
net8562,10.13µm
net8580,10.13µm
net8613,10.13µm
_00077_,10.08µm
_00110_,10.08µm
_00429_,10.08µm
_00516_,10.08µm
_00540_,10.08µm
_00541_,10.08µm
_00644_,10.08µm
_00711_,10.08µm
_00856_,10.08µm
_00973_,10.08µm
_01015_,10.08µm
_01019_,10.08µm
_01060_,10.08µm
_01091_,10.08µm
_01194_,10.08µm
_01536_,10.08µm
_01684_,10.08µm
_01839_,10.08µm
_01896_,10.08µm
_01936_,10.08µm
_01955_,10.08µm
_02242_,10.08µm
_02362_,10.08µm
_02403_,10.08µm
_02685_,10.08µm
_02751_,10.08µm
_03080_,10.08µm
_03433_,10.08µm
_03444_,10.08µm
_03582_,10.08µm
_03957_,10.08µm
_04105_,10.08µm
_04121_,10.08µm
_04158_,10.08µm
_04172_,10.08µm
_04193_,10.08µm
_04197_,10.08µm
_04355_,10.08µm
_04396_,10.08µm
_04857_,10.08µm
_05154_,10.08µm
_05205_,10.08µm
_05338_,10.08µm
_05349_,10.08µm
_05497_,10.08µm
_05542_,10.08µm
_05567_,10.08µm
_05640_,10.08µm
_06036_,10.08µm
_06046_,10.08µm
_06091_,10.08µm
_06387_,10.08µm
_06469_,10.08µm
_06494_,10.08µm
_06530_,10.08µm
_06594_,10.08µm
_06722_,10.08µm
_06944_,10.08µm
_07080_,10.08µm
_07527_,10.08µm
_07582_,10.08µm
_07671_,10.08µm
_07771_,10.08µm
_07772_,10.08µm
_08316_,10.08µm
u_core.cmd_wdata_q\[27\],10.08µm
u_core.frame_hold\[7\],10.08µm
u_core.miso_sr\[29\],10.08µm
u_core.rd_data_clk\[4\],10.08µm
u_core.u_master.u_slave.core_dout_data\[124\],10.08µm
u_core.u_master.u_slave.core_dout_data\[62\],10.08µm
u_core.u_master.u_slave.core_t1\[1\],10.08µm
u_core.u_master.u_slave.non1\[24\],10.08µm
u_core.u_master.u_slave.non1\[8\],10.08µm
u_core.u_master.u_slave.tagr0\[15\],10.08µm
u_core.u_master.u_slave.tagr0\[7\],10.08µm
u_core.u_master.u_slave.u_core.S0\[24\],10.08µm
u_core.u_master.u_slave.u_core.full_dout_q\[2\],10.08µm
u_core.u_master.u_slave.u_core.full_dout_q\[82\],10.08µm
u_core.u_master.u_slave.u_core.last_dout_q\[74\],10.08µm
u_core.u_master.u_slave.u_core.last_nrate_q\[125\],10.08µm
net3635,10.08µm
net3685,10.08µm
net3766,10.08µm
net3803,10.08µm
net3829,10.08µm
net3880,10.08µm
net3956,10.08µm
net3994,10.08µm
net4002,10.08µm
net4043,10.08µm
net4083,10.08µm
net4095,10.08µm
net4099,10.08µm
net4614,10.08µm
net4637,10.08µm
net4671,10.08µm
net4758,10.08µm
net4932,10.08µm
net4979,10.08µm
net5146,10.08µm
net5203,10.08µm
net5248,10.08µm
net5300,10.08µm
net5365,10.08µm
net5377,10.08µm
net5476,10.08µm
net5525,10.08µm
net5544,10.08µm
net5546,10.08µm
net5634,10.08µm
net5677,10.08µm
net5680,10.08µm
net5720,10.08µm
net5801,10.08µm
net5901,10.08µm
net6078,10.08µm
net6131,10.08µm
net6236,10.08µm
net6312,10.08µm
net6325,10.08µm
net6378,10.08µm
net6409,10.08µm
net6479,10.08µm
net6489,10.08µm
net6595,10.08µm
net6645,10.08µm
net6659,10.08µm
net6672,10.08µm
net6793,10.08µm
net6824,10.08µm
net6828,10.08µm
net6836,10.08µm
net6960,10.08µm
net7086,10.08µm
net7127,10.08µm
net7131,10.08µm
net7169,10.08µm
net7180,10.08µm
net7378,10.08µm
net7665,10.08µm
net7698,10.08µm
net7712,10.08µm
net7827,10.08µm
net7877,10.08µm
net7986,10.08µm
net8028,10.08µm
net8034,10.08µm
net8091,10.08µm
net8156,10.08µm
net8162,10.08µm
net8199,10.08µm
net8433,10.08µm
_00295_,10.02µm
_04241_,9.67µm
_04895_,9.67µm
_06062_,9.67µm
_01838_,9.62µm
_02266_,9.62µm
_04991_,9.62µm
_05189_,9.62µm
_05446_,9.62µm
_06789_,9.62µm
_07472_,9.62µm
_07796_,9.62µm
u_core.u_master.u_slave.tagr3\[15\],9.62µm
u_core.u_master.u_slave.tagw1\[12\],9.62µm
u_core.u_master.u_slave.u_core.last_dout_q\[26\],9.62µm
u_core.u_master.u_slave.u_core.last_nrate_q\[97\],9.62µm
net3778,9.62µm
net4303,9.62µm
net4425,9.62µm
net4434,9.62µm
net4993,9.62µm
net5186,9.62µm
net5741,9.62µm
net5774,9.62µm
net5882,9.62µm
net7686,9.62µm
net8017,9.62µm
net8493,9.62µm
_00017_,9.57µm
_00027_,9.57µm
_00064_,9.57µm
_00180_,9.57µm
_00218_,9.57µm
_00226_,9.57µm
_00276_,9.57µm
_00306_,9.57µm
_00412_,9.57µm
_00489_,9.57µm
_00515_,9.57µm
_00523_,9.57µm
_00639_,9.57µm
_00702_,9.57µm
_00770_,9.57µm
_00785_,9.57µm
_00847_,9.57µm
_00937_,9.57µm
_01103_,9.57µm
_01140_,9.57µm
_01168_,9.57µm
_01350_,9.57µm
_01433_,9.57µm
_01497_,9.57µm
_01557_,9.57µm
_01562_,9.57µm
_01599_,9.57µm
_01718_,9.57µm
_01900_,9.57µm
_01937_,9.57µm
_01947_,9.57µm
_01958_,9.57µm
_02023_,9.57µm
_02249_,9.57µm
_02250_,9.57µm
_02267_,9.57µm
_02314_,9.57µm
_02366_,9.57µm
_02484_,9.57µm
_02886_,9.57µm
_02927_,9.57µm
_03051_,9.57µm
_03219_,9.57µm
_03494_,9.57µm
_03660_,9.57µm
_03675_,9.57µm
_03691_,9.57µm
_03752_,9.57µm
_04036_,9.57µm
_04067_,9.57µm
_04291_,9.57µm
_04312_,9.57µm
_04819_,9.57µm
_04894_,9.57µm
_04950_,9.57µm
_04958_,9.57µm
_05029_,9.57µm
_05043_,9.57µm
_05095_,9.57µm
_05109_,9.57µm
_05122_,9.57µm
_05147_,9.57µm
_05190_,9.57µm
_05310_,9.57µm
_05375_,9.57µm
_05436_,9.57µm
_05466_,9.57µm
_05474_,9.57µm
_05518_,9.57µm
_06090_,9.57µm
_06159_,9.57µm
_06207_,9.57µm
_06216_,9.57µm
_06279_,9.57µm
_06461_,9.57µm
_06478_,9.57µm
_06559_,9.57µm
_06676_,9.57µm
_06747_,9.57µm
_06871_,9.57µm
_07149_,9.57µm
_07166_,9.57µm
_07298_,9.57µm
_07355_,9.57µm
_07438_,9.57µm
_07465_,9.57µm
_07473_,9.57µm
_07554_,9.57µm
_07606_,9.57µm
_07657_,9.57µm
_07717_,9.57µm
_07854_,9.57µm
_07918_,9.57µm
_07930_,9.57µm
_08164_,9.57µm
u_core.cmd_wdata_q\[2\],9.57µm
u_core.u_master.u_slave.core_dout_data\[1\],9.57µm
u_core.u_master.u_slave.core_dout_data\[33\],9.57µm
u_core.u_master.u_slave.core_t0\[12\],9.57µm
u_core.u_master.u_slave.tagw1\[20\],9.57µm
u_core.u_master.u_slave.tagw2\[31\],9.57µm
u_core.u_master.u_slave.tagw3\[13\],9.57µm
u_core.u_master.u_slave.u_core.S3\[37\],9.57µm
u_core.u_master.u_slave.u_core.full_dout_q\[118\],9.57µm
u_core.u_master.u_slave.u_core.full_dout_q\[78\],9.57µm
u_core.u_master.u_slave.u_core.full_nS1_q\[35\],9.57µm
u_core.u_master.u_slave.u_core.last_dout_q\[101\],9.57µm
u_core.u_master.u_slave.u_core.last_dout_q\[22\],9.57µm
u_core.u_master.u_slave.u_core.last_dout_q\[63\],9.57µm
u_core.u_master.u_slave.u_core.last_nrate_q\[102\],9.57µm
net3674,9.57µm
net3866,9.57µm
net3893,9.57µm
net4010,9.57µm
net4333,9.57µm
net4639,9.57µm
net4667,9.57µm
net4795,9.57µm
net4861,9.57µm
net5243,9.57µm
net5327,9.57µm
net5372,9.57µm
net5398,9.57µm
net5408,9.57µm
net5553,9.57µm
net5621,9.57µm
net5696,9.57µm
net5714,9.57µm
net5782,9.57µm
net5951,9.57µm
net6050,9.57µm
net6126,9.57µm
net6144,9.57µm
net6238,9.57µm
net6250,9.57µm
net6327,9.57µm
net6355,9.57µm
net6451,9.57µm
net6455,9.57µm
net6507,9.57µm
net6571,9.57µm
net6616,9.57µm
net6673,9.57µm
net7031,9.57µm
net7069,9.57µm
net7085,9.57µm
net7109,9.57µm
net7121,9.57µm
net7159,9.57µm
net7161,9.57µm
net7190,9.57µm
net7204,9.57µm
net7219,9.57µm
net7438,9.57µm
net7493,9.57µm
net7515,9.57µm
net7624,9.57µm
net7651,9.57µm
net7729,9.57µm
net7750,9.57µm
net7951,9.57µm
net8035,9.57µm
net8142,9.57µm
net8159,9.57µm
net8204,9.57µm
net8206,9.57µm
net8257,9.57µm
net8279,9.57µm
net8310,9.57µm
net8334,9.57µm
net8372,9.57µm
net8598,9.57µm
net8605,9.57µm
_00011_,9.52µm
_00105_,9.52µm
_00176_,9.52µm
_00205_,9.52µm
_00244_,9.52µm
_00269_,9.52µm
_00299_,9.52µm
_00370_,9.52µm
_00379_,9.52µm
_00439_,9.52µm
_00694_,9.52µm
_00697_,9.52µm
_00752_,9.52µm
_01045_,9.52µm
_01143_,9.52µm
_01150_,9.52µm
_01264_,9.52µm
_01407_,9.52µm
_01539_,9.52µm
_01587_,9.52µm
_01620_,9.52µm
_01692_,9.52µm
_01860_,9.52µm
_01863_,9.52µm
_01905_,9.52µm
_01970_,9.52µm
_02059_,9.52µm
_02187_,9.52µm
_02295_,9.52µm
_02388_,9.52µm
_02642_,9.52µm
_02679_,9.52µm
_02812_,9.52µm
_03167_,9.52µm
_03256_,9.52µm
_03358_,9.52µm
_03377_,9.52µm
_03378_,9.52µm
_03473_,9.52µm
_03566_,9.52µm
_03576_,9.52µm
_03593_,9.52µm
_03599_,9.52µm
_03712_,9.52µm
_03965_,9.52µm
_03975_,9.52µm
_04050_,9.52µm
_04052_,9.52µm
_04169_,9.52µm
_04251_,9.52µm
_04685_,9.52µm
_04754_,9.52µm
_05341_,9.52µm
_05374_,9.52µm
_05420_,9.52µm
_05452_,9.52µm
_05459_,9.52µm
_05500_,9.52µm
_06040_,9.52µm
_06223_,9.52µm
_06241_,9.52µm
_06520_,9.52µm
_06809_,9.52µm
_06841_,9.52µm
_06872_,9.52µm
_07038_,9.52µm
_07058_,9.52µm
_07118_,9.52µm
_07262_,9.52µm
_07350_,9.52µm
_07441_,9.52µm
_07493_,9.52µm
_07497_,9.52µm
_07588_,9.52µm
_07681_,9.52µm
_07689_,9.52µm
_08327_,9.52µm
u_core.bitcnt\[3\],9.52µm
u_core.frame_hold\[24\],9.52µm
u_core.frame_hold\[4\],9.52µm
u_core.miso_sr\[1\],9.52µm
u_core.r2,9.52µm
u_core.u_master.u_slave.core_dout_data\[31\],9.52µm
u_core.u_master.u_slave.core_dout_data\[53\],9.52µm
u_core.u_master.u_slave.core_t1\[14\],9.52µm
u_core.u_master.u_slave.core_t1\[42\],9.52µm
u_core.u_master.u_slave.dout_sh\[50\],9.52µm
u_core.u_master.u_slave.dout_sh\[81\],9.52µm
u_core.u_master.u_slave.non1\[5\],9.52µm
u_core.u_master.u_slave.non2\[20\],9.52µm
u_core.u_master.u_slave.tagr3\[20\],9.52µm
u_core.u_master.u_slave.tagr3\[2\],9.52µm
u_core.u_master.u_slave.tagw1\[28\],9.52µm
u_core.u_master.u_slave.tagw2\[7\],9.52µm
u_core.u_master.u_slave.u_core.B1\[46\],9.52µm
u_core.u_master.u_slave.u_core.B1\[49\],9.52µm
u_core.u_master.u_slave.u_core.B3\[34\],9.52µm
u_core.u_master.u_slave.u_core.full_dout_q\[0\],9.52µm
u_core.u_master.u_slave.u_core.full_dout_q\[106\],9.52µm
u_core.u_master.u_slave.u_core.full_dout_q\[24\],9.52µm
u_core.u_master.u_slave.u_core.full_dout_q\[74\],9.52µm
u_core.u_master.u_slave.u_core.full_dout_q\[93\],9.52µm
u_core.u_master.u_slave.u_core.full_nS1_q\[24\],9.52µm
u_core.u_master.u_slave.u_core.full_nS1_q\[34\],9.52µm
u_core.u_master.u_slave.u_core.last_dout_q\[123\],9.52µm
u_core.u_master.u_slave.u_core.last_dout_q\[125\],9.52µm
u_core.u_master.u_slave.u_core.last_nrate_q\[33\],9.52µm
u_core.u_master.u_slave.u_core.last_nrate_q\[38\],9.52µm
net3601,9.52µm
net3643,9.52µm
net3660,9.52µm
net3859,9.52µm
net3937,9.52µm
net4080,9.52µm
net4109,9.52µm
net4184,9.52µm
net4414,9.52µm
net4598,9.52µm
net4601,9.52µm
net4778,9.52µm
net5179,9.52µm
net5271,9.52µm
net5282,9.52µm
net5416,9.52µm
net5502,9.52µm
net5506,9.52µm
net5520,9.52µm
net5523,9.52µm
net5564,9.52µm
net5605,9.52µm
net5709,9.52µm
net5740,9.52µm
net5798,9.52µm
net5811,9.52µm
net5893,9.52µm
net6139,9.52µm
net6196,9.52µm
net6321,9.52µm
net6323,9.52µm
net6374,9.52µm
net6385,9.52µm
net6426,9.52µm
net6460,9.52µm
net6529,9.52µm
net6719,9.52µm
net6747,9.52µm
net6800,9.52µm
net6807,9.52µm
net6848,9.52µm
net6899,9.52µm
net7070,9.52µm
net7091,9.52µm
net7176,9.52µm
net7263,9.52µm
net7339,9.52µm
net7421,9.52µm
net7447,9.52µm
net7467,9.52µm
net7487,9.52µm
net7506,9.52µm
net7555,9.52µm
net7632,9.52µm
net7639,9.52µm
net7640,9.52µm
net7740,9.52µm
net7789,9.52µm
net7803,9.52µm
net7868,9.52µm
net8056,9.52µm
net8074,9.52µm
net8095,9.52µm
net8214,9.52µm
net8349,9.52µm
net8350,9.52µm
net8380,9.52µm
net8422,9.52µm
net8497,9.52µm
net8583,9.52µm
_01950_,9.46µm
_02757_,9.11µm
_06713_,9.11µm
u_core.u_master.u_slave.non3\[5\],9.11µm
_01153_,9.06µm
_01191_,9.06µm
_01308_,9.06µm
_01799_,9.06µm
_01816_,9.06µm
_02215_,9.06µm
_03620_,9.06µm
_03699_,9.06µm
_03923_,9.06µm
_03999_,9.06µm
_04756_,9.06µm
_05509_,9.06µm
_05607_,9.06µm
_06050_,9.06µm
_06550_,9.06µm
_07495_,9.06µm
_07653_,9.06µm
u_core.u_master.u_slave.ar_hs,9.06µm
u_core.u_master.u_slave.core_dout_data\[48\],9.06µm
u_core.u_master.u_slave.non1\[23\],9.06µm
u_core.u_master.u_slave.non3\[24\],9.06µm
u_core.u_master.u_slave.u_core.S3\[54\],9.06µm
u_core.u_master.u_slave.wdata_q\[26\],9.06µm
net3874,9.06µm
net4463,9.06µm
net5254,9.06µm
net5287,9.06µm
net5320,9.06µm
net5391,9.06µm
net5493,9.06µm
net5591,9.06µm
net5664,9.06µm
net6302,9.06µm
net7819,9.06µm
net7833,9.06µm
net8005,9.06µm
net6516,9.03µm
_00004_,9.01µm
_00041_,9.01µm
_00113_,9.01µm
_00216_,9.01µm
_00254_,9.01µm
_00415_,9.01µm
_00456_,9.01µm
_00487_,9.01µm
_00551_,9.01µm
_00602_,9.01µm
_00629_,9.01µm
_00636_,9.01µm
_00667_,9.01µm
_00905_,9.01µm
_00917_,9.01µm
_00920_,9.01µm
_01080_,9.01µm
_01277_,9.01µm
_01430_,9.01µm
_01528_,9.01µm
_01658_,9.01µm
_01703_,9.01µm
_01784_,9.01µm
_01854_,9.01µm
_02105_,9.01µm
_02116_,9.01µm
_02288_,9.01µm
_02322_,9.01µm
_02326_,9.01µm
_02391_,9.01µm
_02448_,9.01µm
_02453_,9.01µm
_02495_,9.01µm
_02497_,9.01µm
_02683_,9.01µm
_02931_,9.01µm
_03067_,9.01µm
_03122_,9.01µm
_03155_,9.01µm
_03196_,9.01µm
_03231_,9.01µm
_03363_,9.01µm
_03396_,9.01µm
_03577_,9.01µm
_03666_,9.01µm
_03807_,9.01µm
_03869_,9.01µm
_03914_,9.01µm
_03961_,9.01µm
_04092_,9.01µm
_04095_,9.01µm
_04114_,9.01µm
_04247_,9.01µm
_04301_,9.01µm
_04308_,9.01µm
_04876_,9.01µm
_04987_,9.01µm
_05076_,9.01µm
_05119_,9.01µm
_05133_,9.01µm
_05192_,9.01µm
_05208_,9.01µm
_05219_,9.01µm
_05570_,9.01µm
_06070_,9.01µm
_06156_,9.01µm
_06235_,9.01µm
_06797_,9.01µm
_07287_,9.01µm
_07602_,9.01µm
_07605_,9.01µm
_07621_,9.01µm
_07637_,9.01µm
_07822_,9.01µm
_08056_,9.01µm
_08178_,9.01µm
_08207_,9.01µm
u_core.miso_sr\[10\],9.01µm
u_core.u_master.m_rdata\[16\],9.01µm
u_core.u_master.u_slave.core_dout_data\[28\],9.01µm
u_core.u_master.u_slave.core_t0\[6\],9.01µm
u_core.u_master.u_slave.core_t1\[23\],9.01µm
u_core.u_master.u_slave.core_t1\[52\],9.01µm
u_core.u_master.u_slave.core_t1\[5\],9.01µm
u_core.u_master.u_slave.non1\[18\],9.01µm
u_core.u_master.u_slave.u_core.full_dout_q\[76\],9.01µm
u_core.u_master.u_slave.u_core.full_dout_q\[83\],9.01µm
u_core.u_master.u_slave.u_core.full_dout_q\[92\],9.01µm
u_core.u_master.u_slave.u_core.full_dout_q\[98\],9.01µm
u_core.u_master.u_slave.u_core.full_nS0_q\[51\],9.01µm
u_core.u_master.u_slave.u_core.full_nS1_q\[40\],9.01µm
u_core.u_master.u_slave.u_core.last_nrate_q\[36\],9.01µm
u_core.u_master.u_slave.u_core.last_nrate_q\[56\],9.01µm
net3781,9.01µm
net3826,9.01µm
net3827,9.01µm
net3837,9.01µm
net3838,9.01µm
net4055,9.01µm
net4115,9.01µm
net4235,9.01µm
net4255,9.01µm
net4352,9.01µm
net4539,9.01µm
net4995,9.01µm
net5339,9.01µm
net5388,9.01µm
net5409,9.01µm
net5590,9.01µm
net5806,9.01µm
net5812,9.01µm
net5905,9.01µm
net6052,9.01µm
net6168,9.01µm
net6180,9.01µm
net6237,9.01µm
net6293,9.01µm
net6405,9.01µm
net6501,9.01µm
net6583,9.01µm
net6661,9.01µm
net6728,9.01µm
net6906,9.01µm
net6966,9.01µm
net7014,9.01µm
net7124,9.01µm
net7130,9.01µm
net7167,9.01µm
net7184,9.01µm
net7186,9.01µm
net7220,9.01µm
net7253,9.01µm
net7282,9.01µm
net7289,9.01µm
net7352,9.01µm
net7364,9.01µm
net7437,9.01µm
net7641,9.01µm
net7646,9.01µm
net7702,9.01µm
net7711,9.01µm
net7717,9.01µm
net7726,9.01µm
net7965,9.01µm
net7996,9.01µm
net8037,9.01µm
net8044,9.01µm
net8047,9.01µm
net8059,9.01µm
net8111,9.01µm
net8135,9.01µm
net8138,9.01µm
net8200,9.01µm
net8201,9.01µm
net8207,9.01µm
net8231,9.01µm
net8251,9.01µm
net8262,9.01µm
net8308,9.01µm
net8317,9.01µm
net8324,9.01µm
net8337,9.01µm
net8375,9.01µm
net8545,9.01µm
net8552,9.01µm
net8563,9.01µm
_00010_,8.96µm
_00049_,8.96µm
_00084_,8.96µm
_00229_,8.96µm
_00265_,8.96µm
_00332_,8.96µm
_00336_,8.96µm
_00348_,8.96µm
_00377_,8.96µm
_00504_,8.96µm
_00507_,8.96µm
_00530_,8.96µm
_00553_,8.96µm
_00579_,8.96µm
_00589_,8.96µm
_00603_,8.96µm
_00616_,8.96µm
_00622_,8.96µm
_00701_,8.96µm
_00720_,8.96µm
_00798_,8.96µm
_00933_,8.96µm
_00971_,8.96µm
_01130_,8.96µm
_01161_,8.96µm
_01167_,8.96µm
_01231_,8.96µm
_01353_,8.96µm
_01412_,8.96µm
_01469_,8.96µm
_01520_,8.96µm
_01533_,8.96µm
_01540_,8.96µm
_01547_,8.96µm
_01552_,8.96µm
_01624_,8.96µm
_01833_,8.96µm
_01837_,8.96µm
_01921_,8.96µm
_02029_,8.96µm
_02050_,8.96µm
_02089_,8.96µm
_02109_,8.96µm
_02134_,8.96µm
_02139_,8.96µm
_02154_,8.96µm
_02191_,8.96µm
_02206_,8.96µm
_02290_,8.96µm
_02303_,8.96µm
_02309_,8.96µm
_02319_,8.96µm
_02327_,8.96µm
_02342_,8.96µm
_02372_,8.96µm
_02419_,8.96µm
_02541_,8.96µm
_02568_,8.96µm
_02703_,8.96µm
_02794_,8.96µm
_02822_,8.96µm
_02829_,8.96µm
_02876_,8.96µm
_02913_,8.96µm
_03066_,8.96µm
_03273_,8.96µm
_03528_,8.96µm
_03749_,8.96µm
_03756_,8.96µm
_03765_,8.96µm
_03851_,8.96µm
_03873_,8.96µm
_03936_,8.96µm
_03982_,8.96µm
_03986_,8.96µm
_04066_,8.96µm
_04068_,8.96µm
_04080_,8.96µm
_04166_,8.96µm
_04315_,8.96µm
_05213_,8.96µm
_05268_,8.96µm
_05407_,8.96µm
_05412_,8.96µm
_05417_,8.96µm
_05418_,8.96µm
_05478_,8.96µm
_05678_,8.96µm
_05814_,8.96µm
_05891_,8.96µm
_05993_,8.96µm
_06049_,8.96µm
_06074_,8.96µm
_06262_,8.96µm
_06365_,8.96µm
_06413_,8.96µm
_06427_,8.96µm
_06521_,8.96µm
_06528_,8.96µm
_06605_,8.96µm
_06645_,8.96µm
_06720_,8.96µm
_06833_,8.96µm
_06883_,8.96µm
_07129_,8.96µm
_07395_,8.96µm
_07435_,8.96µm
_07449_,8.96µm
_07500_,8.96µm
_07562_,8.96µm
_07769_,8.96µm
_07773_,8.96µm
_07818_,8.96µm
_07862_,8.96µm
_07893_,8.96µm
_07911_,8.96µm
_08190_,8.96µm
_08237_,8.96µm
_08280_,8.96µm
u_core.bitcnt\[1\],8.96µm
u_core.cmd_rdata\[10\],8.96µm
u_core.cmd_wdata_q\[30\],8.96µm
u_core.frame_hold\[37\],8.96µm
u_core.rx_sr\[16\],8.96µm
u_core.u_master.m_wdata\[9\],8.96µm
u_core.u_master.u_slave.core_dout_data\[119\],8.96µm
u_core.u_master.u_slave.core_t1\[20\],8.96µm
u_core.u_master.u_slave.dout_sh\[11\],8.96µm
u_core.u_master.u_slave.non2\[0\],8.96µm
u_core.u_master.u_slave.non3\[22\],8.96µm
u_core.u_master.u_slave.tagr1\[0\],8.96µm
u_core.u_master.u_slave.tagr1\[29\],8.96µm
u_core.u_master.u_slave.tagr3\[22\],8.96µm
u_core.u_master.u_slave.tagw1\[2\],8.96µm
u_core.u_master.u_slave.tagw2\[4\],8.96µm
u_core.u_master.u_slave.u_core.B1\[2\],8.96µm
u_core.u_master.u_slave.u_core.B1\[39\],8.96µm
u_core.u_master.u_slave.u_core.B1\[6\],8.96µm
u_core.u_master.u_slave.u_core.full_dout_q\[109\],8.96µm
u_core.u_master.u_slave.u_core.full_dout_q\[44\],8.96µm
u_core.u_master.u_slave.u_core.last_dout_q\[36\],8.96µm
net3578,8.96µm
net3649,8.96µm
net3919,8.96µm
net3936,8.96µm
net4209,8.96µm
net4223,8.96µm
net4348,8.96µm
net4355,8.96µm
net4567,8.96µm
net4627,8.96µm
net4746,8.96µm
net4748,8.96µm
net4884,8.96µm
net5110,8.96µm
net5118,8.96µm
net5172,8.96µm
net5206,8.96µm
net5250,8.96µm
net5361,8.96µm
net5386,8.96µm
net5425,8.96µm
net5450,8.96µm
net5464,8.96µm
net5536,8.96µm
net5558,8.96µm
net5571,8.96µm
net5593,8.96µm
net5603,8.96µm
net5648,8.96µm
net5668,8.96µm
net5794,8.96µm
net5852,8.96µm
net5938,8.96µm
net5988,8.96µm
net6026,8.96µm
net6072,8.96µm
net6084,8.96µm
net6118,8.96µm
net6150,8.96µm
net6213,8.96µm
net6247,8.96µm
net6271,8.96µm
net6379,8.96µm
net6380,8.96µm
net6425,8.96µm
net6461,8.96µm
net6477,8.96µm
net6503,8.96µm
net6539,8.96µm
net6591,8.96µm
net6603,8.96µm
net6611,8.96µm
net6627,8.96µm
net6636,8.96µm
net6681,8.96µm
net6735,8.96µm
net6745,8.96µm
net6829,8.96µm
net6872,8.96µm
net6913,8.96µm
net6919,8.96µm
net7020,8.96µm
net7279,8.96µm
net7306,8.96µm
net7337,8.96µm
net7395,8.96µm
net7409,8.96µm
net7413,8.96µm
net7419,8.96µm
net7433,8.96µm
net7475,8.96µm
net7485,8.96µm
net7621,8.96µm
net7688,8.96µm
net7773,8.96µm
net8012,8.96µm
net8043,8.96µm
net8177,8.96µm
net8186,8.96µm
net8242,8.96µm
net8435,8.96µm
net8600,8.96µm
_00076_,8.55µm
_04776_,8.55µm
_04985_,8.55µm
u_core.u_master.u_slave.tagr3\[17\],8.55µm
u_core.u_master.u_slave.tagw1\[7\],8.55µm
net5789,8.55µm
_00190_,8.5µm
_00779_,8.5µm
_00899_,8.5µm
_01401_,8.5µm
_01992_,8.5µm
_02504_,8.5µm
_02510_,8.5µm
_03710_,8.5µm
_03842_,8.5µm
_04683_,8.5µm
_04976_,8.5µm
_05527_,8.5µm
_05992_,8.5µm
_06033_,8.5µm
_07139_,8.5µm
_07406_,8.5µm
_07502_,8.5µm
_08027_,8.5µm
_08043_,8.5µm
u_core.u_master.u_slave.tagw0\[6\],8.5µm
net4089,8.5µm
net4140,8.5µm
net4449,8.5µm
net4461,8.5µm
net5239,8.5µm
net5719,8.5µm
net6101,8.5µm
net6194,8.5µm
net6464,8.5µm
net6482,8.5µm
net6810,8.5µm
net7534,8.5µm
net7946,8.5µm
net8013,8.5µm
net8092,8.5µm
net8099,8.5µm
net8105,8.5µm
_00065_,8.45µm
_00097_,8.45µm
_00102_,8.45µm
_00124_,8.45µm
_00169_,8.45µm
_00179_,8.45µm
_00247_,8.45µm
_00290_,8.45µm
_00293_,8.45µm
_00334_,8.45µm
_00464_,8.45µm
_00566_,8.45µm
_00670_,8.45µm
_00684_,8.45µm
_00758_,8.45µm
_00806_,8.45µm
_00848_,8.45µm
_00878_,8.45µm
_00884_,8.45µm
_00909_,8.45µm
_01009_,8.45µm
_01025_,8.45µm
_01061_,8.45µm
_01256_,8.45µm
_01496_,8.45µm
_01810_,8.45µm
_01880_,8.45µm
_01895_,8.45µm
_01897_,8.45µm
_01960_,8.45µm
_02067_,8.45µm
_02301_,8.45µm
_02367_,8.45µm
_02369_,8.45µm
_02418_,8.45µm
_02979_,8.45µm
_02980_,8.45µm
_03090_,8.45µm
_03130_,8.45µm
_03204_,8.45µm
_03252_,8.45µm
_03509_,8.45µm
_03529_,8.45µm
_03547_,8.45µm
_03992_,8.45µm
_03998_,8.45µm
_04037_,8.45µm
_04140_,8.45µm
_04207_,8.45µm
_04217_,8.45µm
_04359_,8.45µm
_04641_,8.45µm
_04662_,8.45µm
_05167_,8.45µm
_05173_,8.45µm
_05211_,8.45µm
_05271_,8.45µm
_05363_,8.45µm
_05426_,8.45µm
_05430_,8.45µm
_05794_,8.45µm
_05830_,8.45µm
_05843_,8.45µm
_05925_,8.45µm
_05980_,8.45µm
_06056_,8.45µm
_06103_,8.45µm
_06105_,8.45µm
_06336_,8.45µm
_06339_,8.45µm
_06495_,8.45µm
_06515_,8.45µm
_06558_,8.45µm
_06884_,8.45µm
_06973_,8.45µm
_07042_,8.45µm
_07565_,8.45µm
_07803_,8.45µm
_07928_,8.45µm
_08276_,8.45µm
_08290_,8.45µm
u_core.cmd_wdata_q\[13\],8.45µm
u_core.frame_hold\[22\],8.45µm
u_core.frame_hold\[27\],8.45µm
u_core.miso_sr\[3\],8.45µm
u_core.rx_sr\[15\],8.45µm
u_core.u_master.m_awaddr\[3\],8.45µm
u_core.u_master.st\[2\],8.45µm
u_core.u_master.u_slave.core_dout_data\[38\],8.45µm
u_core.u_master.u_slave.core_dout_data\[68\],8.45µm
u_core.u_master.u_slave.core_t0\[57\],8.45µm
u_core.u_master.u_slave.dout_sh\[102\],8.45µm
u_core.u_master.u_slave.non1\[25\],8.45µm
u_core.u_master.u_slave.tagw1\[17\],8.45µm
u_core.u_master.u_slave.tagw3\[14\],8.45µm
u_core.u_master.u_slave.u_core.B3\[46\],8.45µm
u_core.u_master.u_slave.u_core.S3\[63\],8.45µm
u_core.u_master.u_slave.u_core.full_dout_q\[26\],8.45µm
u_core.u_master.u_slave.u_core.full_dout_q\[28\],8.45µm
u_core.u_master.u_slave.u_core.full_dout_q\[95\],8.45µm
u_core.u_master.u_slave.u_core.last_dout_q\[4\],8.45µm
u_core.u_master.u_slave.u_core.last_dout_q\[77\],8.45µm
u_core.u_master.u_slave.u_core.last_nrate_q\[111\],8.45µm
net3716,8.45µm
net3861,8.45µm
net3895,8.45µm
net4064,8.45µm
net4118,8.45µm
net4148,8.45µm
net4240,8.45µm
net4245,8.45µm
net4320,8.45µm
net4452,8.45µm
net4608,8.45µm
net4755,8.45µm
net4974,8.45µm
net5106,8.45µm
net5270,8.45µm
net5348,8.45µm
net5390,8.45µm
net5438,8.45µm
net5485,8.45µm
net5813,8.45µm
net5959,8.45µm
net6330,8.45µm
net6445,8.45µm
net6657,8.45µm
net6817,8.45µm
net6844,8.45µm
net6874,8.45µm
net6939,8.45µm
net7064,8.45µm
net7084,8.45µm
net7229,8.45µm
net7334,8.45µm
net7528,8.45µm
net7553,8.45µm
net7561,8.45µm
net7593,8.45µm
net7602,8.45µm
net7658,8.45µm
net7762,8.45µm
net7783,8.45µm
net7824,8.45µm
net7845,8.45µm
net7887,8.45µm
net7918,8.45µm
net8061,8.45µm
net8122,8.45µm
net8150,8.45µm
net8171,8.45µm
net8210,8.45µm
net8223,8.45µm
net8247,8.45µm
net8265,8.45µm
net8282,8.45µm
net8294,8.45µm
net8313,8.45µm
net8330,8.45µm
net8338,8.45µm
net8339,8.45µm
net8345,8.45µm
net8360,8.45µm
net8506,8.45µm
net8542,8.45µm
_00037_,8.4µm
_00051_,8.4µm
_00098_,8.4µm
_00135_,8.4µm
_00202_,8.4µm
_00225_,8.4µm
_00248_,8.4µm
_00258_,8.4µm
_00284_,8.4µm
_00326_,8.4µm
_00331_,8.4µm
_00354_,8.4µm
_00380_,8.4µm
_00432_,8.4µm
_00470_,8.4µm
_00503_,8.4µm
_00547_,8.4µm
_00573_,8.4µm
_00590_,8.4µm
_00604_,8.4µm
_00660_,8.4µm
_00668_,8.4µm
_00672_,8.4µm
_00803_,8.4µm
_00820_,8.4µm
_00826_,8.4µm
_00828_,8.4µm
_00833_,8.4µm
_00843_,8.4µm
_00865_,8.4µm
_00940_,8.4µm
_00965_,8.4µm
_01069_,8.4µm
_01075_,8.4µm
_01092_,8.4µm
_01110_,8.4µm
_01135_,8.4µm
_01144_,8.4µm
_01356_,8.4µm
_01358_,8.4µm
_01380_,8.4µm
_01450_,8.4µm
_01492_,8.4µm
_01512_,8.4µm
_01516_,8.4µm
_01566_,8.4µm
_01607_,8.4µm
_01615_,8.4µm
_01660_,8.4µm
_01661_,8.4µm
_01664_,8.4µm
_01779_,8.4µm
_01862_,8.4µm
_01925_,8.4µm
_02052_,8.4µm
_02111_,8.4µm
_02136_,8.4µm
_02165_,8.4µm
_02186_,8.4µm
_02216_,8.4µm
_02218_,8.4µm
_02230_,8.4µm
_02269_,8.4µm
_02275_,8.4µm
_02296_,8.4µm
_02308_,8.4µm
_02332_,8.4µm
_02383_,8.4µm
_02389_,8.4µm
_02440_,8.4µm
_02559_,8.4µm
_02569_,8.4µm
_02571_,8.4µm
_02839_,8.4µm
_02944_,8.4µm
_02947_,8.4µm
_02963_,8.4µm
_02992_,8.4µm
_03015_,8.4µm
_03097_,8.4µm
_03114_,8.4µm
_03215_,8.4µm
_03234_,8.4µm
_03235_,8.4µm
_03240_,8.4µm
_03255_,8.4µm
_03266_,8.4µm
_03292_,8.4µm
_03338_,8.4µm
_03344_,8.4µm
_03570_,8.4µm
_03650_,8.4µm
_03701_,8.4µm
_03734_,8.4µm
_03775_,8.4µm
_03828_,8.4µm
_03836_,8.4µm
_03870_,8.4µm
_03878_,8.4µm
_03940_,8.4µm
_03980_,8.4µm
_04047_,8.4µm
_04053_,8.4µm
_04089_,8.4µm
_04133_,8.4µm
_04405_,8.4µm
_04923_,8.4µm
_04979_,8.4µm
_05107_,8.4µm
_05158_,8.4µm
_05224_,8.4µm
_05260_,8.4µm
_05314_,8.4µm
_05331_,8.4µm
_05340_,8.4µm
_05399_,8.4µm
_05495_,8.4µm
_05529_,8.4µm
_05606_,8.4µm
_05655_,8.4µm
_05696_,8.4µm
_05821_,8.4µm
_05828_,8.4µm
_05863_,8.4µm
_05871_,8.4µm
_06031_,8.4µm
_06072_,8.4µm
_06080_,8.4µm
_06121_,8.4µm
_06153_,8.4µm
_06285_,8.4µm
_06402_,8.4µm
_06448_,8.4µm
_06508_,8.4µm
_06570_,8.4µm
_06680_,8.4µm
_06695_,8.4µm
_06701_,8.4µm
_06723_,8.4µm
_06793_,8.4µm
_06855_,8.4µm
_07030_,8.4µm
_07079_,8.4µm
_07119_,8.4µm
_07128_,8.4µm
_07135_,8.4µm
_07335_,8.4µm
_07404_,8.4µm
_07414_,8.4µm
_07428_,8.4µm
_07484_,8.4µm
_07552_,8.4µm
_07753_,8.4µm
_07798_,8.4µm
_07815_,8.4µm
_07883_,8.4µm
_08063_,8.4µm
_08087_,8.4µm
_08100_,8.4µm
_08188_,8.4µm
_08346_,8.4µm
_08358_,8.4µm
u_core.bitcnt\[0\],8.4µm
u_core.frame_hold\[23\],8.4µm
u_core.frame_hold\[25\],8.4µm
u_core.frame_hold\[6\],8.4µm
u_core.rx_sr\[17\],8.4µm
u_core.u_master.m_wdata\[17\],8.4µm
u_core.u_master.u_slave.core_dout_data\[116\],8.4µm
u_core.u_master.u_slave.core_dout_data\[15\],8.4µm
u_core.u_master.u_slave.core_dout_data\[25\],8.4µm
u_core.u_master.u_slave.core_t0\[38\],8.4µm
u_core.u_master.u_slave.core_t1\[43\],8.4µm
u_core.u_master.u_slave.dout_sh\[89\],8.4µm
u_core.u_master.u_slave.non0\[16\],8.4µm
u_core.u_master.u_slave.non0\[28\],8.4µm
u_core.u_master.u_slave.non0\[3\],8.4µm
u_core.u_master.u_slave.non1\[20\],8.4µm
u_core.u_master.u_slave.non1\[6\],8.4µm
u_core.u_master.u_slave.tagr0\[30\],8.4µm
u_core.u_master.u_slave.tagw2\[14\],8.4µm
u_core.u_master.u_slave.tagw3\[21\],8.4µm
u_core.u_master.u_slave.u_core.B1\[55\],8.4µm
u_core.u_master.u_slave.u_core.B1\[5\],8.4µm
u_core.u_master.u_slave.u_core.S3\[23\],8.4µm
u_core.u_master.u_slave.u_core.full_dout_q\[117\],8.4µm
u_core.u_master.u_slave.u_core.full_dout_q\[51\],8.4µm
u_core.u_master.u_slave.u_core.full_dout_q\[77\],8.4µm
u_core.u_master.u_slave.u_core.full_dout_q\[88\],8.4µm
u_core.u_master.u_slave.u_core.full_nS0_q\[2\],8.4µm
u_core.u_master.u_slave.u_core.full_nS0_q\[59\],8.4µm
u_core.u_master.u_slave.u_core.last_dout_q\[37\],8.4µm
u_core.u_master.u_slave.u_core.last_nrate_q\[18\],8.4µm
u_core.u_master.u_slave.u_core.last_nrate_q\[51\],8.4µm
u_core.u_master.u_slave.u_core.last_nrate_q\[61\],8.4µm
u_core.u_master.u_slave.u_core.last_nrate_q\[70\],8.4µm
u_core.u_master.u_slave.u_core.last_nrate_q\[95\],8.4µm
u_core.wreq_tgl,8.4µm
net3617,8.4µm
net3742,8.4µm
net3746,8.4µm
net3891,8.4µm
net3913,8.4µm
net3957,8.4µm
net3978,8.4µm
net3997,8.4µm
net4018,8.4µm
net4028,8.4µm
net4058,8.4µm
net4164,8.4µm
net4397,8.4µm
net4533,8.4µm
net4535,8.4µm
net4693,8.4µm
net4739,8.4µm
net4751,8.4µm
net4757,8.4µm
net4759,8.4µm
net4770,8.4µm
net4830,8.4µm
net4866,8.4µm
net4886,8.4µm
net4938,8.4µm
net4945,8.4µm
net5046,8.4µm
net5059,8.4µm
net5076,8.4µm
net5080,8.4µm
net5138,8.4µm
net5149,8.4µm
net5177,8.4µm
net5253,8.4µm
net5399,8.4µm
net5400,8.4µm
net5430,8.4µm
net5437,8.4µm
net5501,8.4µm
net5551,8.4µm
net5556,8.4µm
net5557,8.4µm
net5576,8.4µm
net5598,8.4µm
net5637,8.4µm
net5712,8.4µm
net5716,8.4µm
net5848,8.4µm
net5953,8.4µm
net6129,8.4µm
net6157,8.4µm
net6183,8.4µm
net6195,8.4µm
net6273,8.4µm
net6278,8.4µm
net6307,8.4µm
net6342,8.4µm
net6376,8.4µm
net6443,8.4µm
net6513,8.4µm
net6827,8.4µm
net6851,8.4µm
net6864,8.4µm
net6887,8.4µm
net6908,8.4µm
net7024,8.4µm
net7028,8.4µm
net7103,8.4µm
net7107,8.4µm
net7181,8.4µm
net7182,8.4µm
net7196,8.4µm
net7264,8.4µm
net7383,8.4µm
net7471,8.4µm
net7482,8.4µm
net7496,8.4µm
net7519,8.4µm
net7522,8.4µm
net7554,8.4µm
net7596,8.4µm
net7638,8.4µm
net7709,8.4µm
net7710,8.4µm
net7716,8.4µm
net7719,8.4µm
net7737,8.4µm
net7764,8.4µm
net7782,8.4µm
net7786,8.4µm
net7816,8.4µm
net7888,8.4µm
net7904,8.4µm
net7972,8.4µm
net7973,8.4µm
net8093,8.4µm
net8243,8.4µm
net8283,8.4µm
net8373,8.4µm
net8418,8.4µm
net8478,8.4µm
_05514_,8.12µm
_06867_,7.99µm
u_core.u_master.u_slave.non3\[19\],7.99µm
u_core.u_master.u_slave.tagw1\[30\],7.99µm
_00089_,7.94µm
_00219_,7.94µm
_00431_,7.94µm
_00962_,7.94µm
_01020_,7.94µm
_02235_,7.94µm
_02439_,7.94µm
_02709_,7.94µm
_02795_,7.94µm
_02841_,7.94µm
_02863_,7.94µm
_03679_,7.94µm
_03722_,7.94µm
_03761_,7.94µm
_03850_,7.94µm
_04273_,7.94µm
_04401_,7.94µm
_05370_,7.94µm
_05400_,7.94µm
_05935_,7.94µm
_06595_,7.94µm
_06604_,7.94µm
_07402_,7.94µm
_07519_,7.94µm
_07559_,7.94µm
_07639_,7.94µm
_07667_,7.94µm
_07669_,7.94µm
u_core.u_master.u_slave.non2\[28\],7.94µm
u_core.u_master.u_slave.tagr1\[25\],7.94µm
u_core.u_master.u_slave.tagw2\[22\],7.94µm
u_core.u_master.u_slave.u_core.S3\[18\],7.94µm
net3865,7.94µm
net3967,7.94µm
net3998,7.94µm
net4351,7.94µm
net4377,7.94µm
net4989,7.94µm
net5221,7.94µm
net5562,7.94µm
net5773,7.94µm
net5845,7.94µm
net6095,7.94µm
net6160,7.94µm
net6232,7.94µm
net6580,7.94µm
net6688,7.94µm
net6802,7.94µm
net6900,7.94µm
net7236,7.94µm
net7662,7.94µm
net7678,7.94µm
net7708,7.94µm
net7801,7.94µm
net7814,7.94µm
net7832,7.94µm
net7847,7.94µm
net7899,7.94µm
net7933,7.94µm
net8057,7.94µm
net8067,7.94µm
net8085,7.94µm
net8366,7.94µm
net8391,7.94µm
net8424,7.94µm
net8568,7.94µm
net8033,7.9µm
_00121_,7.89µm
_00151_,7.89µm
_00164_,7.89µm
_00208_,7.89µm
_00238_,7.89µm
_00243_,7.89µm
_00298_,7.89µm
_00402_,7.89µm
_00496_,7.89µm
_00634_,7.89µm
_00651_,7.89µm
_00652_,7.89µm
_00654_,7.89µm
_00777_,7.89µm
_00818_,7.89µm
_00839_,7.89µm
_00854_,7.89µm
_00902_,7.89µm
_00903_,7.89µm
_00915_,7.89µm
_00928_,7.89µm
_00953_,7.89µm
_01006_,7.89µm
_01031_,7.89µm
_01114_,7.89µm
_01146_,7.89µm
_01236_,7.89µm
_01250_,7.89µm
_01284_,7.89µm
_01460_,7.89µm
_01503_,7.89µm
_01572_,7.89µm
_01574_,7.89µm
_01576_,7.89µm
_01610_,7.89µm
_01717_,7.89µm
_01823_,7.89µm
_01934_,7.89µm
_01966_,7.89µm
_02382_,7.89µm
_02386_,7.89µm
_02458_,7.89µm
_02933_,7.89µm
_02995_,7.89µm
_03032_,7.89µm
_03402_,7.89µm
_03403_,7.89µm
_03472_,7.89µm
_03537_,7.89µm
_03612_,7.89µm
_03908_,7.89µm
_03978_,7.89µm
_03990_,7.89µm
_04023_,7.89µm
_04222_,7.89µm
_04240_,7.89µm
_04260_,7.89µm
_04269_,7.89µm
_04708_,7.89µm
_04839_,7.89µm
_04917_,7.89µm
_04961_,7.89µm
_05019_,7.89µm
_05116_,7.89µm
_05182_,7.89µm
_05232_,7.89µm
_05353_,7.89µm
_05956_,7.89µm
_06174_,7.89µm
_06181_,7.89µm
_06195_,7.89µm
_06281_,7.89µm
_06600_,7.89µm
_06758_,7.89µm
_06828_,7.89µm
_06876_,7.89µm
_06930_,7.89µm
_06960_,7.89µm
_07003_,7.89µm
_07040_,7.89µm
_07163_,7.89µm
_07488_,7.89µm
_07662_,7.89µm
_08001_,7.89µm
_08172_,7.89µm
_08388_,7.89µm
_08420_,7.89µm
u_core.cmd_rdata\[11\],7.89µm
u_core.miso_sr\[26\],7.89µm
u_core.rd_addr_s\[4\],7.89µm
u_core.rd_data_clk\[6\],7.89µm
u_core.rx_sr\[37\],7.89µm
u_core.u_master.m_araddr\[4\],7.89µm
u_core.u_master.m_wdata\[29\],7.89µm
u_core.u_master.m_wdata\[30\],7.89µm
u_core.u_master.u_slave.core_dout_data\[102\],7.89µm
u_core.u_master.u_slave.core_dout_data\[108\],7.89µm
u_core.u_master.u_slave.core_dout_data\[122\],7.89µm
u_core.u_master.u_slave.core_dout_data\[84\],7.89µm
u_core.u_master.u_slave.core_dout_data\[93\],7.89µm
u_core.u_master.u_slave.core_t1\[37\],7.89µm
u_core.u_master.u_slave.non2\[22\],7.89µm
u_core.u_master.u_slave.tagr1\[21\],7.89µm
u_core.u_master.u_slave.u_core.full_dout_q\[53\],7.89µm
net3734,7.89µm
net3771,7.89µm
net3775,7.89µm
net3819,7.89µm
net3930,7.89µm
net4173,7.89µm
net4267,7.89µm
net4283,7.89µm
net4481,7.89µm
net4572,7.89µm
net4724,7.89µm
net4804,7.89µm
net4836,7.89µm
net5048,7.89µm
net5078,7.89µm
net5181,7.89µm
net5241,7.89µm
net5517,7.89µm
net5586,7.89µm
net5788,7.89µm
net5821,7.89µm
net5824,7.89µm
net5982,7.89µm
net6035,7.89µm
net6121,7.89µm
net6140,7.89µm
net6143,7.89µm
net6206,7.89µm
net6262,7.89µm
net6281,7.89µm
net6357,7.89µm
net6381,7.89µm
net6497,7.89µm
net6559,7.89µm
net6922,7.89µm
net6929,7.89µm
net6996,7.89µm
net7076,7.89µm
net7108,7.89µm
net7146,7.89µm
net7151,7.89µm
net7164,7.89µm
net7170,7.89µm
net7189,7.89µm
net7193,7.89µm
net7197,7.89µm
net7357,7.89µm
net7588,7.89µm
net7671,7.89µm
net7829,7.89µm
net7885,7.89µm
net7897,7.89µm
net7913,7.89µm
net7987,7.89µm
net8031,7.89µm
net8038,7.89µm
net8110,7.89µm
net8114,7.89µm
net8115,7.89µm
net8116,7.89µm
net8128,7.89µm
net8129,7.89µm
net8137,7.89µm
net8140,7.89µm
net8143,7.89µm
net8164,7.89µm
net8178,7.89µm
net8187,7.89µm
net8209,7.89µm
net8211,7.89µm
net8218,7.89µm
net8224,7.89µm
net8236,7.89µm
net8255,7.89µm
net8266,7.89µm
net8269,7.89µm
net8271,7.89µm
net8281,7.89µm
net8297,7.89µm
net8303,7.89µm
net8315,7.89µm
net8325,7.89µm
net8328,7.89µm
net8331,7.89µm
net8335,7.89µm
net8355,7.89µm
net8370,7.89µm
net8456,7.89µm
net8527,7.89µm
net8559,7.89µm
net8564,7.89µm
net8566,7.89µm
net8611,7.89µm
_00024_,7.84µm
_00034_,7.84µm
_00042_,7.84µm
_00070_,7.84µm
_00080_,7.84µm
_00091_,7.84µm
_00185_,7.84µm
_00252_,7.84µm
_00330_,7.84µm
_00352_,7.84µm
_00466_,7.84µm
_00477_,7.84µm
_00483_,7.84µm
_00531_,7.84µm
_00549_,7.84µm
_00597_,7.84µm
_00646_,7.84µm
_00700_,7.84µm
_00706_,7.84µm
_00738_,7.84µm
_00792_,7.84µm
_00881_,7.84µm
_00921_,7.84µm
_00972_,7.84µm
_01000_,7.84µm
_01032_,7.84µm
_01090_,7.84µm
_01125_,7.84µm
_01142_,7.84µm
_01162_,7.84µm
_01352_,7.84µm
_01402_,7.84µm
_01422_,7.84µm
_01435_,7.84µm
_01466_,7.84µm
_01489_,7.84µm
_01563_,7.84µm
_01577_,7.84µm
_01580_,7.84µm
_01639_,7.84µm
_01672_,7.84µm
_01733_,7.84µm
_01750_,7.84µm
_01764_,7.84µm
_01778_,7.84µm
_01817_,7.84µm
_01840_,7.84µm
_01844_,7.84µm
_01931_,7.84µm
_01956_,7.84µm
_01975_,7.84µm
_02004_,7.84µm
_02005_,7.84µm
_02055_,7.84µm
_02166_,7.84µm
_02180_,7.84µm
_02196_,7.84µm
_02224_,7.84µm
_02229_,7.84µm
_02237_,7.84µm
_02244_,7.84µm
_02271_,7.84µm
_02287_,7.84µm
_02323_,7.84µm
_02324_,7.84µm
_02329_,7.84µm
_02346_,7.84µm
_02400_,7.84µm
_02424_,7.84µm
_02443_,7.84µm
_02471_,7.84µm
_02502_,7.84µm
_02505_,7.84µm
_02530_,7.84µm
_02535_,7.84µm
_02549_,7.84µm
_02592_,7.84µm
_02593_,7.84µm
_02745_,7.84µm
_02791_,7.84µm
_02843_,7.84µm
_02853_,7.84µm
_02873_,7.84µm
_02898_,7.84µm
_02904_,7.84µm
_02935_,7.84µm
_02937_,7.84µm
_02943_,7.84µm
_03020_,7.84µm
_03022_,7.84µm
_03184_,7.84µm
_03506_,7.84µm
_03543_,7.84µm
_03588_,7.84µm
_03590_,7.84µm
_03629_,7.84µm
_03631_,7.84µm
_03747_,7.84µm
_03750_,7.84µm
_03809_,7.84µm
_03918_,7.84µm
_03921_,7.84µm
_03931_,7.84µm
_03945_,7.84µm
_04049_,7.84µm
_04060_,7.84µm
_04082_,7.84µm
_04122_,7.84µm
_04125_,7.84µm
_04135_,7.84µm
_04155_,7.84µm
_04364_,7.84µm
_04652_,7.84µm
_04658_,7.84µm
_04722_,7.84µm
_04764_,7.84µm
_04824_,7.84µm
_04826_,7.84µm
_04845_,7.84µm
_04851_,7.84µm
_04885_,7.84µm
_04951_,7.84µm
_04972_,7.84µm
_05018_,7.84µm
_05079_,7.84µm
_05159_,7.84µm
_05346_,7.84µm
_05422_,7.84µm
_05439_,7.84µm
_05443_,7.84µm
_05476_,7.84µm
_05525_,7.84µm
_05554_,7.84µm
_05648_,7.84µm
_05731_,7.84µm
_05807_,7.84µm
_05823_,7.84µm
_05899_,7.84µm
_05985_,7.84µm
_06061_,7.84µm
_06303_,7.84µm
_06308_,7.84µm
_06312_,7.84µm
_06379_,7.84µm
_06484_,7.84µm
_06486_,7.84µm
_06566_,7.84µm
_06602_,7.84µm
_06615_,7.84µm
_06679_,7.84µm
_06733_,7.84µm
_06754_,7.84µm
_06759_,7.84µm
_06799_,7.84µm
_06803_,7.84µm
_06881_,7.84µm
_06902_,7.84µm
_06982_,7.84µm
_07054_,7.84µm
_07073_,7.84µm
_07111_,7.84µm
_07126_,7.84µm
_07381_,7.84µm
_07558_,7.84µm
_07595_,7.84µm
_07729_,7.84µm
_07795_,7.84µm
_07845_,7.84µm
_07892_,7.84µm
_08061_,7.84µm
_08065_,7.84µm
u_core.cmd_addr\[3\],7.84µm
u_core.cmd_rdata\[6\],7.84µm
u_core.miso_sr\[27\],7.84µm
u_core.miso_sr\[7\],7.84µm
u_core.r1,7.84µm
u_core.u_master.m_rdata\[10\],7.84µm
u_core.u_master.u_slave.core_dout_data\[27\],7.84µm
u_core.u_master.u_slave.core_dout_data\[49\],7.84µm
u_core.u_master.u_slave.core_t0\[31\],7.84µm
u_core.u_master.u_slave.core_t0\[37\],7.84µm
u_core.u_master.u_slave.core_t0\[7\],7.84µm
u_core.u_master.u_slave.core_t1\[36\],7.84µm
u_core.u_master.u_slave.dout_sh\[73\],7.84µm
u_core.u_master.u_slave.dout_sh\[80\],7.84µm
u_core.u_master.u_slave.non0\[8\],7.84µm
u_core.u_master.u_slave.non1\[29\],7.84µm
u_core.u_master.u_slave.non2\[3\],7.84µm
u_core.u_master.u_slave.tagw2\[0\],7.84µm
u_core.u_master.u_slave.tagw2\[10\],7.84µm
u_core.u_master.u_slave.tagw3\[4\],7.84µm
u_core.u_master.u_slave.u_core.B3\[23\],7.84µm
u_core.u_master.u_slave.u_core.S3\[30\],7.84µm
u_core.u_master.u_slave.u_core.S3\[61\],7.84µm
u_core.u_master.u_slave.u_core.full_dout_q\[27\],7.84µm
u_core.u_master.u_slave.u_core.full_dout_q\[72\],7.84µm
u_core.u_master.u_slave.u_core.full_nS0_q\[5\],7.84µm
u_core.u_master.u_slave.u_core.last_dout_q\[55\],7.84µm
u_core.u_master.u_slave.u_core.last_dout_q\[83\],7.84µm
u_core.u_master.u_slave.u_core.last_nrate_q\[13\],7.84µm
u_core.u_master.u_slave.u_core.last_nrate_q\[63\],7.84µm
net3597,7.84µm
net3611,7.84µm
net3875,7.84µm
net3911,7.84µm
net3933,7.84µm
net4122,7.84µm
net4268,7.84µm
net4447,7.84µm
net4479,7.84µm
net4492,7.84µm
net4700,7.84µm
net4750,7.84µm
net4905,7.84µm
net5018,7.84µm
net5156,7.84µm
net5164,7.84µm
net5296,7.84µm
net5298,7.84µm
net5343,7.84µm
net5371,7.84µm
net5382,7.84µm
net5417,7.84µm
net5567,7.84µm
net5569,7.84µm
net5663,7.84µm
net5713,7.84µm
net5843,7.84µm
net5849,7.84µm
net5865,7.84µm
net6015,7.84µm
net6041,7.84µm
net6106,7.84µm
net6162,7.84µm
net6182,7.84µm
net6209,7.84µm
net6211,7.84µm
net6233,7.84µm
net6304,7.84µm
net6322,7.84µm
net6347,7.84µm
net6397,7.84µm
net6403,7.84µm
net6421,7.84µm
net6481,7.84µm
net6541,7.84µm
net6617,7.84µm
net6662,7.84µm
net6679,7.84µm
net6700,7.84µm
net6707,7.84µm
net6711,7.84µm
net6713,7.84µm
net6717,7.84µm
net6727,7.84µm
net6796,7.84µm
net6803,7.84µm
net6964,7.84µm
net6976,7.84µm
net7067,7.84µm
net7122,7.84µm
net7293,7.84µm
net7303,7.84µm
net7314,7.84µm
net7321,7.84µm
net7377,7.84µm
net7385,7.84µm
net7398,7.84µm
net7403,7.84µm
net7431,7.84µm
net7441,7.84µm
net7451,7.84µm
net7453,7.84µm
net7531,7.84µm
net7536,7.84µm
net7537,7.84µm
net7557,7.84µm
net7607,7.84µm
net7616,7.84µm
net7625,7.84µm
net7689,7.84µm
net7758,7.84µm
net7765,7.84µm
net7812,7.84µm
net7859,7.84µm
net7917,7.84µm
net8010,7.84µm
net8021,7.84µm
net8103,7.84µm
net8149,7.84µm
net8208,7.84µm
net8348,7.84µm
net8474,7.84µm
net8555,7.84µm
u_core.rd_data_clk\[31\],7.43µm
u_core.u_master.u_slave.tagr0\[29\],7.43µm
u_core.u_master.u_slave.u_core.B1\[4\],7.43µm
u_core.u_master.u_slave.u_core.B3\[32\],7.43µm
u_core.u_master.u_slave.u_core.S3\[8\],7.43µm
net4441,7.43µm
_00500_,7.38µm
_00535_,7.38µm
_01762_,7.38µm
_02155_,7.38µm
_02373_,7.38µm
_02477_,7.38µm
_02533_,7.38µm
_02534_,7.38µm
_02558_,7.38µm
_03541_,7.38µm
_03857_,7.38µm
_03884_,7.38µm
_04191_,7.38µm
_04361_,7.38µm
_05183_,7.38µm
_05398_,7.38µm
_05651_,7.38µm
_05929_,7.38µm
_06010_,7.38µm
_06969_,7.38µm
_07202_,7.38µm
_07550_,7.38µm
_07560_,7.38µm
_07601_,7.38µm
_08169_,7.38µm
u_core.rd_data_clk\[14\],7.38µm
u_core.u_master.u_slave.dout_sh\[94\],7.38µm
u_core.u_master.u_slave.tagr1\[19\],7.38µm
u_core.u_master.u_slave.tagw1\[6\],7.38µm
u_core.u_master.u_slave.u_core.B1\[28\],7.38µm
u_core.u_master.u_slave.u_core.S3\[44\],7.38µm
u_core.u_master.u_slave.u_core.full_nS0_q\[55\],7.38µm
u_core.u_master.u_slave.u_core.last_nrate_q\[9\],7.38µm
net4024,7.38µm
net4071,7.38µm
net4076,7.38µm
net5069,7.38µm
net5232,7.38µm
net5367,7.38µm
net5870,7.38µm
net5974,7.38µm
net6125,7.38µm
net6671,7.38µm
_00006_,7.33µm
_00060_,7.33µm
_00145_,7.33µm
_00251_,7.33µm
_00261_,7.33µm
_00267_,7.33µm
_00282_,7.33µm
_00304_,7.33µm
_00361_,7.33µm
_00462_,7.33µm
_00467_,7.33µm
_00659_,7.33µm
_00727_,7.33µm
_00755_,7.33µm
_00877_,7.33µm
_00901_,7.33µm
_00912_,7.33µm
_00916_,7.33µm
_00918_,7.33µm
_00943_,7.33µm
_00960_,7.33µm
_01046_,7.33µm
_01237_,7.33µm
_01244_,7.33µm
_01365_,7.33µm
_01452_,7.33µm
_01527_,7.33µm
_01596_,7.33µm
_01727_,7.33µm
_01768_,7.33µm
_01771_,7.33µm
_01850_,7.33µm
_01858_,7.33µm
_01861_,7.33µm
_01885_,7.33µm
_01892_,7.33µm
_01917_,7.33µm
_01953_,7.33µm
_01995_,7.33µm
_02084_,7.33µm
_02199_,7.33µm
_02276_,7.33µm
_02320_,7.33µm
_02330_,7.33µm
_02374_,7.33µm
_02404_,7.33µm
_02421_,7.33µm
_02469_,7.33µm
_02480_,7.33µm
_02490_,7.33µm
_02513_,7.33µm
_02540_,7.33µm
_02623_,7.33µm
_02806_,7.33µm
_02967_,7.33µm
_02998_,7.33µm
_03300_,7.33µm
_03461_,7.33µm
_03606_,7.33µm
_03644_,7.33µm
_03735_,7.33µm
_03782_,7.33µm
_03994_,7.33µm
_04093_,7.33µm
_04340_,7.33µm
_04384_,7.33µm
_04592_,7.33µm
_04926_,7.33µm
_04967_,7.33µm
_05102_,7.33µm
_05108_,7.33µm
_05209_,7.33µm
_05273_,7.33µm
_05330_,7.33µm
_05384_,7.33µm
_05494_,7.33µm
_05627_,7.33µm
_05879_,7.33µm
_05989_,7.33µm
_06135_,7.33µm
_06228_,7.33µm
_06343_,7.33µm
_06364_,7.33µm
_06561_,7.33µm
_06714_,7.33µm
_06822_,7.33µm
_06850_,7.33µm
_06896_,7.33µm
_06915_,7.33µm
_07044_,7.33µm
_07383_,7.33µm
_07521_,7.33µm
_07522_,7.33µm
_07626_,7.33µm
_07682_,7.33µm
_07874_,7.33µm
_07924_,7.33µm
_08019_,7.33µm
_08114_,7.33µm
_08117_,7.33µm
_08243_,7.33µm
_08298_,7.33µm
_08383_,7.33µm
u_core.u_master.m_araddr\[5\],7.33µm
u_core.u_master.u_slave.core_dout_data\[107\],7.33µm
u_core.u_master.u_slave.core_dout_data\[83\],7.33µm
u_core.u_master.u_slave.core_t0\[14\],7.33µm
u_core.u_master.u_slave.core_t0\[59\],7.33µm
u_core.u_master.u_slave.dout_sh\[21\],7.33µm
u_core.u_master.u_slave.non3\[28\],7.33µm
u_core.u_master.u_slave.u_core.B1\[38\],7.33µm
u_core.u_master.u_slave.u_core.B1\[56\],7.33µm
u_core.u_master.u_slave.u_core.full_dout_q\[122\],7.33µm
u_core.u_master.u_slave.u_core.full_dout_q\[17\],7.33µm
u_core.u_master.u_slave.u_core.full_dout_q\[5\],7.33µm
u_core.u_master.u_slave.u_core.full_dout_q\[63\],7.33µm
u_core.u_master.u_slave.u_core.full_dout_q\[90\],7.33µm
u_core.u_master.u_slave.u_core.full_nS0_q\[54\],7.33µm
u_core.u_master.u_slave.u_core.full_nS0_q\[57\],7.33µm
u_core.u_master.u_slave.u_core.last_nrate_q\[43\],7.33µm
net3633,7.33µm
net3700,7.33µm
net4137,7.33µm
net4225,7.33µm
net4293,7.33µm
net4510,7.33µm
net4530,7.33µm
net4621,7.33µm
net4635,7.33µm
net4655,7.33µm
net4919,7.33µm
net5005,7.33µm
net5084,7.33µm
net5088,7.33µm
net5331,7.33µm
net5541,7.33µm
net5542,7.33µm
net5560,7.33µm
net5619,7.33µm
net5623,7.33µm
net5686,7.33µm
net5691,7.33µm
net6069,7.33µm
net6227,7.33µm
net6265,7.33µm
net6279,7.33µm
net6295,7.33µm
net6440,7.33µm
net6741,7.33µm
net6757,7.33µm
net6781,7.33µm
net6879,7.33µm
net7022,7.33µm
net7033,7.33µm
net7114,7.33µm
net7214,7.33µm
net7269,7.33µm
net7382,7.33µm
net7389,7.33µm
net7407,7.33µm
net7552,7.33µm
net7566,7.33µm
net7572,7.33µm
net7590,7.33µm
net7603,7.33µm
net7724,7.33µm
net7739,7.33µm
net7756,7.33µm
net7797,7.33µm
net7922,7.33µm
net8170,7.33µm
net8183,7.33µm
net8259,7.33µm
net8305,7.33µm
net8368,7.33µm
net8467,7.33µm
_00008_,7.28µm
_00018_,7.28µm
_00047_,7.28µm
_00079_,7.28µm
_00083_,7.28µm
_00127_,7.28µm
_00132_,7.28µm
_00227_,7.28µm
_00253_,7.28µm
_00335_,7.28µm
_00383_,7.28µm
_00394_,7.28µm
_00404_,7.28µm
_00497_,7.28µm
_00502_,7.28µm
_00514_,7.28µm
_00580_,7.28µm
_00581_,7.28µm
_00595_,7.28µm
_00613_,7.28µm
_00724_,7.28µm
_00725_,7.28µm
_00737_,7.28µm
_00794_,7.28µm
_00800_,7.28µm
_00804_,7.28µm
_00809_,7.28µm
_00830_,7.28µm
_00834_,7.28µm
_00860_,7.28µm
_00890_,7.28µm
_00907_,7.28µm
_00988_,7.28µm
_01026_,7.28µm
_01033_,7.28µm
_01053_,7.28µm
_01072_,7.28µm
_01081_,7.28µm
_01122_,7.28µm
_01151_,7.28µm
_01152_,7.28µm
_01156_,7.28µm
_01157_,7.28µm
_01206_,7.28µm
_01217_,7.28µm
_01221_,7.28µm
_01252_,7.28µm
_01254_,7.28µm
_01305_,7.28µm
_01309_,7.28µm
_01314_,7.28µm
_01316_,7.28µm
_01317_,7.28µm
_01342_,7.28µm
_01368_,7.28µm
_01379_,7.28µm
_01389_,7.28µm
_01391_,7.28µm
_01403_,7.28µm
_01413_,7.28µm
_01417_,7.28µm
_01419_,7.28µm
_01424_,7.28µm
_01448_,7.28µm
_01449_,7.28µm
_01526_,7.28µm
_01548_,7.28µm
_01550_,7.28µm
_01573_,7.28µm
_01575_,7.28µm
_01578_,7.28µm
_01605_,7.28µm
_01609_,7.28µm
_01621_,7.28µm
_01622_,7.28µm
_01626_,7.28µm
_01632_,7.28µm
_01636_,7.28µm
_01644_,7.28µm
_01650_,7.28µm
_01652_,7.28µm
_01674_,7.28µm
_01689_,7.28µm
_01709_,7.28µm
_01714_,7.28µm
_01731_,7.28µm
_01736_,7.28µm
_01746_,7.28µm
_01749_,7.28µm
_01777_,7.28µm
_01790_,7.28µm
_01802_,7.28µm
_01803_,7.28µm
_01846_,7.28µm
_01904_,7.28µm
_02037_,7.28µm
_02039_,7.28µm
_02061_,7.28µm
_02062_,7.28µm
_02076_,7.28µm
_02078_,7.28µm
_02113_,7.28µm
_02124_,7.28µm
_02131_,7.28µm
_02141_,7.28µm
_02182_,7.28µm
_02189_,7.28µm
_02260_,7.28µm
_02261_,7.28µm
_02264_,7.28µm
_02283_,7.28µm
_02307_,7.28µm
_02311_,7.28µm
_02315_,7.28µm
_02345_,7.28µm
_02407_,7.28µm
_02416_,7.28µm
_02422_,7.28µm
_02450_,7.28µm
_02462_,7.28µm
_02465_,7.28µm
_02482_,7.28µm
_02501_,7.28µm
_02506_,7.28µm
_02525_,7.28µm
_02555_,7.28µm
_02572_,7.28µm
_02657_,7.28µm
_02717_,7.28µm
_02739_,7.28µm
_02760_,7.28µm
_02789_,7.28µm
_02814_,7.28µm
_02831_,7.28µm
_02835_,7.28µm
_02857_,7.28µm
_02952_,7.28µm
_02953_,7.28µm
_02954_,7.28µm
_02955_,7.28µm
_03042_,7.28µm
_03070_,7.28µm
_03206_,7.28µm
_03279_,7.28µm
_03414_,7.28µm
_03465_,7.28µm
_03474_,7.28µm
_03475_,7.28µm
_03638_,7.28µm
_03702_,7.28µm
_03861_,7.28µm
_03867_,7.28µm
_03901_,7.28µm
_03920_,7.28µm
_03944_,7.28µm
_04196_,7.28µm
_04310_,7.28µm
_04617_,7.28µm
_04727_,7.28µm
_04765_,7.28µm
_04836_,7.28µm
_04938_,7.28µm
_04949_,7.28µm
_05094_,7.28µm
_05139_,7.28µm
_05141_,7.28µm
_05234_,7.28µm
_05258_,7.28µm
_05274_,7.28µm
_05282_,7.28µm
_05342_,7.28µm
_05382_,7.28µm
_05396_,7.28µm
_05461_,7.28µm
_05475_,7.28µm
_05580_,7.28µm
_05597_,7.28µm
_05780_,7.28µm
_05806_,7.28µm
_05889_,7.28µm
_06025_,7.28µm
_06092_,7.28µm
_06117_,7.28µm
_06139_,7.28µm
_06249_,7.28µm
_06289_,7.28µm
_06295_,7.28µm
_06300_,7.28µm
_06331_,7.28µm
_06434_,7.28µm
_06451_,7.28µm
_06737_,7.28µm
_06778_,7.28µm
_06780_,7.28µm
_06814_,7.28µm
_06905_,7.28µm
_06917_,7.28µm
_06966_,7.28µm
_07011_,7.28µm
_07018_,7.28µm
_07072_,7.28µm
_07113_,7.28µm
_07145_,7.28µm
_07367_,7.28µm
_07420_,7.28µm
_07430_,7.28µm
_07776_,7.28µm
_08029_,7.28µm
_08075_,7.28µm
_08107_,7.28µm
_08272_,7.28µm
_08362_,7.28µm
_08392_,7.28µm
u_core.cmd_rdata\[30\],7.28µm
u_core.cmd_wdata_q\[4\],7.28µm
u_core.cmd_wdata_q\[8\],7.28µm
u_core.miso_sr\[9\],7.28µm
u_core.rd_data_clk\[2\],7.28µm
u_core.rx_sr\[12\],7.28µm
u_core.u_master.m_rdata\[28\],7.28µm
u_core.u_master.u_slave.core_dout_data\[126\],7.28µm
u_core.u_master.u_slave.core_dout_data\[21\],7.28µm
u_core.u_master.u_slave.core_dout_data\[58\],7.28µm
u_core.u_master.u_slave.core_dout_data\[77\],7.28µm
u_core.u_master.u_slave.core_t0\[53\],7.28µm
u_core.u_master.u_slave.core_t0\[63\],7.28µm
u_core.u_master.u_slave.core_t1\[2\],7.28µm
u_core.u_master.u_slave.core_t1\[57\],7.28µm
u_core.u_master.u_slave.non0\[31\],7.28µm
u_core.u_master.u_slave.non1\[17\],7.28µm
u_core.u_master.u_slave.non1\[31\],7.28µm
u_core.u_master.u_slave.non1\[4\],7.28µm
u_core.u_master.u_slave.non3\[2\],7.28µm
u_core.u_master.u_slave.tagr0\[17\],7.28µm
u_core.u_master.u_slave.tagr3\[13\],7.28µm
u_core.u_master.u_slave.tagr3\[7\],7.28µm
u_core.u_master.u_slave.tagw0\[28\],7.28µm
u_core.u_master.u_slave.tagw3\[30\],7.28µm
u_core.u_master.u_slave.u_core.B1\[53\],7.28µm
u_core.u_master.u_slave.u_core.S3\[53\],7.28µm
u_core.u_master.u_slave.u_core.S4\[3\],7.28µm
u_core.u_master.u_slave.u_core.full_dout_q\[102\],7.28µm
u_core.u_master.u_slave.u_core.full_dout_q\[11\],7.28µm
u_core.u_master.u_slave.u_core.full_dout_q\[15\],7.28µm
u_core.u_master.u_slave.u_core.full_dout_q\[18\],7.28µm
u_core.u_master.u_slave.u_core.full_dout_q\[1\],7.28µm
u_core.u_master.u_slave.u_core.full_dout_q\[54\],7.28µm
u_core.u_master.u_slave.u_core.full_dout_q\[65\],7.28µm
u_core.u_master.u_slave.u_core.full_dout_q\[67\],7.28µm
u_core.u_master.u_slave.u_core.full_nS0_q\[6\],7.28µm
u_core.u_master.u_slave.u_core.last_dout_q\[104\],7.28µm
u_core.u_master.u_slave.u_core.last_dout_q\[115\],7.28µm
u_core.u_master.u_slave.u_core.last_dout_q\[35\],7.28µm
u_core.u_master.u_slave.u_core.last_dout_q\[99\],7.28µm
u_core.u_master.u_slave.u_core.last_nrate_q\[49\],7.28µm
u_core.u_master.u_slave.u_core.last_nrate_q\[55\],7.28µm
u_core.u_master.u_slave.u_core.last_nrate_q\[5\],7.28µm
net3581,7.28µm
net3783,7.28µm
net3856,7.28µm
net3905,7.28µm
net3931,7.28µm
net3962,7.28µm
net3965,7.28µm
net4056,7.28µm
net4114,7.28µm
net4129,7.28µm
net4151,7.28µm
net4189,7.28µm
net4250,7.28µm
net4384,7.28µm
net4429,7.28µm
net4450,7.28µm
net4587,7.28µm
net4594,7.28µm
net4617,7.28µm
net4673,7.28µm
net4684,7.28µm
net4699,7.28µm
net4727,7.28µm
net4856,7.28µm
net4870,7.28µm
net4888,7.28µm
net4984,7.28µm
net4994,7.28µm
net5098,7.28µm
net5158,7.28µm
net5195,7.28µm
net5208,7.28µm
net5259,7.28µm
net5319,7.28µm
net5333,7.28µm
net5420,7.28µm
net5463,7.28µm
net5472,7.28µm
net5478,7.28µm
net5594,7.28µm
net5607,7.28µm
net5632,7.28µm
net5749,7.28µm
net5793,7.28µm
net5970,7.28µm
net5984,7.28µm
net6149,7.28µm
net6199,7.28µm
net6208,7.28µm
net6217,7.28µm
net6257,7.28µm
net6260,7.28µm
net6263,7.28µm
net6360,7.28µm
net6370,7.28µm
net6407,7.28µm
net6432,7.28µm
net6528,7.28µm
net6538,7.28µm
net6572,7.28µm
net6593,7.28µm
net6630,7.28µm
net6674,7.28µm
net6838,7.28µm
net6842,7.28µm
net6870,7.28µm
net6894,7.28µm
net6905,7.28µm
net6912,7.28µm
net6957,7.28µm
net7241,7.28µm
net7246,7.28µm
net7249,7.28µm
net7261,7.28µm
net7275,7.28µm
net7322,7.28µm
net7430,7.28µm
net7465,7.28µm
net7479,7.28µm
net7489,7.28µm
net7513,7.28µm
net7545,7.28µm
net7558,7.28µm
net7630,7.28µm
net7748,7.28µm
net7761,7.28µm
net7919,7.28µm
net8000,7.28µm
net8081,7.28µm
net8121,7.28µm
net8244,7.28µm
net8245,7.28µm
net8309,7.28µm
net8362,7.28µm
net8446,7.28µm
net8470,7.28µm
net8500,7.28µm
_04367_,6.87µm
_07615_,6.87µm
u_core.u_master.u_slave.non0\[25\],6.87µm
_00107_,6.82µm
_00214_,6.82µm
_00325_,6.82µm
_00760_,6.82µm
_01319_,6.82µm
_01348_,6.82µm
_01462_,6.82µm
_01722_,6.82µm
_02057_,6.82µm
_02512_,6.82µm
_02587_,6.82µm
_02691_,6.82µm
_02906_,6.82µm
_02981_,6.82µm
_02986_,6.82µm
_03099_,6.82µm
_03106_,6.82µm
_04200_,6.82µm
_04348_,6.82µm
_04675_,6.82µm
_04900_,6.82µm
_05465_,6.82µm
_05829_,6.82µm
_06106_,6.82µm
_06158_,6.82µm
_06327_,6.82µm
_06686_,6.82µm
_06831_,6.82µm
_07331_,6.82µm
_07399_,6.82µm
_07675_,6.82µm
_08305_,6.82µm
u_core.frame_hold\[9\],6.82µm
u_core.u_master.u_slave.tagr0\[11\],6.82µm
u_core.u_master.u_slave.u_core.B1\[45\],6.82µm
u_core.u_master.u_slave.u_core.last_nrate_q\[101\],6.82µm
u_core.u_master.u_slave.u_core.last_nrate_q\[99\],6.82µm
net4326,6.82µm
net4685,6.82µm
net5162,6.82µm
net5187,6.82µm
net5392,6.82µm
net5404,6.82µm
net5405,6.82µm
net6198,6.82µm
net6665,6.82µm
net6867,6.82µm
net6930,6.82µm
net7079,6.82µm
net7680,6.82µm
net7908,6.82µm
net7950,6.82µm
net8079,6.82µm
net8546,6.82µm
_00022_,6.77µm
_00212_,6.77µm
_00217_,6.77µm
_00259_,6.77µm
_00273_,6.77µm
_00288_,6.77µm
_00296_,6.77µm
_00305_,6.77µm
_00338_,6.77µm
_00422_,6.77µm
_00606_,6.77µm
_00775_,6.77µm
_00836_,6.77µm
_00879_,6.77µm
_01065_,6.77µm
_01102_,6.77µm
_01216_,6.77µm
_01233_,6.77µm
_01267_,6.77µm
_01278_,6.77µm
_01318_,6.77µm
_01340_,6.77µm
_01525_,6.77µm
_01542_,6.77µm
_01570_,6.77µm
_01590_,6.77µm
_01938_,6.77µm
_01939_,6.77µm
_01942_,6.77µm
_01943_,6.77µm
_01974_,6.77µm
_02302_,6.77µm
_02358_,6.77µm
_02370_,6.77µm
_02390_,6.77µm
_02396_,6.77µm
_02452_,6.77µm
_02456_,6.77µm
_02557_,6.77µm
_02619_,6.77µm
_02749_,6.77µm
_02848_,6.77µm
_03044_,6.77µm
_03340_,6.77µm
_03372_,6.77µm
_03418_,6.77µm
_03531_,6.77µm
_04075_,6.77µm
_04149_,6.77µm
_04973_,6.77µm
_04980_,6.77µm
_05153_,6.77µm
_05286_,6.77µm
_05316_,6.77µm
_05317_,6.77µm
_05351_,6.77µm
_05381_,6.77µm
_05405_,6.77µm
_05421_,6.77µm
_05440_,6.77µm
_05449_,6.77µm
_05453_,6.77µm
_05455_,6.77µm
_05674_,6.77µm
_05680_,6.77µm
_05737_,6.77µm
_05785_,6.77µm
_05826_,6.77µm
_05997_,6.77µm
_06093_,6.77µm
_06144_,6.77µm
_06165_,6.77µm
_06375_,6.77µm
_06596_,6.77µm
_06668_,6.77µm
_06685_,6.77µm
_06811_,6.77µm
_06860_,6.77µm
_06873_,6.77µm
_06916_,6.77µm
_06942_,6.77µm
_06995_,6.77µm
_07086_,6.77µm
_07359_,6.77µm
_07397_,6.77µm
_07411_,6.77µm
_07475_,6.77µm
_07526_,6.77µm
_07574_,6.77µm
_08215_,6.77µm
_08261_,6.77µm
_08302_,6.77µm
_08389_,6.77µm
u_core.frame_hold\[2\],6.77µm
u_core.miso_sr\[23\],6.77µm
u_core.rx_sr\[29\],6.77µm
u_core.u_master.m_wdata\[10\],6.77µm
u_core.u_master.m_wdata\[26\],6.77µm
u_core.u_master.m_wdata\[27\],6.77µm
u_core.u_master.u_slave.core_dout_data\[19\],6.77µm
u_core.u_master.u_slave.core_dout_data\[24\],6.77µm
u_core.u_master.u_slave.core_dout_data\[2\],6.77µm
u_core.u_master.u_slave.core_dout_data\[30\],6.77µm
u_core.u_master.u_slave.core_dout_data\[32\],6.77µm
u_core.u_master.u_slave.core_dout_data\[39\],6.77µm
u_core.u_master.u_slave.core_dout_data\[66\],6.77µm
u_core.u_master.u_slave.core_t0\[27\],6.77µm
u_core.u_master.u_slave.core_t0\[50\],6.77µm
u_core.u_master.u_slave.core_t1\[15\],6.77µm
u_core.u_master.u_slave.core_t1\[44\],6.77µm
u_core.u_master.u_slave.u_core.full_dout_q\[30\],6.77µm
u_core.u_master.u_slave.u_core.full_dout_q\[41\],6.77µm
u_core.u_master.u_slave.u_core.full_nS1_q\[27\],6.77µm
u_core.u_master.u_slave.u_core.last_dout_q\[109\],6.77µm
net3712,6.77µm
net3809,6.77µm
net3811,6.77µm
net4327,6.77µm
net4358,6.77µm
net4438,6.77µm
net4464,6.77µm
net4501,6.77µm
net4622,6.77µm
net4829,6.77µm
net4860,6.77µm
net4967,6.77µm
net5178,6.77µm
net5216,6.77µm
net5363,6.77µm
net5423,6.77µm
net5474,6.77µm
net5559,6.77µm
net5847,6.77µm
net5853,6.77µm
net6014,6.77µm
net6056,6.77µm
net6104,6.77µm
net6210,6.77µm
net6389,6.77µm
net6815,6.77µm
net6923,6.77µm
net6931,6.77µm
net6948,6.77µm
net7081,6.77µm
net7117,6.77µm
net7414,6.77µm
net7473,6.77µm
net7502,6.77µm
net7600,6.77µm
net7672,6.77µm
net7795,6.77µm
net7799,6.77µm
net7826,6.77µm
net7916,6.77µm
net8167,6.77µm
net8175,6.77µm
net8190,6.77µm
net8202,6.77µm
net8237,6.77µm
net8261,6.77µm
net8264,6.77µm
net8292,6.77µm
net8319,6.77µm
net8322,6.77µm
net8323,6.77µm
net8385,6.77µm
net8561,6.77µm
_00073_,6.72µm
_00099_,6.72µm
_00133_,6.72µm
_00146_,6.72µm
_00189_,6.72µm
_00199_,6.72µm
_00211_,6.72µm
_00220_,6.72µm
_00345_,6.72µm
_00355_,6.72µm
_00398_,6.72µm
_00501_,6.72µm
_00534_,6.72µm
_00584_,6.72µm
_00623_,6.72µm
_00677_,6.72µm
_00686_,6.72µm
_00740_,6.72µm
_00763_,6.72µm
_00793_,6.72µm
_00797_,6.72µm
_00810_,6.72µm
_00840_,6.72µm
_00844_,6.72µm
_00892_,6.72µm
_00908_,6.72µm
_00947_,6.72µm
_00970_,6.72µm
_00979_,6.72µm
_00996_,6.72µm
_01048_,6.72µm
_01082_,6.72µm
_01139_,6.72µm
_01195_,6.72µm
_01213_,6.72µm
_01214_,6.72µm
_01262_,6.72µm
_01263_,6.72µm
_01265_,6.72µm
_01279_,6.72µm
_01295_,6.72µm
_01301_,6.72µm
_01312_,6.72µm
_01325_,6.72µm
_01334_,6.72µm
_01345_,6.72µm
_01400_,6.72µm
_01420_,6.72µm
_01481_,6.72µm
_01504_,6.72µm
_01505_,6.72µm
_01514_,6.72µm
_01524_,6.72µm
_01544_,6.72µm
_01567_,6.72µm
_01618_,6.72µm
_01634_,6.72µm
_01670_,6.72µm
_01677_,6.72µm
_01686_,6.72µm
_01699_,6.72µm
_01700_,6.72µm
_01723_,6.72µm
_01725_,6.72µm
_01766_,6.72µm
_01772_,6.72µm
_01819_,6.72µm
_01827_,6.72µm
_01855_,6.72µm
_01907_,6.72µm
_01923_,6.72µm
_01940_,6.72µm
_01945_,6.72µm
_01998_,6.72µm
_02001_,6.72µm
_02049_,6.72µm
_02143_,6.72µm
_02146_,6.72µm
_02151_,6.72µm
_02175_,6.72µm
_02183_,6.72µm
_02194_,6.72µm
_02207_,6.72µm
_02210_,6.72µm
_02277_,6.72µm
_02355_,6.72µm
_02432_,6.72µm
_02434_,6.72µm
_02518_,6.72µm
_02527_,6.72µm
_02544_,6.72µm
_02570_,6.72µm
_02578_,6.72µm
_02653_,6.72µm
_02704_,6.72µm
_02755_,6.72µm
_02842_,6.72µm
_02851_,6.72µm
_02877_,6.72µm
_02908_,6.72µm
_03002_,6.72µm
_03041_,6.72µm
_03117_,6.72µm
_03120_,6.72µm
_03214_,6.72µm
_03262_,6.72µm
_03318_,6.72µm
_03327_,6.72µm
_03387_,6.72µm
_03389_,6.72µm
_03407_,6.72µm
_03412_,6.72µm
_03445_,6.72µm
_03466_,6.72µm
_03544_,6.72µm
_03567_,6.72µm
_03641_,6.72µm
_03670_,6.72µm
_03706_,6.72µm
_03717_,6.72µm
_03788_,6.72µm
_03930_,6.72µm
_04001_,6.72µm
_04065_,6.72µm
_04078_,6.72µm
_04081_,6.72µm
_04173_,6.72µm
_04177_,6.72µm
_04206_,6.72µm
_04659_,6.72µm
_04660_,6.72µm
_04668_,6.72µm
_04674_,6.72µm
_04827_,6.72µm
_04849_,6.72µm
_04890_,6.72µm
_04891_,6.72µm
_04899_,6.72µm
_05155_,6.72µm
_05257_,6.72µm
_05323_,6.72µm
_05415_,6.72µm
_05425_,6.72µm
_05488_,6.72µm
_05492_,6.72µm
_05498_,6.72µm
_05540_,6.72µm
_05765_,6.72µm
_05841_,6.72µm
_05857_,6.72µm
_05870_,6.72µm
_05924_,6.72µm
_05979_,6.72µm
_06008_,6.72µm
_06043_,6.72µm
_06172_,6.72µm
_06208_,6.72µm
_06333_,6.72µm
_06400_,6.72µm
_06443_,6.72µm
_06477_,6.72µm
_06496_,6.72µm
_06516_,6.72µm
_06626_,6.72µm
_06649_,6.72µm
_06689_,6.72µm
_06772_,6.72µm
_06827_,6.72µm
_06988_,6.72µm
_07036_,6.72µm
_07062_,6.72µm
_07066_,6.72µm
_07070_,6.72µm
_07132_,6.72µm
_07162_,6.72µm
_07168_,6.72µm
_07375_,6.72µm
_07429_,6.72µm
_07443_,6.72µm
_07468_,6.72µm
_07498_,6.72µm
_07505_,6.72µm
_07625_,6.72µm
_07629_,6.72µm
_07649_,6.72µm
_07650_,6.72µm
_07674_,6.72µm
_07710_,6.72µm
_07813_,6.72µm
_07834_,6.72µm
_07879_,6.72µm
_07967_,6.72µm
_08059_,6.72µm
_08119_,6.72µm
_08238_,6.72µm
_08345_,6.72µm
_08384_,6.72µm
u_core.cmd_wdata_q\[10\],6.72µm
u_core.cmd_wdata_q\[23\],6.72µm
u_core.miso_sr\[18\],6.72µm
u_core.rd_data_clk\[1\],6.72µm
u_core.rx_sr\[19\],6.72µm
u_core.rx_sr\[28\],6.72µm
u_core.rx_sr\[32\],6.72µm
u_core.rx_sr\[34\],6.72µm
u_core.u_master.m_rdata\[1\],6.72µm
u_core.u_master.m_rdata\[31\],6.72µm
u_core.u_master.m_wdata\[23\],6.72µm
u_core.u_master.u_slave.core_t0\[0\],6.72µm
u_core.u_master.u_slave.core_t1\[19\],6.72µm
u_core.u_master.u_slave.core_t1\[48\],6.72µm
u_core.u_master.u_slave.non0\[20\],6.72µm
u_core.u_master.u_slave.non1\[12\],6.72µm
u_core.u_master.u_slave.non1\[15\],6.72µm
u_core.u_master.u_slave.non1\[2\],6.72µm
u_core.u_master.u_slave.non3\[1\],6.72µm
u_core.u_master.u_slave.tagr2\[13\],6.72µm
u_core.u_master.u_slave.tagw2\[28\],6.72µm
u_core.u_master.u_slave.tagw3\[7\],6.72µm
u_core.u_master.u_slave.u_core.S3\[12\],6.72µm
u_core.u_master.u_slave.u_core.full_dout_q\[14\],6.72µm
u_core.u_master.u_slave.u_core.full_dout_q\[34\],6.72µm
u_core.u_master.u_slave.u_core.full_dout_q\[47\],6.72µm
u_core.u_master.u_slave.u_core.full_dout_q\[8\],6.72µm
u_core.u_master.u_slave.u_core.full_nS0_q\[33\],6.72µm
u_core.u_master.u_slave.u_core.full_nS1_q\[58\],6.72µm
u_core.u_master.u_slave.u_core.last_dout_q\[102\],6.72µm
u_core.u_master.u_slave.u_core.last_dout_q\[8\],6.72µm
net3666,6.72µm
net3677,6.72µm
net3683,6.72µm
net3724,6.72µm
net3796,6.72µm
net3882,6.72µm
net3968,6.72µm
net3981,6.72µm
net3999,6.72µm
net4005,6.72µm
net4034,6.72µm
net4087,6.72µm
net4112,6.72µm
net4167,6.72µm
net4183,6.72µm
net4233,6.72µm
net4252,6.72µm
net4404,6.72µm
net4462,6.72µm
net4605,6.72µm
net4718,6.72µm
net4787,6.72µm
net4874,6.72µm
net4895,6.72µm
net4906,6.72µm
net4908,6.72µm
net4986,6.72µm
net5066,6.72µm
net5102,6.72µm
net5151,6.72µm
net5153,6.72µm
net5229,6.72µm
net5275,6.72µm
net5278,6.72µm
net5325,6.72µm
net5359,6.72µm
net5477,6.72µm
net5499,6.72µm
net5527,6.72µm
net5545,6.72µm
net5563,6.72µm
net5584,6.72µm
net5620,6.72µm
net5692,6.72µm
net5693,6.72µm
net5718,6.72µm
net5739,6.72µm
net5856,6.72µm
net5897,6.72µm
net5913,6.72µm
net5996,6.72µm
net6033,6.72µm
net6039,6.72µm
net6048,6.72µm
net6058,6.72µm
net6060,6.72µm
net6124,6.72µm
net6127,6.72µm
net6153,6.72µm
net6169,6.72µm
net6275,6.72µm
net6277,6.72µm
net6311,6.72µm
net6313,6.72µm
net6340,6.72µm
net6348,6.72µm
net6382,6.72µm
net6399,6.72µm
net6431,6.72µm
net6495,6.72µm
net6557,6.72µm
net6597,6.72µm
net6631,6.72µm
net6633,6.72µm
net6651,6.72µm
net6690,6.72µm
net6723,6.72µm
net6789,6.72µm
net6792,6.72µm
net6889,6.72µm
net6901,6.72µm
net6963,6.72µm
net6978,6.72µm
net7002,6.72µm
net7006,6.72µm
net7008,6.72µm
net7010,6.72µm
net7089,6.72µm
net7129,6.72µm
net7133,6.72µm
net7135,6.72µm
net7216,6.72µm
net7250,6.72µm
net7504,6.72µm
net7597,6.72µm
net7669,6.72µm
net7718,6.72µm
net7720,6.72µm
net7734,6.72µm
net7817,6.72µm
net7834,6.72µm
net7957,6.72µm
net7990,6.72µm
net8071,6.72µm
net8082,6.72µm
net8094,6.72µm
net8314,6.72µm
net8450,6.72µm
net8592,6.72µm
net8607,6.72µm
_00160_,6.26µm
_00195_,6.26µm
_00508_,6.26µm
_00601_,6.26µm
_01163_,6.26µm
_01169_,6.26µm
_01228_,6.26µm
_01328_,6.26µm
_01335_,6.26µm
_01755_,6.26µm
_01808_,6.26µm
_02020_,6.26µm
_02122_,6.26µm
_02149_,6.26µm
_02214_,6.26µm
_02304_,6.26µm
_02335_,6.26µm
_02523_,6.26µm
_02563_,6.26µm
_02564_,6.26µm
_03006_,6.26µm
_03075_,6.26µm
_03267_,6.26µm
_03485_,6.26µm
_03864_,6.26µm
_04607_,6.26µm
_04797_,6.26µm
_04864_,6.26µm
_05005_,6.26µm
_05531_,6.26µm
_05659_,6.26µm
_05688_,6.26µm
_05716_,6.26µm
_05791_,6.26µm
_05903_,6.26µm
_06466_,6.26µm
_06651_,6.26µm
_06752_,6.26µm
_07515_,6.26µm
_07534_,6.26µm
_07557_,6.26µm
_07597_,6.26µm
_07701_,6.26µm
_07939_,6.26µm
_07989_,6.26µm
_08236_,6.26µm
u_core.u_master.u_slave.u_core.S3\[52\],6.26µm
u_core.u_master.u_slave.u_core.full_nS1_q\[60\],6.26µm
net4093,6.26µm
net5283,6.26µm
net5452,6.26µm
net6176,6.26µm
net6320,6.26µm
net6590,6.26µm
net6680,6.26µm
net7408,6.26µm
net7470,6.26µm
net7791,6.26µm
net7818,6.26µm
net7820,6.26µm
net7927,6.26µm
net8268,6.26µm
net8340,6.26µm
_00087_,6.21µm
_00109_,6.21µm
_00159_,6.21µm
_00168_,6.21µm
_00170_,6.21µm
_00171_,6.21µm
_00198_,6.21µm
_00215_,6.21µm
_00232_,6.21µm
_00292_,6.21µm
_00300_,6.21µm
_00311_,6.21µm
_00333_,6.21µm
_00471_,6.21µm
_00649_,6.21µm
_00655_,6.21µm
_00767_,6.21µm
_00846_,6.21µm
_01001_,6.21µm
_01084_,6.21µm
_01124_,6.21µm
_01220_,6.21µm
_01298_,6.21µm
_01392_,6.21µm
_01473_,6.21µm
_01507_,6.21µm
_01534_,6.21µm
_01555_,6.21µm
_01558_,6.21µm
_01588_,6.21µm
_01783_,6.21µm
_01870_,6.21µm
_01911_,6.21µm
_01944_,6.21µm
_01952_,6.21µm
_02138_,6.21µm
_02248_,6.21µm
_02270_,6.21µm
_02321_,6.21µm
_02325_,6.21µm
_02384_,6.21µm
_02408_,6.21µm
_02447_,6.21µm
_02503_,6.21µm
_02520_,6.21µm
_02531_,6.21µm
_02553_,6.21µm
_02887_,6.21µm
_02897_,6.21µm
_02929_,6.21µm
_02936_,6.21µm
_03045_,6.21µm
_03136_,6.21µm
_03487_,6.21µm
_03523_,6.21µm
_03538_,6.21µm
_03605_,6.21µm
_03928_,6.21µm
_04033_,6.21µm
_04062_,6.21µm
_04084_,6.21µm
_04150_,6.21µm
_04210_,6.21µm
_04220_,6.21µm
_04225_,6.21µm
_04378_,6.21µm
_04627_,6.21µm
_04673_,6.21µm
_04825_,6.21µm
_04852_,6.21µm
_04939_,6.21µm
_05017_,6.21µm
_05028_,6.21µm
_05152_,6.21µm
_05184_,6.21µm
_05226_,6.21µm
_05327_,6.21µm
_05526_,6.21µm
_05546_,6.21µm
_05642_,6.21µm
_05730_,6.21µm
_05944_,6.21µm
_06141_,6.21µm
_06222_,6.21µm
_06261_,6.21µm
_06291_,6.21µm
_06298_,6.21µm
_06309_,6.21µm
_06487_,6.21µm
_06869_,6.21µm
_06879_,6.21µm
_07029_,6.21µm
_07413_,6.21µm
_07510_,6.21µm
_07538_,6.21µm
_07658_,6.21µm
_07722_,6.21µm
_07765_,6.21µm
_07901_,6.21µm
_08018_,6.21µm
_08314_,6.21µm
u_core.cmd_rdata\[5\],6.21µm
u_core.miso_sr\[15\],6.21µm
u_core.u_master.m_wdata\[1\],6.21µm
u_core.u_master.u_slave.core_dout_data\[113\],6.21µm
u_core.u_master.u_slave.core_dout_data\[18\],6.21µm
u_core.u_master.u_slave.core_dout_data\[46\],6.21µm
u_core.u_master.u_slave.core_t0\[16\],6.21µm
u_core.u_master.u_slave.core_t0\[32\],6.21µm
u_core.u_master.u_slave.core_t1\[9\],6.21µm
u_core.u_master.u_slave.non0\[14\],6.21µm
u_core.u_master.u_slave.non1\[22\],6.21µm
u_core.u_master.u_slave.u_core.full_nS1_q\[61\],6.21µm
u_core.u_master.u_slave.u_core.last_dout_q\[86\],6.21µm
u_core.u_master.u_slave.u_core.last_nrate_q\[109\],6.21µm
net3807,6.21µm
net3920,6.21µm
net3938,6.21µm
net4068,6.21µm
net4175,6.21µm
net4387,6.21µm
net4528,6.21µm
net4546,6.21µm
net4560,6.21µm
net4843,6.21µm
net5058,6.21µm
net5137,6.21µm
net5242,6.21µm
net5293,6.21µm
net5313,6.21µm
net5357,6.21µm
net5528,6.21µm
net5595,6.21µm
net5647,6.21µm
net5822,6.21µm
net5886,6.21µm
net5928,6.21µm
net6142,6.21µm
net6197,6.21µm
net6245,6.21µm
net6276,6.21µm
net6358,6.21µm
net6569,6.21µm
net7005,6.21µm
net7078,6.21µm
net7200,6.21µm
net7332,6.21µm
net7358,6.21µm
net7452,6.21µm
net7584,6.21µm
net7731,6.21µm
net7889,6.21µm
net7969,6.21µm
net8181,6.21µm
net8321,6.21µm
net8570,6.21µm
_00040_,6.16µm
_00057_,6.16µm
_00153_,6.16µm
_00257_,6.16µm
_00322_,6.16µm
_00362_,6.16µm
_00578_,6.16µm
_00676_,6.16µm
_00695_,6.16µm
_00699_,6.16µm
_00799_,6.16µm
_00821_,6.16µm
_00842_,6.16µm
_00999_,6.16µm
_01354_,6.16µm
_01371_,6.16µm
_01398_,6.16µm
_01495_,6.16µm
_01498_,6.16µm
_01597_,6.16µm
_01641_,6.16µm
_01648_,6.16µm
_01668_,6.16µm
_01716_,6.16µm
_01894_,6.16µm
_01910_,6.16µm
_01928_,6.16µm
_01968_,6.16µm
_02024_,6.16µm
_02031_,6.16µm
_02064_,6.16µm
_02108_,6.16µm
_02171_,6.16µm
_02285_,6.16µm
_02299_,6.16µm
_02379_,6.16µm
_02455_,6.16µm
_02550_,6.16µm
_02554_,6.16µm
_02562_,6.16µm
_02727_,6.16µm
_02797_,6.16µm
_02803_,6.16µm
_02976_,6.16µm
_03100_,6.16µm
_03477_,6.16µm
_03481_,6.16µm
_03526_,6.16µm
_03681_,6.16µm
_03754_,6.16µm
_03823_,6.16µm
_03896_,6.16µm
_03997_,6.16µm
_04069_,6.16µm
_04156_,6.16µm
_04181_,6.16µm
_04358_,6.16µm
_04721_,6.16µm
_04889_,6.16µm
_04941_,6.16µm
_04965_,6.16µm
_04984_,6.16µm
_05047_,6.16µm
_05104_,6.16µm
_05117_,6.16µm
_05118_,6.16µm
_05187_,6.16µm
_05210_,6.16µm
_05247_,6.16µm
_05255_,6.16µm
_05266_,6.16µm
_05652_,6.16µm
_05664_,6.16µm
_05795_,6.16µm
_05900_,6.16µm
_06190_,6.16µm
_06268_,6.16µm
_06271_,6.16µm
_06361_,6.16µm
_06433_,6.16µm
_06909_,6.16µm
_07010_,6.16µm
_07013_,6.16µm
_07185_,6.16µm
_07347_,6.16µm
_07419_,6.16µm
_07724_,6.16µm
_07898_,6.16µm
_07933_,6.16µm
_08069_,6.16µm
_08121_,6.16µm
_08126_,6.16µm
_08141_,6.16µm
_08273_,6.16µm
u_core.cmd_rdata\[18\],6.16µm
u_core.rx_sr\[31\],6.16µm
u_core.u_master.m_rdata\[25\],6.16µm
u_core.u_master.u_slave.core_dout_data\[43\],6.16µm
u_core.u_master.u_slave.core_dout_data\[70\],6.16µm
u_core.u_master.u_slave.core_dout_data\[98\],6.16µm
u_core.u_master.u_slave.non2\[30\],6.16µm
u_core.u_master.u_slave.u_core.S3\[56\],6.16µm
u_core.u_master.u_slave.u_core.full_dout_q\[66\],6.16µm
u_core.u_master.u_slave.u_core.full_nS0_q\[15\],6.16µm
u_core.u_master.u_slave.u_core.last_nrate_q\[24\],6.16µm
u_core.u_master.u_slave.u_core.last_nrate_q\[32\],6.16µm
net3641,6.16µm
net3718,6.16µm
net3764,6.16µm
net3815,6.16µm
net3816,6.16µm
net3832,6.16µm
net4275,6.16µm
net4304,6.16µm
net4340,6.16µm
net4379,6.16µm
net4401,6.16µm
net4458,6.16µm
net4503,6.16µm
net4514,6.16µm
net4532,6.16µm
net4609,6.16µm
net4842,6.16µm
net4872,6.16µm
net4922,6.16µm
net4934,6.16µm
net5173,6.16µm
net5220,6.16µm
net5234,6.16µm
net5292,6.16µm
net5309,6.16µm
net5356,6.16µm
net5410,6.16µm
net5643,6.16µm
net5844,6.16µm
net5872,6.16µm
net5917,6.16µm
net5919,6.16µm
net5940,6.16µm
net5949,6.16µm
net5967,6.16µm
net6114,6.16µm
net6134,6.16µm
net6155,6.16µm
net6167,6.16µm
net6190,6.16µm
net6239,6.16µm
net6253,6.16µm
net6363,6.16µm
net6423,6.16µm
net6459,6.16µm
net6466,6.16µm
net6485,6.16µm
net6601,6.16µm
net6605,6.16µm
net6647,6.16µm
net6653,6.16µm
net6743,6.16µm
net6761,6.16µm
net6771,6.16µm
net6797,6.16µm
net7077,6.16µm
net7295,6.16µm
net7497,6.16µm
net7507,6.16µm
net7541,6.16µm
net7579,6.16µm
net7591,6.16µm
net7605,6.16µm
net7614,6.16µm
net7862,6.16µm
net8066,6.16µm
net8320,6.16µm
net8343,6.16µm
net8421,6.16µm
net8547,6.16µm
net8572,6.16µm
_06111_,5.75µm
u_core.u_master.u_slave.dout_sh\[105\],5.75µm
_00030_,5.7µm
_00094_,5.7µm
_00563_,5.7µm
_00567_,5.7µm
_00781_,5.7µm
_01073_,5.7µm
_01222_,5.7µm
_01443_,5.7µm
_01675_,5.7µm
_01719_,5.7µm
_01828_,5.7µm
_02063_,5.7µm
_02129_,5.7µm
_02153_,5.7µm
_02162_,5.7µm
_02223_,5.7µm
_02252_,5.7µm
_02318_,5.7µm
_02344_,5.7µm
_03058_,5.7µm
_03096_,5.7µm
_03242_,5.7µm
_03632_,5.7µm
_03674_,5.7µm
_04007_,5.7µm
_04034_,5.7µm
_04336_,5.7µm
_04682_,5.7µm
_04748_,5.7µm
_05041_,5.7µm
_05321_,5.7µm
_05507_,5.7µm
_05632_,5.7µm
_06084_,5.7µm
_06132_,5.7µm
_06160_,5.7µm
_06232_,5.7µm
_06344_,5.7µm
_06345_,5.7µm
_06442_,5.7µm
_06703_,5.7µm
_06987_,5.7µm
_07056_,5.7µm
_07074_,5.7µm
_07182_,5.7µm
_07690_,5.7µm
_07865_,5.7µm
_08278_,5.7µm
u_core.frame_hold\[19\],5.7µm
net4299,5.7µm
net4555,5.7µm
net4730,5.7µm
net5268,5.7µm
net5332,5.7µm
net5540,5.7µm
net5702,5.7µm
net5762,5.7µm
net5791,5.7µm
net6059,5.7µm
net6105,5.7µm
net6152,5.7µm
net6888,5.7µm
net6946,5.7µm
net6985,5.7µm
net7075,5.7µm
net7325,5.7µm
net7661,5.7µm
net7809,5.7µm
net7866,5.7µm
net7932,5.7µm
net7942,5.7µm
net8016,5.7µm
net8376,5.7µm
net8381,5.7µm
net8537,5.7µm
_00053_,5.65µm
_00095_,5.65µm
_00183_,5.65µm
_00186_,5.65µm
_00235_,5.65µm
_00242_,5.65µm
_00263_,5.65µm
_00280_,5.65µm
_00319_,5.65µm
_00321_,5.65µm
_00364_,5.65µm
_00387_,5.65µm
_00618_,5.65µm
_00625_,5.65µm
_00641_,5.65µm
_00709_,5.65µm
_00710_,5.65µm
_00759_,5.65µm
_00768_,5.65µm
_00936_,5.65µm
_00964_,5.65µm
_01190_,5.65µm
_01273_,5.65µm
_01465_,5.65µm
_01477_,5.65µm
_01487_,5.65µm
_01522_,5.65µm
_01530_,5.65µm
_01545_,5.65µm
_01560_,5.65µm
_01598_,5.65µm
_01600_,5.65µm
_01687_,5.65µm
_01806_,5.65µm
_01848_,5.65µm
_01857_,5.65µm
_01877_,5.65µm
_01883_,5.65µm
_01887_,5.65µm
_01901_,5.65µm
_01902_,5.65µm
_01967_,5.65µm
_01978_,5.65µm
_01994_,5.65µm
_02000_,5.65µm
_02337_,5.65µm
_02348_,5.65µm
_02412_,5.65µm
_02589_,5.65µm
_02756_,5.65µm
_02799_,5.65µm
_02946_,5.65µm
_03071_,5.65µm
_03391_,5.65µm
_03451_,5.65µm
_03663_,5.65µm
_03726_,5.65µm
_03753_,5.65µm
_03845_,5.65µm
_03954_,5.65µm
_04124_,5.65µm
_04160_,5.65µm
_04209_,5.65µm
_04927_,5.65µm
_05326_,5.65µm
_05486_,5.65µm
_05756_,5.65µm
_05837_,5.65µm
_06145_,5.65µm
_06169_,5.65µm
_06617_,5.65µm
_06683_,5.65µm
_06729_,5.65µm
_06796_,5.65µm
_06868_,5.65µm
_06900_,5.65µm
_06912_,5.65µm
_06953_,5.65µm
_07614_,5.65µm
_07921_,5.65µm
_08050_,5.65µm
_08284_,5.65µm
_08339_,5.65µm
_08414_,5.65µm
u_core.cmd_wdata_q\[18\],5.65µm
u_core.miso_sr\[6\],5.65µm
u_core.u_master.u_slave.core_dout_data\[20\],5.65µm
u_core.u_master.u_slave.core_dout_data\[29\],5.65µm
u_core.u_master.u_slave.core_dout_data\[47\],5.65µm
u_core.u_master.u_slave.core_dout_data\[79\],5.65µm
u_core.u_master.u_slave.core_t0\[43\],5.65µm
u_core.u_master.u_slave.core_t1\[28\],5.65µm
u_core.u_master.u_slave.core_t1\[46\],5.65µm
u_core.u_master.u_slave.non2\[25\],5.65µm
u_core.u_master.u_slave.u_core.full_dout_q\[19\],5.65µm
u_core.u_master.u_slave.u_core.full_dout_q\[39\],5.65µm
u_core.u_master.u_slave.u_core.full_nS1_q\[26\],5.65µm
net3621,5.65µm
net3631,5.65µm
net3637,5.65µm
net3645,5.65µm
net3647,5.65µm
net3697,5.65µm
net3714,5.65µm
net3740,5.65µm
net3758,5.65µm
net3885,5.65µm
net4104,5.65µm
net4150,5.65µm
net4180,5.65µm
net4234,5.65µm
net4406,5.65µm
net4504,5.65µm
net4547,5.65µm
net4716,5.65µm
net4803,5.65µm
net4901,5.65µm
net5176,5.65µm
net5198,5.65µm
net5311,5.65µm
net5316,5.65µm
net5467,5.65µm
net5489,5.65µm
net5509,5.65µm
net5566,5.65µm
net5573,5.65µm
net5599,5.65µm
net5657,5.65µm
net5820,5.65µm
net5838,5.65µm
net5889,5.65µm
net5969,5.65µm
net6040,5.65µm
net6122,5.65µm
net6159,5.65µm
net6185,5.65µm
net6215,5.65µm
net6543,5.65µm
net6561,5.65µm
net6563,5.65µm
net6573,5.65µm
net6585,5.65µm
net6589,5.65µm
net6641,5.65µm
net6685,5.65µm
net6840,5.65µm
net6854,5.65µm
net6910,5.65µm
net6911,5.65µm
net6974,5.65µm
net6988,5.65µm
net7032,5.65µm
net7038,5.65µm
net7046,5.65µm
net7049,5.65µm
net7062,5.65µm
net7119,5.65µm
net7178,5.65µm
net7210,5.65µm
net7230,5.65µm
net7255,5.65µm
net7280,5.65µm
net7401,5.65µm
net7445,5.65µm
net7477,5.65µm
net7486,5.65µm
net7501,5.65µm
net7539,5.65µm
net7921,5.65µm
net7939,5.65µm
net8025,5.65µm
net8053,5.65µm
net8160,5.65µm
net8235,5.65µm
net8288,5.65µm
net8359,5.65µm
net8371,5.65µm
net8448,5.65µm
net8457,5.65µm
net8565,5.65µm
net8579,5.65µm
_00015_,5.6µm
_00082_,5.6µm
_00093_,5.6µm
_00131_,5.6µm
_00191_,5.6µm
_00192_,5.6µm
_00201_,5.6µm
_00294_,5.6µm
_00349_,5.6µm
_00414_,5.6µm
_00423_,5.6µm
_00441_,5.6µm
_00510_,5.6µm
_00550_,5.6µm
_00583_,5.6µm
_00742_,5.6µm
_00787_,5.6µm
_00815_,5.6µm
_01182_,5.6µm
_01203_,5.6µm
_01230_,5.6µm
_01431_,5.6µm
_01493_,5.6µm
_01535_,5.6µm
_01538_,5.6µm
_01541_,5.6µm
_01591_,5.6µm
_01704_,5.6µm
_01767_,5.6µm
_01898_,5.6µm
_01972_,5.6µm
_02104_,5.6µm
_02259_,5.6µm
_02336_,5.6µm
_02405_,5.6µm
_02411_,5.6µm
_02420_,5.6µm
_02488_,5.6µm
_02496_,5.6µm
_02524_,5.6µm
_02639_,5.6µm
_02782_,5.6µm
_02865_,5.6µm
_02896_,5.6µm
_02949_,5.6µm
_03050_,5.6µm
_03059_,5.6µm
_03098_,5.6µm
_03163_,5.6µm
_03177_,5.6µm
_03205_,5.6µm
_03207_,5.6µm
_03226_,5.6µm
_03237_,5.6µm
_03343_,5.6µm
_03355_,5.6µm
_03405_,5.6µm
_03731_,5.6µm
_03740_,5.6µm
_03806_,5.6µm
_03866_,5.6µm
_03963_,5.6µm
_04096_,5.6µm
_04246_,5.6µm
_04345_,5.6µm
_04346_,5.6µm
_04363_,5.6µm
_04382_,5.6µm
_04402_,5.6µm
_04406_,5.6µm
_04728_,5.6µm
_04933_,5.6µm
_05256_,5.6µm
_05292_,5.6µm
_05404_,5.6µm
_05411_,5.6µm
_05473_,5.6µm
_05623_,5.6µm
_05816_,5.6µm
_06030_,5.6µm
_06294_,5.6µm
_06460_,5.6µm
_06667_,5.6µm
_06719_,5.6µm
_06818_,5.6µm
_06856_,5.6µm
_06997_,5.6µm
_07022_,5.6µm
_07055_,5.6µm
_07156_,5.6µm
_07372_,5.6µm
_07386_,5.6µm
_07391_,5.6µm
_07403_,5.6µm
_07471_,5.6µm
_07645_,5.6µm
_07808_,5.6µm
_07916_,5.6µm
_07957_,5.6µm
_07960_,5.6µm
_08013_,5.6µm
_08084_,5.6µm
_08224_,5.6µm
_08356_,5.6µm
_08380_,5.6µm
u_core.cmd_rdata\[14\],5.6µm
u_core.frame_hold\[10\],5.6µm
u_core.frame_hold\[8\],5.6µm
u_core.u_master.m_rready,5.6µm
u_core.u_master.m_wdata\[6\],5.6µm
u_core.u_master.u_slave.core_dout_data\[44\],5.6µm
u_core.u_master.u_slave.core_dout_data\[97\],5.6µm
u_core.u_master.u_slave.core_t1\[16\],5.6µm
u_core.u_master.u_slave.core_t1\[25\],5.6µm
u_core.u_master.u_slave.core_t1\[51\],5.6µm
u_core.u_master.u_slave.core_t1\[58\],5.6µm
u_core.u_master.u_slave.dout_sh\[82\],5.6µm
u_core.u_master.u_slave.non0\[5\],5.6µm
u_core.u_master.u_slave.u_core.full_dout_q\[119\],5.6µm
u_core.u_master.u_slave.u_core.full_dout_q\[4\],5.6µm
u_core.u_master.u_slave.u_core.last_dout_q\[118\],5.6µm
u_core.u_master.u_slave.u_core.last_dout_q\[54\],5.6µm
net2625,5.6µm
net3639,5.6µm
net3652,5.6µm
net3668,5.6µm
net3708,5.6µm
net3722,5.6µm
net3728,5.6µm
net3883,5.6µm
net3910,5.6µm
net3951,5.6µm
net3954,5.6µm
net4011,5.6µm
net4186,5.6µm
net4203,5.6µm
net4221,5.6µm
net4277,5.6µm
net4321,5.6µm
net4338,5.6µm
net4405,5.6µm
net4413,5.6µm
net4456,5.6µm
net4473,5.6µm
net4477,5.6µm
net4574,5.6µm
net4620,5.6µm
net4626,5.6µm
net4631,5.6µm
net4640,5.6µm
net4686,5.6µm
net4712,5.6µm
net4720,5.6µm
net4766,5.6µm
net4880,5.6µm
net4910,5.6µm
net4963,5.6µm
net5114,5.6µm
net5121,5.6µm
net5174,5.6µm
net5211,5.6µm
net5225,5.6µm
net5240,5.6µm
net5414,5.6µm
net5456,5.6µm
net5458,5.6µm
net5459,5.6µm
net5475,5.6µm
net5514,5.6µm
net5548,5.6µm
net5550,5.6µm
net5555,5.6µm
net5570,5.6µm
net5575,5.6µm
net5631,5.6µm
net5639,5.6µm
net5640,5.6µm
net5699,5.6µm
net5770,5.6µm
net5786,5.6µm
net5832,5.6µm
net5846,5.6µm
net5878,5.6µm
net5976,5.6µm
net6049,5.6µm
net6054,5.6µm
net6082,5.6µm
net6147,5.6µm
net6163,5.6µm
net6193,5.6µm
net6229,5.6µm
net6249,5.6µm
net6297,5.6µm
net6366,5.6µm
net6437,5.6µm
net6467,5.6µm
net6505,5.6µm
net6522,5.6µm
net6525,5.6µm
net6551,5.6µm
net6599,5.6µm
net6639,5.6µm
net6759,5.6µm
net6783,5.6µm
net6786,5.6µm
net6819,5.6µm
net6853,5.6µm
net6876,5.6µm
net6972,5.6µm
net6980,5.6µm
net6986,5.6µm
net7004,5.6µm
net7042,5.6µm
net7087,5.6µm
net7113,5.6µm
net7198,5.6µm
net7208,5.6µm
net7212,5.6µm
net7228,5.6µm
net7234,5.6µm
net7258,5.6µm
net7296,5.6µm
net7304,5.6µm
net7330,5.6µm
net7379,5.6µm
net7466,5.6µm
net7540,5.6µm
net7546,5.6µm
net7549,5.6µm
net7564,5.6µm
net7570,5.6µm
net7598,5.6µm
net7629,5.6µm
net7666,5.6µm
net7725,5.6µm
net7747,5.6µm
net7775,5.6µm
net7822,5.6µm
net7879,5.6µm
net7925,5.6µm
net8030,5.6µm
net8050,5.6µm
net8100,5.6µm
net8179,5.6µm
net8222,5.6µm
net8408,5.6µm
net8409,5.6µm
net8452,5.6µm
net8454,5.6µm
net8479,5.6µm
net8519,5.6µm
net8543,5.6µm
net8608,5.6µm
_05214_,5.37µm
net4611,5.32µm
net4347,5.19µm
_00440_,5.14µm
_01272_,5.14µm
_01339_,5.14µm
_01357_,5.14µm
_01405_,5.14µm
_01702_,5.14µm
_01715_,5.14µm
_01759_,5.14µm
_01984_,5.14µm
_02112_,5.14µm
_02119_,5.14µm
_02158_,5.14µm
_02964_,5.14µm
_02991_,5.14µm
_03025_,5.14µm
_03428_,5.14µm
_03462_,5.14µm
_04020_,5.14µm
_04631_,5.14µm
_04648_,5.14µm
_04968_,5.14µm
_05033_,5.14µm
_05460_,5.14µm
_05774_,5.14µm
_05927_,5.14µm
_05933_,5.14µm
_06108_,5.14µm
_06630_,5.14µm
_06816_,5.14µm
_06889_,5.14µm
_07530_,5.14µm
_07561_,5.14µm
_07778_,5.14µm
_07855_,5.14µm
_08201_,5.14µm
u_core.u_master.u_slave.non0\[1\],5.14µm
net3787,5.14µm
net3828,5.14µm
net3974,5.14µm
net5160,5.14µm
net5265,5.14µm
net5354,5.14µm
net5700,5.14µm
net5790,5.14µm
net5809,5.14µm
net6024,5.14µm
net6085,5.14µm
net6201,5.14µm
net6216,5.14µm
net6402,5.14µm
net6472,5.14µm
net6488,5.14µm
net6521,5.14µm
net6556,5.14µm
net6606,5.14µm
net6830,5.14µm
net6892,5.14µm
net7209,5.14µm
net7281,5.14µm
net7432,5.14µm
net7488,5.14µm
net7837,5.14µm
net7978,5.14µm
net8240,5.14µm
net8378,5.14µm
net8427,5.14µm
_00081_,5.09µm
_00152_,5.09µm
_00177_,5.09µm
_00246_,5.09µm
_00317_,5.09µm
_00389_,5.09µm
_00539_,5.09µm
_00570_,5.09µm
_00611_,5.09µm
_00635_,5.09µm
_00786_,5.09µm
_00807_,5.09µm
_00891_,5.09µm
_01126_,5.09µm
_01174_,5.09µm
_01180_,5.09µm
_01440_,5.09µm
_01451_,5.09µm
_01737_,5.09µm
_01738_,5.09µm
_01788_,5.09µm
_01830_,5.09µm
_01886_,5.09µm
_01979_,5.09µm
_01980_,5.09µm
_02054_,5.09µm
_02066_,5.09µm
_02073_,5.09µm
_02080_,5.09µm
_02156_,5.09µm
_02334_,5.09µm
_02387_,5.09µm
_02785_,5.09µm
_03116_,5.09µm
_03183_,5.09µm
_03283_,5.09µm
_03352_,5.09µm
_03479_,5.09µm
_03579_,5.09µm
_03795_,5.09µm
_03822_,5.09µm
_03848_,5.09µm
_04236_,5.09µm
_04646_,5.09µm
_04946_,5.09µm
_05246_,5.09µm
_05516_,5.09µm
_05521_,5.09µm
_05595_,5.09µm
_05850_,5.09µm
_06039_,5.09µm
_06054_,5.09µm
_06252_,5.09µm
_06450_,5.09µm
_07142_,5.09µm
_07424_,5.09µm
_07437_,5.09µm
_07903_,5.09µm
_08367_,5.09µm
u_core.u_master.m_awaddr\[4\],5.09µm
u_core.u_master.u_slave.core_dout_data\[115\],5.09µm
u_core.u_master.u_slave.core_t0\[21\],5.09µm
u_core.u_master.u_slave.core_t0\[44\],5.09µm
u_core.u_master.u_slave.core_t0\[62\],5.09µm
u_core.u_master.u_slave.core_t1\[53\],5.09µm
u_core.u_master.u_slave.non1\[1\],5.09µm
u_core.u_master.u_slave.u_core.last_nrate_q\[2\],5.09µm
net3823,5.09µm
net4188,5.09µm
net4517,5.09µm
net4674,5.09µm
net4682,5.09µm
net4695,5.09µm
net4771,5.09µm
net5257,5.09µm
net5280,5.09µm
net5299,5.09µm
net5519,5.09µm
net5577,5.09µm
net5626,5.09µm
net5676,5.09µm
net5717,5.09µm
net5883,5.09µm
net6171,5.09µm
net6361,5.09µm
net6779,5.09µm
net6865,5.09µm
net7026,5.09µm
net7459,5.09µm
net7460,5.09µm
net7490,5.09µm
net7736,5.09µm
net7746,5.09µm
net7815,5.09µm
net7928,5.09µm
net8089,5.09µm
net8436,5.09µm
net8525,5.09µm
net8554,5.09µm
_00078_,5.04µm
_00096_,5.04µm
_00139_,5.04µm
_00167_,5.04µm
_00178_,5.04µm
_00193_,5.04µm
_00197_,5.04µm
_00233_,5.04µm
_00286_,5.04µm
_00307_,5.04µm
_00310_,5.04µm
_00323_,5.04µm
_00328_,5.04µm
_00347_,5.04µm
_00369_,5.04µm
_00384_,5.04µm
_00388_,5.04µm
_00491_,5.04µm
_00633_,5.04µm
_00650_,5.04µm
_00663_,5.04µm
_00682_,5.04µm
_00750_,5.04µm
_00769_,5.04µm
_00824_,5.04µm
_00850_,5.04µm
_00866_,5.04µm
_00871_,5.04µm
_00882_,5.04µm
_00919_,5.04µm
_00923_,5.04µm
_00927_,5.04µm
_00948_,5.04µm
_01070_,5.04µm
_01118_,5.04µm
_01225_,5.04µm
_01235_,5.04µm
_01268_,5.04µm
_01280_,5.04µm
_01289_,5.04µm
_01310_,5.04µm
_01341_,5.04µm
_01355_,5.04µm
_01387_,5.04µm
_01439_,5.04µm
_01444_,5.04µm
_01470_,5.04µm
_01511_,5.04µm
_01529_,5.04µm
_01564_,5.04µm
_01571_,5.04µm
_01589_,5.04µm
_01751_,5.04µm
_01752_,5.04µm
_01820_,5.04µm
_01873_,5.04µm
_01878_,5.04µm
_01906_,5.04µm
_01916_,5.04µm
_01922_,5.04µm
_01926_,5.04µm
_01929_,5.04µm
_01933_,5.04µm
_01946_,5.04µm
_01949_,5.04µm
_01976_,5.04µm
_01981_,5.04µm
_02090_,5.04µm
_02101_,5.04µm
_02121_,5.04µm
_02123_,5.04µm
_02133_,5.04µm
_02135_,5.04µm
_02157_,5.04µm
_02227_,5.04µm
_02253_,5.04µm
_02298_,5.04µm
_02305_,5.04µm
_02312_,5.04µm
_02347_,5.04µm
_02349_,5.04µm
_02377_,5.04µm
_02378_,5.04µm
_02397_,5.04µm
_02410_,5.04µm
_02429_,5.04µm
_02442_,5.04µm
_02511_,5.04µm
_02532_,5.04µm
_02545_,5.04µm
_02546_,5.04µm
_02547_,5.04µm
_02611_,5.04µm
_02624_,5.04µm
_02784_,5.04µm
_02862_,5.04µm
_03014_,5.04µm
_03056_,5.04µm
_03185_,5.04µm
_03228_,5.04µm
_03409_,5.04µm
_03442_,5.04µm
_03471_,5.04µm
_03490_,5.04µm
_03505_,5.04µm
_03535_,5.04µm
_03618_,5.04µm
_03623_,5.04µm
_03626_,5.04µm
_03708_,5.04µm
_03973_,5.04µm
_04015_,5.04µm
_04138_,5.04µm
_04184_,5.04µm
_04205_,5.04µm
_04227_,5.04µm
_04280_,5.04µm
_04317_,5.04µm
_04342_,5.04µm
_04642_,5.04µm
_04747_,5.04µm
_04838_,5.04µm
_04874_,5.04µm
_04936_,5.04µm
_04986_,5.04µm
_05045_,5.04µm
_05046_,5.04µm
_05089_,5.04µm
_05093_,5.04µm
_05283_,5.04µm
_05388_,5.04µm
_05414_,5.04µm
_05535_,5.04µm
_05537_,5.04µm
_05671_,5.04µm
_05701_,5.04µm
_05706_,5.04µm
_05713_,5.04µm
_05728_,5.04µm
_05812_,5.04µm
_05854_,5.04µm
_05921_,5.04µm
_05948_,5.04µm
_05954_,5.04µm
_05982_,5.04µm
_06037_,5.04µm
_06069_,5.04µm
_06112_,5.04µm
_06493_,5.04µm
_06710_,5.04µm
_06824_,5.04µm
_06971_,5.04µm
_07043_,5.04µm
_07045_,5.04µm
_07096_,5.04µm
_07101_,5.04µm
_07140_,5.04µm
_07157_,5.04µm
_07354_,5.04µm
_07506_,5.04µm
_07734_,5.04µm
_07743_,5.04µm
_07905_,5.04µm
_08055_,5.04µm
_08102_,5.04µm
_08274_,5.04µm
_08306_,5.04µm
_08396_,5.04µm
u_core.cmd_addr\[5\],5.04µm
u_core.cmd_addr\[6\],5.04µm
u_core.cmd_rdata\[1\],5.04µm
u_core.cmd_wdata_q\[16\],5.04µm
u_core.frame_hold\[11\],5.04µm
u_core.frame_hold\[18\],5.04µm
u_core.u_master.m_bready,5.04µm
u_core.u_master.m_wdata\[0\],5.04µm
u_core.u_master.m_wdata\[11\],5.04µm
u_core.u_master.u_slave.core_dout_data\[37\],5.04µm
u_core.u_master.u_slave.core_dout_data\[56\],5.04µm
u_core.u_master.u_slave.core_dout_data\[73\],5.04µm
u_core.u_master.u_slave.core_dout_data\[87\],5.04µm
u_core.u_master.u_slave.core_dout_data\[92\],5.04µm
u_core.u_master.u_slave.core_dout_data\[99\],5.04µm
u_core.u_master.u_slave.core_t0\[17\],5.04µm
u_core.u_master.u_slave.core_t0\[3\],5.04µm
u_core.u_master.u_slave.core_t0\[54\],5.04µm
u_core.u_master.u_slave.core_t1\[39\],5.04µm
u_core.u_master.u_slave.core_t1\[59\],5.04µm
u_core.u_master.u_slave.core_t1\[60\],5.04µm
u_core.u_master.u_slave.non0\[11\],5.04µm
u_core.u_master.u_slave.non0\[2\],5.04µm
u_core.u_master.u_slave.non1\[3\],5.04µm
u_core.u_master.u_slave.non1\[7\],5.04µm
u_core.u_master.u_slave.u_core.S3\[34\],5.04µm
u_core.u_master.u_slave.u_core.full_dout_q\[105\],5.04µm
u_core.u_master.u_slave.u_core.full_dout_q\[120\],5.04µm
u_core.u_master.u_slave.u_core.full_dout_q\[125\],5.04µm
u_core.u_master.u_slave.u_core.full_dout_q\[20\],5.04µm
u_core.u_master.u_slave.u_core.full_dout_q\[33\],5.04µm
u_core.u_master.u_slave.u_core.full_dout_q\[50\],5.04µm
u_core.u_master.u_slave.u_core.full_dout_q\[86\],5.04µm
u_core.u_master.u_slave.u_core.full_nS1_q\[29\],5.04µm
u_core.u_master.u_slave.u_core.last_dout_q\[64\],5.04µm
net3710,5.04µm
net3805,5.04µm
net3898,5.04µm
net3904,5.04µm
net3907,5.04µm
net3916,5.04µm
net3979,5.04µm
net4041,5.04µm
net4106,5.04µm
net4120,5.04µm
net4138,5.04µm
net4266,5.04µm
net4281,5.04µm
net4371,5.04µm
net4488,5.04µm
net4518,5.04µm
net4524,5.04µm
net4610,5.04µm
net4651,5.04µm
net4680,5.04µm
net4722,5.04µm
net4753,5.04µm
net4763,5.04µm
net4792,5.04µm
net4794,5.04µm
net4846,5.04µm
net4852,5.04µm
net4876,5.04µm
net4894,5.04µm
net4953,5.04µm
net4964,5.04µm
net5033,5.04µm
net5096,5.04µm
net5168,5.04µm
net5252,5.04µm
net5295,5.04µm
net5308,5.04µm
net5321,5.04µm
net5383,5.04µm
net5487,5.04µm
net5654,5.04µm
net5754,5.04µm
net5779,5.04µm
net5836,5.04µm
net5837,5.04µm
net5911,5.04µm
net5934,5.04µm
net5942,5.04µm
net6037,5.04µm
net6045,5.04µm
net6175,5.04µm
net6267,5.04µm
net6296,5.04µm
net6331,5.04µm
net6352,5.04µm
net6371,5.04µm
net6429,5.04µm
net6465,5.04µm
net6491,5.04µm
net6537,5.04µm
net6555,5.04µm
net6683,5.04µm
net6701,5.04µm
net6702,5.04µm
net6706,5.04µm
net6729,5.04µm
net6736,5.04µm
net6754,5.04µm
net6763,5.04µm
net6808,5.04µm
net6883,5.04µm
net6947,5.04µm
net6998,5.04µm
net7034,5.04µm
net7048,5.04µm
net7058,5.04µm
net7111,5.04µm
net7125,5.04µm
net7137,5.04µm
net7143,5.04µm
net7145,5.04µm
net7148,5.04µm
net7274,5.04µm
net7283,5.04µm
net7311,5.04µm
net7319,5.04µm
net7324,5.04µm
net7366,5.04µm
net7393,5.04µm
net7503,5.04µm
net7533,5.04µm
net7556,5.04µm
net7568,5.04µm
net7569,5.04µm
net7582,5.04µm
net7633,5.04µm
net7642,5.04µm
net7648,5.04µm
net7654,5.04µm
net7660,5.04µm
net7683,5.04µm
net7703,5.04µm
net7767,5.04µm
net7839,5.04µm
net7874,5.04µm
net7895,5.04µm
net7901,5.04µm
net7943,5.04µm
net7980,5.04µm
net7981,5.04µm
net7994,5.04µm
net8086,5.04µm
net8158,5.04µm
net8213,5.04µm
net8442,5.04µm
net8455,5.04µm
net8471,5.04µm
net8499,5.04µm
net8557,5.04µm
net8576,5.04µm
net8588,5.04µm
_00031_,4.58µm
_00046_,4.58µm
_00230_,4.58µm
_00451_,4.58µm
_00554_,4.58µm
_00588_,4.58µm
_00591_,4.58µm
_00610_,4.58µm
_00967_,4.58µm
_01136_,4.58µm
_01147_,4.58µm
_01166_,4.58µm
_01197_,4.58µm
_01241_,4.58µm
_01248_,4.58µm
_01300_,4.58µm
_01324_,4.58µm
_01346_,4.58µm
_01364_,4.58µm
_01382_,4.58µm
_01386_,4.58µm
_01388_,4.58µm
_01397_,4.58µm
_01406_,4.58µm
_01408_,4.58µm
_01416_,4.58µm
_01593_,4.58µm
_01595_,4.58µm
_01602_,4.58µm
_01606_,4.58µm
_01608_,4.58µm
_01655_,4.58µm
_01679_,4.58µm
_01688_,4.58µm
_01710_,4.58µm
_01721_,4.58µm
_01739_,4.58µm
_01742_,4.58µm
_01745_,4.58µm
_01756_,4.58µm
_01776_,4.58µm
_01781_,4.58µm
_01797_,4.58µm
_01821_,4.58µm
_01829_,4.58µm
_01842_,4.58µm
_01988_,4.58µm
_01999_,4.58µm
_02022_,4.58µm
_02034_,4.58µm
_02040_,4.58µm
_02042_,4.58µm
_02045_,4.58µm
_02053_,4.58µm
_02058_,4.58µm
_02087_,4.58µm
_02099_,4.58µm
_02114_,4.58µm
_02144_,4.58µm
_02161_,4.58µm
_02170_,4.58µm
_02172_,4.58µm
_02213_,4.58µm
_02222_,4.58µm
_02254_,4.58µm
_02263_,4.58µm
_02310_,4.58µm
_02328_,4.58µm
_02339_,4.58µm
_02715_,4.58µm
_02828_,4.58µm
_02930_,4.58µm
_03035_,4.58µm
_03135_,4.58µm
_03356_,4.58µm
_03411_,4.58µm
_03687_,4.58µm
_03824_,4.58µm
_04090_,4.58µm
_04370_,4.58µm
_04882_,4.58µm
_05120_,4.58µm
_05254_,4.58µm
_05510_,4.58µm
_05604_,4.58µm
_05661_,4.58µm
_05699_,4.58µm
_05770_,4.58µm
_05885_,4.58µm
_05999_,4.58µm
_06459_,4.58µm
_06674_,4.58µm
_06998_,4.58µm
_07365_,4.58µm
_07393_,4.58µm
_07638_,4.58µm
_07727_,4.58µm
_07980_,4.58µm
_08047_,4.58µm
_08062_,4.58µm
_08252_,4.58µm
u_core.u_master.u_slave.non1\[9\],4.58µm
u_core.u_master.u_slave.tagr2\[10\],4.58µm
net3845,4.58µm
net3857,4.58µm
net3932,4.58µm
net4003,4.58µm
net5013,4.58µm
net5027,4.58µm
net5314,4.58µm
net5385,4.58µm
net5468,4.58µm
net5470,4.58µm
net5628,4.58µm
net5633,4.58µm
net5655,4.58µm
net5775,4.58µm
net5784,4.58µm
net6154,4.58µm
net6172,4.58µm
net6240,4.58µm
net6254,4.58µm
net6282,4.58µm
net6337,4.58µm
net6546,4.58µm
net6620,4.58µm
net6682,4.58µm
net6732,4.58µm
net6857,4.58µm
net6975,4.58µm
net7053,4.58µm
net7299,4.58µm
net7355,4.58µm
net7402,4.58µm
net7410,4.58µm
net7426,4.58µm
net7446,4.58µm
net7472,4.58µm
net7480,4.58µm
net7510,4.58µm
net7563,4.58µm
net7601,4.58µm
net7695,4.58µm
net7769,4.58µm
net7802,4.58µm
net7830,4.58µm
net7898,4.58µm
net7902,4.58µm
net7906,4.58µm
net7937,4.58µm
net8188,4.58µm
net8411,4.58µm
net8425,4.58µm
net8526,4.58µm
_00271_,4.53µm
_00766_,4.53µm
_01245_,4.53µm
_01463_,4.53µm
_01585_,4.53µm
_01635_,4.53µm
_01643_,4.53µm
_02231_,4.53µm
_02581_,4.53µm
_03055_,4.53µm
_03082_,4.53µm
_03388_,4.53µm
_03578_,4.53µm
_03727_,4.53µm
_03801_,4.53µm
_03893_,4.53µm
_03969_,4.53µm
_04239_,4.53µm
_04307_,4.53µm
_04647_,4.53µm
_04680_,4.53µm
_05064_,4.53µm
_05091_,4.53µm
_05469_,4.53µm
_05548_,4.53µm
_05920_,4.53µm
_06641_,4.53µm
_07120_,4.53µm
_07136_,4.53µm
_07401_,4.53µm
_07408_,4.53µm
_07636_,4.53µm
_07702_,4.53µm
_07783_,4.53µm
_07987_,4.53µm
_08080_,4.53µm
u_core.u_master.u_slave.core_dout_data\[86\],4.53µm
u_core.u_master.u_slave.u_core.full_nS0_q\[4\],4.53µm
net3760,4.53µm
net4033,4.53µm
net4038,4.53µm
net4078,4.53µm
net4410,4.53µm
net4706,4.53µm
net4912,4.53µm
net4959,4.53µm
net5161,4.53µm
net5533,4.53µm
net5552,4.53µm
net5578,4.53µm
net5703,4.53µm
net5759,4.53µm
net6214,4.53µm
net6317,4.53µm
net6916,4.53µm
net7623,4.53µm
net7806,4.53µm
net7934,4.53µm
net8098,4.53µm
net8312,4.53µm
net8586,4.53µm
_00014_,4.48µm
_00063_,4.48µm
_00184_,4.48µm
_00194_,4.48µm
_00196_,4.48µm
_00207_,4.48µm
_00223_,4.48µm
_00224_,4.48µm
_00228_,4.48µm
_00234_,4.48µm
_00285_,4.48µm
_00287_,4.48µm
_00291_,4.48µm
_00314_,4.48µm
_00318_,4.48µm
_00320_,4.48µm
_00340_,4.48µm
_00342_,4.48µm
_00357_,4.48µm
_00375_,4.48µm
_00430_,4.48µm
_00505_,4.48µm
_00509_,4.48µm
_00536_,4.48µm
_00542_,4.48µm
_00569_,4.48µm
_00574_,4.48µm
_00575_,4.48µm
_00592_,4.48µm
_00594_,4.48µm
_00596_,4.48µm
_00609_,4.48µm
_00614_,4.48µm
_00621_,4.48µm
_00624_,4.48µm
_00653_,4.48µm
_00657_,4.48µm
_00658_,4.48µm
_00681_,4.48µm
_00685_,4.48µm
_00705_,4.48µm
_00717_,4.48µm
_00753_,4.48µm
_00774_,4.48µm
_00791_,4.48µm
_00831_,4.48µm
_00859_,4.48µm
_00867_,4.48µm
_00874_,4.48µm
_00886_,4.48µm
_00896_,4.48µm
_00900_,4.48µm
_00924_,4.48µm
_00925_,4.48µm
_00944_,4.48µm
_01028_,4.48µm
_01089_,4.48µm
_01172_,4.48µm
_01186_,4.48µm
_01199_,4.48µm
_01270_,4.48µm
_01292_,4.48µm
_01302_,4.48µm
_01321_,4.48µm
_01322_,4.48µm
_01327_,4.48µm
_01336_,4.48µm
_01363_,4.48µm
_01390_,4.48µm
_01396_,4.48µm
_01441_,4.48µm
_01442_,4.48µm
_01454_,4.48µm
_01467_,4.48µm
_01471_,4.48µm
_01480_,4.48µm
_01510_,4.48µm
_01513_,4.48µm
_01515_,4.48µm
_01517_,4.48µm
_01579_,4.48µm
_01583_,4.48µm
_01623_,4.48µm
_01665_,4.48µm
_01691_,4.48µm
_01726_,4.48µm
_01729_,4.48µm
_01789_,4.48µm
_01794_,4.48µm
_01889_,4.48µm
_01919_,4.48µm
_01941_,4.48µm
_01969_,4.48µm
_02009_,4.48µm
_02018_,4.48µm
_02026_,4.48µm
_02035_,4.48µm
_02038_,4.48µm
_02043_,4.48µm
_02046_,4.48µm
_02074_,4.48µm
_02077_,4.48µm
_02079_,4.48µm
_02082_,4.48µm
_02088_,4.48µm
_02102_,4.48µm
_02106_,4.48µm
_02107_,4.48µm
_02118_,4.48µm
_02127_,4.48µm
_02164_,4.48µm
_02179_,4.48µm
_02195_,4.48µm
_02201_,4.48µm
_02226_,4.48µm
_02240_,4.48µm
_02291_,4.48µm
_02306_,4.48µm
_02338_,4.48µm
_02365_,4.48µm
_02371_,4.48µm
_02406_,4.48µm
_02414_,4.48µm
_02426_,4.48µm
_02437_,4.48µm
_02470_,4.48µm
_02514_,4.48µm
_02573_,4.48µm
_02584_,4.48µm
_02776_,4.48µm
_02820_,4.48µm
_02852_,4.48µm
_02864_,4.48µm
_02869_,4.48µm
_02899_,4.48µm
_02910_,4.48µm
_03259_,4.48µm
_03288_,4.48µm
_03321_,4.48µm
_03369_,4.48µm
_03375_,4.48µm
_03511_,4.48µm
_03602_,4.48µm
_03627_,4.48µm
_03635_,4.48µm
_03705_,4.48µm
_03759_,4.48µm
_03827_,4.48µm
_03833_,4.48µm
_03863_,4.48µm
_03951_,4.48µm
_03989_,4.48µm
_03995_,4.48µm
_04139_,4.48µm
_04167_,4.48µm
_04218_,4.48µm
_04252_,4.48µm
_04329_,4.48µm
_04351_,4.48µm
_04372_,4.48µm
_04376_,4.48µm
_04389_,4.48µm
_04608_,4.48µm
_04760_,4.48µm
_04966_,4.48µm
_04992_,4.48µm
_05011_,4.48µm
_05148_,4.48µm
_05151_,4.48µm
_05284_,4.48µm
_05328_,4.48µm
_05442_,4.48µm
_05532_,4.48µm
_05734_,4.48µm
_05861_,4.48µm
_05874_,4.48µm
_05878_,4.48µm
_05962_,4.48µm
_05965_,4.48µm
_05971_,4.48µm
_06001_,4.48µm
_06013_,4.48µm
_06351_,4.48µm
_06440_,4.48µm
_06726_,4.48µm
_06761_,4.48µm
_06775_,4.48µm
_06801_,4.48µm
_06865_,4.48µm
_06874_,4.48µm
_06996_,4.48µm
_07052_,4.48µm
_07151_,4.48µm
_07189_,4.48µm
_07421_,4.48µm
_07423_,4.48µm
_07494_,4.48µm
_07517_,4.48µm
_07532_,4.48µm
_07586_,4.48µm
_07590_,4.48µm
_07646_,4.48µm
_07748_,4.48µm
_07792_,4.48µm
_07804_,4.48µm
_07866_,4.48µm
_07871_,4.48µm
_07873_,4.48µm
_07990_,4.48µm
_08000_,4.48µm
_08160_,4.48µm
_08235_,4.48µm
u_core.cmd_rdata\[20\],4.48µm
u_core.cmd_rdata\[9\],4.48µm
u_core.cmd_wdata_q\[7\],4.48µm
u_core.cst\[2\],4.48µm
u_core.frame_hold\[0\],4.48µm
u_core.frame_hold\[28\],4.48µm
u_core.frame_hold\[38\],4.48µm
u_core.frame_hold\[5\],4.48µm
u_core.miso_sr\[19\],4.48µm
u_core.miso_sr\[4\],4.48µm
u_core.rx_sr\[13\],4.48µm
u_core.rx_sr\[25\],4.48µm
u_core.rx_sr\[36\],4.48µm
u_core.u_master.m_rdata\[13\],4.48µm
u_core.u_master.m_rdata\[18\],4.48µm
u_core.u_master.m_rdata\[21\],4.48µm
u_core.u_master.m_rdata\[22\],4.48µm
u_core.u_master.m_rdata\[30\],4.48µm
u_core.u_master.m_wdata\[12\],4.48µm
u_core.u_master.m_wdata\[13\],4.48µm
u_core.u_master.m_wdata\[15\],4.48µm
u_core.u_master.m_wdata\[20\],4.48µm
u_core.u_master.m_wdata\[25\],4.48µm
u_core.u_master.m_wdata\[4\],4.48µm
u_core.u_master.m_wdata\[7\],4.48µm
u_core.u_master.u_slave.core_dout_data\[12\],4.48µm
u_core.u_master.u_slave.core_dout_data\[14\],4.48µm
u_core.u_master.u_slave.core_dout_data\[26\],4.48µm
u_core.u_master.u_slave.core_dout_data\[40\],4.48µm
u_core.u_master.u_slave.core_dout_data\[45\],4.48µm
u_core.u_master.u_slave.core_dout_data\[61\],4.48µm
u_core.u_master.u_slave.core_dout_data\[67\],4.48µm
u_core.u_master.u_slave.core_dout_data\[71\],4.48µm
u_core.u_master.u_slave.core_dout_data\[80\],4.48µm
u_core.u_master.u_slave.core_dout_data\[88\],4.48µm
u_core.u_master.u_slave.core_dout_data\[96\],4.48µm
u_core.u_master.u_slave.core_t0\[25\],4.48µm
u_core.u_master.u_slave.core_t0\[40\],4.48µm
u_core.u_master.u_slave.core_t0\[49\],4.48µm
u_core.u_master.u_slave.non0\[0\],4.48µm
u_core.u_master.u_slave.non1\[0\],4.48µm
u_core.u_master.u_slave.non1\[10\],4.48µm
u_core.u_master.u_slave.non3\[31\],4.48µm
u_core.u_master.u_slave.non3\[9\],4.48µm
u_core.u_master.u_slave.tagr2\[3\],4.48µm
u_core.u_master.u_slave.u_core.full_dout_q\[124\],4.48µm
u_core.u_master.u_slave.u_core.full_dout_q\[12\],4.48µm
u_core.u_master.u_slave.u_core.full_dout_q\[16\],4.48µm
u_core.u_master.u_slave.u_core.full_dout_q\[23\],4.48µm
u_core.u_master.u_slave.u_core.full_dout_q\[32\],4.48µm
u_core.u_master.u_slave.u_core.full_dout_q\[59\],4.48µm
u_core.u_master.u_slave.u_core.full_dout_q\[80\],4.48µm
u_core.u_master.u_slave.u_core.full_nS0_q\[22\],4.48µm
u_core.u_master.u_slave.u_core.full_nS0_q\[34\],4.48µm
u_core.u_master.u_slave.u_core.last_dout_q\[14\],4.48µm
u_core.u_master.u_slave.u_core.last_dout_q\[28\],4.48µm
u_core.u_master.u_slave.u_core.last_dout_q\[32\],4.48µm
u_core.u_master.u_slave.u_core.last_nrate_q\[15\],4.48µm
u_core.u_master.u_slave.u_core.last_nrate_q\[42\],4.48µm
net3580,4.48µm
net3613,4.48µm
net3623,4.48µm
net3625,4.48µm
net3688,4.48µm
net3738,4.48µm
net3750,4.48µm
net3791,4.48µm
net3799,4.48µm
net3818,4.48µm
net3871,4.48µm
net3876,4.48µm
net3889,4.48µm
net3899,4.48µm
net3989,4.48µm
net4008,4.48µm
net4031,4.48µm
net4042,4.48µm
net4044,4.48µm
net4226,4.48µm
net4257,4.48µm
net4272,4.48µm
net4292,4.48µm
net4316,4.48µm
net4368,4.48µm
net4403,4.48µm
net4420,4.48µm
net4527,4.48µm
net4604,4.48µm
net4615,4.48µm
net4629,4.48µm
net4743,4.48µm
net4775,4.48µm
net4782,4.48µm
net4834,4.48µm
net4853,4.48µm
net4965,4.48µm
net5004,4.48µm
net5009,4.48µm
net5021,4.48µm
net5034,4.48µm
net5037,4.48µm
net5144,4.48µm
net5286,4.48µm
net5434,4.48µm
net5462,4.48µm
net5482,4.48µm
net5512,4.48µm
net5539,4.48µm
net5574,4.48µm
net5580,4.48µm
net5601,4.48µm
net5606,4.48µm
net5734,4.48µm
net5771,4.48µm
net5776,4.48µm
net5819,4.48µm
net5827,4.48µm
net5880,4.48µm
net5881,4.48µm
net5978,4.48µm
net6002,4.48µm
net6061,4.48µm
net6062,4.48µm
net6064,4.48µm
net6066,4.48µm
net6187,4.48µm
net6231,4.48µm
net6243,4.48µm
net6259,4.48µm
net6269,4.48µm
net6286,4.48µm
net6309,4.48µm
net6315,4.48µm
net6344,4.48µm
net6364,4.48µm
net6390,4.48µm
net6439,4.48µm
net6514,4.48µm
net6615,4.48µm
net6619,4.48µm
net6623,4.48µm
net6635,4.48µm
net6676,4.48µm
net6724,4.48µm
net6733,4.48µm
net6738,4.48µm
net6739,4.48µm
net6791,4.48µm
net6821,4.48µm
net6826,4.48µm
net6847,4.48µm
net6862,4.48µm
net6877,4.48µm
net6915,4.48µm
net6970,4.48µm
net6973,4.48µm
net7052,4.48µm
net7115,4.48µm
net7123,4.48µm
net7139,4.48µm
net7150,4.48µm
net7156,4.48µm
net7171,4.48µm
net7194,4.48µm
net7218,4.48µm
net7235,4.48µm
net7238,4.48µm
net7244,4.48µm
net7271,4.48µm
net7277,4.48µm
net7350,4.48µm
net7369,4.48µm
net7371,4.48µm
net7423,4.48µm
net7427,4.48µm
net7428,4.48µm
net7429,4.48µm
net7439,4.48µm
net7443,4.48µm
net7463,4.48µm
net7481,4.48µm
net7505,4.48µm
net7581,4.48µm
net7592,4.48µm
net7606,4.48µm
net7635,4.48µm
net7682,4.48µm
net7685,4.48µm
net7844,4.48µm
net7871,4.48µm
net7872,4.48µm
net7876,4.48µm
net7912,4.48µm
net7929,4.48µm
net7968,4.48µm
net7979,4.48µm
net8018,4.48µm
net8036,4.48µm
net8049,4.48µm
net8217,4.48µm
net8234,4.48µm
net8382,4.48µm
net8402,4.48µm
net8414,4.48µm
net8416,4.48µm
net8420,4.48µm
net8423,4.48µm
net8453,4.48µm
net8464,4.48µm
net8553,4.48µm
net8582,4.48µm
net8609,4.48µm
net8612,4.48µm
_00028_,4.02µm
_00038_,4.02µm
_02637_,4.02µm
_02905_,4.02µm
_03052_,4.02µm
_03111_,4.02µm
_03113_,4.02µm
_03435_,4.02µm
_03532_,4.02µm
_03572_,4.02µm
_03815_,4.02µm
_04026_,4.02µm
_04144_,4.02µm
_04643_,4.02µm
_04671_,4.02µm
_05075_,4.02µm
_05356_,4.02µm
_05362_,4.02µm
_05482_,4.02µm
_05517_,4.02µm
_05522_,4.02µm
_06063_,4.02µm
_06109_,4.02µm
_06151_,4.02µm
_06304_,4.02µm
_06504_,4.02µm
_06906_,4.02µm
_07373_,4.02µm
_07666_,4.02µm
_07997_,4.02µm
_08057_,4.02µm
_08282_,4.02µm
u_core.u_master.u_slave.core_dout_data\[110\],4.02µm
u_core.u_master.u_slave.core_t0\[29\],4.02µm
u_core.u_master.u_slave.non1\[21\],4.02µm
u_core.u_master.u_slave.u_core.full_dout_q\[104\],4.02µm
net3762,4.02µm
net3772,4.02µm
net3940,4.02µm
net3948,4.02µm
net4088,4.02µm
net4146,4.02µm
net4157,4.02µm
net4369,4.02µm
net4467,4.02µm
net4597,4.02µm
net4600,4.02µm
net5192,4.02µm
net5230,4.02µm
net5233,4.02µm
net5284,4.02µm
net5350,4.02µm
net5443,4.02µm
net5616,4.02µm
net5662,4.02µm
net5671,4.02µm
net6266,4.02µm
net6398,4.02µm
net6950,4.02µm
net7259,4.02µm
net7370,4.02µm
net7374,4.02µm
net7386,4.02µm
net7542,4.02µm
net7805,4.02µm
net7881,4.02µm
net7883,4.02µm
net8584,4.02µm
_00784_,3.97µm
_01640_,3.97µm
_01694_,3.97µm
_02212_,3.97µm
_03133_,3.97µm
_03495_,3.97µm
_03764_,3.97µm
_03911_,3.97µm
_04242_,3.97µm
_04538_,3.97µm
_04884_,3.97µm
_05252_,3.97µm
_05408_,3.97µm
_06204_,3.97µm
_06357_,3.97µm
_06403_,3.97µm
_06571_,3.97µm
_06901_,3.97µm
_06948_,3.97µm
_07083_,3.97µm
_07102_,3.97µm
_07442_,3.97µm
_07673_,3.97µm
_07728_,3.97µm
_07840_,3.97µm
_08067_,3.97µm
_08211_,3.97µm
u_core.cmd_rdata\[2\],3.97µm
u_core.u_master.u_slave.core_t1\[38\],3.97µm
u_core.u_master.u_slave.u_core.full_dout_q\[85\],3.97µm
u_core.u_master.u_slave.u_core.last_dout_q\[18\],3.97µm
net4208,3.97µm
net4675,3.97µm
net4898,3.97µm
net4904,3.97µm
net5535,3.97µm
net5785,3.97µm
net6016,3.97µm
net6075,3.97µm
net6658,3.97µm
net6703,3.97µm
net6990,3.97µm
net7285,3.97µm
net7412,3.97µm
net7589,3.97µm
net7676,3.97µm
net7742,3.97µm
net7831,3.97µm
_00021_,3.92µm
_00088_,3.92µm
_00090_,3.92µm
_00100_,3.92µm
_00111_,3.92µm
_00114_,3.92µm
_00120_,3.92µm
_00126_,3.92µm
_00155_,3.92µm
_00157_,3.92µm
_00165_,3.92µm
_00172_,3.92µm
_00204_,3.92µm
_00250_,3.92µm
_00272_,3.92µm
_00277_,3.92µm
_00278_,3.92µm
_00324_,3.92µm
_00329_,3.92µm
_00341_,3.92µm
_00346_,3.92µm
_00350_,3.92µm
_00353_,3.92µm
_00382_,3.92µm
_00399_,3.92µm
_00445_,3.92µm
_00447_,3.92µm
_00450_,3.92µm
_00455_,3.92µm
_00499_,3.92µm
_00537_,3.92µm
_00538_,3.92µm
_00544_,3.92µm
_00546_,3.92µm
_00548_,3.92µm
_00576_,3.92µm
_00586_,3.92µm
_00628_,3.92µm
_00664_,3.92µm
_00683_,3.92µm
_00688_,3.92µm
_00713_,3.92µm
_00723_,3.92µm
_00736_,3.92µm
_00746_,3.92µm
_00748_,3.92µm
_00749_,3.92µm
_00765_,3.92µm
_00780_,3.92µm
_00813_,3.92µm
_00827_,3.92µm
_00829_,3.92µm
_00835_,3.92µm
_00838_,3.92µm
_00855_,3.92µm
_00861_,3.92µm
_00868_,3.92µm
_00897_,3.92µm
_00932_,3.92µm
_00934_,3.92µm
_00968_,3.92µm
_00977_,3.92µm
_00990_,3.92µm
_01016_,3.92µm
_01052_,3.92µm
_01057_,3.92µm
_01094_,3.92µm
_01100_,3.92µm
_01109_,3.92µm
_01179_,3.92µm
_01193_,3.92µm
_01204_,3.92µm
_01208_,3.92µm
_01215_,3.92µm
_01247_,3.92µm
_01320_,3.92µm
_01394_,3.92µm
_01399_,3.92µm
_01423_,3.92µm
_01437_,3.92µm
_01447_,3.92µm
_01455_,3.92µm
_01478_,3.92µm
_01486_,3.92µm
_01491_,3.92µm
_01508_,3.92µm
_01551_,3.92µm
_01581_,3.92µm
_01586_,3.92µm
_01628_,3.92µm
_01653_,3.92µm
_01654_,3.92µm
_01706_,3.92µm
_01730_,3.92µm
_01734_,3.92µm
_01761_,3.92µm
_01769_,3.92µm
_01785_,3.92µm
_01831_,3.92µm
_01867_,3.92µm
_01874_,3.92µm
_01899_,3.92µm
_01915_,3.92µm
_01932_,3.92µm
_01964_,3.92µm
_01985_,3.92µm
_01997_,3.92µm
_02014_,3.92µm
_02016_,3.92µm
_02027_,3.92µm
_02036_,3.92µm
_02083_,3.92µm
_02092_,3.92µm
_02217_,3.92µm
_02243_,3.92µm
_02257_,3.92µm
_02258_,3.92µm
_02293_,3.92µm
_02297_,3.92µm
_02313_,3.92µm
_02353_,3.92µm
_02360_,3.92µm
_02376_,3.92µm
_02401_,3.92µm
_02433_,3.92µm
_02445_,3.92µm
_02449_,3.92µm
_02461_,3.92µm
_02474_,3.92µm
_02476_,3.92µm
_02508_,3.92µm
_02515_,3.92µm
_02519_,3.92µm
_02522_,3.92µm
_02556_,3.92µm
_02566_,3.92µm
_02598_,3.92µm
_02613_,3.92µm
_02615_,3.92µm
_02621_,3.92µm
_02675_,3.92µm
_02688_,3.92µm
_02711_,3.92µm
_02741_,3.92µm
_02752_,3.92µm
_02810_,3.92µm
_02832_,3.92µm
_02855_,3.92µm
_02878_,3.92µm
_02879_,3.92µm
_02907_,3.92µm
_02932_,3.92µm
_02939_,3.92µm
_02941_,3.92µm
_02973_,3.92µm
_02996_,3.92µm
_03008_,3.92µm
_03047_,3.92µm
_03092_,3.92µm
_03103_,3.92µm
_03172_,3.92µm
_03294_,3.92µm
_03317_,3.92µm
_03325_,3.92µm
_03360_,3.92µm
_03381_,3.92µm
_03438_,3.92µm
_03453_,3.92µm
_03486_,3.92µm
_03519_,3.92µm
_03525_,3.92µm
_03558_,3.92µm
_03603_,3.92µm
_03642_,3.92µm
_03653_,3.92µm
_03696_,3.92µm
_03728_,3.92µm
_03743_,3.92µm
_03746_,3.92µm
_03758_,3.92µm
_03767_,3.92µm
_03786_,3.92µm
_03821_,3.92µm
_03843_,3.92µm
_03858_,3.92µm
_03899_,3.92µm
_03916_,3.92µm
_03924_,3.92µm
_03971_,3.92µm
_03972_,3.92µm
_03984_,3.92µm
_03985_,3.92µm
_04039_,3.92µm
_04077_,3.92µm
_04127_,3.92µm
_04132_,3.92µm
_04188_,3.92µm
_04274_,3.92µm
_04285_,3.92µm
_04305_,3.92µm
_04360_,3.92µm
_04368_,3.92µm
_04635_,3.92µm
_04636_,3.92µm
_04638_,3.92µm
_04822_,3.92µm
_04841_,3.92µm
_04848_,3.92µm
_04862_,3.92µm
_04870_,3.92µm
_04877_,3.92µm
_04886_,3.92µm
_04937_,3.92µm
_04952_,3.92µm
_05006_,3.92µm
_05100_,3.92µm
_05138_,3.92µm
_05174_,3.92µm
_05193_,3.92µm
_05199_,3.92µm
_05222_,3.92µm
_05240_,3.92µm
_05248_,3.92µm
_05275_,3.92µm
_05287_,3.92µm
_05294_,3.92µm
_05354_,3.92µm
_05378_,3.92µm
_05390_,3.92µm
_05480_,3.92µm
_05483_,3.92µm
_05496_,3.92µm
_05502_,3.92µm
_05534_,3.92µm
_05557_,3.92µm
_05589_,3.92µm
_05618_,3.92µm
_05882_,3.92µm
_05886_,3.92µm
_05974_,3.92µm
_06075_,3.92µm
_06094_,3.92µm
_06183_,3.92µm
_06255_,3.92µm
_06273_,3.92µm
_06381_,3.92µm
_06393_,3.92µm
_06485_,3.92µm
_06497_,3.92µm
_06514_,3.92µm
_06749_,3.92µm
_06810_,3.92µm
_06849_,3.92µm
_06921_,3.92µm
_06951_,3.92µm
_07019_,3.92µm
_07021_,3.92µm
_07114_,3.92µm
_07234_,3.92µm
_07385_,3.92µm
_07392_,3.92µm
_07412_,3.92µm
_07416_,3.92µm
_07422_,3.92µm
_07436_,3.92µm
_07533_,3.92µm
_07620_,3.92µm
_07654_,3.92µm
_07739_,3.92µm
_07744_,3.92µm
_07891_,3.92µm
_07926_,3.92µm
_07965_,3.92µm
_07985_,3.92µm
_08045_,3.92µm
_08048_,3.92µm
_08183_,3.92µm
_08195_,3.92µm
_08258_,3.92µm
_08267_,3.92µm
_08410_,3.92µm
u_core.cmd_rdata\[19\],3.92µm
u_core.cmd_rdata\[21\],3.92µm
u_core.cmd_rdata\[22\],3.92µm
u_core.cmd_rdata\[29\],3.92µm
u_core.cmd_wdata_q\[24\],3.92µm
u_core.cmd_wdata_q\[25\],3.92µm
u_core.frame_hold\[16\],3.92µm
u_core.rd_addr_s\[2\],3.92µm
u_core.rx_sr\[20\],3.92µm
u_core.rx_sr\[23\],3.92µm
u_core.rx_sr\[24\],3.92µm
u_core.u_master.m_rdata\[11\],3.92µm
u_core.u_master.m_rdata\[15\],3.92µm
u_core.u_master.m_rdata\[9\],3.92µm
u_core.u_master.m_wdata\[21\],3.92µm
u_core.u_master.u_slave.core_dout_data\[117\],3.92µm
u_core.u_master.u_slave.core_dout_data\[121\],3.92µm
u_core.u_master.u_slave.core_dout_data\[123\],3.92µm
u_core.u_master.u_slave.core_dout_data\[125\],3.92µm
u_core.u_master.u_slave.core_dout_data\[16\],3.92µm
u_core.u_master.u_slave.core_dout_data\[65\],3.92µm
u_core.u_master.u_slave.core_dout_data\[89\],3.92µm
u_core.u_master.u_slave.core_dout_data\[95\],3.92µm
u_core.u_master.u_slave.core_t0\[13\],3.92µm
u_core.u_master.u_slave.core_t0\[20\],3.92µm
u_core.u_master.u_slave.core_t0\[36\],3.92µm
u_core.u_master.u_slave.core_t0\[45\],3.92µm
u_core.u_master.u_slave.core_t0\[52\],3.92µm
u_core.u_master.u_slave.core_t0\[56\],3.92µm
u_core.u_master.u_slave.core_t1\[11\],3.92µm
u_core.u_master.u_slave.core_t1\[12\],3.92µm
u_core.u_master.u_slave.core_t1\[13\],3.92µm
u_core.u_master.u_slave.core_t1\[29\],3.92µm
u_core.u_master.u_slave.core_t1\[31\],3.92µm
u_core.u_master.u_slave.core_t1\[7\],3.92µm
u_core.u_master.u_slave.dout_sh\[118\],3.92µm
u_core.u_master.u_slave.dout_sh\[62\],3.92µm
u_core.u_master.u_slave.dout_sh\[79\],3.92µm
u_core.u_master.u_slave.non0\[19\],3.92µm
u_core.u_master.u_slave.non0\[26\],3.92µm
u_core.u_master.u_slave.non2\[13\],3.92µm
u_core.u_master.u_slave.u_core.B4\[53\],3.92µm
u_core.u_master.u_slave.u_core.full_dout_q\[108\],3.92µm
u_core.u_master.u_slave.u_core.full_dout_q\[22\],3.92µm
u_core.u_master.u_slave.u_core.full_dout_q\[38\],3.92µm
u_core.u_master.u_slave.u_core.full_dout_q\[49\],3.92µm
u_core.u_master.u_slave.u_core.full_dout_q\[52\],3.92µm
u_core.u_master.u_slave.u_core.full_dout_q\[57\],3.92µm
u_core.u_master.u_slave.u_core.full_dout_q\[61\],3.92µm
u_core.u_master.u_slave.u_core.full_dout_q\[87\],3.92µm
u_core.u_master.u_slave.u_core.full_dout_q\[89\],3.92µm
u_core.u_master.u_slave.u_core.full_dout_q\[91\],3.92µm
u_core.u_master.u_slave.u_core.full_nS0_q\[10\],3.92µm
u_core.u_master.u_slave.u_core.full_nS0_q\[1\],3.92µm
u_core.u_master.u_slave.u_core.full_nS0_q\[53\],3.92µm
u_core.u_master.u_slave.u_core.full_nS0_q\[7\],3.92µm
u_core.u_master.u_slave.u_core.last_dout_q\[106\],3.92µm
u_core.u_master.u_slave.u_core.last_dout_q\[108\],3.92µm
u_core.u_master.u_slave.u_core.last_dout_q\[121\],3.92µm
u_core.u_master.u_slave.u_core.last_dout_q\[13\],3.92µm
u_core.u_master.u_slave.u_core.last_dout_q\[23\],3.92µm
u_core.u_master.u_slave.u_core.last_dout_q\[94\],3.92µm
u_core.u_master.u_slave.u_core.last_dout_q\[96\],3.92µm
u_core.u_master.u_slave.u_core.last_nrate_q\[10\],3.92µm
u_core.u_master.u_slave.u_core.last_nrate_q\[1\],3.92µm
u_core.u_master.u_slave.u_core.last_nrate_q\[3\],3.92µm
u_core.u_master.u_slave.u_core.last_nrate_q\[4\],3.92µm
u_core.u_master.u_slave.u_core.last_nrate_q\[53\],3.92µm
u_core.w0,3.92µm
net3595,3.92µm
net3706,3.92µm
net3726,3.92µm
net3736,3.92µm
net3773,3.92µm
net3928,3.92µm
net4072,3.92µm
net4239,3.92µm
net4480,3.92µm
net4556,3.92µm
net4616,3.92µm
net4659,3.92µm
net4741,3.92µm
net4812,3.92µm
net4879,3.92µm
net4970,3.92µm
net5152,3.92µm
net5184,3.92µm
net5236,3.92µm
net5276,3.92µm
net5342,3.92µm
net5396,3.92µm
net5433,3.92µm
net5436,3.92µm
net5461,3.92µm
net5465,3.92µm
net5471,3.92µm
net5611,3.92µm
net5768,3.92µm
net5800,3.92µm
net5831,3.92µm
net5877,3.92µm
net6000,3.92µm
net6012,3.92µm
net6029,3.92µm
net6098,3.92µm
net6103,3.92µm
net6116,3.92µm
net6200,3.92µm
net6221,3.92µm
net6234,3.92µm
net6258,3.92µm
net6354,3.92µm
net6393,3.92µm
net6435,3.92µm
net6496,3.92µm
net6499,3.92µm
net6533,3.92µm
net6536,3.92µm
net6549,3.92µm
net6622,3.92µm
net6749,3.92µm
net6813,3.92µm
net6871,3.92µm
net6921,3.92µm
net7054,3.92µm
net7083,3.92µm
net7254,3.92µm
net7292,3.92µm
net7328,3.92µm
net7351,3.92µm
net7397,3.92µm
net7411,3.92µm
net7455,3.92µm
net7457,3.92µm
net7517,3.92µm
net7521,3.92µm
net7547,3.92µm
net7595,3.92µm
net7608,3.92µm
net7752,3.92µm
net7771,3.92µm
net7823,3.92µm
net7870,3.92µm
net7935,3.92µm
net7952,3.92µm
net7967,3.92µm
net8019,3.92µm
net8096,3.92µm
net8112,3.92µm
net8180,3.92µm
net8228,3.92µm
net8249,3.92µm
net8344,3.92µm
net8440,3.92µm
net8540,3.92µm
_02507_,3.86µm
_00072_,3.46µm
_00112_,3.46µm
_00117_,3.46µm
_00123_,3.46µm
_00140_,3.46µm
_00385_,3.46µm
_00393_,3.46µm
_00463_,3.46µm
_00482_,3.46µm
_00555_,3.46µm
_00587_,3.46µm
_00712_,3.46µm
_00726_,3.46µm
_00728_,3.46µm
_00730_,3.46µm
_00734_,3.46µm
_00744_,3.46µm
_00812_,3.46µm
_01105_,3.46µm
_01185_,3.46µm
_01189_,3.46µm
_01239_,3.46µm
_01249_,3.46µm
_01332_,3.46µm
_01426_,3.46µm
_01594_,3.46µm
_01614_,3.46µm
_01617_,3.46µm
_01619_,3.46µm
_01629_,3.46µm
_01631_,3.46µm
_01633_,3.46µm
_01646_,3.46µm
_01651_,3.46µm
_01667_,3.46µm
_01685_,3.46µm
_01690_,3.46µm
_01701_,3.46µm
_01705_,3.46µm
_01708_,3.46µm
_01724_,3.46µm
_01758_,3.46µm
_01791_,3.46µm
_01805_,3.46µm
_01822_,3.46µm
_01990_,3.46µm
_02013_,3.46µm
_02081_,3.46µm
_02086_,3.46µm
_02100_,3.46µm
_02125_,3.46µm
_02145_,3.46µm
_02147_,3.46µm
_02173_,3.46µm
_02176_,3.46µm
_02178_,3.46µm
_02184_,3.46µm
_02209_,3.46µm
_02211_,3.46µm
_02331_,3.46µm
_02551_,3.46µm
_02586_,3.46µm
_02596_,3.46µm
_02649_,3.46µm
_02695_,3.46µm
_02772_,3.46µm
_02800_,3.46µm
_02826_,3.46µm
_02856_,3.46µm
_02881_,3.46µm
_02884_,3.46µm
_02891_,3.46µm
_02902_,3.46µm
_03011_,3.46µm
_03353_,3.46µm
_03367_,3.46µm
_03371_,3.46µm
_03441_,3.46µm
_03448_,3.46µm
_03510_,3.46µm
_03561_,3.46µm
_03615_,3.46µm
_03633_,3.46µm
_03678_,3.46µm
_03830_,3.46µm
_04109_,3.46µm
_04758_,3.46µm
_04759_,3.46µm
_04850_,3.46µm
_04875_,3.46µm
_05288_,3.46µm
_05528_,3.46µm
_05552_,3.46µm
_05858_,3.46µm
_05893_,3.46µm
_05897_,3.46µm
_06177_,3.46µm
_06369_,3.46µm
_06417_,3.46µm
_06479_,3.46µm
_06488_,3.46µm
_06564_,3.46µm
_07159_,3.46µm
_07377_,3.46µm
_07380_,3.46µm
_07394_,3.46µm
_07405_,3.46µm
_07407_,3.46µm
_07450_,3.46µm
_07685_,3.46µm
_07738_,3.46µm
_07757_,3.46µm
_07764_,3.46µm
_07895_,3.46µm
_08112_,3.46µm
_08342_,3.46µm
_08355_,3.46µm
u_core.cmd_rdata\[27\],3.46µm
u_core.cmd_rdata\[28\],3.46µm
u_core.cmd_wdata_q\[12\],3.46µm
u_core.cmd_wdata_q\[15\],3.46µm
u_core.frame_hold\[15\],3.46µm
u_core.frame_hold\[1\],3.46µm
u_core.miso_sr\[17\],3.46µm
u_core.r0,3.46µm
u_core.rreq_tgl,3.46µm
u_core.u_master.m_araddr\[2\],3.46µm
u_core.u_master.m_rdata\[20\],3.46µm
u_core.u_master.m_wdata\[24\],3.46µm
u_core.u_master.m_wdata\[31\],3.46µm
u_core.u_master.m_wdata\[3\],3.46µm
u_core.u_master.m_wdata\[5\],3.46µm
u_core.u_master.m_wdata\[8\],3.46µm
u_core.u_master.u_slave.core_dout_data\[13\],3.46µm
u_core.u_master.u_slave.core_dout_data\[3\],3.46µm
u_core.u_master.u_slave.core_dout_data\[63\],3.46µm
u_core.u_master.u_slave.core_dout_data\[76\],3.46µm
u_core.u_master.u_slave.core_dout_data\[82\],3.46µm
u_core.u_master.u_slave.core_t0\[28\],3.46µm
u_core.u_master.u_slave.core_t0\[34\],3.46µm
u_core.u_master.u_slave.core_t0\[5\],3.46µm
u_core.u_master.u_slave.core_t0\[9\],3.46µm
u_core.u_master.u_slave.core_t1\[18\],3.46µm
u_core.u_master.u_slave.core_t1\[21\],3.46µm
u_core.u_master.u_slave.core_t1\[30\],3.46µm
u_core.u_master.u_slave.dout_sh\[95\],3.46µm
u_core.u_master.u_slave.non0\[13\],3.46µm
u_core.u_master.u_slave.non1\[13\],3.46µm
u_core.u_master.u_slave.non1\[27\],3.46µm
u_core.u_master.u_slave.non2\[27\],3.46µm
u_core.u_master.u_slave.u_core.full_dout_q\[45\],3.46µm
u_core.u_master.u_slave.u_core.full_dout_q\[6\],3.46µm
u_core.u_master.u_slave.u_core.full_dout_q\[79\],3.46µm
u_core.u_master.u_slave.u_core.full_dout_q\[9\],3.46µm
u_core.u_master.u_slave.u_core.full_nS0_q\[52\],3.46µm
u_core.u_master.u_slave.u_core.last_dout_q\[113\],3.46µm
u_core.u_master.u_slave.u_core.ret_st\[1\],3.46µm
net3642,3.46µm
net3863,3.46µm
net3870,3.46µm
net3908,3.46µm
net3914,3.46µm
net4142,3.46µm
net4144,3.46µm
net4251,3.46µm
net4269,3.46µm
net4291,3.46µm
net4426,3.46µm
net4839,3.46µm
net4877,3.46µm
net4948,3.46µm
net5183,3.46µm
net5197,3.46µm
net5199,3.46µm
net5305,3.46µm
net5341,3.46µm
net5344,3.46µm
net5389,3.46µm
net5427,3.46µm
net5687,3.46µm
net5742,3.46µm
net5761,3.46µm
net5854,3.46µm
net5903,3.46µm
net5907,3.46µm
net5980,3.46µm
net6109,3.46µm
net6117,3.46µm
net6158,3.46µm
net6174,3.46µm
net6178,3.46µm
net6186,3.46µm
net6220,3.46µm
net6224,3.46µm
net6242,3.46µm
net6264,3.46µm
net6280,3.46µm
net6308,3.46µm
net6316,3.46µm
net6326,3.46µm
net6400,3.46µm
net6438,3.46µm
net6474,3.46µm
net6610,3.46µm
net6612,3.46µm
net6618,3.46µm
net6634,3.46µm
net6640,3.46µm
net6660,3.46µm
net6704,3.46µm
net6718,3.46µm
net6898,3.46µm
net6914,3.46µm
net6940,3.46µm
net6979,3.46µm
net7003,3.46µm
net7029,3.46µm
net7153,3.46µm
net7294,3.46µm
net7341,3.46µm
net7380,3.46µm
net7392,3.46µm
net7396,3.46µm
net7416,3.46µm
net7424,3.46µm
net7436,3.46µm
net7454,3.46µm
net7464,3.46µm
net7474,3.46µm
net7484,3.46µm
net7494,3.46µm
net7498,3.46µm
net7500,3.46µm
net7508,3.46µm
net7526,3.46µm
net7559,3.46µm
net7583,3.46µm
net7774,3.46µm
net7776,3.46µm
net7781,3.46µm
net7810,3.46µm
net7903,3.46µm
net7923,3.46µm
net7924,3.46µm
net7940,3.46µm
net7945,3.46µm
net8403,3.46µm
net8472,3.46µm
net8539,3.46µm
_03397_,3.41µm
_03424_,3.41µm
_03454_,3.41µm
_03677_,3.41µm
_04145_,3.41µm
_04750_,3.41µm
_04919_,3.41µm
_05013_,3.41µm
_05722_,3.41µm
_05955_,3.41µm
_06087_,3.41µm
_06201_,3.41µm
_06468_,3.41µm
_07709_,3.41µm
_07889_,3.41µm
u_core.u_master.u_slave.u_core.full_nS0_q\[36\],3.41µm
net3582,3.41µm
net4195,3.41µm
net4230,3.41µm
net4285,3.41µm
net4380,3.41µm
net4731,3.41µm
net4814,3.41µm
net4820,3.41µm
net4916,3.41µm
net5014,3.41µm
net5030,3.41µm
net5050,3.41µm
net5193,3.41µm
net5869,3.41µm
net6288,3.41µm
net7354,3.41µm
net7836,3.41µm
net7914,3.41µm
net7926,3.41µm
net7955,3.41µm
net8439,3.41µm
_00000_,3.36µm
_00029_,3.36µm
_00069_,3.36µm
_00092_,3.36µm
_00188_,3.36µm
_00210_,3.36µm
_00213_,3.36µm
_00222_,3.36µm
_00239_,3.36µm
_00241_,3.36µm
_00255_,3.36µm
_00264_,3.36µm
_00270_,3.36µm
_00309_,3.36µm
_00315_,3.36µm
_00316_,3.36µm
_00343_,3.36µm
_00344_,3.36µm
_00395_,3.36µm
_00409_,3.36µm
_00425_,3.36µm
_00476_,3.36µm
_00490_,3.36µm
_00520_,3.36µm
_00526_,3.36µm
_00528_,3.36µm
_00533_,3.36µm
_00556_,3.36µm
_00558_,3.36µm
_00560_,3.36µm
_00565_,3.36µm
_00585_,3.36µm
_00615_,3.36µm
_00619_,3.36µm
_00626_,3.36µm
_00632_,3.36µm
_00642_,3.36µm
_00645_,3.36µm
_00679_,3.36µm
_00698_,3.36µm
_00716_,3.36µm
_00771_,3.36µm
_00789_,3.36µm
_00825_,3.36µm
_00832_,3.36µm
_00857_,3.36µm
_00863_,3.36µm
_00869_,3.36µm
_00870_,3.36µm
_00889_,3.36µm
_00893_,3.36µm
_00894_,3.36µm
_00895_,3.36µm
_00922_,3.36µm
_00926_,3.36µm
_00929_,3.36µm
_00931_,3.36µm
_00954_,3.36µm
_00976_,3.36µm
_00995_,3.36µm
_01002_,3.36µm
_01024_,3.36µm
_01043_,3.36µm
_01064_,3.36µm
_01112_,3.36µm
_01131_,3.36µm
_01134_,3.36µm
_01198_,3.36µm
_01207_,3.36µm
_01211_,3.36µm
_01291_,3.36µm
_01299_,3.36µm
_01323_,3.36µm
_01344_,3.36µm
_01361_,3.36µm
_01362_,3.36µm
_01366_,3.36µm
_01381_,3.36µm
_01383_,3.36µm
_01393_,3.36µm
_01414_,3.36µm
_01421_,3.36µm
_01427_,3.36µm
_01445_,3.36µm
_01446_,3.36µm
_01458_,3.36µm
_01476_,3.36µm
_01488_,3.36µm
_01490_,3.36µm
_01499_,3.36µm
_01500_,3.36µm
_01502_,3.36µm
_01509_,3.36µm
_01521_,3.36µm
_01523_,3.36µm
_01543_,3.36µm
_01553_,3.36µm
_01556_,3.36µm
_01565_,3.36µm
_01630_,3.36µm
_01637_,3.36µm
_01656_,3.36µm
_01669_,3.36µm
_01671_,3.36µm
_01678_,3.36µm
_01683_,3.36µm
_01695_,3.36µm
_01696_,3.36µm
_01712_,3.36µm
_01754_,3.36µm
_01800_,3.36µm
_01804_,3.36µm
_01818_,3.36µm
_01845_,3.36µm
_01888_,3.36µm
_01893_,3.36µm
_01918_,3.36µm
_01930_,3.36µm
_01957_,3.36µm
_01977_,3.36µm
_01982_,3.36µm
_01989_,3.36µm
_02017_,3.36µm
_02019_,3.36µm
_02028_,3.36µm
_02041_,3.36µm
_02051_,3.36µm
_02069_,3.36µm
_02070_,3.36µm
_02093_,3.36µm
_02094_,3.36µm
_02117_,3.36µm
_02150_,3.36µm
_02193_,3.36µm
_02198_,3.36µm
_02219_,3.36µm
_02228_,3.36µm
_02292_,3.36µm
_02317_,3.36µm
_02333_,3.36µm
_02340_,3.36µm
_02350_,3.36µm
_02354_,3.36µm
_02364_,3.36µm
_02385_,3.36µm
_02444_,3.36µm
_02460_,3.36µm
_02481_,3.36µm
_02483_,3.36µm
_02498_,3.36µm
_02526_,3.36µm
_02538_,3.36µm
_02567_,3.36µm
_02617_,3.36µm
_02635_,3.36µm
_02672_,3.36µm
_02697_,3.36µm
_02719_,3.36µm
_02830_,3.36µm
_02838_,3.36µm
_02854_,3.36µm
_02948_,3.36µm
_02950_,3.36µm
_02968_,3.36µm
_02969_,3.36µm
_02970_,3.36µm
_03023_,3.36µm
_03038_,3.36µm
_03073_,3.36µm
_03077_,3.36µm
_03127_,3.36µm
_03150_,3.36µm
_03208_,3.36µm
_03251_,3.36µm
_03339_,3.36µm
_03341_,3.36µm
_03364_,3.36µm
_03417_,3.36µm
_03426_,3.36µm
_03432_,3.36µm
_03639_,3.36µm
_03657_,3.36µm
_03729_,3.36µm
_03770_,3.36µm
_03780_,3.36µm
_03785_,3.36µm
_03840_,3.36µm
_03849_,3.36µm
_03897_,3.36µm
_03967_,3.36µm
_04000_,3.36µm
_04031_,3.36µm
_04074_,3.36µm
_04141_,3.36µm
_04212_,3.36µm
_04258_,3.36µm
_04295_,3.36µm
_04326_,3.36µm
_04397_,3.36µm
_04553_,3.36µm
_04813_,3.36µm
_04823_,3.36µm
_04888_,3.36µm
_04898_,3.36µm
_04935_,3.36µm
_04974_,3.36µm
_04983_,3.36µm
_04993_,3.36µm
_05051_,3.36µm
_05057_,3.36µm
_05090_,3.36µm
_05125_,3.36µm
_05207_,3.36µm
_05216_,3.36µm
_05300_,3.36µm
_05402_,3.36µm
_05543_,3.36µm
_05568_,3.36µm
_05625_,3.36µm
_05675_,3.36µm
_05695_,3.36µm
_05741_,3.36µm
_05744_,3.36µm
_05788_,3.36µm
_05800_,3.36µm
_05833_,3.36µm
_05844_,3.36µm
_05877_,3.36µm
_05905_,3.36µm
_05938_,3.36µm
_05941_,3.36µm
_05951_,3.36µm
_05991_,3.36µm
_05998_,3.36µm
_06009_,3.36µm
_06017_,3.36µm
_06045_,3.36µm
_06057_,3.36µm
_06099_,3.36µm
_06147_,3.36µm
_06219_,3.36µm
_06225_,3.36µm
_06229_,3.36µm
_06321_,3.36µm
_06542_,3.36µm
_06627_,3.36µm
_06692_,3.36µm
_06705_,3.36µm
_06734_,3.36µm
_06735_,3.36µm
_06755_,3.36µm
_06791_,3.36µm
_06812_,3.36µm
_06829_,3.36µm
_06845_,3.36µm
_06847_,3.36µm
_06878_,3.36µm
_06888_,3.36µm
_06939_,3.36µm
_06999_,3.36µm
_07017_,3.36µm
_07063_,3.36µm
_07068_,3.36µm
_07148_,3.36µm
_07332_,3.36µm
_07341_,3.36µm
_07371_,3.36µm
_07382_,3.36µm
_07400_,3.36µm
_07409_,3.36µm
_07426_,3.36µm
_07440_,3.36µm
_07454_,3.36µm
_07501_,3.36µm
_07553_,3.36µm
_07802_,3.36µm
_07811_,3.36µm
_07816_,3.36µm
_07860_,3.36µm
_08032_,3.36µm
_08051_,3.36µm
_08139_,3.36µm
_08182_,3.36µm
_08189_,3.36µm
_08219_,3.36µm
_08299_,3.36µm
u_core.cmd_addr\[1\],3.36µm
u_core.cmd_rdata\[24\],3.36µm
u_core.cmd_rdata\[3\],3.36µm
u_core.cmd_rdata\[4\],3.36µm
u_core.cmd_wdata_q\[11\],3.36µm
u_core.frame_hold\[30\],3.36µm
u_core.miso_sr\[13\],3.36µm
u_core.miso_sr\[30\],3.36µm
u_core.miso_sr\[5\],3.36µm
u_core.u_master.m_rdata\[23\],3.36µm
u_core.u_master.m_rdata\[4\],3.36µm
u_core.u_master.m_rdata\[7\],3.36µm
u_core.u_master.u_slave.aw_hs,3.36µm
u_core.u_master.u_slave.core_dout_data\[103\],3.36µm
u_core.u_master.u_slave.core_dout_data\[118\],3.36µm
u_core.u_master.u_slave.core_dout_data\[22\],3.36µm
u_core.u_master.u_slave.core_dout_data\[23\],3.36µm
u_core.u_master.u_slave.core_dout_data\[50\],3.36µm
u_core.u_master.u_slave.core_dout_data\[55\],3.36µm
u_core.u_master.u_slave.core_dout_data\[57\],3.36µm
u_core.u_master.u_slave.core_dout_data\[59\],3.36µm
u_core.u_master.u_slave.core_dout_data\[75\],3.36µm
u_core.u_master.u_slave.core_dout_data\[94\],3.36µm
u_core.u_master.u_slave.core_t0\[1\],3.36µm
u_core.u_master.u_slave.core_t0\[22\],3.36µm
u_core.u_master.u_slave.core_t0\[26\],3.36µm
u_core.u_master.u_slave.core_t0\[2\],3.36µm
u_core.u_master.u_slave.core_t0\[41\],3.36µm
u_core.u_master.u_slave.core_t0\[51\],3.36µm
u_core.u_master.u_slave.core_t0\[55\],3.36µm
u_core.u_master.u_slave.core_t0\[60\],3.36µm
u_core.u_master.u_slave.core_t0\[61\],3.36µm
u_core.u_master.u_slave.core_t1\[27\],3.36µm
u_core.u_master.u_slave.core_t1\[33\],3.36µm
u_core.u_master.u_slave.core_t1\[34\],3.36µm
u_core.u_master.u_slave.core_t1\[56\],3.36µm
u_core.u_master.u_slave.dout_sh\[107\],3.36µm
u_core.u_master.u_slave.dout_sh\[70\],3.36µm
u_core.u_master.u_slave.non0\[12\],3.36µm
u_core.u_master.u_slave.non0\[15\],3.36µm
u_core.u_master.u_slave.non0\[18\],3.36µm
u_core.u_master.u_slave.non0\[27\],3.36µm
u_core.u_master.u_slave.non0\[29\],3.36µm
u_core.u_master.u_slave.non0\[4\],3.36µm
u_core.u_master.u_slave.tagr1\[5\],3.36µm
u_core.u_master.u_slave.u_core.full_dout_q\[127\],3.36µm
u_core.u_master.u_slave.u_core.full_dout_q\[25\],3.36µm
u_core.u_master.u_slave.u_core.full_dout_q\[46\],3.36µm
u_core.u_master.u_slave.u_core.full_dout_q\[73\],3.36µm
u_core.u_master.u_slave.u_core.full_dout_q\[75\],3.36µm
u_core.u_master.u_slave.u_core.last_dout_q\[17\],3.36µm
u_core.u_master.u_slave.u_core.last_dout_q\[40\],3.36µm
u_core.u_master.u_slave.u_core.last_dout_q\[42\],3.36µm
u_core.u_master.u_slave.u_core.last_dout_q\[49\],3.36µm
u_core.u_master.u_slave.u_core.last_dout_q\[56\],3.36µm
u_core.u_master.u_slave.u_core.last_dout_q\[61\],3.36µm
u_core.u_master.u_slave.u_core.last_dout_q\[70\],3.36µm
u_core.u_master.u_slave.u_core.last_dout_q\[71\],3.36µm
u_core.u_master.u_slave.u_core.last_dout_q\[92\],3.36µm
u_core.u_master.u_slave.u_core.last_nrate_q\[54\],3.36µm
u_core.u_master.u_slave.u_core.last_nrate_q\[6\],3.36µm
u_core.u_master.u_slave.u_core.last_nrate_q\[93\],3.36µm
u_core.u_master.u_slave.u_core.ret_st\[0\],3.36µm
u_core.u_rs_spi.m,3.36µm
net3609,3.36µm
net3656,3.36µm
net3671,3.36µm
net3682,3.36µm
net3686,3.36µm
net3732,3.36µm
net3748,3.36µm
net3788,3.36µm
net3851,3.36µm
net3864,3.36µm
net3902,3.36µm
net3943,3.36µm
net3963,3.36µm
net4039,3.36µm
net4207,3.36µm
net4247,3.36µm
net4346,3.36µm
net4507,3.36µm
net4584,3.36µm
net4633,3.36µm
net4689,3.36µm
net4726,3.36µm
net4799,3.36µm
net4815,3.36µm
net4818,3.36µm
net4824,3.36µm
net4832,3.36µm
net4858,3.36µm
net4892,3.36µm
net4902,3.36µm
net4998,3.36µm
net5068,3.36µm
net5245,3.36µm
net5258,3.36µm
net5262,3.36µm
net5266,3.36µm
net5301,3.36µm
net5307,3.36µm
net5369,3.36µm
net5394,3.36µm
net5429,3.36µm
net5500,3.36µm
net5531,3.36µm
net5568,3.36µm
net5579,3.36µm
net5583,3.36µm
net5653,3.36µm
net5688,3.36µm
net5698,3.36µm
net5750,3.36µm
net5780,3.36µm
net5787,3.36µm
net5888,3.36µm
net5891,3.36µm
net5924,3.36µm
net5926,3.36µm
net5936,3.36µm
net5961,3.36µm
net5985,3.36µm
net6004,3.36µm
net6028,3.36µm
net6044,3.36µm
net6070,3.36µm
net6102,3.36µm
net6148,3.36µm
net6151,3.36µm
net6166,3.36µm
net6179,3.36µm
net6191,3.36µm
net6204,3.36µm
net6225,3.36µm
net6270,3.36µm
net6306,3.36µm
net6359,3.36µm
net6433,3.36µm
net6509,3.36µm
net6526,3.36µm
net6637,3.36µm
net6666,3.36µm
net6725,3.36µm
net6737,3.36µm
net6795,3.36µm
net6799,3.36µm
net6816,3.36µm
net6820,3.36µm
net6825,3.36µm
net6835,3.36µm
net6866,3.36µm
net6937,3.36µm
net6959,3.36µm
net6992,3.36µm
net7093,3.36µm
net7141,3.36µm
net7242,3.36µm
net7323,3.36µm
net7365,3.36µm
net7435,3.36µm
net7449,3.36µm
net7461,3.36µm
net7499,3.36µm
net7523,3.36µm
net7544,3.36µm
net7645,3.36µm
net7663,3.36µm
net7691,3.36µm
net7704,3.36µm
net7727,3.36µm
net7766,3.36µm
net7865,3.36µm
net7894,3.36µm
net7936,3.36µm
net7961,3.36µm
net7974,3.36µm
net8058,3.36µm
net8065,3.36µm
net8075,3.36µm
net8104,3.36µm
net8192,3.36µm
net8215,3.36µm
net8293,3.36µm
net8311,3.36µm
net8415,3.36µm
net8476,3.36µm
net7694,3.3µm
net4131,3.13µm
net4844,3.08µm
_00009_,2.9µm
_00012_,2.9µm
_00044_,2.9µm
_03247_,2.9µm
_04116_,2.9µm
_04624_,2.9µm
_05212_,2.9µm
_05277_,2.9µm
_05278_,2.9µm
_05307_,2.9µm
_05350_,2.9µm
_05463_,2.9µm
_06071_,2.9µm
_06129_,2.9µm
_06243_,2.9µm
_07127_,2.9µm
_07295_,2.9µm
u_core.u_master.u_slave.non0\[9\],2.9µm
net3653,2.9µm
net4022,2.9µm
net4047,2.9µm
net4238,2.9µm
net4300,2.9µm
net4502,2.9µm
net4687,2.9µm
net5062,2.9µm
net5196,2.9µm
net5212,2.9µm
net5219,2.9µm
net5226,2.9µm
net5247,2.9µm
net5324,2.9µm
net5326,2.9µm
net5364,2.9µm
net5379,2.9µm
net5453,2.9µm
net5728,2.9µm
net5746,2.9µm
net5857,2.9µm
net5863,2.9µm
net5923,2.9µm
net5990,2.9µm
net6917,2.9µm
net7050,2.9µm
net7154,2.9µm
net7251,2.9µm
net7265,2.9µm
net7297,2.9µm
net7300,2.9µm
net7301,2.9µm
net7344,2.9µm
net8352,2.9µm
net8417,2.9µm
net8524,2.9µm
_04016_,2.85µm
_07496_,2.85µm
net4643,2.85µm
net4653,2.85µm
net4838,2.85µm
net4882,2.85µm
net5148,2.85µm
net5772,2.85µm
net6074,2.85µm
net7030,2.85µm
_00005_,2.8µm
_00033_,2.8µm
_00045_,2.8µm
_00068_,2.8µm
_00075_,2.8µm
_00119_,2.8µm
_00136_,2.8µm
_00158_,2.8µm
_00249_,2.8µm
_00256_,2.8µm
_00266_,2.8µm
_00275_,2.8µm
_00281_,2.8µm
_00283_,2.8µm
_00308_,2.8µm
_00371_,2.8µm
_00390_,2.8µm
_00397_,2.8µm
_00416_,2.8µm
_00421_,2.8µm
_00442_,2.8µm
_00452_,2.8µm
_00461_,2.8µm
_00468_,2.8µm
_00506_,2.8µm
_00511_,2.8µm
_00513_,2.8µm
_00532_,2.8µm
_00543_,2.8µm
_00545_,2.8µm
_00562_,2.8µm
_00564_,2.8µm
_00577_,2.8µm
_00593_,2.8µm
_00631_,2.8µm
_00648_,2.8µm
_00662_,2.8µm
_00669_,2.8µm
_00671_,2.8µm
_00678_,2.8µm
_00718_,2.8µm
_00722_,2.8µm
_00731_,2.8µm
_00764_,2.8µm
_00773_,2.8µm
_00778_,2.8µm
_00788_,2.8µm
_00864_,2.8µm
_00876_,2.8µm
_00930_,2.8µm
_00987_,2.8µm
_00994_,2.8µm
_01022_,2.8µm
_01027_,2.8µm
_01040_,2.8µm
_01051_,2.8µm
_01058_,2.8µm
_01068_,2.8µm
_01086_,2.8µm
_01088_,2.8µm
_01097_,2.8µm
_01098_,2.8µm
_01202_,2.8µm
_01212_,2.8µm
_01234_,2.8µm
_01376_,2.8µm
_01409_,2.8µm
_01410_,2.8µm
_01411_,2.8µm
_01415_,2.8µm
_01425_,2.8µm
_01428_,2.8µm
_01464_,2.8µm
_01472_,2.8µm
_01479_,2.8µm
_01484_,2.8µm
_01494_,2.8µm
_01506_,2.8µm
_01519_,2.8µm
_01554_,2.8µm
_01568_,2.8µm
_01582_,2.8µm
_01603_,2.8µm
_01611_,2.8µm
_01616_,2.8µm
_01625_,2.8µm
_01638_,2.8µm
_01659_,2.8µm
_01662_,2.8µm
_01681_,2.8µm
_01697_,2.8µm
_01698_,2.8µm
_01713_,2.8µm
_01728_,2.8µm
_01743_,2.8µm
_01753_,2.8µm
_01760_,2.8µm
_01786_,2.8µm
_01787_,2.8µm
_01792_,2.8µm
_01793_,2.8µm
_01795_,2.8µm
_01796_,2.8µm
_01807_,2.8µm
_01812_,2.8µm
_01814_,2.8µm
_01815_,2.8µm
_01824_,2.8µm
_01825_,2.8µm
_01836_,2.8µm
_01849_,2.8µm
_01856_,2.8µm
_01868_,2.8µm
_01890_,2.8µm
_01908_,2.8µm
_01912_,2.8µm
_01920_,2.8µm
_01954_,2.8µm
_01983_,2.8µm
_02007_,2.8µm
_02008_,2.8µm
_02010_,2.8µm
_02011_,2.8µm
_02047_,2.8µm
_02065_,2.8µm
_02068_,2.8µm
_02075_,2.8µm
_02085_,2.8µm
_02103_,2.8µm
_02137_,2.8µm
_02152_,2.8µm
_02167_,2.8µm
_02192_,2.8µm
_02205_,2.8µm
_02221_,2.8µm
_02247_,2.8µm
_02255_,2.8µm
_02268_,2.8µm
_02294_,2.8µm
_02341_,2.8µm
_02351_,2.8µm
_02352_,2.8µm
_02363_,2.8µm
_02375_,2.8µm
_02381_,2.8µm
_02409_,2.8µm
_02436_,2.8µm
_02454_,2.8µm
_02467_,2.8µm
_02479_,2.8µm
_02517_,2.8µm
_02528_,2.8µm
_02536_,2.8µm
_02537_,2.8µm
_02552_,2.8µm
_02645_,2.8µm
_02651_,2.8µm
_02754_,2.8µm
_02758_,2.8µm
_02774_,2.8µm
_02778_,2.8µm
_02780_,2.8µm
_02809_,2.8µm
_02827_,2.8µm
_02850_,2.8µm
_02874_,2.8µm
_02917_,2.8µm
_02958_,2.8µm
_02972_,2.8µm
_02977_,2.8µm
_02984_,2.8µm
_02993_,2.8µm
_03001_,2.8µm
_03108_,2.8µm
_03169_,2.8µm
_03323_,2.8µm
_03366_,2.8µm
_03390_,2.8µm
_03400_,2.8µm
_03430_,2.8µm
_03492_,2.8µm
_03499_,2.8µm
_03507_,2.8µm
_03517_,2.8µm
_03597_,2.8µm
_03737_,2.8µm
_03791_,2.8µm
_03879_,2.8µm
_03913_,2.8µm
_03927_,2.8µm
_03939_,2.8µm
_03964_,2.8µm
_03983_,2.8µm
_04009_,2.8µm
_04048_,2.8µm
_04071_,2.8µm
_04072_,2.8µm
_04086_,2.8µm
_04110_,2.8µm
_04126_,2.8µm
_04137_,2.8µm
_04171_,2.8µm
_04202_,2.8µm
_04208_,2.8µm
_04238_,2.8µm
_04249_,2.8µm
_04268_,2.8µm
_04386_,2.8µm
_04394_,2.8µm
_04663_,2.8µm
_04670_,2.8µm
_04679_,2.8µm
_04691_,2.8µm
_04692_,2.8µm
_04704_,2.8µm
_04814_,2.8µm
_04925_,2.8µm
_04929_,2.8µm
_04948_,2.8µm
_05014_,2.8µm
_05050_,2.8µm
_05072_,2.8µm
_05086_,2.8µm
_05114_,2.8µm
_05127_,2.8µm
_05136_,2.8µm
_05230_,2.8µm
_05264_,2.8µm
_05279_,2.8µm
_05296_,2.8µm
_05315_,2.8µm
_05318_,2.8µm
_05357_,2.8µm
_05366_,2.8µm
_05372_,2.8µm
_05385_,2.8µm
_05490_,2.8µm
_05587_,2.8µm
_05644_,2.8µm
_05668_,2.8µm
_05682_,2.8µm
_05686_,2.8µm
_05689_,2.8µm
_05738_,2.8µm
_05820_,2.8µm
_05926_,2.8µm
_05963_,2.8µm
_05981_,2.8µm
_06051_,2.8µm
_06123_,2.8µm
_06175_,2.8µm
_06213_,2.8µm
_06407_,2.8µm
_06428_,2.8µm
_06452_,2.8µm
_06554_,2.8µm
_06638_,2.8µm
_06711_,2.8µm
_06768_,2.8µm
_06832_,2.8µm
_06964_,2.8µm
_06970_,2.8µm
_07031_,2.8µm
_07046_,2.8µm
_07089_,2.8µm
_07143_,2.8µm
_07146_,2.8µm
_07328_,2.8µm
_07343_,2.8µm
_07353_,2.8µm
_07388_,2.8µm
_07641_,2.8µm
_07779_,2.8µm
_07788_,2.8µm
_07805_,2.8µm
_07910_,2.8µm
_07912_,2.8µm
_07950_,2.8µm
_07994_,2.8µm
_08008_,2.8µm
_08026_,2.8µm
_08038_,2.8µm
_08052_,2.8µm
_08101_,2.8µm
_08184_,2.8µm
_08233_,2.8µm
_08286_,2.8µm
_08330_,2.8µm
_08350_,2.8µm
_08378_,2.8µm
_08390_,2.8µm
net4,2.8µm
u_core.cmd_rdata\[0\],2.8µm
u_core.cmd_rdata\[15\],2.8µm
u_core.cmd_rdata\[7\],2.8µm
u_core.cmd_rw,2.8µm
u_core.miso_sr\[22\],2.8µm
u_core.u_master.m_rdata\[12\],2.8µm
u_core.u_master.m_rdata\[19\],2.8µm
u_core.u_master.m_rdata\[2\],2.8µm
u_core.u_master.m_rdata\[3\],2.8µm
u_core.u_master.m_rdata\[5\],2.8µm
u_core.u_master.u_slave.core_auth,2.8µm
u_core.u_master.u_slave.core_dout_data\[100\],2.8µm
u_core.u_master.u_slave.core_dout_data\[78\],2.8µm
u_core.u_master.u_slave.core_t0\[23\],2.8µm
u_core.u_master.u_slave.core_t0\[24\],2.8µm
u_core.u_master.u_slave.core_t0\[33\],2.8µm
u_core.u_master.u_slave.core_t0\[39\],2.8µm
u_core.u_master.u_slave.core_t0\[46\],2.8µm
u_core.u_master.u_slave.core_t1\[0\],2.8µm
u_core.u_master.u_slave.core_t1\[26\],2.8µm
u_core.u_master.u_slave.core_t1\[3\],2.8µm
u_core.u_master.u_slave.core_t1\[40\],2.8µm
u_core.u_master.u_slave.core_t1\[4\],2.8µm
u_core.u_master.u_slave.core_t1\[55\],2.8µm
u_core.u_master.u_slave.core_t1\[61\],2.8µm
u_core.u_master.u_slave.core_t1\[63\],2.8µm
u_core.u_master.u_slave.non0\[17\],2.8µm
u_core.u_master.u_slave.non0\[6\],2.8µm
u_core.u_master.u_slave.non0\[7\],2.8µm
u_core.u_master.u_slave.non1\[11\],2.8µm
u_core.u_master.u_slave.non1\[14\],2.8µm
u_core.u_master.u_slave.non1\[26\],2.8µm
u_core.u_master.u_slave.non2\[1\],2.8µm
u_core.u_master.u_slave.u_core.full_dout_q\[100\],2.8µm
u_core.u_master.u_slave.u_core.full_dout_q\[31\],2.8µm
u_core.u_master.u_slave.u_core.full_dout_q\[36\],2.8µm
u_core.u_master.u_slave.u_core.full_dout_q\[37\],2.8µm
u_core.u_master.u_slave.u_core.full_dout_q\[62\],2.8µm
u_core.u_master.u_slave.u_core.full_dout_q\[68\],2.8µm
u_core.u_master.u_slave.u_core.full_dout_q\[69\],2.8µm
u_core.u_master.u_slave.u_core.full_dout_q\[71\],2.8µm
u_core.u_master.u_slave.u_core.full_nS0_q\[12\],2.8µm
u_core.u_master.u_slave.u_core.full_nS0_q\[50\],2.8µm
u_core.u_master.u_slave.u_core.last_dout_q\[21\],2.8µm
u_core.u_master.u_slave.u_core.last_dout_q\[78\],2.8µm
u_core.u_master.u_slave.u_core.last_nrate_q\[122\],2.8µm
u_core.u_master.u_slave.u_core.last_nrate_q\[12\],2.8µm
u_core.u_master.u_slave.u_core.last_nrate_q\[52\],2.8µm
net3619,2.8µm
net3744,2.8µm
net3769,2.8µm
net3776,2.8µm
net3901,2.8µm
net3923,2.8µm
net3935,2.8µm
net3946,2.8µm
net3949,2.8µm
net3972,2.8µm
net3992,2.8µm
net4016,2.8µm
net4036,2.8µm
net4135,2.8µm
net4178,2.8µm
net4217,2.8µm
net4329,2.8µm
net4360,2.8µm
net4392,2.8µm
net4396,2.8µm
net4399,2.8µm
net4471,2.8µm
net4485,2.8µm
net4512,2.8µm
net4544,2.8µm
net4563,2.8µm
net4566,2.8µm
net4591,2.8µm
net4625,2.8µm
net4641,2.8µm
net4647,2.8µm
net4649,2.8µm
net4663,2.8µm
net4665,2.8µm
net4676,2.8µm
net4701,2.8µm
net4703,2.8µm
net4729,2.8µm
net4761,2.8µm
net4780,2.8µm
net4784,2.8µm
net4808,2.8µm
net4810,2.8µm
net4827,2.8µm
net4850,2.8µm
net4864,2.8µm
net4923,2.8µm
net4927,2.8µm
net4940,2.8µm
net4968,2.8µm
net4980,2.8µm
net4982,2.8µm
net4988,2.8µm
net5003,2.8µm
net5016,2.8µm
net5052,2.8µm
net5070,2.8µm
net5074,2.8µm
net5082,2.8µm
net5107,2.8µm
net5125,2.8µm
net5191,2.8µm
net5202,2.8µm
net5231,2.8µm
net5255,2.8µm
net5302,2.8µm
net5328,2.8µm
net5413,2.8µm
net5481,2.8µm
net5522,2.8µm
net5581,2.8µm
net5642,2.8µm
net5701,2.8µm
net5707,2.8µm
net5711,2.8µm
net5752,2.8µm
net5777,2.8µm
net5781,2.8µm
net5795,2.8µm
net5805,2.8µm
net5807,2.8µm
net5815,2.8µm
net5817,2.8µm
net5835,2.8µm
net5841,2.8µm
net5850,2.8µm
net5871,2.8µm
net5921,2.8µm
net6068,2.8µm
net6092,2.8µm
net6165,2.8µm
net6189,2.8µm
net6251,2.8µm
net6255,2.8µm
net6299,2.8µm
net6356,2.8µm
net6362,2.8µm
net6388,2.8µm
net6427,2.8µm
net6475,2.8µm
net6483,2.8µm
net6487,2.8µm
net6493,2.8µm
net6621,2.8µm
net6643,2.8µm
net6831,2.8µm
net6881,2.8µm
net6891,2.8µm
net6955,2.8µm
net7000,2.8µm
net7001,2.8µm
net7016,2.8µm
net7060,2.8µm
net7097,2.8µm
net7099,2.8µm
net7310,2.8µm
net7316,2.8µm
net7343,2.8µm
net7348,2.8µm
net7356,2.8µm
net7361,2.8µm
net7391,2.8µm
net7417,2.8µm
net7425,2.8µm
net7469,2.8µm
net7511,2.8µm
net7562,2.8µm
net7626,2.8µm
net7755,2.8µm
net8006,2.8µm
net8398,2.8µm
net8538,2.8µm
net8615,2.8µm
_00154_,2.34µm
_00363_,2.34µm
_02576_,2.34µm
_02669_,2.34µm
_02671_,2.34µm
_02707_,2.34µm
_02713_,2.34µm
_02720_,2.34µm
_02764_,2.34µm
_02880_,2.34µm
_02883_,2.34µm
_02914_,2.34µm
_02951_,2.34µm
_02978_,2.34µm
_02999_,2.34µm
_03074_,2.34µm
_03319_,2.34µm
_03489_,2.34µm
_03534_,2.34µm
_03776_,2.34µm
_04349_,2.34µm
_05179_,2.34µm
_05198_,2.34µm
_05504_,2.34µm
_06163_,2.34µm
_06962_,2.34µm
_07425_,2.34µm
_07427_,2.34µm
_07789_,2.34µm
_08159_,2.34µm
_08165_,2.34µm
_08334_,2.34µm
_08408_,2.34µm
u_core.miso_sr\[12\],2.34µm
u_core.u_master.m_araddr\[3\],2.34µm
u_core.u_master.m_rdata\[29\],2.34µm
u_core.u_master.m_wdata\[28\],2.34µm
u_core.u_master.u_slave.core_t0\[11\],2.34µm
u_core.u_master.u_slave.core_t0\[18\],2.34µm
u_core.u_master.u_slave.u_core.full_dout_q\[58\],2.34µm
u_core.u_master.u_slave.u_core.last_dout_q\[20\],2.34µm
u_core.u_master.u_slave.u_core.last_dout_q\[81\],2.34µm
u_core.u_master.u_slave.u_core.last_dout_q\[82\],2.34µm
u_core.u_master.u_slave.u_core.last_nrate_q\[11\],2.34µm
u_core.u_master.u_slave.u_core.last_nrate_q\[92\],2.34µm
_00001_,2.24µm
_00013_,2.24µm
_00059_,2.24µm
_00085_,2.24µm
_00372_,2.24µm
_00403_,2.24µm
_00448_,2.24µm
_00454_,2.24µm
_00457_,2.24µm
_00459_,2.24µm
_00481_,2.24µm
_00572_,2.24µm
_00721_,2.24µm
_00733_,2.24µm
_01101_,2.24µm
_01115_,2.24µm
_01243_,2.24µm
_01282_,2.24µm
_01286_,2.24µm
_01604_,2.24µm
_01649_,2.24µm
_01666_,2.24µm
_01763_,2.24µm
_01801_,2.24µm
_01834_,2.24µm
_01993_,2.24µm
_02272_,2.24µm
_02428_,2.24µm
_02590_,2.24µm
_02600_,2.24µm
_02627_,2.24µm
_02655_,2.24µm
_02687_,2.24µm
_02699_,2.24µm
_02731_,2.24µm
_02733_,2.24µm
_02801_,2.24µm
_02804_,2.24µm
_02816_,2.24µm
_02834_,2.24µm
_02847_,2.24µm
_02859_,2.24µm
_02885_,2.24µm
_02888_,2.24µm
_02894_,2.24µm
_02903_,2.24µm
_02916_,2.24µm
_03053_,2.24µm
_03062_,2.24µm
_03068_,2.24µm
_03079_,2.24µm
_03125_,2.24µm
_03220_,2.24µm
_03230_,2.24µm
_03311_,2.24µm
_03362_,2.24µm
_03420_,2.24µm
_03423_,2.24µm
_03429_,2.24µm
_03447_,2.24µm
_03581_,2.24µm
_03596_,2.24µm
_03645_,2.24µm
_03654_,2.24µm
_03684_,2.24µm
_03689_,2.24µm
_03714_,2.24µm
_03773_,2.24µm
_03798_,2.24µm
_03818_,2.24µm
_03875_,2.24µm
_04079_,2.24µm
_04199_,2.24µm
_04254_,2.24µm
_04320_,2.24µm
_04330_,2.24µm
_04676_,2.24µm
_04677_,2.24µm
_04753_,2.24µm
_04858_,2.24µm
_04865_,2.24µm
_05026_,2.24µm
_05044_,2.24µm
_05228_,2.24µm
_05259_,2.24µm
_05360_,2.24µm
_05391_,2.24µm
_05432_,2.24µm
_05561_,2.24µm
_05574_,2.24µm
_05693_,2.24µm
_05975_,2.24µm
_05996_,2.24µm
_06575_,2.24µm
_06624_,2.24µm
_06848_,2.24µm
_06924_,2.24µm
_06928_,2.24µm
_07004_,2.24µm
_07020_,2.24µm
_07097_,2.24µm
_07329_,2.24µm
_07376_,2.24µm
_07389_,2.24µm
_07415_,2.24µm
_07417_,2.24µm
_08109_,2.24µm
_08132_,2.24µm
_08176_,2.24µm
_08177_,2.24µm
_08394_,2.24µm
u_core.cmd_rdata\[12\],2.24µm
u_core.cmd_rdata\[16\],2.24µm
u_core.cmd_rdata\[31\],2.24µm
u_core.cmd_wdata_q\[5\],2.24µm
u_core.cst\[1\],2.24µm
u_core.frame_hold\[3\],2.24µm
u_core.miso_sr\[14\],2.24µm
u_core.miso_sr\[2\],2.24µm
u_core.rd_addr_s\[3\],2.24µm
u_core.rx_sr\[21\],2.24µm
u_core.u_master.m_rdata\[0\],2.24µm
u_core.u_master.m_rdata\[17\],2.24µm
u_core.u_master.m_rdata\[24\],2.24µm
u_core.u_master.u_slave.core_dout_data\[120\],2.24µm
u_core.u_master.u_slave.core_dout_data\[36\],2.24µm
u_core.u_master.u_slave.core_dout_data\[90\],2.24µm
u_core.u_master.u_slave.core_t0\[10\],2.24µm
u_core.u_master.u_slave.core_t0\[47\],2.24µm
u_core.u_master.u_slave.core_t1\[41\],2.24µm
u_core.u_master.u_slave.core_t1\[50\],2.24µm
u_core.u_master.u_slave.dout_sh\[72\],2.24µm
u_core.u_master.u_slave.non3\[13\],2.24µm
u_core.u_master.u_slave.u_core.full_dout_q\[112\],2.24µm
u_core.u_master.u_slave.u_core.full_dout_q\[121\],2.24µm
u_core.u_master.u_slave.u_core.full_dout_q\[35\],2.24µm
u_core.u_master.u_slave.u_core.full_dout_q\[60\],2.24µm
u_core.u_master.u_slave.u_core.full_nS0_q\[35\],2.24µm
u_core.u_master.u_slave.u_core.full_nS1_q\[62\],2.24µm
u_core.u_master.u_slave.u_core.last_dout_q\[124\],2.24µm
u_core.u_master.u_slave.u_core.last_dout_q\[52\],2.24µm
u_core.u_master.u_slave.u_core.last_dout_q\[60\],2.24µm
u_core.u_master.u_slave.u_core.last_dout_q\[68\],2.24µm
net4077,2.24µm
net4084,2.24µm
net4295,2.24µm
net4552,2.24µm
net4554,2.24µm
net4708,2.24µm
net5228,2.24µm
net5261,2.24µm
net5290,2.24µm
net5415,2.24µm
net5538,2.24µm
net5796,2.24µm
net5797,2.24µm
net5855,2.24µm
net5947,2.24µm
net5965,2.24µm
net6248,2.24µm
net6428,2.24µm
net6494,2.24µm
net6837,2.24µm
net6938,2.24µm
net7072,2.24µm
net7309,2.24µm
net7345,2.24µm
net7456,2.24µm
net7575,2.24µm
net7700,2.24µm
net7715,2.24µm
net7768,2.24µm
net7785,2.24µm
net7788,2.24µm
net7821,2.24µm
net7982,2.24µm
net7989,2.24µm
_03112_,1.78µm
_02924_,1.68µm
_02926_,1.68µm
_03040_,1.68µm
_03107_,1.68µm
_03217_,1.68µm
_03584_,1.68µm
_03600_,1.68µm
_03630_,1.68µm
_04189_,1.68µm
_04297_,1.68µm
_04533_,1.68µm
_04534_,1.68µm
_06081_,1.68µm
_06192_,1.68µm
_06193_,1.68µm
_06458_,1.68µm
_06800_,1.68µm
_06907_,1.68µm
_06957_,1.68µm
_07766_,1.68µm
_07780_,1.68µm
_08004_,1.68µm
_08154_,1.68µm
_08369_,1.68µm
_08374_,1.68µm
net4067,1.68µm
net4774,1.68µm
net5612,1.68µm
net5706,1.68µm
