
===========================================================================
Violator List
============================================================================
[setup reg-reg] _16858_/Q -> _16848_/RN : -739.961243
[setup reg-reg] _16858_/Q -> _16849_/RN : -739.961243
[setup reg-reg] _16858_/Q -> _16850_/RN : -739.961243
[setup reg-reg] _16858_/Q -> _16851_/RN : -739.961243
[setup reg-reg] _16858_/Q -> _16852_/RN : -739.961243
[setup reg-reg] _16858_/Q -> _16853_/RN : -739.961243
[setup reg-reg] _16858_/Q -> _16854_/RN : -739.961243
[setup reg-reg] _16858_/Q -> _16855_/RN : -739.961243
[setup reg-reg] _16858_/Q -> _16867_/RN : -739.961243
[setup reg-reg] _16858_/Q -> _16868_/RN : -739.961243
[setup reg-reg] _16858_/Q -> _16869_/RN : -739.961243
[setup reg-reg] _16858_/Q -> _16870_/RN : -739.961243
[setup reg-reg] _16858_/Q -> _16871_/RN : -739.961243
[setup reg-reg] _16858_/Q -> _16872_/RN : -739.961243
[setup reg-reg] _16858_/Q -> _16948_/RN : -739.961243
[setup reg-reg] _16858_/Q -> _16949_/RN : -739.961243
[setup reg-reg] _16858_/Q -> _16950_/RN : -739.961243
[setup reg-reg] _16858_/Q -> _16996_/RN : -739.961243
[setup reg-reg] _16858_/Q -> _16997_/RN : -739.961243
[setup reg-reg] _16858_/Q -> _16998_/RN : -739.961243
[setup reg-reg] _16858_/Q -> _16999_/RN : -739.961243
[setup reg-reg] _16858_/Q -> _17000_/RN : -739.961243
[setup reg-reg] _16858_/Q -> _17001_/RN : -739.961243
[setup reg-reg] _16858_/Q -> _17002_/RN : -739.961243
[setup reg-reg] _16858_/Q -> _17003_/RN : -739.961243
[setup reg-reg] _16858_/Q -> _17004_/RN : -739.961243
[setup reg-reg] _16858_/Q -> _17005_/RN : -739.961243
[setup reg-reg] _16858_/Q -> _17006_/RN : -739.961243
[setup reg-reg] _16858_/Q -> _17007_/RN : -739.961243
[setup reg-reg] _16858_/Q -> _17008_/RN : -739.961243
[setup reg-reg] _16858_/Q -> _17009_/RN : -739.961243
[setup reg-reg] _16858_/Q -> _17010_/RN : -739.961243
[setup reg-reg] _16858_/Q -> _17011_/RN : -739.961243
[setup reg-reg] _16858_/Q -> _17012_/RN : -739.961243
[setup reg-reg] _16858_/Q -> _17013_/RN : -739.961243
[setup reg-reg] _16858_/Q -> _17014_/RN : -739.961243
[setup reg-reg] _16858_/Q -> _17015_/RN : -739.961243
[setup reg-reg] _16858_/Q -> _17016_/RN : -739.961243
[setup reg-reg] _16858_/Q -> _17017_/RN : -739.961243
[setup reg-reg] _16858_/Q -> _17018_/RN : -739.961243
[setup reg-reg] _16858_/Q -> _17019_/RN : -739.961243
[setup reg-reg] _16858_/Q -> _17020_/RN : -739.961243
[setup reg-reg] _16858_/Q -> _17021_/RN : -739.961243
[setup reg-reg] _16858_/Q -> _17022_/RN : -739.961243
[setup reg-reg] _16858_/Q -> _17023_/RN : -739.961243
[setup reg-reg] _16858_/Q -> _17024_/RN : -739.961243
[setup reg-reg] _16858_/Q -> _17025_/RN : -739.961243
[setup reg-reg] _16858_/Q -> _17026_/RN : -739.961243
[setup reg-reg] _16858_/Q -> _17027_/RN : -739.961243
[setup reg-reg] _16858_/Q -> _17028_/RN : -739.961243
[setup reg-reg] _16858_/Q -> _17029_/RN : -739.961243
[setup reg-reg] _16858_/Q -> _17030_/RN : -739.961243
[setup reg-reg] _16858_/Q -> _17031_/RN : -739.961243
[setup reg-reg] _16858_/Q -> _17032_/RN : -739.961243
[setup reg-reg] _16858_/Q -> _17033_/RN : -739.961243
[setup reg-reg] _16858_/Q -> _17034_/RN : -739.961243
[setup reg-reg] _16858_/Q -> _17035_/RN : -739.961243
[setup reg-reg] _16858_/Q -> _17036_/RN : -739.961243
[setup reg-reg] _16858_/Q -> _17037_/RN : -739.961243
[setup reg-reg] _16858_/Q -> _17038_/RN : -739.961243
[setup reg-reg] _16858_/Q -> _17039_/RN : -739.961243
[setup reg-reg] _16858_/Q -> _17040_/RN : -739.961243
[setup reg-reg] _16858_/Q -> _17041_/RN : -739.961243
[setup reg-reg] _16858_/Q -> _17042_/RN : -739.961243
[setup reg-reg] _16858_/Q -> _17043_/RN : -739.961243
[setup reg-reg] _16858_/Q -> _17044_/RN : -739.961243
[setup reg-reg] _16858_/Q -> _17045_/RN : -739.961243
[setup reg-reg] _16858_/Q -> _17046_/RN : -739.961243
[setup reg-reg] _16858_/Q -> _17047_/RN : -739.961243
[setup reg-reg] _16858_/Q -> _17048_/RN : -739.961243
[setup reg-reg] _16858_/Q -> _17049_/RN : -739.961243
[setup reg-reg] _16858_/Q -> _17050_/RN : -739.961243
[setup reg-reg] _16858_/Q -> _17051_/RN : -739.961243
[setup reg-reg] _16858_/Q -> _17052_/RN : -739.961243
[setup reg-reg] _16858_/Q -> _17053_/RN : -739.961243
[setup reg-reg] _16858_/Q -> _17054_/RN : -739.961243
[setup reg-reg] _16858_/Q -> _17055_/RN : -739.961243
[setup reg-reg] _16858_/Q -> _17056_/RN : -739.961243
[setup reg-reg] _16858_/Q -> _17057_/RN : -739.961243
[setup reg-reg] _16858_/Q -> _17058_/RN : -739.961243
[setup reg-reg] _16858_/Q -> _17059_/RN : -739.961243
[setup reg-reg] _16858_/Q -> _17060_/RN : -739.961243
[setup reg-reg] _16858_/Q -> _17061_/RN : -739.961243
[setup reg-reg] _16858_/Q -> _17062_/RN : -739.961243
[setup reg-reg] _16858_/Q -> _17063_/RN : -739.961243
[setup reg-reg] _16858_/Q -> _17064_/RN : -739.961243
[setup reg-reg] _16858_/Q -> _17065_/RN : -739.961243
[setup reg-reg] _16858_/Q -> _17066_/RN : -739.961243
[setup reg-reg] _16858_/Q -> _17067_/RN : -739.961243
[setup reg-reg] _16858_/Q -> _17068_/RN : -739.961243
[setup reg-reg] _16858_/Q -> _17069_/RN : -739.961243
[setup reg-reg] _16858_/Q -> _17070_/RN : -739.961243
[setup reg-reg] _16858_/Q -> _17071_/RN : -739.961243
[setup reg-reg] _16858_/Q -> _17072_/RN : -739.961243
[setup reg-reg] _16858_/Q -> _17073_/RN : -739.961243
[setup reg-reg] _16858_/Q -> _17074_/RN : -739.961243
[setup reg-reg] _16858_/Q -> _17075_/RN : -739.961243
[setup reg-reg] _16858_/Q -> _17076_/RN : -739.961243
[setup reg-reg] _16858_/Q -> _17077_/RN : -739.961243
[setup reg-reg] _16858_/Q -> _17078_/RN : -739.961243
[setup reg-reg] _16858_/Q -> _17079_/RN : -739.961243
[setup reg-reg] _16858_/Q -> _17080_/RN : -739.961243
[setup reg-reg] _16858_/Q -> _17081_/RN : -739.961243
[setup reg-reg] _16858_/Q -> _17082_/RN : -739.961243
[setup reg-reg] _16858_/Q -> _17083_/RN : -739.961243
[setup reg-reg] _16858_/Q -> _17084_/RN : -739.961243
[setup reg-reg] _16858_/Q -> _17085_/RN : -739.961243
[setup reg-reg] _16858_/Q -> _17086_/RN : -739.961243
[setup reg-reg] _16858_/Q -> _17087_/RN : -739.961243
[setup reg-reg] _16858_/Q -> _17088_/RN : -739.961243
[setup reg-reg] _16858_/Q -> _17089_/RN : -739.961243
[setup reg-reg] _16858_/Q -> _17090_/RN : -739.961243
[setup reg-reg] _16858_/Q -> _17091_/RN : -739.961243
[setup reg-reg] _16858_/Q -> _17092_/RN : -739.961243
[setup reg-reg] _16858_/Q -> _17093_/RN : -739.961243
[setup reg-reg] _16858_/Q -> _17094_/RN : -739.961243
[setup reg-reg] _16858_/Q -> _17095_/RN : -739.961243
[setup reg-reg] _16858_/Q -> _17096_/RN : -739.961243
[setup reg-reg] _16858_/Q -> _17097_/RN : -739.961243
[setup reg-reg] _16858_/Q -> _17098_/RN : -739.961243
[setup reg-reg] _16858_/Q -> _17099_/RN : -739.961243
[setup reg-reg] _16858_/Q -> _17100_/RN : -739.961243
[setup reg-reg] _16858_/Q -> _17101_/RN : -739.961243
[setup reg-reg] _16858_/Q -> _17102_/RN : -739.961243
[setup reg-reg] _16858_/Q -> _17103_/RN : -739.961243
[setup reg-reg] _16858_/Q -> _17104_/RN : -739.961243
[setup reg-reg] _16858_/Q -> _17105_/RN : -739.961243
[setup reg-reg] _16858_/Q -> _17106_/RN : -739.961243
[setup reg-reg] _16858_/Q -> _17107_/RN : -739.961243
[setup reg-reg] _16858_/Q -> _17108_/RN : -739.961243
[setup reg-reg] _16858_/Q -> _17109_/RN : -739.961243
[setup reg-reg] _16858_/Q -> _17110_/RN : -739.961243
[setup reg-reg] _16858_/Q -> _17111_/RN : -739.961243
[setup reg-reg] _16858_/Q -> _17112_/RN : -739.961243
[setup reg-reg] _16858_/Q -> _17113_/RN : -739.961243
[setup reg-reg] _16858_/Q -> _17114_/RN : -739.961243
[setup reg-reg] _16858_/Q -> _17115_/RN : -739.961243
[setup reg-reg] _16858_/Q -> _17116_/RN : -739.961243
[setup reg-reg] _16858_/Q -> _17117_/RN : -739.961243
[setup reg-reg] _16858_/Q -> _17118_/RN : -739.961243
[setup reg-reg] _16858_/Q -> _17119_/RN : -739.961243
[setup reg-reg] _16858_/Q -> _17120_/RN : -739.961243
[setup reg-reg] _16858_/Q -> _17121_/RN : -739.961243
[setup reg-reg] _16858_/Q -> _17122_/RN : -739.961243
[setup reg-reg] _16858_/Q -> _17123_/RN : -739.961243
[setup reg-reg] _16858_/Q -> _17124_/RN : -739.961243
[setup reg-reg] _16858_/Q -> _17125_/RN : -739.961243
[setup reg-reg] _16858_/Q -> _17126_/RN : -739.961243
[setup reg-reg] _16858_/Q -> _17127_/RN : -739.961243
[setup reg-reg] _16858_/Q -> _17128_/RN : -739.961243
[setup reg-reg] _16858_/Q -> _17129_/RN : -739.961243
[setup reg-reg] _16858_/Q -> _17130_/RN : -739.961243
[setup reg-reg] _16858_/Q -> _17131_/RN : -739.961243
[setup reg-reg] _16858_/Q -> _17132_/RN : -739.961243
[setup reg-reg] _16858_/Q -> _17133_/RN : -739.961243
[setup reg-reg] _16858_/Q -> _17134_/RN : -739.961243
[setup reg-reg] _16858_/Q -> _17135_/RN : -739.961243
[setup reg-reg] _16858_/Q -> _17136_/RN : -739.961243
[setup reg-reg] _16858_/Q -> _17137_/RN : -739.961243
[setup reg-reg] _16858_/Q -> _17138_/RN : -739.961243
[setup reg-reg] _16858_/Q -> _17139_/RN : -739.961243
[setup reg-reg] _16858_/Q -> _17140_/RN : -739.961243
[setup reg-reg] _16858_/Q -> _17141_/RN : -739.961243
[setup reg-reg] _16858_/Q -> _17142_/RN : -739.961243
[setup reg-reg] _16858_/Q -> _17143_/RN : -739.961243
[setup reg-reg] _16858_/Q -> _17144_/RN : -739.961243
[setup reg-reg] _16858_/Q -> _17145_/RN : -739.961243
[setup reg-reg] _16858_/Q -> _17146_/RN : -739.961243
[setup reg-reg] _16858_/Q -> _17147_/RN : -739.961243
[setup reg-reg] _16858_/Q -> _17148_/RN : -739.961243
[setup reg-reg] _16858_/Q -> _17149_/RN : -739.961243
[setup reg-reg] _16858_/Q -> _17150_/RN : -739.961243
[setup reg-reg] _16858_/Q -> _17151_/RN : -739.961243
[setup reg-reg] _16858_/Q -> _17152_/RN : -739.961243
[setup reg-reg] _16858_/Q -> _17153_/RN : -739.961243
[setup reg-reg] _16858_/Q -> _17154_/RN : -739.961243
[setup reg-reg] _16858_/Q -> _17155_/RN : -739.961243
[setup reg-reg] _16858_/Q -> _17156_/RN : -739.961243
[setup reg-reg] _16858_/Q -> _17157_/RN : -739.961243
[setup reg-reg] _16858_/Q -> _17158_/RN : -739.961243
[setup reg-reg] _16858_/Q -> _17159_/RN : -739.961243
[setup reg-reg] _16858_/Q -> _17160_/RN : -739.961243
[setup reg-reg] _16858_/Q -> _17161_/RN : -739.961243
[setup reg-reg] _16858_/Q -> _17162_/RN : -739.961243
[setup reg-reg] _16858_/Q -> _17163_/RN : -739.961243
[setup reg-reg] _16858_/Q -> _17164_/RN : -739.961243
[setup reg-reg] _16858_/Q -> _17165_/RN : -739.961243
[setup reg-reg] _16858_/Q -> _17166_/RN : -739.961243
[setup reg-reg] _16858_/Q -> _17167_/RN : -739.961243
[setup reg-reg] _16858_/Q -> _17168_/RN : -739.961243
[setup reg-reg] _16858_/Q -> _17169_/RN : -739.961243
[setup reg-reg] _16858_/Q -> _17170_/RN : -739.961243
[setup reg-reg] _16858_/Q -> _17171_/RN : -739.961243
[setup reg-reg] _16858_/Q -> _17172_/RN : -739.961243
[setup reg-reg] _16858_/Q -> _17173_/RN : -739.961243
[setup reg-reg] _16858_/Q -> _17174_/RN : -739.961243
[setup reg-reg] _16858_/Q -> _17175_/RN : -739.961243
[setup reg-reg] _16858_/Q -> _17176_/RN : -739.961243
[setup reg-reg] _16858_/Q -> _17177_/RN : -739.961243
[setup reg-reg] _16858_/Q -> _17178_/RN : -739.961243
[setup reg-reg] _16858_/Q -> _17179_/RN : -739.961243
[setup reg-reg] _16858_/Q -> _17180_/RN : -739.961243
[setup reg-reg] _16858_/Q -> _17181_/RN : -739.961243
[setup reg-reg] _16858_/Q -> _17182_/RN : -739.961243
[setup reg-reg] _16858_/Q -> _17183_/RN : -739.961243
[setup reg-reg] _16858_/Q -> _17184_/RN : -739.961243
[setup reg-reg] _16858_/Q -> _17185_/RN : -739.961243
[setup reg-reg] _16858_/Q -> _17186_/RN : -739.961243
[setup reg-reg] _16858_/Q -> _17187_/RN : -739.961243
[setup reg-reg] _16858_/Q -> _17188_/RN : -739.961243
[setup reg-reg] _16858_/Q -> _17189_/RN : -739.961243
[setup reg-reg] _16858_/Q -> _17190_/RN : -739.961243
[setup reg-reg] _16858_/Q -> _17191_/RN : -739.961243
[setup reg-reg] _16858_/Q -> _17192_/RN : -739.961243
[setup reg-reg] _16858_/Q -> _17193_/RN : -739.961243
[setup reg-reg] _16858_/Q -> _17194_/RN : -739.961243
[setup reg-reg] _16858_/Q -> _17195_/RN : -739.961243
[setup reg-reg] _16858_/Q -> _17196_/RN : -739.961243
[setup reg-reg] _16858_/Q -> _17197_/RN : -739.961243
[setup reg-reg] _16858_/Q -> _17198_/RN : -739.961243
[setup reg-reg] _16858_/Q -> _17199_/RN : -739.961243
[setup reg-reg] _16858_/Q -> _17200_/RN : -739.961243
[setup reg-reg] _16858_/Q -> _17201_/RN : -739.961243
[setup reg-reg] _16858_/Q -> _17202_/RN : -739.961243
[setup reg-reg] _16858_/Q -> _17203_/RN : -739.961243
[setup reg-reg] _16858_/Q -> _17204_/RN : -739.961243
[setup reg-reg] _16858_/Q -> _17205_/RN : -739.961243
[setup reg-reg] _16858_/Q -> _17206_/RN : -739.961243
[setup reg-reg] _16858_/Q -> _17207_/RN : -739.961243
[setup reg-reg] _16858_/Q -> _17208_/RN : -739.961243
[setup reg-reg] _16858_/Q -> _17209_/RN : -739.961243
[setup reg-reg] _16858_/Q -> _17210_/RN : -739.961243
[setup reg-reg] _16858_/Q -> _17211_/RN : -739.961243
[setup reg-reg] _16858_/Q -> _17212_/RN : -739.961243
[setup reg-reg] _16858_/Q -> _17213_/RN : -739.961243
[setup reg-reg] _16858_/Q -> _17214_/RN : -739.961243
[setup reg-reg] _16858_/Q -> _17215_/RN : -739.961243
[setup reg-reg] _16858_/Q -> _17216_/RN : -739.961243
[setup reg-reg] _16858_/Q -> _17217_/RN : -739.961243
[setup reg-reg] _16858_/Q -> _17218_/RN : -739.961243
[setup reg-reg] _16858_/Q -> _17219_/RN : -739.961243
[setup reg-reg] _16858_/Q -> _17220_/RN : -739.961243
[setup reg-reg] _16858_/Q -> _17221_/RN : -739.961243
[setup reg-reg] _16858_/Q -> _17222_/RN : -739.961243
[setup reg-reg] _16858_/Q -> _17223_/RN : -739.961243
[setup reg-reg] _16858_/Q -> _17224_/RN : -739.961243
[setup reg-reg] _16858_/Q -> _17225_/RN : -739.961243
[setup reg-reg] _16858_/Q -> _17226_/RN : -739.961243
[setup reg-reg] _16858_/Q -> _17227_/RN : -739.961243
[setup reg-reg] _16858_/Q -> _17228_/RN : -739.961243
[setup reg-reg] _16858_/Q -> _17229_/RN : -739.961243
[setup reg-reg] _16858_/Q -> _17230_/RN : -739.961243
[setup reg-reg] _16858_/Q -> _17231_/RN : -739.961243
[setup reg-reg] _16858_/Q -> _17232_/RN : -739.961243
[setup reg-reg] _16858_/Q -> _17233_/RN : -739.961243
[setup reg-reg] _16858_/Q -> _17234_/RN : -739.961243
[setup reg-reg] _16858_/Q -> _17235_/RN : -739.961243
[setup reg-reg] _16858_/Q -> _17236_/RN : -739.961243
[setup reg-reg] _16858_/Q -> _17237_/RN : -739.961243
[setup reg-reg] _16858_/Q -> _17238_/RN : -739.961243
[setup reg-reg] _16858_/Q -> _17239_/RN : -739.961243
[setup reg-reg] _16858_/Q -> _17240_/RN : -739.961243
[setup reg-reg] _16858_/Q -> _17241_/RN : -739.961243
[setup reg-reg] _16858_/Q -> _17242_/RN : -739.961243
[setup reg-reg] _16858_/Q -> _17243_/RN : -739.961243
[setup reg-reg] _16858_/Q -> _17244_/RN : -739.961243
[setup reg-reg] _16858_/Q -> _17245_/RN : -739.961243
[setup reg-reg] _16858_/Q -> _17246_/RN : -739.961243
[setup reg-reg] _16858_/Q -> _17247_/RN : -739.961243
[setup reg-reg] _16858_/Q -> _17248_/RN : -739.961243
[setup reg-reg] _16858_/Q -> _17249_/RN : -739.961243
[setup reg-reg] _16858_/Q -> _17250_/RN : -739.961243
[setup reg-reg] _16858_/Q -> _17251_/RN : -739.961243
[setup reg-reg] _16858_/Q -> _17252_/RN : -739.961243
[setup reg-reg] _16858_/Q -> _17253_/RN : -739.961243
[setup reg-reg] _16858_/Q -> _17254_/RN : -739.961243
[setup reg-reg] _16858_/Q -> _17255_/RN : -739.961243
[setup reg-reg] _16858_/Q -> _17256_/RN : -739.961243
[setup reg-reg] _16858_/Q -> _17257_/RN : -739.961243
[setup reg-reg] _16858_/Q -> _17258_/RN : -739.961243
[setup reg-reg] _16858_/Q -> _17259_/RN : -739.961243
[setup reg-reg] _16858_/Q -> _17260_/RN : -739.961243
[setup reg-reg] _16858_/Q -> _17261_/RN : -739.961243
[setup reg-reg] _16858_/Q -> _17262_/RN : -739.961243
[setup reg-reg] _16858_/Q -> _17263_/RN : -739.961243
[setup reg-reg] _16858_/Q -> _17264_/RN : -739.961243
[setup reg-reg] _16858_/Q -> _17265_/RN : -739.961243
[setup reg-reg] _16858_/Q -> _17266_/RN : -739.961243
[setup reg-reg] _16858_/Q -> _17267_/RN : -739.961243
[setup reg-reg] _16858_/Q -> _17268_/RN : -739.961243
[setup reg-reg] _16858_/Q -> _17269_/RN : -739.961243
[setup reg-reg] _16858_/Q -> _17270_/RN : -739.961243
[setup reg-reg] _16858_/Q -> _17271_/RN : -739.961243
[setup reg-reg] _16858_/Q -> _17272_/RN : -739.961243
[setup reg-reg] _16858_/Q -> _17273_/RN : -739.961243
[setup reg-reg] _16858_/Q -> _17274_/RN : -739.961243
[setup reg-reg] _16858_/Q -> _17275_/RN : -739.961243
[setup reg-reg] _16858_/Q -> _17276_/RN : -739.961243
[setup reg-reg] _16858_/Q -> _17277_/RN : -739.961243
[setup reg-reg] _16858_/Q -> _17278_/RN : -739.961243
[setup reg-reg] _16858_/Q -> _17279_/RN : -739.961243
[setup reg-reg] _16858_/Q -> _17280_/RN : -739.961243
[setup reg-reg] _16858_/Q -> _17281_/RN : -739.961243
[setup reg-reg] _16858_/Q -> _17282_/RN : -739.961243
[setup reg-reg] _16858_/Q -> _17283_/RN : -739.961243
[setup reg-reg] _16858_/Q -> _17284_/RN : -739.961243
[setup reg-reg] _16858_/Q -> _17285_/RN : -739.961243
[setup reg-reg] _16858_/Q -> _17286_/RN : -739.961243
[setup reg-reg] _16858_/Q -> _17287_/RN : -739.961243
[setup reg-reg] _16858_/Q -> _17288_/RN : -739.961243
[setup reg-reg] _16858_/Q -> _17289_/RN : -739.961243
[setup reg-reg] _16858_/Q -> _17290_/RN : -739.961243
[setup reg-reg] _16858_/Q -> _17291_/RN : -739.961243
[setup reg-reg] _16858_/Q -> _17292_/RN : -739.961243
[setup reg-reg] _16858_/Q -> _17293_/RN : -739.961243
[setup reg-reg] _16858_/Q -> _17294_/RN : -739.961243
[setup reg-reg] _16858_/Q -> _17295_/RN : -739.961243
[setup reg-reg] _16858_/Q -> _17296_/RN : -739.961243
[setup reg-reg] _16858_/Q -> _17297_/RN : -739.961243
[setup reg-reg] _16858_/Q -> _17298_/RN : -739.961243
[setup reg-reg] _16858_/Q -> _17299_/RN : -739.961243
[setup reg-reg] _16858_/Q -> _17300_/RN : -739.961243
[setup reg-reg] _16858_/Q -> _17301_/RN : -739.961243
[setup reg-reg] _16858_/Q -> _17302_/RN : -739.961243
[setup reg-reg] _16858_/Q -> _17303_/RN : -739.961243
[setup reg-reg] _16858_/Q -> _17304_/RN : -739.961243
[setup reg-reg] _16858_/Q -> _17305_/RN : -739.961243
[setup reg-reg] _16858_/Q -> _17306_/RN : -739.961243
[setup reg-reg] _16858_/Q -> _17307_/RN : -739.961243
[setup reg-reg] _16858_/Q -> _17308_/RN : -739.961243
[setup reg-reg] _16858_/Q -> _17309_/RN : -739.961243
[setup reg-reg] _16858_/Q -> _17310_/RN : -739.961243
[setup reg-reg] _16858_/Q -> _17311_/RN : -739.961243
[setup reg-reg] _16858_/Q -> _17312_/RN : -739.961243
[setup reg-reg] _16858_/Q -> _17313_/RN : -739.961243
[setup reg-reg] _16858_/Q -> _17314_/RN : -739.961243
[setup reg-reg] _16858_/Q -> _17315_/RN : -739.961243
[setup reg-reg] _16858_/Q -> _17316_/RN : -739.961243
[setup reg-reg] _16858_/Q -> _17317_/RN : -739.961243
[setup reg-reg] _16858_/Q -> _17318_/RN : -739.961243
[setup reg-reg] _16858_/Q -> _17319_/RN : -739.961243
[setup reg-reg] _16858_/Q -> _17320_/RN : -739.961243
[setup reg-reg] _16858_/Q -> _17321_/RN : -739.961243
[setup reg-reg] _16858_/Q -> _17322_/RN : -739.961243
[setup reg-reg] _16858_/Q -> _17323_/RN : -739.961243
[setup reg-reg] _16858_/Q -> _17324_/RN : -739.961243
[setup reg-reg] _16858_/Q -> _17325_/RN : -739.961243
[setup reg-reg] _16858_/Q -> _17326_/RN : -739.961243
[setup reg-reg] _16858_/Q -> _17327_/RN : -739.961243
[setup reg-reg] _16858_/Q -> _17328_/RN : -739.961243
[setup reg-reg] _16858_/Q -> _17329_/RN : -739.961243
[setup reg-reg] _16858_/Q -> _17330_/RN : -739.961243
[setup reg-reg] _16858_/Q -> _17331_/RN : -739.961243
[setup reg-reg] _16858_/Q -> _17332_/RN : -739.961243
[setup reg-reg] _16858_/Q -> _17333_/RN : -739.961243
[setup reg-reg] _16858_/Q -> _17334_/RN : -739.961243
[setup reg-reg] _16858_/Q -> _17335_/RN : -739.961243
[setup reg-reg] _16858_/Q -> _17336_/RN : -739.961243
[setup reg-reg] _16858_/Q -> _17337_/RN : -739.961243
[setup reg-reg] _16858_/Q -> _17338_/RN : -739.961243
[setup reg-reg] _16858_/Q -> _17339_/RN : -739.961243
[setup reg-reg] _16858_/Q -> _17340_/RN : -739.961243
[setup reg-reg] _16858_/Q -> _17341_/RN : -739.961243
[setup reg-reg] _16858_/Q -> _17342_/RN : -739.961243
[setup reg-reg] _16858_/Q -> _17343_/RN : -739.961243
[setup reg-reg] _16858_/Q -> _17344_/RN : -739.961243
[setup reg-reg] _16858_/Q -> _17345_/RN : -739.961243
[setup reg-reg] _16858_/Q -> _17346_/RN : -739.961243
[setup reg-reg] _16858_/Q -> _17347_/RN : -739.961243
[setup reg-reg] _16858_/Q -> _17348_/RN : -739.961243
[setup reg-reg] _16858_/Q -> _17349_/RN : -739.961243
[setup reg-reg] _16858_/Q -> _17350_/RN : -739.961243
[setup reg-reg] _16858_/Q -> _17351_/RN : -739.961243
[setup reg-reg] _16858_/Q -> _17352_/RN : -739.961243
[setup reg-reg] _16858_/Q -> _17353_/RN : -739.961243
[setup reg-reg] _16858_/Q -> _17354_/RN : -739.961243
[setup reg-reg] _16858_/Q -> _17355_/RN : -739.961243
[setup reg-reg] _16858_/Q -> _17356_/RN : -739.961243
[setup reg-reg] _16858_/Q -> _17357_/RN : -739.961243
[setup reg-reg] _16858_/Q -> _17358_/RN : -739.961243
[setup reg-reg] _16858_/Q -> _17359_/RN : -739.961243
[setup reg-reg] _16858_/Q -> _17360_/RN : -739.961243
[setup reg-reg] _16858_/Q -> _17361_/RN : -739.961243
[setup reg-reg] _16858_/Q -> _17362_/RN : -739.961243
[setup reg-reg] _16858_/Q -> _17363_/RN : -739.961243
[setup reg-reg] _16858_/Q -> _17364_/RN : -739.961243
[setup reg-reg] _16858_/Q -> _17365_/RN : -739.961243
[setup reg-reg] _16858_/Q -> _17366_/RN : -739.961243
[setup reg-reg] _16858_/Q -> _17367_/RN : -739.961243
[setup reg-reg] _16858_/Q -> _17368_/RN : -739.961243
[setup reg-reg] _16858_/Q -> _17369_/RN : -739.961243
[setup reg-reg] _16858_/Q -> _17370_/RN : -739.961243
[setup reg-reg] _16858_/Q -> _17371_/RN : -739.961243
[setup reg-reg] _16858_/Q -> _17372_/RN : -739.961243
[setup reg-reg] _16858_/Q -> _17373_/RN : -739.961243
[setup reg-reg] _16858_/Q -> _17374_/RN : -739.961243
[setup reg-reg] _16858_/Q -> _17375_/RN : -739.961243
[setup reg-reg] _16858_/Q -> _17376_/RN : -739.961243
[setup reg-reg] _16858_/Q -> _17377_/RN : -739.961243
[setup reg-reg] _16858_/Q -> _17378_/RN : -739.961243
[setup reg-reg] _16858_/Q -> _17379_/RN : -739.961243
[setup reg-reg] _16858_/Q -> _17380_/RN : -739.961243
[setup reg-reg] _16858_/Q -> _17381_/RN : -739.961243
[setup reg-reg] _16858_/Q -> _17382_/RN : -739.961243
[setup reg-reg] _16858_/Q -> _17383_/RN : -739.961243
[setup reg-reg] _16858_/Q -> _17384_/RN : -739.961243
[setup reg-reg] _16858_/Q -> _17385_/RN : -739.961243
[setup reg-reg] _16858_/Q -> _17386_/RN : -739.961243
[setup reg-reg] _16858_/Q -> _17387_/RN : -739.961243
[setup reg-reg] _16858_/Q -> _17388_/RN : -739.961243
[setup reg-reg] _16858_/Q -> _17389_/RN : -739.961243
[setup reg-reg] _16858_/Q -> _17390_/RN : -739.961243
[setup reg-reg] _16858_/Q -> _17391_/RN : -739.961243
[setup reg-reg] _16858_/Q -> _17392_/RN : -739.961243
[setup reg-reg] _16858_/Q -> _17393_/RN : -739.961243
[setup reg-reg] _16858_/Q -> _17394_/RN : -739.961243
[setup reg-reg] _16858_/Q -> _17395_/RN : -739.961243
[setup reg-reg] _16858_/Q -> _17396_/RN : -739.961243
[setup reg-reg] _16858_/Q -> _17397_/RN : -739.961243
[setup reg-reg] _16858_/Q -> _17398_/RN : -739.961243
[setup reg-reg] _16858_/Q -> _17399_/RN : -739.961243
[setup reg-reg] _16858_/Q -> _17400_/RN : -739.961243
[setup reg-reg] _16858_/Q -> _17401_/RN : -739.961243
[setup reg-reg] _16858_/Q -> _17402_/RN : -739.961243
[setup reg-reg] _16858_/Q -> _17403_/RN : -739.961243
[setup reg-reg] _16858_/Q -> _17404_/RN : -739.961243
[setup reg-reg] _16858_/Q -> _17405_/RN : -739.961243
[setup reg-reg] _16858_/Q -> _17406_/RN : -739.961243
[setup reg-reg] _16858_/Q -> _17407_/RN : -739.961243
[setup reg-reg] _16858_/Q -> _17408_/RN : -739.961243
[setup reg-reg] _16858_/Q -> _17409_/RN : -739.961243
[setup reg-reg] _16858_/Q -> _17410_/RN : -739.961243
[setup reg-reg] _16858_/Q -> _17411_/RN : -739.961243
[setup reg-reg] _16858_/Q -> _17412_/RN : -739.961243
[setup reg-reg] _16858_/Q -> _17413_/RN : -739.961243
[setup reg-reg] _16858_/Q -> _17414_/RN : -739.961243
[setup reg-reg] _16858_/Q -> _17415_/RN : -739.961243
[setup reg-reg] _16858_/Q -> _17416_/RN : -739.961243
[setup reg-reg] _16858_/Q -> _17417_/RN : -739.961243
[setup reg-reg] _16858_/Q -> _17418_/RN : -739.961243
[setup reg-reg] _16858_/Q -> _17419_/RN : -739.961243
[setup reg-reg] _16858_/Q -> _17420_/RN : -739.961243
[setup reg-reg] _16858_/Q -> _17421_/RN : -739.961243
[setup reg-reg] _16858_/Q -> _17422_/RN : -739.961243
[setup reg-reg] _16858_/Q -> _17423_/RN : -739.961243
[setup reg-reg] _16858_/Q -> _17424_/RN : -739.961243
[setup reg-reg] _16858_/Q -> _17425_/RN : -739.961243
[setup reg-reg] _16858_/Q -> _17426_/RN : -739.961243
[setup reg-reg] _16858_/Q -> _17427_/RN : -739.961243
[setup reg-reg] _16858_/Q -> _17428_/RN : -739.961243
[setup reg-reg] _16858_/Q -> _17429_/RN : -739.961243
[setup reg-reg] _16858_/Q -> _17430_/RN : -739.961243
[setup reg-reg] _16858_/Q -> _17431_/RN : -739.961243
[setup reg-reg] _16858_/Q -> _17432_/RN : -739.961243
[setup reg-reg] _16858_/Q -> _17433_/RN : -739.961243
[setup reg-reg] _16858_/Q -> _17434_/RN : -739.961243
[setup reg-reg] _16858_/Q -> _17435_/RN : -739.961243
[setup reg-reg] _16858_/Q -> _17436_/RN : -739.961243
[setup reg-reg] _16858_/Q -> _17437_/RN : -739.961243
[setup reg-reg] _16858_/Q -> _17438_/RN : -739.961243
[setup reg-reg] _16858_/Q -> _17439_/RN : -739.961243
[setup reg-reg] _16858_/Q -> _17440_/RN : -739.961243
[setup reg-reg] _16858_/Q -> _17441_/RN : -739.961243
[setup reg-reg] _16858_/Q -> _17442_/RN : -739.961243
[setup reg-reg] _16858_/Q -> _17443_/RN : -739.961243
[setup reg-reg] _16858_/Q -> _17444_/RN : -739.961243
[setup reg-reg] _16858_/Q -> _17445_/RN : -739.961243
[setup reg-reg] _16858_/Q -> _17446_/RN : -739.961243
[setup reg-reg] _16858_/Q -> _17447_/RN : -739.961243
[setup reg-reg] _16858_/Q -> _17448_/RN : -739.961243
[setup reg-reg] _16858_/Q -> _17449_/RN : -739.961243
[setup reg-reg] _16858_/Q -> _17450_/RN : -739.961243
[setup reg-reg] _16858_/Q -> _17451_/RN : -739.961243
[setup reg-reg] _16858_/Q -> _17452_/RN : -739.961243
[setup reg-reg] _16858_/Q -> _17453_/RN : -739.961243
[setup reg-reg] _16858_/Q -> _17454_/RN : -739.961243
[setup reg-reg] _16858_/Q -> _17455_/RN : -739.961243
[setup reg-reg] _16858_/Q -> _17456_/RN : -739.961243
[setup reg-reg] _16858_/Q -> _17457_/RN : -739.961243
[setup reg-reg] _16858_/Q -> _17458_/RN : -739.961243
[setup reg-reg] _16858_/Q -> _17459_/RN : -739.961243
[setup reg-reg] _16858_/Q -> _17460_/RN : -739.961243
[setup reg-reg] _16858_/Q -> _17461_/RN : -739.961243
[setup reg-reg] _16858_/Q -> _17462_/RN : -739.961243
[setup reg-reg] _16858_/Q -> _17463_/RN : -739.961243
[setup reg-reg] _16858_/Q -> _17464_/RN : -739.961243
[setup reg-reg] _16858_/Q -> _17465_/RN : -739.961243
[setup reg-reg] _16858_/Q -> _17466_/RN : -739.961243
[setup reg-reg] _16858_/Q -> _17467_/RN : -739.961243
[setup reg-reg] _16858_/Q -> _17468_/RN : -739.961243
[setup reg-reg] _16858_/Q -> _17469_/RN : -739.961243
[setup reg-reg] _16858_/Q -> _17470_/RN : -739.961243
[setup reg-reg] _16858_/Q -> _17471_/RN : -739.961243
[setup reg-reg] _16858_/Q -> _17472_/RN : -739.961243
[setup reg-reg] _16858_/Q -> _17473_/RN : -739.961243
[setup reg-reg] _16858_/Q -> _17474_/RN : -739.961243
[setup reg-reg] _16858_/Q -> _17475_/RN : -739.961243
[setup reg-reg] _16858_/Q -> _17476_/RN : -739.961243
[setup reg-reg] _16858_/Q -> _17477_/RN : -739.961243
[setup reg-reg] _16858_/Q -> _17478_/RN : -739.961243
[setup reg-reg] _16858_/Q -> _17479_/RN : -739.961243
[setup reg-reg] _16858_/Q -> _17480_/RN : -739.961243
[setup reg-reg] _16858_/Q -> _17481_/RN : -739.961243
[setup reg-reg] _16858_/Q -> _17482_/RN : -739.961243
[setup reg-reg] _16858_/Q -> _17483_/RN : -739.961243
[setup reg-reg] _16858_/Q -> _17484_/RN : -739.961243
[setup reg-reg] _16858_/Q -> _17485_/RN : -739.961243
[setup reg-reg] _16858_/Q -> _17486_/RN : -739.961243
[setup reg-reg] _16858_/Q -> _17487_/RN : -739.961243
[setup reg-reg] _16858_/Q -> _17488_/RN : -739.961243
[setup reg-reg] _16858_/Q -> _17489_/RN : -739.961243
[setup reg-reg] _16858_/Q -> _17490_/RN : -739.961243
[setup reg-reg] _16858_/Q -> _17491_/RN : -739.961243
[setup reg-reg] _16858_/Q -> _17492_/RN : -739.961243
[setup reg-reg] _16858_/Q -> _17493_/RN : -739.961243
[setup reg-reg] _16858_/Q -> _17494_/RN : -739.961243
[setup reg-reg] _16858_/Q -> _17495_/RN : -739.961243
[setup reg-reg] _16858_/Q -> _17496_/RN : -739.961243
[setup reg-reg] _16858_/Q -> _17497_/RN : -739.961243
[setup reg-reg] _16858_/Q -> _17498_/RN : -739.961243
[setup reg-reg] _16858_/Q -> _17499_/RN : -739.961243
[setup reg-reg] _16858_/Q -> _17500_/RN : -739.961243
[setup reg-reg] _16858_/Q -> _17501_/RN : -739.961243
[setup reg-reg] _16858_/Q -> _17502_/RN : -739.961243
[setup reg-reg] _16858_/Q -> _17503_/RN : -739.961243
[setup reg-reg] _16858_/Q -> _17504_/RN : -739.961243
[setup reg-reg] _16858_/Q -> _17505_/RN : -739.961243
[setup reg-reg] _16858_/Q -> _17506_/RN : -739.961243
[setup reg-reg] _16858_/Q -> _17507_/RN : -739.961243
[setup reg-reg] _16858_/Q -> _17508_/RN : -739.961243
[setup reg-reg] _16858_/Q -> _17509_/RN : -739.961243
[setup reg-reg] _16858_/Q -> _17510_/RN : -739.961243
[setup reg-reg] _16858_/Q -> _17511_/RN : -739.961243
[setup reg-reg] _16858_/Q -> _17512_/RN : -739.961243
[setup reg-reg] _16858_/Q -> _17513_/RN : -739.961243
[setup reg-reg] _16858_/Q -> _17514_/RN : -739.961243
[setup reg-reg] _16858_/Q -> _17515_/RN : -739.961243
[setup reg-reg] _16858_/Q -> _17516_/RN : -739.961243
[setup reg-reg] _16858_/Q -> _17517_/RN : -739.961243
[setup reg-reg] _16858_/Q -> _17518_/RN : -739.961243
[setup reg-reg] _16858_/Q -> _17519_/RN : -739.961243
[setup reg-reg] _16858_/Q -> _17520_/RN : -739.961243
[setup reg-reg] _16858_/Q -> _17521_/RN : -739.961243
[setup reg-reg] _16858_/Q -> _17522_/RN : -739.961243
[setup reg-reg] _16858_/Q -> _17523_/RN : -739.961243
[setup reg-reg] _16858_/Q -> _17524_/RN : -739.961243
[setup reg-reg] _16858_/Q -> _17525_/RN : -739.961243
[setup reg-reg] _16858_/Q -> _17526_/RN : -739.961243
[setup reg-reg] _16858_/Q -> _17527_/RN : -739.961243
[setup reg-reg] _16858_/Q -> _17528_/RN : -739.961243
[setup reg-reg] _16858_/Q -> _17529_/RN : -739.961243
[setup reg-reg] _16858_/Q -> _17530_/RN : -739.961243
[setup reg-reg] _16858_/Q -> _17531_/RN : -739.961243
[setup reg-reg] _16858_/Q -> _17532_/RN : -739.961243
[setup reg-reg] _16858_/Q -> _17533_/RN : -739.961243
[setup reg-reg] _16858_/Q -> _17534_/RN : -739.961243
[setup reg-reg] _16858_/Q -> _17535_/RN : -739.961243
[setup reg-reg] _16858_/Q -> _17536_/RN : -739.961243
[setup reg-reg] _16858_/Q -> _17537_/RN : -739.961243
[setup reg-reg] _16858_/Q -> _17538_/RN : -739.961243
[setup reg-reg] _16858_/Q -> _17539_/RN : -739.961243
[setup reg-reg] _16858_/Q -> _17540_/RN : -739.961243
[setup reg-reg] _16858_/Q -> _17541_/RN : -739.961243
[setup reg-reg] _16858_/Q -> _17542_/RN : -739.961243
[setup reg-reg] _16858_/Q -> _17543_/RN : -739.961243
[setup reg-reg] _16858_/Q -> _17544_/RN : -739.961243
[setup reg-reg] _16858_/Q -> _17545_/RN : -739.961243
[setup reg-reg] _16858_/Q -> _17546_/RN : -739.961243
[setup reg-reg] _16858_/Q -> _17547_/RN : -739.961243
[setup reg-reg] _16858_/Q -> _17548_/RN : -739.961243
[setup reg-reg] _16858_/Q -> _17549_/RN : -739.961243
[setup reg-reg] _16858_/Q -> _17550_/RN : -739.961243
[setup reg-reg] _16858_/Q -> _17551_/RN : -739.961243
[setup reg-reg] _16858_/Q -> _17552_/RN : -739.961243
[setup reg-reg] _16858_/Q -> _17553_/RN : -739.961243
[setup reg-reg] _16858_/Q -> _17554_/RN : -739.961243
[setup reg-reg] _16858_/Q -> _17555_/RN : -739.961243
[setup reg-reg] _16858_/Q -> _17556_/RN : -739.961243
[setup reg-reg] _16858_/Q -> _17557_/RN : -739.961243
[setup reg-reg] _16858_/Q -> _17558_/RN : -739.961243
[setup reg-reg] _16858_/Q -> _17559_/RN : -739.961243
[setup reg-reg] _16858_/Q -> _17560_/RN : -739.961243
[setup reg-reg] _16858_/Q -> _17561_/RN : -739.961243
[setup reg-reg] _16858_/Q -> _17562_/RN : -739.961243
[setup reg-reg] _16858_/Q -> _17563_/RN : -739.961243
[setup reg-reg] _16858_/Q -> _17564_/RN : -739.961243
[setup reg-reg] _16858_/Q -> _17565_/RN : -739.961243
[setup reg-reg] _16858_/Q -> _17566_/RN : -739.961243
[setup reg-reg] _16858_/Q -> _17567_/RN : -739.961243
[setup reg-reg] _16858_/Q -> _17568_/RN : -739.961243
[setup reg-reg] _16858_/Q -> _17569_/RN : -739.961243
[setup reg-reg] _16858_/Q -> _17570_/RN : -739.961243
[setup reg-reg] _16858_/Q -> _17571_/RN : -739.961243
[setup reg-reg] _16858_/Q -> _17572_/RN : -739.961243
[setup reg-reg] _16858_/Q -> _17573_/RN : -739.961243
[setup reg-reg] _16858_/Q -> _17574_/RN : -739.961243
[setup reg-reg] _16858_/Q -> _17575_/RN : -739.961243
[setup reg-reg] _16858_/Q -> _17576_/RN : -739.961243
[setup reg-reg] _16858_/Q -> _17577_/RN : -739.961243
[setup reg-reg] _16858_/Q -> _17578_/RN : -739.961243
[setup reg-reg] _16858_/Q -> _17579_/RN : -739.961243
[setup reg-reg] _16858_/Q -> _17580_/RN : -739.961243
[setup reg-reg] _16858_/Q -> _17581_/RN : -739.961243
[setup reg-reg] _16858_/Q -> _17582_/RN : -739.961243
[setup reg-reg] _16858_/Q -> _17583_/RN : -739.961243
[setup reg-reg] _16858_/Q -> _17584_/RN : -739.961243
[setup reg-reg] _16858_/Q -> _17585_/RN : -739.961243
[setup reg-reg] _16858_/Q -> _17586_/RN : -739.961243
[setup reg-reg] _16858_/Q -> _17587_/RN : -739.961243
[setup reg-reg] _16858_/Q -> _17588_/RN : -739.961243
[setup reg-reg] _16858_/Q -> _17589_/RN : -739.961243
[setup reg-reg] _16858_/Q -> _17590_/RN : -739.961243
[setup reg-reg] _16858_/Q -> _17591_/RN : -739.961243
[setup reg-reg] _16858_/Q -> _17592_/RN : -739.961243
[setup reg-reg] _16858_/Q -> _17593_/RN : -739.961243
[setup reg-reg] _16858_/Q -> _17594_/RN : -739.961243
[setup reg-reg] _16858_/Q -> _17595_/RN : -739.961243
[setup reg-reg] _16858_/Q -> _17596_/RN : -739.961243
[setup reg-reg] _16858_/Q -> _17597_/RN : -739.961243
[setup reg-reg] _16858_/Q -> _17598_/RN : -739.961243
[setup reg-reg] _16858_/Q -> _17599_/RN : -739.961243
[setup reg-reg] _16858_/Q -> _17600_/RN : -739.961243
[setup reg-reg] _16858_/Q -> _17601_/RN : -739.961243
[setup reg-reg] _16858_/Q -> _17602_/RN : -739.961243
[setup reg-reg] _16858_/Q -> _17603_/RN : -739.961243
[setup reg-reg] _16858_/Q -> _17604_/RN : -739.961243
[setup reg-reg] _16858_/Q -> _17605_/RN : -739.961243
[setup reg-reg] _16858_/Q -> _17606_/RN : -739.961243
[setup reg-reg] _16858_/Q -> _17607_/RN : -739.961243
[setup reg-reg] _16858_/Q -> _17608_/RN : -739.961243
[setup reg-reg] _16858_/Q -> _17609_/RN : -739.961243
[setup reg-reg] _16858_/Q -> _17610_/RN : -739.961243
[setup reg-reg] _16858_/Q -> _17611_/RN : -739.961243
[setup reg-reg] _16858_/Q -> _17612_/RN : -739.961243
[setup reg-reg] _16858_/Q -> _17613_/RN : -739.961243
[setup reg-reg] _16858_/Q -> _17614_/RN : -739.961243
[setup reg-reg] _16858_/Q -> _17615_/RN : -739.961243
[setup reg-reg] _16858_/Q -> _17616_/RN : -739.961243
[setup reg-reg] _16858_/Q -> _17617_/RN : -739.961243
[setup reg-reg] _16858_/Q -> _17618_/RN : -739.961243
[setup reg-reg] _16858_/Q -> _17619_/RN : -739.961243
[setup reg-reg] _16858_/Q -> _17620_/RN : -739.961243
[setup reg-reg] _16858_/Q -> _17621_/RN : -739.961243
[setup reg-reg] _16858_/Q -> _17622_/RN : -739.961243
[setup reg-reg] _16858_/Q -> _17623_/RN : -739.961243
[setup reg-reg] _16858_/Q -> _17624_/RN : -739.961243
[setup reg-reg] _16858_/Q -> _17625_/RN : -739.961243
[setup reg-reg] _16858_/Q -> _17626_/RN : -739.961243
[setup reg-reg] _16858_/Q -> _17627_/RN : -739.961243
[setup reg-reg] _16858_/Q -> _17628_/RN : -739.961243
[setup reg-reg] _16858_/Q -> _17629_/RN : -739.961243
[setup reg-reg] _16858_/Q -> _17630_/RN : -739.961243
[setup reg-reg] _16858_/Q -> _17631_/RN : -739.961243
[setup reg-reg] _16858_/Q -> _17632_/RN : -739.961243
[setup reg-reg] _16858_/Q -> _17633_/RN : -739.961243
[setup reg-reg] _16858_/Q -> _17634_/RN : -739.961243
[setup reg-reg] _16858_/Q -> _17635_/RN : -739.961243
[setup reg-reg] _16858_/Q -> _17636_/RN : -739.961243
[setup reg-reg] _16858_/Q -> _17637_/RN : -739.961243
[setup reg-reg] _16858_/Q -> _17638_/RN : -739.961243
[setup reg-reg] _16858_/Q -> _17639_/RN : -739.961243
[setup reg-reg] _16858_/Q -> _17640_/RN : -739.961243
[setup reg-reg] _16858_/Q -> _17641_/RN : -739.961243
[setup reg-reg] _16858_/Q -> _17642_/RN : -739.961243
[setup reg-reg] _16858_/Q -> _17643_/RN : -739.961243
[setup reg-reg] _16858_/Q -> _17644_/RN : -739.961243
[setup reg-reg] _16858_/Q -> _17645_/RN : -739.961243
[setup reg-reg] _16858_/Q -> _17646_/RN : -739.961243
[setup reg-reg] _16858_/Q -> _17647_/RN : -739.961243
[setup reg-reg] _16858_/Q -> _17648_/RN : -739.961243
[setup reg-reg] _16858_/Q -> _17649_/RN : -739.961243
[setup reg-reg] _16858_/Q -> _17650_/RN : -739.961243
[setup reg-reg] _16858_/Q -> _17651_/RN : -739.961243
[setup reg-reg] _16858_/Q -> _17652_/RN : -739.961243
[setup reg-reg] _16858_/Q -> _17653_/RN : -739.961243
[setup reg-reg] _16858_/Q -> _17654_/RN : -739.961243
[setup reg-reg] _16858_/Q -> _17655_/RN : -739.961243
[setup reg-reg] _16858_/Q -> _17656_/RN : -739.961243
[setup reg-reg] _16858_/Q -> _17657_/RN : -739.961243
[setup reg-reg] _16858_/Q -> _17658_/RN : -739.961243
[setup reg-reg] _16858_/Q -> _17659_/RN : -739.961243
[setup reg-reg] _16858_/Q -> _17660_/RN : -739.961243
[setup reg-reg] _16858_/Q -> _17661_/RN : -739.961243
[setup reg-reg] _16858_/Q -> _17662_/RN : -739.961243
[setup reg-reg] _16858_/Q -> _17663_/RN : -739.961243
[setup reg-reg] _16858_/Q -> _17664_/RN : -739.961243
[setup reg-reg] _16858_/Q -> _17665_/RN : -739.961243
[setup reg-reg] _16858_/Q -> _17666_/RN : -739.961243
[setup reg-reg] _16858_/Q -> _17667_/RN : -739.961243
[setup reg-reg] _16858_/Q -> _17668_/RN : -739.961243
[setup reg-reg] _16858_/Q -> _17669_/RN : -739.961243
[setup reg-reg] _16858_/Q -> _17670_/RN : -739.961243
[setup reg-reg] _16858_/Q -> _17671_/RN : -739.961243
[setup reg-reg] _16858_/Q -> _17672_/RN : -739.961243
[setup reg-reg] _16858_/Q -> _17673_/RN : -739.961243
[setup reg-reg] _16858_/Q -> _17674_/RN : -739.961243
[setup reg-reg] _16858_/Q -> _17675_/RN : -739.961243
[setup reg-reg] _16858_/Q -> _17676_/RN : -739.961243
[setup reg-reg] _16858_/Q -> _17677_/RN : -739.961243
[setup reg-reg] _16858_/Q -> _17678_/RN : -739.961243
[setup reg-reg] _16858_/Q -> _17679_/RN : -739.961243
[setup reg-reg] _16858_/Q -> _17680_/RN : -739.961243
[setup reg-reg] _16858_/Q -> _17681_/RN : -739.961243
[setup reg-reg] _16858_/Q -> _17682_/RN : -739.961243
[setup reg-reg] _16858_/Q -> _17683_/RN : -739.961243
[setup reg-reg] _16858_/Q -> _17684_/RN : -739.961243
[setup reg-reg] _16858_/Q -> _17685_/RN : -739.961243
[setup reg-reg] _16858_/Q -> _17686_/RN : -739.961243
[setup reg-reg] _16858_/Q -> _17687_/RN : -739.961243
[setup reg-reg] _16858_/Q -> _17688_/RN : -739.961243
[setup reg-reg] _16858_/Q -> _17689_/RN : -739.961243
[setup reg-reg] _16858_/Q -> _17690_/RN : -739.961243
[setup reg-reg] _16858_/Q -> _17691_/RN : -739.961243
[setup reg-reg] _16858_/Q -> _17692_/RN : -739.961243
[setup reg-reg] _16858_/Q -> _17693_/RN : -739.961243
[setup reg-reg] _16858_/Q -> _17694_/RN : -739.961243
[setup reg-reg] _16858_/Q -> _17695_/RN : -739.961243
[setup reg-reg] _16858_/Q -> _17696_/RN : -739.961243
[setup reg-reg] _16858_/Q -> _17697_/RN : -739.961243
[setup reg-reg] _16858_/Q -> _17698_/RN : -739.961243
[setup reg-reg] _16858_/Q -> _17699_/RN : -739.961243
[setup reg-reg] _16858_/Q -> _17700_/RN : -739.961243
[setup reg-reg] _16858_/Q -> _17701_/RN : -739.961243
[setup reg-reg] _16858_/Q -> _17702_/RN : -739.961243
[setup reg-reg] _16858_/Q -> _17703_/RN : -739.961243
[setup reg-reg] _16858_/Q -> _17704_/RN : -739.961243
[setup reg-reg] _16858_/Q -> _17705_/RN : -739.961243
[setup reg-reg] _16858_/Q -> _17706_/RN : -739.961243
[setup reg-reg] _16858_/Q -> _17707_/RN : -739.961243
[setup reg-reg] _16858_/Q -> _17708_/RN : -739.961243
[setup reg-reg] _16858_/Q -> _17709_/RN : -739.961243
[setup reg-reg] _16858_/Q -> _17710_/RN : -739.961243
[setup reg-reg] _16858_/Q -> _17711_/RN : -739.961243
[setup reg-reg] _16858_/Q -> _17712_/RN : -739.961243
[setup reg-reg] _16858_/Q -> _17713_/RN : -739.961243
[setup reg-reg] _16858_/Q -> _17714_/RN : -739.961243
[setup reg-reg] _16858_/Q -> _17715_/RN : -739.961243
[setup reg-reg] _16858_/Q -> _17716_/RN : -739.961243
[setup reg-reg] _16858_/Q -> _17717_/RN : -739.961243
[setup reg-reg] _16858_/Q -> _17718_/RN : -739.961243
[setup reg-reg] _16858_/Q -> _17719_/RN : -739.961243
[setup reg-reg] _16858_/Q -> _17720_/RN : -739.961243
[setup reg-reg] _16858_/Q -> _17721_/RN : -739.961243
[setup reg-reg] _16858_/Q -> _17722_/RN : -739.961243
[setup reg-reg] _16858_/Q -> _17723_/RN : -739.961243
[setup reg-reg] _16858_/Q -> _17724_/RN : -739.961243
[setup reg-reg] _16858_/Q -> _17725_/RN : -739.961243
[setup reg-reg] _16858_/Q -> _17726_/RN : -739.961243
[setup reg-reg] _16858_/Q -> _17727_/RN : -739.961243
[setup reg-reg] _16858_/Q -> _17728_/RN : -739.961243
[setup reg-reg] _16858_/Q -> _17729_/RN : -739.961243
[setup reg-reg] _16858_/Q -> _17730_/RN : -739.961243
[setup reg-reg] _16858_/Q -> _17731_/RN : -739.961243
[setup reg-reg] _16858_/Q -> _17732_/RN : -739.961243
[setup reg-reg] _16858_/Q -> _17733_/RN : -739.961243
[setup reg-reg] _16858_/Q -> _17734_/RN : -739.961243
[setup reg-reg] _16858_/Q -> _17735_/RN : -739.961243
[setup reg-reg] _16858_/Q -> _17736_/RN : -739.961243
[setup reg-reg] _16858_/Q -> _17737_/RN : -739.961243
[setup reg-reg] _16858_/Q -> _17738_/RN : -739.961243
[setup reg-reg] _16858_/Q -> _17739_/RN : -739.961243
[setup reg-reg] _16858_/Q -> _17740_/RN : -739.961243
[setup reg-reg] _16858_/Q -> _17741_/RN : -739.961243
[setup reg-reg] _16858_/Q -> _17742_/RN : -739.961243
[setup reg-reg] _16858_/Q -> _17743_/RN : -739.961243
[setup reg-reg] _16858_/Q -> _17744_/RN : -739.961243
[setup reg-reg] _16858_/Q -> _17745_/RN : -739.961243
[setup reg-reg] _16858_/Q -> _17746_/RN : -739.961243
[setup reg-reg] _16858_/Q -> _17747_/RN : -739.961243
[setup reg-reg] _16858_/Q -> _17748_/RN : -739.961243
[setup reg-reg] _16858_/Q -> _17749_/RN : -739.961243
[setup reg-reg] _16858_/Q -> _17750_/RN : -739.961243
[setup reg-reg] _16858_/Q -> _17751_/RN : -739.961243
[setup reg-reg] _16858_/Q -> _17752_/RN : -739.961243
[setup reg-reg] _16858_/Q -> _17753_/RN : -739.961243
[setup reg-reg] _16858_/Q -> _17754_/RN : -739.961243
[setup reg-reg] _16858_/Q -> _17755_/RN : -739.961243
[setup reg-reg] _16858_/Q -> _17756_/RN : -739.961243
[setup reg-reg] _16858_/Q -> _17757_/RN : -739.961243
[setup reg-reg] _16858_/Q -> _17758_/RN : -739.961243
[setup reg-reg] _16858_/Q -> _17759_/RN : -739.961243
[setup reg-reg] _16858_/Q -> _17760_/RN : -739.961243
[setup reg-reg] _16858_/Q -> _17761_/RN : -739.961243
[setup reg-reg] _16858_/Q -> _17762_/RN : -739.961243
[setup reg-reg] _16858_/Q -> _17763_/RN : -739.961243
[setup reg-reg] _16858_/Q -> _17764_/RN : -739.961243
[setup reg-reg] _16858_/Q -> _17765_/RN : -739.961243
[setup reg-reg] _16858_/Q -> _17766_/RN : -739.961243
[setup reg-reg] _16858_/Q -> _17767_/RN : -739.961243
[setup reg-reg] _16858_/Q -> _17768_/RN : -739.961243
[setup reg-reg] _16858_/Q -> _17769_/RN : -739.961243
[setup reg-reg] _16858_/Q -> _17770_/RN : -739.961243
[setup reg-reg] _16858_/Q -> _17771_/RN : -739.961243
[setup reg-reg] _16858_/Q -> _17772_/RN : -739.961243
[setup reg-reg] _16858_/Q -> _17773_/RN : -739.961243
[setup reg-reg] _16858_/Q -> _17774_/RN : -739.961243
[setup reg-reg] _16858_/Q -> _17775_/RN : -739.961243
[setup reg-reg] _16858_/Q -> _17776_/RN : -739.961243
[setup reg-reg] _16858_/Q -> _17777_/RN : -739.961243
[setup reg-reg] _16858_/Q -> _17778_/RN : -739.961243
[setup reg-reg] _16858_/Q -> _17779_/RN : -739.961243
[setup reg-reg] _16858_/Q -> _17780_/RN : -739.961243
[setup reg-reg] _16858_/Q -> _17781_/RN : -739.961243
[setup reg-reg] _16858_/Q -> _17782_/RN : -739.961243
[setup reg-reg] _16858_/Q -> _17783_/RN : -739.961243
[setup reg-reg] _16858_/Q -> _17784_/RN : -739.961243
[setup reg-reg] _16858_/Q -> _17785_/RN : -739.961243
[setup reg-reg] _16858_/Q -> _17786_/RN : -739.961243
[setup reg-reg] _16858_/Q -> _17787_/RN : -739.961243
[setup reg-reg] _16858_/Q -> _17788_/RN : -739.961243
[setup reg-reg] _16858_/Q -> _17789_/RN : -739.961243
[setup reg-reg] _16858_/Q -> _17790_/RN : -739.961243
[setup reg-reg] _16858_/Q -> _17791_/RN : -739.961243
[setup reg-reg] _16858_/Q -> _17792_/RN : -739.961243
[setup reg-reg] _16858_/Q -> _17793_/RN : -739.961243
[setup reg-reg] _16858_/Q -> _17794_/RN : -739.961243
[setup reg-reg] _16858_/Q -> _17795_/RN : -739.961243
[setup reg-reg] _16858_/Q -> _17796_/RN : -739.961243
[setup reg-reg] _16858_/Q -> _17797_/RN : -739.961243
[setup reg-reg] _16858_/Q -> _17798_/RN : -739.961243
[setup reg-reg] _16858_/Q -> _17799_/RN : -739.961243
[setup reg-reg] _16858_/Q -> _17800_/RN : -739.961243
[setup reg-reg] _16858_/Q -> _17801_/RN : -739.961243
[setup reg-reg] _16858_/Q -> _17802_/RN : -739.961243
[setup reg-reg] _16858_/Q -> _17803_/RN : -739.961243
[setup reg-reg] _16858_/Q -> _17804_/RN : -739.961243
[setup reg-reg] _16858_/Q -> _17805_/RN : -739.961243
[setup reg-reg] _16858_/Q -> _17806_/RN : -739.961243
[setup reg-reg] _16858_/Q -> _17807_/RN : -739.961243
[setup reg-reg] _16858_/Q -> _17808_/RN : -739.961243
[setup reg-reg] _16858_/Q -> _17809_/RN : -739.961243
[setup reg-reg] _16858_/Q -> _17810_/RN : -739.961243
[setup reg-reg] _16858_/Q -> _17811_/RN : -739.961243
[setup reg-reg] _16858_/Q -> _17812_/RN : -739.961243
[setup reg-reg] _16858_/Q -> _17813_/RN : -739.961243
[setup reg-reg] _16858_/Q -> _17814_/RN : -739.961243
[setup reg-reg] _16858_/Q -> _17815_/RN : -739.961243
[setup reg-reg] _16858_/Q -> _17816_/RN : -739.961243
[setup reg-reg] _16858_/Q -> _17817_/RN : -739.961243
[setup reg-reg] _16858_/Q -> _17818_/RN : -739.961243
[setup reg-reg] _16858_/Q -> _17819_/RN : -739.961243
[setup reg-reg] _16858_/Q -> _17820_/RN : -739.961243
[setup reg-reg] _16858_/Q -> _17821_/RN : -739.961243
[setup reg-reg] _16858_/Q -> _17822_/RN : -739.961243
[setup reg-reg] _16858_/Q -> _17823_/RN : -739.961243
[setup reg-reg] _16858_/Q -> _17824_/RN : -739.961243
[setup reg-reg] _16858_/Q -> _17825_/RN : -739.961243
[setup reg-reg] _16858_/Q -> _17826_/RN : -739.961243
[setup reg-reg] _16858_/Q -> _17827_/RN : -739.961243
[setup reg-reg] _16858_/Q -> _17828_/RN : -739.961243
[setup reg-reg] _16858_/Q -> _17829_/RN : -739.961243
[setup reg-reg] _16858_/Q -> _17830_/RN : -739.961243
[setup reg-reg] _16858_/Q -> _17831_/RN : -739.961243
[setup reg-reg] _16858_/Q -> _17832_/RN : -739.961243
[setup reg-reg] _16858_/Q -> _17833_/RN : -739.961243
[setup reg-reg] _16858_/Q -> _17834_/RN : -739.961243
[setup reg-reg] _16858_/Q -> _17835_/RN : -739.961243
[setup reg-reg] _16858_/Q -> _17836_/RN : -739.961243
[setup reg-reg] _16858_/Q -> _17837_/RN : -739.961243
[setup reg-reg] _16858_/Q -> _17838_/RN : -739.961243
[setup reg-reg] _16858_/Q -> _17839_/RN : -739.961243
[setup reg-reg] _16858_/Q -> _17840_/RN : -739.961243
[setup reg-reg] _16858_/Q -> _17841_/RN : -739.961243
[setup reg-reg] _16858_/Q -> _17842_/RN : -739.961243
[setup reg-reg] _16858_/Q -> _17843_/RN : -739.961243
[setup reg-reg] _16858_/Q -> _17844_/RN : -739.961243
[setup reg-reg] _16858_/Q -> _17845_/RN : -739.961243
[setup reg-reg] _16858_/Q -> _17846_/RN : -739.961243
[setup reg-reg] _16858_/Q -> _17847_/RN : -739.961243
[setup reg-reg] _16858_/Q -> _17848_/RN : -739.961243
[setup reg-reg] _16858_/Q -> _17849_/RN : -739.961243
[setup reg-reg] _16858_/Q -> _17850_/RN : -739.961243
[setup reg-reg] _16858_/Q -> _17851_/RN : -739.961243
[setup reg-reg] _16858_/Q -> _17852_/RN : -739.961243
[setup reg-reg] _16858_/Q -> _17853_/RN : -739.961243
[setup reg-reg] _16858_/Q -> _17854_/RN : -739.961243
[setup reg-reg] _16858_/Q -> _17855_/RN : -739.961243
[setup reg-reg] _16858_/Q -> _17856_/RN : -739.961243
[setup reg-reg] _16858_/Q -> _17857_/RN : -739.961243
[setup reg-reg] _16858_/Q -> _17858_/RN : -739.961243
[setup reg-reg] _16858_/Q -> _17859_/RN : -739.961243
[setup reg-reg] _16858_/Q -> _17860_/RN : -739.961243
[setup reg-reg] _16858_/Q -> _17861_/RN : -739.961243
[setup reg-reg] _16858_/Q -> _17862_/RN : -739.961243
[setup reg-reg] _16858_/Q -> _17863_/RN : -739.961243
[setup reg-reg] _16858_/Q -> _17864_/RN : -739.961243
[setup reg-reg] _16858_/Q -> _17865_/RN : -739.961243
[setup reg-reg] _16858_/Q -> _17866_/RN : -739.961243
[setup reg-reg] _16858_/Q -> _17867_/RN : -739.961243
[setup reg-reg] _16858_/Q -> _17868_/RN : -739.961243
[setup reg-reg] _16858_/Q -> _17869_/RN : -739.961243
[setup reg-reg] _16858_/Q -> _17870_/RN : -739.961243
[setup reg-reg] _16858_/Q -> _17871_/RN : -739.961243
[setup reg-reg] _16858_/Q -> _17872_/RN : -739.961243
[setup reg-reg] _16858_/Q -> _17873_/RN : -739.961243
[setup reg-reg] _16858_/Q -> _17874_/RN : -739.961243
[setup reg-reg] _16858_/Q -> _17875_/RN : -739.961243
[setup reg-reg] _16858_/Q -> _17876_/RN : -739.961243
[setup reg-reg] _16858_/Q -> _17877_/RN : -739.961243
[setup reg-reg] _16858_/Q -> _17878_/RN : -739.961243
[setup reg-reg] _16858_/Q -> _17879_/RN : -739.961243
[setup reg-reg] _16858_/Q -> _17880_/RN : -739.961243
[setup reg-reg] _16858_/Q -> _17881_/RN : -739.961243
[setup reg-reg] _16858_/Q -> _17882_/RN : -739.961243
[setup reg-reg] _16858_/Q -> _17883_/RN : -739.961243
[setup reg-reg] _16858_/Q -> _17884_/RN : -739.961243
[setup reg-reg] _16858_/Q -> _17885_/RN : -739.961243
[setup reg-reg] _16858_/Q -> _17886_/RN : -739.961243
[setup reg-reg] _16858_/Q -> _17887_/RN : -739.961243
[setup reg-reg] _16858_/Q -> _17888_/RN : -739.961243
[setup reg-reg] _16858_/Q -> _17889_/RN : -739.961243
[setup reg-reg] _16858_/Q -> _17890_/RN : -739.961243
[setup reg-reg] _16858_/Q -> _17891_/RN : -739.961243
[setup reg-reg] _16858_/Q -> _17892_/RN : -739.961243
[setup reg-reg] _16858_/Q -> _17893_/RN : -739.961243
[setup reg-reg] _16858_/Q -> _17894_/RN : -739.961243
[setup reg-reg] _16858_/Q -> _17895_/RN : -739.961243
[setup reg-reg] _16858_/Q -> _17896_/RN : -739.961243
[setup reg-reg] _16858_/Q -> _17897_/RN : -739.961243
[setup reg-reg] _16858_/Q -> _17898_/RN : -739.961243
[setup reg-reg] _16858_/Q -> _17899_/RN : -739.961243
[setup reg-reg] _16858_/Q -> _17900_/RN : -739.961243
[setup reg-reg] _16858_/Q -> _17901_/RN : -739.961243
[setup reg-reg] _16858_/Q -> _17902_/RN : -739.961243
[setup reg-reg] _16858_/Q -> _17903_/RN : -739.961243
[setup reg-reg] _16858_/Q -> _17904_/RN : -739.961243
[setup reg-reg] _16858_/Q -> _17905_/RN : -739.961243
[setup reg-reg] _16858_/Q -> _17906_/RN : -739.961243
[setup reg-reg] _16858_/Q -> _17907_/RN : -739.961243
[setup reg-reg] _16858_/Q -> _17908_/RN : -739.961243
[setup reg-reg] _16858_/Q -> _17909_/RN : -739.961243
[setup reg-reg] _16858_/Q -> _17910_/RN : -739.961243
[setup reg-reg] _16858_/Q -> _17911_/RN : -739.961243
[setup reg-reg] _16858_/Q -> _17912_/RN : -739.961243
[setup reg-reg] _16858_/Q -> _17913_/RN : -739.961243
[setup reg-reg] _16858_/Q -> _17914_/RN : -739.961243
[setup reg-reg] _16858_/Q -> _17915_/RN : -739.961243
[setup reg-reg] _16858_/Q -> _17916_/RN : -739.961243
[setup reg-reg] _16858_/Q -> _17917_/RN : -739.961243
[setup reg-reg] _16858_/Q -> _17918_/RN : -739.961243
[setup reg-reg] _16858_/Q -> _17919_/RN : -739.961243
[setup reg-reg] _16858_/Q -> _17920_/RN : -739.961243
[setup reg-reg] _16858_/Q -> _17921_/RN : -739.961243
[setup reg-reg] _16858_/Q -> _17922_/RN : -739.961243
[setup reg-reg] _16858_/Q -> _17923_/RN : -739.961243
[setup reg-reg] _16858_/Q -> _17924_/RN : -739.961243
[setup reg-reg] _16858_/Q -> _17925_/RN : -739.961243
[setup reg-reg] _16858_/Q -> _17926_/RN : -739.961243
[setup reg-reg] _16858_/Q -> _17927_/RN : -739.961243
[setup reg-reg] _16858_/Q -> _17928_/RN : -739.961243
[setup reg-reg] _16858_/Q -> _17929_/RN : -739.961243
[setup reg-reg] _16858_/Q -> _17930_/RN : -739.961243
[setup reg-reg] _16858_/Q -> _17931_/RN : -739.961243
[setup reg-reg] _16858_/Q -> _17932_/RN : -739.961243
[setup reg-reg] _16858_/Q -> _17933_/RN : -739.961243
[setup reg-reg] _16858_/Q -> _17934_/RN : -739.961243
[setup reg-reg] _16858_/Q -> _17935_/RN : -739.961243
[setup reg-reg] _16858_/Q -> _17936_/RN : -739.961243
[setup reg-reg] _16858_/Q -> _17937_/RN : -739.961243
[setup reg-reg] _16858_/Q -> _17938_/RN : -739.961243
[setup reg-reg] _16858_/Q -> _17939_/RN : -739.961243
[setup reg-reg] _16858_/Q -> _17940_/RN : -739.961243
[setup reg-reg] _16858_/Q -> _17941_/RN : -739.961243
[setup reg-reg] _16858_/Q -> _17942_/RN : -739.961243
[setup reg-reg] _16858_/Q -> _17943_/RN : -739.961243
[setup reg-reg] _16858_/Q -> _17944_/RN : -739.961243
[setup reg-reg] _16858_/Q -> _17945_/RN : -739.961243
[setup reg-reg] _16858_/Q -> _17946_/RN : -739.961243
[setup reg-reg] _16858_/Q -> _17947_/RN : -739.961243
[setup reg-reg] _16858_/Q -> _17948_/RN : -739.961243
[setup reg-reg] _16858_/Q -> _17949_/RN : -739.961243
[setup reg-reg] _16858_/Q -> _17950_/RN : -739.961243
[setup reg-reg] _16858_/Q -> _17951_/RN : -739.961243
[setup reg-reg] _16858_/Q -> _17952_/RN : -739.961243
[setup reg-reg] _16858_/Q -> _17953_/RN : -739.961243
[setup reg-reg] _16858_/Q -> _17954_/RN : -739.961243
[setup reg-reg] _16858_/Q -> _17955_/RN : -739.961243
[setup reg-reg] _16858_/Q -> _17956_/RN : -739.961243
[setup reg-reg] _16858_/Q -> _17957_/RN : -739.961243
[setup reg-reg] _16858_/Q -> _17958_/RN : -739.961243
[setup reg-reg] _16858_/Q -> _17959_/RN : -739.961243
[setup reg-reg] _16858_/Q -> _17960_/RN : -739.961243
[setup reg-reg] _16858_/Q -> _17961_/RN : -739.961243
[setup reg-reg] _16858_/Q -> _17962_/RN : -739.961243
[setup reg-reg] _16858_/Q -> _17963_/RN : -739.961243
[setup reg-reg] _16858_/Q -> _17964_/RN : -739.961243
[setup reg-reg] _16858_/Q -> _17965_/RN : -739.961243
[setup reg-reg] _16858_/Q -> _17966_/RN : -739.961243
[setup reg-reg] _16858_/Q -> _17967_/RN : -739.961243
[setup reg-reg] _16858_/Q -> _17968_/RN : -739.961243
[setup reg-reg] _16858_/Q -> _17969_/RN : -739.961243
[setup reg-reg] _16858_/Q -> _17970_/RN : -739.961243
[setup reg-reg] _16858_/Q -> _17971_/RN : -739.961243
[setup reg-reg] _16858_/Q -> _17972_/RN : -739.961243
[setup reg-reg] _16858_/Q -> _17973_/RN : -739.961243
[setup reg-reg] _16858_/Q -> _17974_/RN : -739.961243
[setup reg-reg] _16858_/Q -> _17975_/RN : -739.961243
[setup reg-reg] _16858_/Q -> _17976_/RN : -739.961243
[setup reg-reg] _16858_/Q -> _17977_/RN : -739.961243
[setup reg-reg] _16858_/Q -> _17978_/RN : -739.961243
[setup reg-reg] _16858_/Q -> _17979_/RN : -739.961243
[setup reg-reg] _16858_/Q -> _17980_/RN : -739.961243
[setup reg-reg] _16858_/Q -> _17981_/RN : -739.961243
[setup reg-reg] _16858_/Q -> _17982_/RN : -739.961243
[setup reg-reg] _16858_/Q -> _17983_/RN : -739.961243
[setup reg-reg] _16858_/Q -> _17984_/RN : -739.961243
[setup reg-reg] _16858_/Q -> _17985_/RN : -739.961243
[setup reg-reg] _16858_/Q -> _17986_/RN : -739.961243
[setup reg-reg] _16858_/Q -> _17987_/RN : -739.961243
[setup reg-reg] _16858_/Q -> _17988_/RN : -739.961243
[setup reg-reg] _16858_/Q -> _17989_/RN : -739.961243
[setup reg-reg] _16858_/Q -> _17990_/RN : -739.961243
[setup reg-reg] _16858_/Q -> _17991_/RN : -739.961243
[setup reg-reg] _16858_/Q -> _17992_/RN : -739.961243
[setup reg-reg] _16858_/Q -> _17993_/RN : -739.961243
[setup reg-reg] _16858_/Q -> _17994_/RN : -739.961243
[setup reg-reg] _16858_/Q -> _17995_/RN : -739.961243
[setup reg-reg] _16858_/Q -> _17996_/RN : -739.961243
[setup reg-reg] _16858_/Q -> _17997_/RN : -739.961243
[setup reg-reg] _16858_/Q -> _17998_/RN : -739.961243
[setup reg-reg] _16858_/Q -> _17999_/RN : -739.961243
[setup reg-reg] _16858_/Q -> _18000_/RN : -739.961243
[setup reg-reg] _16858_/Q -> _18001_/RN : -739.961243
[setup reg-reg] _16858_/Q -> _18002_/RN : -739.961243
[setup reg-reg] _16858_/Q -> _18003_/RN : -739.961243
[setup reg-reg] _16858_/Q -> _18004_/RN : -739.961243
[setup reg-reg] _16858_/Q -> _18005_/RN : -739.961243
[setup reg-reg] _16858_/Q -> _18006_/RN : -739.961243
[setup reg-reg] _16858_/Q -> _18007_/RN : -739.961243
[setup reg-reg] _16858_/Q -> _18008_/RN : -739.961243
[setup reg-reg] _16858_/Q -> _18009_/RN : -739.961243
[setup reg-reg] _16858_/Q -> _18010_/RN : -739.961243
[setup reg-reg] _16858_/Q -> _18011_/RN : -739.961243
[setup reg-reg] _16858_/Q -> _18012_/RN : -739.961243
[setup reg-reg] _16858_/Q -> _18013_/RN : -739.961243
[setup reg-reg] _16858_/Q -> _18014_/RN : -739.961243
[setup reg-reg] _16858_/Q -> _18015_/RN : -739.961243
[setup reg-reg] _16858_/Q -> _18016_/RN : -739.961243
[setup reg-reg] _16858_/Q -> _18017_/RN : -739.961243
[setup reg-reg] _16858_/Q -> _18018_/RN : -739.961243
[setup reg-reg] _16858_/Q -> _18019_/RN : -739.961243
[setup reg-reg] _16858_/Q -> _18020_/RN : -739.961243
[setup reg-reg] _16858_/Q -> _18021_/RN : -739.961243
[setup reg-reg] _16858_/Q -> _18022_/RN : -739.961243
[setup reg-reg] _16858_/Q -> _18023_/RN : -739.961243
[setup reg-reg] _16858_/Q -> _18024_/RN : -739.961243
[setup reg-reg] _16858_/Q -> _18025_/RN : -739.961243
[setup reg-reg] _16858_/Q -> _18026_/RN : -739.961243
[setup reg-reg] _16858_/Q -> _18027_/RN : -739.961243
[setup reg-reg] _16858_/Q -> _18028_/RN : -739.961243
[setup reg-reg] _16858_/Q -> _18029_/RN : -739.961243
[setup reg-reg] _16858_/Q -> _18030_/RN : -739.961243
[setup reg-reg] _16858_/Q -> _18031_/RN : -739.961243
[setup reg-reg] _16858_/Q -> _18032_/RN : -739.961243
[setup reg-reg] _16858_/Q -> _18033_/RN : -739.961243
[setup reg-reg] _16858_/Q -> _18034_/RN : -739.961243
[setup reg-reg] _16858_/Q -> _18035_/RN : -739.961243
[setup reg-reg] _16858_/Q -> _18036_/RN : -739.961243
[setup reg-reg] _16858_/Q -> _18037_/RN : -739.961243
[setup reg-reg] _16858_/Q -> _18038_/RN : -739.961243
[setup reg-reg] _16858_/Q -> _18039_/RN : -739.961243
[setup reg-reg] _16858_/Q -> _18040_/RN : -739.961243
[setup reg-reg] _16858_/Q -> _18041_/RN : -739.961243
[setup reg-reg] _16858_/Q -> _18042_/RN : -739.961243
[setup reg-reg] _16858_/Q -> _18043_/RN : -739.961243
[setup reg-reg] _16858_/Q -> _18044_/RN : -739.961243
[setup reg-reg] _16858_/Q -> _18045_/RN : -739.961243
[setup reg-reg] _16858_/Q -> _18046_/RN : -739.961243
[setup reg-reg] _16858_/Q -> _18047_/RN : -739.961243
[setup reg-reg] _16858_/Q -> _18048_/RN : -739.961243
[setup reg-reg] _16858_/Q -> _18049_/RN : -739.961243
[setup reg-reg] _16858_/Q -> _18050_/RN : -739.961243
[setup reg-reg] _16858_/Q -> _18051_/RN : -739.961243
[setup reg-reg] _16858_/Q -> _18052_/RN : -739.961243
[setup reg-reg] _16858_/Q -> _18053_/RN : -739.961243
[setup reg-reg] _16858_/Q -> _18054_/RN : -739.961243
[setup reg-reg] _16858_/Q -> _18055_/RN : -739.961243
[setup reg-reg] _16858_/Q -> _18056_/RN : -739.961243
[setup reg-reg] _16858_/Q -> _18057_/RN : -739.961243
[setup reg-reg] _16858_/Q -> _18058_/RN : -739.961243
[setup reg-reg] _16858_/Q -> _18059_/RN : -739.961243
[setup reg-reg] _16858_/Q -> _18060_/RN : -739.961243
[setup reg-reg] _16858_/Q -> _18061_/RN : -739.961243
[setup reg-reg] _16858_/Q -> _18062_/RN : -739.961243
[setup reg-reg] _16858_/Q -> _18063_/RN : -739.961243
[setup reg-reg] _16858_/Q -> _18064_/RN : -739.961243
[setup reg-reg] _16858_/Q -> _18065_/RN : -739.961243
[setup reg-reg] _16858_/Q -> _18066_/RN : -739.961243
[setup reg-reg] _16858_/Q -> _18067_/RN : -739.961243
[setup reg-reg] _16858_/Q -> _18068_/RN : -739.961243
[setup reg-reg] _16858_/Q -> _18069_/RN : -739.961243
[setup reg-reg] _16858_/Q -> _18070_/RN : -739.961243
[setup reg-reg] _16858_/Q -> _18071_/RN : -739.961243
[setup reg-reg] _16858_/Q -> _18072_/RN : -739.961243
[setup reg-reg] _16858_/Q -> _18073_/RN : -739.961243
[setup reg-reg] _16858_/Q -> _18074_/RN : -739.961243
[setup reg-reg] _16858_/Q -> _18075_/RN : -739.961243
[setup reg-reg] _16858_/Q -> _18076_/RN : -739.961243
[setup reg-reg] _16858_/Q -> _18077_/RN : -739.961243
[setup reg-reg] _16858_/Q -> _18078_/RN : -739.961243
[setup reg-reg] _16858_/Q -> _18079_/RN : -739.961243
[setup reg-reg] _16858_/Q -> _18080_/RN : -739.961243
[setup reg-reg] _16858_/Q -> _18081_/RN : -739.961243
[setup reg-reg] _16858_/Q -> _18082_/RN : -739.961243
[setup reg-reg] _16858_/Q -> _18083_/RN : -739.961243
[setup reg-reg] _16858_/Q -> _18084_/RN : -739.961243
[setup reg-reg] _16858_/Q -> _18085_/RN : -739.961243
[setup reg-reg] _16858_/Q -> _18086_/RN : -739.961243
[setup reg-reg] _16858_/Q -> _18087_/RN : -739.961243
[setup reg-reg] _16858_/Q -> _18088_/RN : -739.961243
[setup reg-reg] _16858_/Q -> _18089_/RN : -739.961243
[setup reg-reg] _16858_/Q -> _18090_/RN : -739.961243
[setup reg-reg] _16858_/Q -> _18091_/RN : -739.961243
[setup reg-reg] _16858_/Q -> _18092_/RN : -739.961243
[setup reg-reg] _16858_/Q -> _18093_/RN : -739.961243
[setup reg-reg] _16858_/Q -> _18094_/RN : -739.961243
[setup reg-reg] _16858_/Q -> _18095_/RN : -739.961243
[setup reg-reg] _16858_/Q -> _18096_/RN : -739.961243
[setup reg-reg] _16858_/Q -> _18097_/RN : -739.961243
[setup reg-reg] _16858_/Q -> _18098_/RN : -739.961243
[setup reg-reg] _16858_/Q -> _18099_/RN : -739.961243
[setup reg-reg] _16858_/Q -> _18100_/RN : -739.961243
[setup reg-reg] _16858_/Q -> _18101_/RN : -739.961243
[setup reg-reg] _16858_/Q -> _18102_/RN : -739.961243
[setup reg-reg] _16858_/Q -> _18103_/RN : -739.961243
[setup reg-reg] _16858_/Q -> _18104_/RN : -739.961243
[setup reg-reg] _16858_/Q -> _18105_/RN : -739.961243
[setup reg-reg] _16858_/Q -> _18106_/RN : -739.961243
[setup reg-reg] _16858_/Q -> _18107_/RN : -739.961243
[setup reg-reg] _16858_/Q -> _18108_/RN : -739.961243
[setup reg-reg] _16858_/Q -> _18109_/RN : -739.961243
[setup reg-reg] _16858_/Q -> _18110_/RN : -739.961243
[setup reg-reg] _16858_/Q -> _18111_/RN : -739.961243
[setup reg-reg] _16858_/Q -> _18112_/RN : -739.961243
[setup reg-reg] _16858_/Q -> _18113_/RN : -739.961243
[setup reg-reg] _16858_/Q -> _18114_/RN : -739.961243
[setup reg-reg] _16858_/Q -> _18115_/RN : -739.961243
[setup reg-reg] _16858_/Q -> _18116_/RN : -739.961243
[setup reg-reg] _16858_/Q -> _18117_/RN : -739.961243
[setup reg-reg] _16858_/Q -> _18118_/RN : -739.961243
[setup reg-reg] _16858_/Q -> _18119_/RN : -739.961243
[setup reg-reg] _16858_/Q -> _18120_/RN : -739.961243
[setup reg-reg] _16858_/Q -> _18121_/RN : -739.961243
[setup reg-reg] _16858_/Q -> _18122_/RN : -739.961243
[setup reg-reg] _16858_/Q -> _18123_/RN : -739.961243
[setup reg-reg] _16858_/Q -> _18124_/RN : -739.961243
[setup reg-reg] _16858_/Q -> _18125_/RN : -739.961243
[setup reg-reg] _16858_/Q -> _18126_/RN : -739.961243
[setup reg-reg] _16858_/Q -> _18127_/RN : -739.961243
[setup reg-reg] _16858_/Q -> _18128_/RN : -739.961243
[setup reg-reg] _16858_/Q -> _18129_/RN : -739.961243
[setup reg-reg] _16858_/Q -> _18130_/RN : -739.961243
[setup reg-reg] _16858_/Q -> _18131_/RN : -739.961243
[setup reg-reg] _16858_/Q -> _18132_/RN : -739.961243
[setup reg-reg] _16858_/Q -> _18133_/RN : -739.961243
[setup reg-reg] _16858_/Q -> _18134_/RN : -739.961243
[setup reg-reg] _16858_/Q -> _18135_/RN : -739.961243
[setup reg-reg] _16858_/Q -> _18136_/RN : -739.961243
[setup reg-reg] _16858_/Q -> _18137_/RN : -739.961243
[setup reg-reg] _16858_/Q -> _18138_/RN : -739.961243
[setup reg-reg] _16858_/Q -> _18139_/RN : -739.961243
[setup reg-reg] _16858_/Q -> _18140_/RN : -739.961243
[setup reg-reg] _16858_/Q -> _18141_/RN : -739.961243
[setup reg-reg] _16858_/Q -> _18142_/RN : -739.961243
[setup reg-reg] _16858_/Q -> _18143_/RN : -739.961243
[setup reg-reg] _16858_/Q -> _18144_/RN : -739.961243
[setup reg-reg] _16858_/Q -> _18145_/RN : -739.961243
[setup reg-reg] _16858_/Q -> _18146_/RN : -739.961243
[setup reg-reg] _16858_/Q -> _18147_/RN : -739.961243
[setup reg-reg] _16858_/Q -> _18148_/RN : -739.961243
[setup reg-reg] _16858_/Q -> _18149_/RN : -739.961243
[setup reg-reg] _16858_/Q -> _18150_/RN : -739.961243
[setup reg-reg] _16858_/Q -> _18151_/RN : -739.961243
[setup reg-reg] _16858_/Q -> _18152_/RN : -739.961243
[setup reg-reg] _16858_/Q -> _18153_/RN : -739.961243
[setup reg-reg] _16858_/Q -> _18154_/RN : -739.961243
[setup reg-reg] _16858_/Q -> _18155_/RN : -739.961243
[setup reg-reg] _16858_/Q -> _18156_/RN : -739.961243
[setup reg-reg] _16858_/Q -> _18157_/RN : -739.961243
[setup reg-reg] _16858_/Q -> _18158_/RN : -739.961243
[setup reg-reg] _16858_/Q -> _18159_/RN : -739.961243
[setup reg-reg] _16858_/Q -> _18160_/RN : -739.961243
[setup reg-reg] _16858_/Q -> _18161_/RN : -739.961243
[setup reg-reg] _16858_/Q -> _18162_/RN : -739.961243
[setup reg-reg] _16858_/Q -> _18163_/RN : -739.961243
[setup reg-reg] _16858_/Q -> _18164_/RN : -739.961243
[setup reg-reg] _16858_/Q -> _18165_/RN : -739.961243
[setup reg-reg] _16858_/Q -> _18166_/RN : -739.961243
[setup reg-reg] _16858_/Q -> _18167_/RN : -739.961243
[setup reg-reg] _16858_/Q -> _18168_/RN : -739.961243
[setup reg-reg] _16858_/Q -> _18169_/RN : -739.961243
[setup reg-reg] _16858_/Q -> _18170_/RN : -739.961243
[setup reg-reg] _16858_/Q -> _18171_/RN : -739.961243
[setup reg-reg] _16858_/Q -> _18172_/RN : -739.961243
[setup reg-reg] _16858_/Q -> _18173_/RN : -739.961243
[setup reg-reg] _16858_/Q -> _18174_/RN : -739.961243
[setup reg-reg] _16858_/Q -> _18175_/RN : -739.961243
[setup reg-reg] _16858_/Q -> _18176_/RN : -739.961243
[setup reg-reg] _16858_/Q -> _18177_/RN : -739.961243
[setup reg-reg] _16858_/Q -> _18178_/RN : -739.961243
[setup reg-reg] _16858_/Q -> _18179_/RN : -739.961243
[setup reg-reg] _16858_/Q -> _18180_/RN : -739.961243
[setup reg-reg] _16858_/Q -> _18181_/RN : -739.961243
[setup reg-reg] _16858_/Q -> _18182_/RN : -739.961243
[setup reg-reg] _16858_/Q -> _18183_/RN : -739.961243
[setup reg-reg] _16858_/Q -> _18184_/RN : -739.961243
[setup reg-reg] _16858_/Q -> _18185_/RN : -739.961243
[setup reg-reg] _16858_/Q -> _18186_/RN : -739.961243
[setup reg-reg] _16858_/Q -> _18187_/RN : -739.961243
[setup reg-reg] _16858_/Q -> _18188_/RN : -739.961243
[setup reg-reg] _16858_/Q -> _18189_/RN : -739.961243
[setup reg-reg] _16858_/Q -> _18190_/RN : -739.961243
[setup reg-reg] _16858_/Q -> _18191_/RN : -739.961243
[setup reg-reg] _16858_/Q -> _18192_/RN : -739.961243
[setup reg-reg] _16858_/Q -> _18193_/RN : -739.961243
[setup reg-reg] _16858_/Q -> _18194_/RN : -739.961243
[setup reg-reg] _16858_/Q -> _18195_/RN : -739.961243
[setup reg-reg] _16858_/Q -> _18196_/RN : -739.961243
[setup reg-reg] _16858_/Q -> _18197_/RN : -739.961243
[setup reg-reg] _16858_/Q -> _18198_/RN : -739.961243
[setup reg-reg] _16858_/Q -> _18199_/RN : -739.961243
[setup reg-reg] _16858_/Q -> _18200_/RN : -739.961243
[setup reg-reg] _16858_/Q -> _18201_/RN : -739.961243
[setup reg-reg] _16858_/Q -> _18202_/RN : -739.961243
[setup reg-reg] _16858_/Q -> _18203_/RN : -739.961243
[setup reg-reg] _16858_/Q -> _18204_/RN : -739.961243
[setup reg-reg] _16858_/Q -> _18205_/RN : -739.961243
[setup reg-reg] _16858_/Q -> _18206_/RN : -739.961243
[setup reg-reg] _16858_/Q -> _18207_/RN : -739.961243
[setup reg-reg] _16858_/Q -> _18208_/RN : -739.961243
[setup reg-reg] _16858_/Q -> _18209_/RN : -739.961243
[setup reg-reg] _16858_/Q -> _18210_/RN : -739.961243
[setup reg-reg] _16858_/Q -> _18211_/RN : -739.961243
[setup reg-reg] _16858_/Q -> _18212_/RN : -739.961243
[setup reg-reg] _16858_/Q -> _18213_/RN : -739.961243
[setup reg-reg] _16858_/Q -> _18214_/RN : -739.961243
[setup reg-reg] _16858_/Q -> _18215_/RN : -739.961243
[setup reg-reg] _16858_/Q -> _18216_/RN : -739.961243
[setup reg-reg] _16858_/Q -> _18217_/RN : -739.961243
[setup reg-reg] _16858_/Q -> _18218_/RN : -739.961243
[setup reg-reg] _16858_/Q -> _18219_/RN : -739.961243
[setup reg-reg] _16858_/Q -> _18220_/RN : -739.961243
[setup reg-reg] _16858_/Q -> _18221_/RN : -739.961243
[setup reg-reg] _16858_/Q -> _18222_/RN : -739.961243
[setup reg-reg] _16858_/Q -> _18223_/RN : -739.961243
[setup reg-reg] _16858_/Q -> _18224_/RN : -739.961243
[setup reg-reg] _16858_/Q -> _18225_/RN : -739.961243
[setup reg-reg] _16858_/Q -> _18226_/RN : -739.961243
[setup reg-reg] _16858_/Q -> _18227_/RN : -739.961243
[setup reg-reg] _16858_/Q -> _18228_/RN : -739.961243
[setup reg-reg] _16858_/Q -> _18229_/RN : -739.961243
[setup reg-reg] _16858_/Q -> _18230_/RN : -739.961243
[setup reg-reg] _16858_/Q -> _18231_/RN : -739.961243
[setup reg-reg] _16858_/Q -> _18232_/RN : -739.961243
[setup reg-reg] _16858_/Q -> _18233_/RN : -739.961243
[setup reg-reg] _16858_/Q -> _18234_/RN : -739.961243
[setup reg-reg] _16858_/Q -> _18235_/RN : -739.961243
[setup reg-reg] _16858_/Q -> _18236_/RN : -739.961243
[setup reg-reg] _16858_/Q -> _18237_/RN : -739.961243
[setup reg-reg] _16858_/Q -> _18238_/RN : -739.961243
[setup reg-reg] _16858_/Q -> _18239_/RN : -739.961243
[setup reg-reg] _16858_/Q -> _18240_/RN : -739.961243
[setup reg-reg] _16858_/Q -> _18241_/RN : -739.961243
[setup reg-reg] _16858_/Q -> _18242_/RN : -739.961243
[setup reg-reg] _16858_/Q -> _18243_/RN : -739.961243
[setup reg-reg] _16858_/Q -> _18244_/RN : -739.961243
[setup reg-reg] _16858_/Q -> _18245_/RN : -739.961243
[setup reg-reg] _16858_/Q -> _18246_/RN : -739.961243
[setup reg-reg] _16858_/Q -> _18247_/RN : -739.961243
[setup reg-reg] _16858_/Q -> _18248_/RN : -739.961243
[setup reg-reg] _16858_/Q -> _18249_/RN : -739.961243
[setup reg-reg] _16858_/Q -> _18250_/RN : -739.961243
[setup reg-reg] _16858_/Q -> _18251_/RN : -739.961243
[setup reg-reg] _16858_/Q -> _18252_/RN : -739.961243
[setup reg-reg] _16858_/Q -> _18253_/RN : -739.961243
[setup reg-reg] _16858_/Q -> _18254_/RN : -739.961243
[setup reg-reg] _16858_/Q -> _18255_/RN : -739.961243
[setup reg-reg] _16858_/Q -> _18256_/RN : -739.961243
[setup reg-reg] _16858_/Q -> _18257_/RN : -739.961243
[setup reg-reg] _16858_/Q -> _18258_/RN : -739.961243
[setup reg-reg] _16858_/Q -> _18259_/RN : -739.961243
[setup reg-reg] _16858_/Q -> _18260_/RN : -739.961243
[setup reg-reg] _16858_/Q -> _18261_/RN : -739.961243
[setup reg-reg] _16858_/Q -> _18262_/RN : -739.961243
[setup reg-reg] _16858_/Q -> _18263_/RN : -739.961243
[setup reg-reg] _16858_/Q -> _18264_/RN : -739.961243
[setup reg-reg] _16858_/Q -> _18265_/RN : -739.961243
[setup reg-reg] _16858_/Q -> _18266_/RN : -739.961243
[setup reg-reg] _16858_/Q -> _18267_/RN : -739.961243
[setup reg-reg] _16858_/Q -> _18268_/RN : -739.961243
[setup reg-reg] _16858_/Q -> _18269_/RN : -739.961243
[setup reg-reg] _16858_/Q -> _18270_/RN : -739.961243
[setup reg-reg] _16858_/Q -> _18271_/RN : -739.961243
[setup reg-reg] _16858_/Q -> _18272_/RN : -739.961243
[setup reg-reg] _16858_/Q -> _18273_/RN : -739.961243
[setup reg-reg] _16858_/Q -> _18274_/RN : -739.961243
[setup reg-reg] _16858_/Q -> _18275_/RN : -739.961243
[setup reg-reg] _16858_/Q -> _18276_/RN : -739.961243
[setup reg-reg] _16858_/Q -> _18277_/RN : -739.961243
[setup reg-reg] _16858_/Q -> _18278_/RN : -739.961243
[setup reg-reg] _16858_/Q -> _18279_/RN : -739.961243
[setup reg-reg] _16858_/Q -> _18280_/RN : -739.961243
[setup reg-reg] _16858_/Q -> _18281_/RN : -739.961243
[setup reg-reg] _16858_/Q -> _18282_/RN : -739.961243
[setup reg-reg] _16858_/Q -> _18283_/RN : -739.961243
[setup reg-reg] _16858_/Q -> _18284_/RN : -739.961243
[setup reg-reg] _16858_/Q -> _18285_/RN : -739.961243
[setup reg-reg] _16858_/Q -> _18286_/RN : -739.961243
[setup reg-reg] _16858_/Q -> _18287_/RN : -739.961243
[setup reg-reg] _16858_/Q -> _18288_/RN : -739.961243
[setup reg-reg] _16858_/Q -> _18289_/RN : -739.961243
[setup reg-reg] _16858_/Q -> _18290_/RN : -739.961243
[setup reg-reg] _16858_/Q -> _18291_/RN : -739.961243
[setup reg-reg] _16858_/Q -> _18292_/RN : -739.961243
[setup reg-reg] _16858_/Q -> _18293_/RN : -739.961243
[setup reg-reg] _16858_/Q -> _18294_/RN : -739.961243
[setup reg-reg] _16858_/Q -> _18295_/RN : -739.961243
[setup reg-reg] _16858_/Q -> _18296_/RN : -739.961243
[setup reg-reg] _16858_/Q -> _18297_/RN : -739.961243
[setup reg-reg] _16858_/Q -> _18298_/RN : -739.961243
[setup reg-reg] _16858_/Q -> _18299_/RN : -739.961243
[setup reg-reg] _16858_/Q -> _18300_/RN : -739.961243
[setup reg-reg] _16858_/Q -> _18301_/RN : -739.961243
[setup reg-reg] _16858_/Q -> _18302_/RN : -739.961243
[setup reg-reg] _16858_/Q -> _18303_/RN : -739.961243
[setup reg-reg] _16858_/Q -> _18304_/RN : -739.961243
[setup reg-reg] _16858_/Q -> _18305_/RN : -739.961243
[setup reg-reg] _16858_/Q -> _18306_/RN : -739.961243
[setup reg-reg] _16858_/Q -> _18307_/RN : -739.961243
[setup reg-reg] _16858_/Q -> _18308_/RN : -739.961243
[setup reg-reg] _16858_/Q -> _18309_/RN : -739.961243
[setup reg-reg] _16858_/Q -> _18310_/RN : -739.961243
[setup reg-reg] _16858_/Q -> _18311_/RN : -739.961243
[setup reg-reg] _16858_/Q -> _18312_/RN : -739.961243
[setup reg-reg] _16858_/Q -> _18313_/RN : -739.961243
[setup reg-reg] _16858_/Q -> _18314_/RN : -739.961243
[setup reg-reg] _16858_/Q -> _18315_/RN : -739.961243
[setup reg-reg] _16858_/Q -> _18316_/RN : -739.961243
[setup reg-reg] _16858_/Q -> _18317_/RN : -739.961243
[setup reg-reg] _16858_/Q -> _18318_/RN : -739.961243
[setup reg-reg] _16858_/Q -> _18319_/RN : -739.961243
[setup reg-reg] _16858_/Q -> _18320_/RN : -739.961243
[setup reg-reg] _16858_/Q -> _18321_/RN : -739.961243
[setup reg-reg] _16858_/Q -> _18322_/RN : -739.961243
[setup reg-reg] _16858_/Q -> _18323_/RN : -739.961243
[setup reg-reg] _16858_/Q -> _18324_/RN : -739.961243
[setup reg-reg] _16858_/Q -> _18325_/RN : -739.961243
[setup reg-reg] _16858_/Q -> _18326_/RN : -739.961243
[setup reg-reg] _16858_/Q -> _18327_/RN : -739.961243
[setup reg-reg] _16858_/Q -> _18328_/RN : -739.961243
[setup reg-reg] _16858_/Q -> _18329_/RN : -739.961243
[setup reg-reg] _16858_/Q -> _18330_/RN : -739.961243
[setup reg-reg] _16858_/Q -> _18331_/RN : -739.961243
[setup reg-reg] _16858_/Q -> _18332_/RN : -739.961243
[setup reg-reg] _16858_/Q -> _18333_/RN : -739.961243
[setup reg-reg] _16858_/Q -> _18334_/RN : -739.961243
[setup reg-reg] _16858_/Q -> _18335_/RN : -739.961243
[setup reg-reg] _16858_/Q -> _18336_/RN : -739.961243
[setup reg-reg] _16858_/Q -> _18337_/RN : -739.961243
[setup reg-reg] _16858_/Q -> _18338_/RN : -739.961243
[setup reg-reg] _16858_/Q -> _18339_/RN : -739.961243
[setup reg-reg] _16858_/Q -> _18340_/RN : -739.961243
[setup reg-reg] _16858_/Q -> _18341_/RN : -739.961243
[setup reg-reg] _16858_/Q -> _18342_/RN : -739.961243
[setup reg-reg] _16858_/Q -> _18343_/RN : -739.961243
[setup reg-reg] _16858_/Q -> _18344_/RN : -739.961243
[setup reg-reg] _16858_/Q -> _18345_/RN : -739.961243
[setup reg-reg] _16858_/Q -> _18346_/RN : -739.961243
[setup reg-reg] _16858_/Q -> _18347_/RN : -739.961243
[setup reg-reg] _16858_/Q -> _18348_/RN : -739.961243
[setup reg-reg] _16858_/Q -> _18349_/RN : -739.961243
[setup reg-reg] _16858_/Q -> _18350_/RN : -739.961243
[setup reg-reg] _16858_/Q -> _18351_/RN : -739.961243
[setup reg-reg] _16858_/Q -> _18352_/RN : -739.961243
[setup reg-reg] _16858_/Q -> _18353_/RN : -739.961243
[setup reg-reg] _16858_/Q -> _18354_/RN : -739.961243
[setup reg-reg] _16858_/Q -> _18355_/RN : -739.961243
[setup reg-reg] _16858_/Q -> _18356_/RN : -739.961243
[setup reg-reg] _16858_/Q -> _18357_/RN : -739.961243
[setup reg-reg] _16858_/Q -> _18358_/RN : -739.961243
[setup reg-reg] _16858_/Q -> _18359_/RN : -739.961243
[setup reg-reg] _16858_/Q -> _18360_/RN : -739.961243
[setup reg-reg] _16858_/Q -> _18361_/RN : -739.961243
[setup reg-reg] _16858_/Q -> _18362_/RN : -739.961243
[setup reg-reg] _16858_/Q -> _18363_/RN : -739.961243
[setup reg-reg] _16858_/Q -> _18364_/RN : -739.961243
[setup reg-reg] _16858_/Q -> _18365_/RN : -739.961243
[setup reg-reg] _16858_/Q -> _18366_/RN : -739.961243
[setup reg-reg] _16858_/Q -> _18367_/RN : -739.961243
[setup reg-reg] _16858_/Q -> _18368_/RN : -739.961243
[setup reg-reg] _16858_/Q -> _18369_/RN : -739.961243
[setup reg-reg] _16858_/Q -> _18370_/RN : -739.961243
[setup reg-reg] _16858_/Q -> _18371_/RN : -739.961243
[setup reg-reg] _16858_/Q -> _18372_/RN : -739.961243
[setup reg-reg] _16858_/Q -> _18373_/RN : -739.961243
[setup reg-reg] _16858_/Q -> _18374_/RN : -739.961243
[setup reg-reg] _16858_/Q -> _18375_/RN : -739.961243
[setup reg-reg] _16858_/Q -> _18376_/RN : -739.961243
[setup reg-reg] _16858_/Q -> _18377_/RN : -739.961243
[setup reg-reg] _16858_/Q -> _18378_/RN : -739.961243
[setup reg-reg] _16858_/Q -> _18379_/RN : -739.961243
[setup reg-reg] _16858_/Q -> _18380_/RN : -739.961243
[setup reg-reg] _16858_/Q -> _18381_/RN : -739.961243
[setup reg-reg] _16858_/Q -> _18382_/RN : -739.961243
[setup reg-reg] _16858_/Q -> _18383_/RN : -739.961243
[setup reg-reg] _16858_/Q -> _18384_/RN : -739.961243
[setup reg-reg] _16858_/Q -> _18385_/RN : -739.961243
[setup reg-reg] _16858_/Q -> _18386_/RN : -739.961243
[setup reg-reg] _16858_/Q -> _18387_/RN : -739.961243
[setup reg-reg] _16858_/Q -> _18388_/RN : -739.961243
[setup reg-reg] _16858_/Q -> _18389_/RN : -739.961243
[setup reg-reg] _16858_/Q -> _18390_/RN : -739.961243
[setup reg-reg] _16858_/Q -> _18391_/RN : -739.961243
[setup reg-reg] _16858_/Q -> _18392_/RN : -739.961243
[setup reg-reg] _16858_/Q -> _18393_/RN : -739.961243
[setup reg-reg] _16858_/Q -> _18394_/RN : -739.961243
[setup reg-reg] _16858_/Q -> _18395_/RN : -739.961243
[setup reg-reg] _16858_/Q -> _18396_/RN : -739.961243
[setup reg-reg] _16858_/Q -> _18397_/RN : -739.961243
[setup reg-reg] _16858_/Q -> _18398_/RN : -739.961243
[setup reg-reg] _16858_/Q -> _18399_/RN : -739.961243
[setup reg-reg] _16858_/Q -> _18400_/RN : -739.961243
[setup reg-reg] _16858_/Q -> _18401_/RN : -739.961243
[setup reg-reg] _16858_/Q -> _18402_/RN : -739.961243
[setup reg-reg] _16858_/Q -> _18403_/RN : -739.961243
[setup reg-reg] _16858_/Q -> _18404_/RN : -739.961243
[setup reg-reg] _16858_/Q -> _18405_/RN : -739.961243
[setup reg-reg] _16858_/Q -> _18406_/RN : -739.961243
[setup reg-reg] _16858_/Q -> _18407_/RN : -739.961243
[setup reg-reg] _16858_/Q -> _18408_/RN : -739.961243
[setup reg-reg] _16858_/Q -> _18409_/RN : -739.961243
[setup reg-reg] _16858_/Q -> _18410_/RN : -739.961243
[setup reg-reg] _16858_/Q -> _18411_/RN : -739.961243
[setup reg-reg] _16858_/Q -> _18412_/RN : -739.961243
[setup reg-reg] _16858_/Q -> _18413_/RN : -739.961243
[setup reg-reg] _16858_/Q -> _18414_/RN : -739.961243
[setup reg-reg] _16858_/Q -> _18415_/RN : -739.961243
[setup reg-reg] _16858_/Q -> _18416_/RN : -739.961243
[setup reg-reg] _16858_/Q -> _18417_/RN : -739.961243
[setup reg-reg] _16858_/Q -> _18418_/RN : -739.961243
[setup reg-reg] _16858_/Q -> _18419_/RN : -739.961243
[setup reg-reg] _16858_/Q -> _18420_/RN : -739.961243
[setup reg-reg] _16858_/Q -> _18421_/RN : -739.961243
[setup reg-reg] _16858_/Q -> _18422_/RN : -739.961243
[setup reg-reg] _16858_/Q -> _18423_/RN : -739.961243
[setup reg-reg] _16858_/Q -> _18424_/RN : -739.961243
[setup reg-reg] _16858_/Q -> _18425_/RN : -739.961243
[setup reg-reg] _16858_/Q -> _18426_/RN : -739.961243
[setup reg-reg] _16858_/Q -> _18427_/RN : -739.961243
[setup reg-reg] _16858_/Q -> _18428_/RN : -739.961243
[setup reg-reg] _16858_/Q -> _18429_/RN : -739.961243
[setup reg-reg] _16858_/Q -> _18430_/RN : -739.961243
[setup reg-reg] _16858_/Q -> _18431_/RN : -739.961243
[setup reg-reg] _16858_/Q -> _18432_/RN : -739.961243
[setup reg-reg] _16858_/Q -> _18433_/RN : -739.961243
[setup reg-reg] _16858_/Q -> _18434_/RN : -739.961243
[setup reg-reg] _16858_/Q -> _18435_/RN : -739.961243
[setup reg-reg] _16858_/Q -> _18436_/RN : -739.961243
[setup reg-reg] _16858_/Q -> _18437_/RN : -739.961243
[setup reg-reg] _16858_/Q -> _18438_/RN : -739.961243
[setup reg-reg] _16858_/Q -> _18439_/RN : -739.961243
[setup reg-reg] _16858_/Q -> _18440_/RN : -739.961243
[setup reg-reg] _16858_/Q -> _18441_/RN : -739.961243
[setup reg-reg] _16858_/Q -> _18442_/RN : -739.961243
[setup reg-reg] _16858_/Q -> _18443_/RN : -739.961243
[setup reg-reg] _16858_/Q -> _18444_/RN : -739.961243
[setup reg-reg] _16858_/Q -> _18445_/RN : -739.961243
[setup reg-reg] _16858_/Q -> _18446_/RN : -739.961243
[setup reg-reg] _16858_/Q -> _18447_/RN : -739.961243
[setup reg-reg] _16858_/Q -> _18448_/RN : -739.961243
[setup reg-reg] _16858_/Q -> _18449_/RN : -739.961243
[setup reg-reg] _16858_/Q -> _18450_/RN : -739.961243
[setup reg-reg] _16858_/Q -> _18451_/RN : -739.961243
[setup reg-reg] _16858_/Q -> _18452_/RN : -739.961243
[setup reg-reg] _16858_/Q -> _18453_/RN : -739.961243
[setup reg-reg] _16858_/Q -> _18454_/RN : -739.961243
[setup reg-reg] _16858_/Q -> _18455_/RN : -739.961243
[setup reg-reg] _16858_/Q -> _18456_/RN : -739.961243
[setup reg-reg] _16858_/Q -> _18457_/RN : -739.961243
[setup reg-reg] _16858_/Q -> _18458_/RN : -739.961243
[setup reg-reg] _16858_/Q -> _18459_/RN : -739.961243
[setup reg-reg] _16858_/Q -> _18460_/RN : -739.961243
[setup reg-reg] _16858_/Q -> _18461_/RN : -739.961243
[setup reg-reg] _16858_/Q -> _18462_/RN : -739.961243
[setup reg-reg] _16858_/Q -> _18463_/RN : -739.961243
[setup reg-reg] _16858_/Q -> _18464_/RN : -739.961243
[setup reg-reg] _16858_/Q -> _18465_/RN : -739.961243
[setup reg-reg] _16858_/Q -> _18466_/RN : -739.961243
[setup reg-reg] _16858_/Q -> _18467_/RN : -739.961243
[setup reg-reg] _16858_/Q -> _18468_/RN : -739.961243
[setup reg-reg] _16858_/Q -> _18469_/RN : -739.961243
[setup reg-reg] _16858_/Q -> _18470_/RN : -739.961243
[setup reg-reg] _16858_/Q -> _18471_/RN : -739.961243
[setup reg-reg] _16858_/Q -> _18472_/RN : -739.961243
[setup reg-reg] _16858_/Q -> _18473_/RN : -739.961243
[setup reg-reg] _16858_/Q -> _18474_/RN : -739.961243
[setup reg-reg] _16858_/Q -> _18475_/RN : -739.961243
[setup reg-reg] _16858_/Q -> _18476_/RN : -739.961243
[setup reg-reg] _16858_/Q -> _18477_/RN : -739.961243
[setup reg-reg] _16858_/Q -> _18478_/RN : -739.961243
[setup reg-reg] _16858_/Q -> _18479_/RN : -739.961243
[setup reg-reg] _16858_/Q -> _18480_/RN : -739.961243
[setup reg-reg] _16858_/Q -> _18481_/RN : -739.961243
[setup reg-reg] _16858_/Q -> _18482_/RN : -739.961243
[setup reg-reg] _16858_/Q -> _18483_/RN : -739.961243
[setup reg-reg] _16858_/Q -> _18484_/RN : -739.961243
[setup reg-reg] _16858_/Q -> _18485_/RN : -739.961243
[setup reg-reg] _16858_/Q -> _18486_/RN : -739.961243
[setup reg-reg] _16858_/Q -> _18487_/RN : -739.961243
[setup reg-reg] _16858_/Q -> _18488_/RN : -739.961243
[setup reg-reg] _16858_/Q -> _18489_/RN : -739.961243
[setup reg-reg] _16858_/Q -> _18490_/RN : -739.961243
[setup reg-reg] _16858_/Q -> _18491_/RN : -739.961243
[setup reg-reg] _16858_/Q -> _18492_/RN : -739.961243
[setup reg-reg] _16858_/Q -> _18493_/RN : -739.961243
[setup reg-reg] _16858_/Q -> _18494_/RN : -739.961243
[setup reg-reg] _16858_/Q -> _18495_/RN : -739.961243
[setup reg-reg] _16858_/Q -> _18496_/RN : -739.961243
[setup reg-reg] _16858_/Q -> _18497_/RN : -739.961243
[setup reg-reg] _16858_/Q -> _18498_/RN : -739.961243
[setup reg-reg] _16858_/Q -> _18499_/RN : -739.961243
[setup reg-reg] _16858_/Q -> _18500_/RN : -739.961243
[setup reg-reg] _16858_/Q -> _18501_/RN : -739.961243
[setup reg-reg] _16858_/Q -> _18502_/RN : -739.961243
[setup reg-reg] _16858_/Q -> _18503_/RN : -739.961243
[setup reg-reg] _16858_/Q -> _18504_/RN : -739.961243
[setup reg-reg] _16858_/Q -> _18505_/RN : -739.961243
[setup reg-reg] _16858_/Q -> _18506_/RN : -739.961243
[setup reg-reg] _16858_/Q -> _18507_/RN : -739.961243
[setup reg-reg] _16858_/Q -> _18508_/RN : -739.961243
[setup reg-reg] _16858_/Q -> _18509_/RN : -739.961243
[setup reg-reg] _16858_/Q -> _18510_/RN : -739.961243
[setup reg-reg] _16858_/Q -> _18511_/RN : -739.961243
[setup reg-reg] _16858_/Q -> _18512_/RN : -739.961243
[setup reg-reg] _16858_/Q -> _18513_/RN : -739.961243
[setup reg-reg] _16858_/Q -> _18514_/RN : -739.961243
[setup reg-reg] _16858_/Q -> _18515_/RN : -739.961243
[setup reg-reg] _16858_/Q -> _18516_/RN : -739.961243
[setup reg-reg] _16858_/Q -> _18517_/RN : -739.961243
[setup reg-reg] _16858_/Q -> _18518_/RN : -739.961243
[setup reg-reg] _16858_/Q -> _18519_/RN : -739.961243
[setup reg-reg] _16858_/Q -> _18520_/RN : -739.961243
[setup reg-reg] _16858_/Q -> _18521_/RN : -739.961243
[setup reg-reg] _16858_/Q -> _18522_/RN : -739.961243
[setup reg-reg] _16858_/Q -> _18523_/RN : -739.961243
[setup reg-reg] _16858_/Q -> _18524_/RN : -739.961243
[setup reg-reg] _16858_/Q -> _18525_/RN : -739.961243
[setup reg-reg] _16858_/Q -> _18526_/RN : -739.961243
[setup reg-reg] _16858_/Q -> _18527_/RN : -739.961243
[setup reg-reg] _16858_/Q -> _18528_/RN : -739.961243
[setup reg-reg] _16858_/Q -> _18529_/RN : -739.961243
[setup reg-reg] _16858_/Q -> _18530_/RN : -739.961243
[setup reg-reg] _16858_/Q -> _18531_/RN : -739.961243
[setup reg-reg] _16858_/Q -> _18532_/RN : -739.961243
[setup reg-reg] _16858_/Q -> _18533_/RN : -739.961243
[setup reg-reg] _16858_/Q -> _18534_/RN : -739.961243
[setup reg-reg] _16858_/Q -> _18535_/RN : -739.961243
[setup reg-reg] _16858_/Q -> _18536_/RN : -739.961243
[setup reg-reg] _16858_/Q -> _18537_/RN : -739.961243
[setup reg-reg] _16858_/Q -> _18538_/RN : -739.961243
[setup reg-reg] _16858_/Q -> _18539_/RN : -739.961243
[setup reg-reg] _16858_/Q -> _18540_/RN : -739.961243
[setup reg-reg] _16858_/Q -> _18541_/RN : -739.961243
[setup reg-reg] _16858_/Q -> _18542_/RN : -739.961243
[setup reg-reg] _16858_/Q -> _18543_/RN : -739.961243
[setup reg-reg] _16858_/Q -> _18544_/RN : -739.961243
[setup reg-reg] _16858_/Q -> _18545_/RN : -739.961243
[setup reg-reg] _16858_/Q -> _18546_/RN : -739.961243
[setup reg-reg] _16858_/Q -> _18547_/RN : -739.961243
[setup reg-reg] _16858_/Q -> _18548_/RN : -739.961243
[setup reg-reg] _16858_/Q -> _18549_/RN : -739.961243
[setup reg-reg] _16858_/Q -> _18550_/RN : -739.961243
[setup reg-reg] _16858_/Q -> _18551_/RN : -739.961243
[setup reg-reg] _16858_/Q -> _18552_/RN : -739.961243
[setup reg-reg] _16858_/Q -> _18553_/RN : -739.961243
[setup reg-reg] _16858_/Q -> _18554_/RN : -739.961243
[setup reg-reg] _16858_/Q -> _18555_/RN : -739.961243
[setup reg-reg] _16858_/Q -> _18556_/RN : -739.961243
[setup reg-reg] _16858_/Q -> _18557_/RN : -739.961243
[setup reg-reg] _16858_/Q -> _18558_/RN : -739.961243
[setup reg-reg] _16858_/Q -> _18559_/RN : -739.961243
[setup reg-reg] _16858_/Q -> _18560_/RN : -739.961243
[setup reg-reg] _16858_/Q -> _18561_/RN : -739.961243
[setup reg-reg] _16858_/Q -> _18562_/RN : -739.961243
[setup reg-reg] _16858_/Q -> _18563_/RN : -739.961243
[setup reg-reg] _16858_/Q -> _18564_/RN : -739.961243
[setup reg-reg] _16858_/Q -> _18565_/RN : -739.961243
[setup reg-reg] _16858_/Q -> _18566_/RN : -739.961243
[setup reg-reg] _16858_/Q -> _18567_/RN : -739.961243
[setup reg-reg] _16858_/Q -> _18568_/RN : -739.961243
[setup reg-reg] _16858_/Q -> _18569_/RN : -739.961243
[setup reg-reg] _16858_/Q -> _18570_/RN : -739.961243
[setup reg-reg] _16858_/Q -> _18571_/RN : -739.961243
[setup reg-reg] _16858_/Q -> _18572_/RN : -739.961243
[setup reg-reg] _16858_/Q -> _18573_/RN : -739.961243
[setup reg-reg] _16858_/Q -> _18574_/RN : -739.961243
[setup reg-reg] _16858_/Q -> _18575_/RN : -739.961243
[setup reg-reg] _16858_/Q -> _18576_/RN : -739.961243
[setup reg-reg] _16858_/Q -> _18577_/RN : -739.961243
[setup reg-reg] _16858_/Q -> _18578_/RN : -739.961243
[setup reg-reg] _16858_/Q -> _18579_/RN : -739.961243
[setup reg-reg] _16858_/Q -> _18580_/RN : -739.961243
[setup reg-reg] _16858_/Q -> _18581_/RN : -739.961243
[setup reg-reg] _16858_/Q -> _18582_/RN : -739.961243
[setup reg-reg] _16858_/Q -> _18583_/RN : -739.961243
[setup reg-reg] _16858_/Q -> _18584_/RN : -739.961243
[setup reg-reg] _16858_/Q -> _18585_/RN : -739.961243
[setup reg-reg] _16858_/Q -> _18586_/RN : -739.961243
[setup reg-reg] _16858_/Q -> _18587_/RN : -739.961243
[setup reg-reg] _16858_/Q -> _18588_/RN : -739.961243
[setup reg-reg] _16858_/Q -> _18589_/RN : -739.961243
[setup reg-reg] _16858_/Q -> _18590_/RN : -739.961243
[setup reg-reg] _16858_/Q -> _18591_/RN : -739.961243
[setup reg-reg] _16858_/Q -> _18592_/RN : -739.961243
[setup reg-reg] _16858_/Q -> _18593_/RN : -739.961243
[setup reg-reg] _16858_/Q -> _18594_/RN : -739.961243
[setup reg-reg] _16858_/Q -> _18595_/RN : -739.961243
[setup reg-reg] _16858_/Q -> _18596_/RN : -739.961243
[setup reg-reg] _16858_/Q -> _18597_/RN : -739.961243
[setup reg-reg] _16858_/Q -> _18598_/RN : -739.961243
[setup reg-reg] _16858_/Q -> _18599_/RN : -739.961243
[setup reg-reg] _16858_/Q -> _18600_/RN : -739.961243
[setup reg-reg] _16858_/Q -> _18601_/RN : -739.961243
[setup reg-reg] _16858_/Q -> _18602_/RN : -739.961243
[setup reg-reg] _16858_/Q -> _18603_/RN : -739.961243
[setup reg-reg] _16858_/Q -> _18604_/RN : -739.961243
[setup reg-reg] _16858_/Q -> _18605_/RN : -739.961243
[setup reg-reg] _16858_/Q -> _18606_/RN : -739.961243
[setup reg-reg] _16858_/Q -> _18607_/RN : -739.961243
[setup reg-reg] _16858_/Q -> _18608_/RN : -739.961243
[setup reg-reg] _16858_/Q -> _18609_/RN : -739.961243
[setup reg-reg] _16858_/Q -> _18610_/RN : -739.961243
[setup reg-reg] _16858_/Q -> _18611_/RN : -739.961243
[setup reg-reg] _16858_/Q -> _18612_/RN : -739.961243
[setup reg-reg] _16858_/Q -> _18613_/RN : -739.961243
[setup reg-reg] _16858_/Q -> _18614_/RN : -739.961243
[setup reg-reg] _16858_/Q -> _18615_/RN : -739.961243
[setup reg-reg] _16858_/Q -> _18616_/RN : -739.961243
[setup reg-reg] _16858_/Q -> _18617_/RN : -739.961243
[setup reg-reg] _16858_/Q -> _18618_/RN : -739.961243
[setup reg-reg] _16858_/Q -> _18619_/RN : -739.961243
[setup reg-reg] _16858_/Q -> _18620_/RN : -739.961243
[setup reg-reg] _16858_/Q -> _18621_/RN : -739.961243
[setup reg-reg] _16858_/Q -> _18622_/RN : -739.961243
[setup reg-reg] _16858_/Q -> _18623_/RN : -739.961243
[setup reg-reg] _16858_/Q -> _18624_/RN : -739.961243
[setup reg-reg] _16858_/Q -> _18625_/RN : -739.961243
[setup reg-reg] _16858_/Q -> _18626_/RN : -739.961243
[setup reg-reg] _16858_/Q -> _18627_/RN : -739.961243
[setup reg-reg] _16858_/Q -> _18628_/RN : -739.961243
[setup reg-reg] _16858_/Q -> _18629_/RN : -739.961243
[setup reg-reg] _16858_/Q -> _18630_/RN : -739.961243
[setup reg-reg] _16858_/Q -> _18631_/RN : -739.961243
[setup reg-reg] _16858_/Q -> _18632_/RN : -739.961243
[setup reg-reg] _16858_/Q -> _18633_/RN : -739.961243
[setup reg-reg] _16858_/Q -> _18634_/RN : -739.961243
[setup reg-reg] _16858_/Q -> _18635_/RN : -739.961243
[setup reg-reg] _16858_/Q -> _18636_/RN : -739.961243
[setup reg-reg] _16858_/Q -> _18637_/RN : -739.961243
[setup reg-reg] _16858_/Q -> _18638_/RN : -739.961243
[setup reg-reg] _16858_/Q -> _18639_/RN : -739.961243
[setup reg-reg] _16858_/Q -> _18640_/RN : -739.961243
[setup reg-reg] _16858_/Q -> _18641_/RN : -739.961243
[setup reg-reg] _16858_/Q -> _18642_/RN : -739.961243
[setup reg-reg] _16858_/Q -> _18643_/RN : -739.961243
[setup reg-reg] _16858_/Q -> _18644_/RN : -739.961243
[setup reg-reg] _16858_/Q -> _18645_/RN : -739.961243
[setup reg-reg] _16858_/Q -> _18646_/RN : -739.961243
[setup reg-reg] _16858_/Q -> _18647_/RN : -739.961243
[setup reg-reg] _16858_/Q -> _18648_/RN : -739.961243
[setup reg-reg] _16858_/Q -> _18649_/RN : -739.961243
[setup reg-reg] _16858_/Q -> _18650_/RN : -739.961243
[setup reg-reg] _16858_/Q -> _18651_/RN : -739.961243
[setup reg-reg] _16858_/Q -> _18652_/RN : -739.961243
[setup reg-reg] _16858_/Q -> _18653_/RN : -739.961243
[setup reg-reg] _16858_/Q -> _18654_/RN : -739.961243
[setup reg-reg] _16858_/Q -> _18655_/RN : -739.961243
[setup reg-reg] _16858_/Q -> _18656_/RN : -739.961243
[setup reg-reg] _16858_/Q -> _18657_/RN : -739.961243
[setup reg-reg] _16858_/Q -> _18658_/RN : -739.961243
[setup reg-reg] _16858_/Q -> _18659_/RN : -739.961243
[setup reg-reg] _16858_/Q -> _18660_/RN : -739.961243
[setup reg-reg] _16858_/Q -> _18661_/RN : -739.961243
[setup reg-reg] _16858_/Q -> _18662_/RN : -739.961243
[setup reg-reg] _16858_/Q -> _18663_/RN : -739.961243
[setup reg-reg] _16858_/Q -> _18664_/RN : -739.961243
[setup reg-reg] _16858_/Q -> _18665_/RN : -739.961243
[setup reg-reg] _16858_/Q -> _18666_/RN : -739.961243
[setup reg-reg] _16858_/Q -> _18667_/RN : -739.961243
[setup reg-reg] _16858_/Q -> _18668_/RN : -739.961243
[setup reg-reg] _16858_/Q -> _18669_/RN : -739.961243
[setup reg-reg] _16858_/Q -> _18670_/RN : -739.961243
[setup reg-reg] _16858_/Q -> _18671_/RN : -739.961243
[setup reg-reg] _16858_/Q -> _18672_/RN : -739.961243
[setup reg-reg] _16858_/Q -> _18673_/RN : -739.961243
[setup reg-reg] _16858_/Q -> _18674_/RN : -739.961243
[setup reg-reg] _16858_/Q -> _18675_/RN : -739.961243
[setup reg-reg] _16858_/Q -> _18676_/RN : -739.961243
[setup reg-reg] _16858_/Q -> _18677_/RN : -739.961243
[setup reg-reg] _16858_/Q -> _18678_/RN : -739.961243
[setup reg-reg] _16858_/Q -> _18679_/RN : -739.961243
[setup reg-reg] _16858_/Q -> _18680_/RN : -739.961243
[setup reg-reg] _16858_/Q -> _18681_/RN : -739.961243
[setup reg-reg] _16858_/Q -> _18682_/RN : -739.961243
[setup reg-reg] _16858_/Q -> _18683_/RN : -739.961243
[setup reg-reg] _16858_/Q -> _18684_/RN : -739.961243
[setup reg-reg] _16858_/Q -> _18685_/RN : -739.961243
[setup reg-reg] _16858_/Q -> _18686_/RN : -739.961243
[setup reg-reg] _16858_/Q -> _18687_/RN : -739.961243
[setup reg-reg] _16858_/Q -> _18688_/RN : -739.961243
[setup reg-reg] _16858_/Q -> _18689_/RN : -739.961243
[setup reg-reg] _16858_/Q -> _18690_/RN : -739.961243
[setup reg-reg] _16858_/Q -> _18691_/RN : -739.961243
[setup reg-reg] _16858_/Q -> _18692_/RN : -739.961243
[setup reg-reg] _16858_/Q -> _18693_/RN : -739.961243
[setup reg-reg] _16858_/Q -> _18694_/RN : -739.961243
[setup reg-reg] _16858_/Q -> _18695_/RN : -739.961243
[setup reg-reg] _16858_/Q -> _18696_/RN : -739.961243
[setup reg-reg] _16858_/Q -> _18697_/RN : -739.961243
[setup reg-reg] _16858_/Q -> _18698_/RN : -739.961243
[setup reg-reg] _16858_/Q -> _18699_/RN : -739.961243
[setup reg-reg] _16858_/Q -> _18700_/RN : -739.961243
[setup reg-reg] _16858_/Q -> _18701_/RN : -739.961243
[setup reg-reg] _16858_/Q -> _18702_/RN : -739.961243
[setup reg-reg] _16858_/Q -> _18703_/RN : -739.961243
[setup reg-reg] _16858_/Q -> _18704_/RN : -739.961243
[setup reg-reg] _16858_/Q -> _18705_/RN : -739.961243
[setup reg-reg] _16858_/Q -> _18706_/RN : -739.961243
[setup reg-reg] _16858_/Q -> _18707_/RN : -739.961243
[setup reg-reg] _16858_/Q -> _18708_/RN : -739.961243
[setup reg-reg] _16858_/Q -> _18709_/RN : -739.961243
[setup reg-reg] _16858_/Q -> _18710_/RN : -739.961243
[setup reg-reg] _16858_/Q -> _18711_/RN : -739.961243
[setup reg-reg] _16858_/Q -> _18712_/RN : -739.961243
[setup reg-reg] _16858_/Q -> _18713_/RN : -739.961243
[setup reg-reg] _16858_/Q -> _18714_/RN : -739.961243
[setup reg-reg] _16858_/Q -> _18715_/RN : -739.961243
[setup reg-reg] _16858_/Q -> _18716_/RN : -739.961243
[setup reg-reg] _16858_/Q -> _18717_/RN : -739.961243
[setup reg-reg] _16858_/Q -> _18718_/RN : -739.961243
[setup reg-reg] _16858_/Q -> _18719_/RN : -739.961243
[setup reg-reg] _16858_/Q -> _18720_/RN : -739.961243
[setup reg-reg] _16858_/Q -> _18721_/RN : -739.961243
[setup reg-reg] _16858_/Q -> _18722_/RN : -739.961243
[setup reg-reg] _16858_/Q -> _18723_/RN : -739.961243
[setup reg-reg] _16858_/Q -> _18724_/RN : -739.961243
[setup reg-reg] _16858_/Q -> _18725_/RN : -739.961243
[setup reg-reg] _16858_/Q -> _18726_/RN : -739.961243
[setup reg-reg] _16858_/Q -> _18727_/RN : -739.961243
[setup reg-reg] _16858_/Q -> _18728_/RN : -739.961243
[setup reg-reg] _16858_/Q -> _18729_/RN : -739.961243
[setup reg-reg] _16858_/Q -> _18730_/RN : -739.961243
[setup reg-reg] _16858_/Q -> _18731_/RN : -739.961243
[setup reg-reg] _16858_/Q -> _18732_/RN : -739.961243
[setup reg-reg] _16858_/Q -> _18733_/RN : -739.961243
[setup reg-reg] _16858_/Q -> _18734_/RN : -739.961243
[setup reg-reg] _16858_/Q -> _18735_/RN : -739.961243
[setup reg-reg] _16858_/Q -> _18736_/RN : -739.961243
[setup reg-reg] _16858_/Q -> _18737_/RN : -739.961243
[setup reg-reg] _16858_/Q -> _18738_/RN : -739.961243
[setup reg-reg] _16858_/Q -> _18739_/RN : -739.961243
[setup reg-reg] _16858_/Q -> _18740_/RN : -739.961243
[setup reg-reg] _16858_/Q -> _18741_/RN : -739.961243
[setup reg-reg] _16858_/Q -> _18742_/RN : -739.961243
[setup reg-reg] _16858_/Q -> _18743_/RN : -739.961243
[setup reg-reg] _16858_/Q -> _18744_/RN : -739.961243
[setup reg-reg] _16858_/Q -> _18745_/RN : -739.961243
[setup reg-reg] _16858_/Q -> _18746_/RN : -739.961243
[setup reg-reg] _16858_/Q -> _18747_/RN : -739.961243
[setup reg-reg] _16858_/Q -> _18748_/RN : -739.961243
[setup reg-reg] _16858_/Q -> _18749_/RN : -739.961243
[setup reg-reg] _16858_/Q -> _18750_/RN : -739.961243
[setup reg-reg] _16858_/Q -> _18751_/RN : -739.961243
[setup reg-reg] _16858_/Q -> _18752_/RN : -739.961243
[setup reg-reg] _16858_/Q -> _18753_/RN : -739.961243
[setup reg-reg] _16858_/Q -> _18754_/RN : -739.961243
[setup reg-reg] _16858_/Q -> _18755_/RN : -739.961243
[setup reg-reg] _16858_/Q -> _18756_/RN : -739.961243
[setup reg-reg] _16858_/Q -> _18757_/RN : -739.961243
[setup reg-reg] _16858_/Q -> _18758_/RN : -739.961243
[setup reg-reg] _16858_/Q -> _18759_/RN : -739.961243
[setup reg-reg] _16858_/Q -> _18760_/RN : -739.961243
[setup reg-reg] _16858_/Q -> _18761_/RN : -739.961243
[setup reg-reg] _16858_/Q -> _18762_/RN : -739.961243
[setup reg-reg] _16858_/Q -> _18763_/RN : -739.961243
[setup reg-reg] _16858_/Q -> _18764_/RN : -739.961243
[setup reg-reg] _16858_/Q -> _18765_/RN : -739.961243
[setup reg-reg] _16858_/Q -> _18766_/RN : -739.961243
[setup reg-reg] _16858_/Q -> _18767_/RN : -739.961243
[setup reg-reg] _16858_/Q -> _18768_/RN : -739.961243
[setup reg-reg] _16858_/Q -> _18769_/RN : -739.961243
[setup reg-reg] _16858_/Q -> _18770_/RN : -739.961243
[setup reg-reg] _16858_/Q -> _18771_/RN : -739.961243
[setup reg-reg] _16858_/Q -> _18772_/RN : -739.961243
[setup reg-reg] _16858_/Q -> _18773_/RN : -739.961243
[setup reg-reg] _16858_/Q -> _18774_/RN : -739.961243
[setup reg-reg] _16858_/Q -> _18775_/RN : -739.961243
[setup reg-reg] _16858_/Q -> _18776_/RN : -739.961243
[setup reg-reg] _16858_/Q -> _18777_/RN : -739.961243
[setup reg-reg] _16858_/Q -> _18778_/RN : -739.961243
[setup reg-reg] _16858_/Q -> _18779_/RN : -739.961243
[setup reg-reg] _16858_/Q -> _18780_/RN : -739.961243
[setup reg-reg] _16858_/Q -> _18781_/RN : -739.961243
[setup reg-reg] _16858_/Q -> _18782_/RN : -739.961243
[setup reg-reg] _16858_/Q -> _18783_/RN : -739.961243
[setup reg-reg] _16858_/Q -> _18784_/RN : -739.961243
[setup reg-reg] _16858_/Q -> _18785_/RN : -739.961243
[setup reg-reg] _16858_/Q -> _18786_/RN : -739.961243
[setup reg-reg] _16858_/Q -> _18787_/RN : -739.961243
[setup reg-reg] _16858_/Q -> _18788_/RN : -739.961243
[setup reg-reg] _16858_/Q -> _18789_/RN : -739.961243
[setup reg-reg] _16858_/Q -> _18790_/RN : -739.961243
[setup reg-reg] _16858_/Q -> _18791_/RN : -739.961243
[setup reg-reg] _16858_/Q -> _18792_/RN : -739.961243
[setup reg-reg] _16858_/Q -> _18793_/RN : -739.961243
[setup reg-reg] _16858_/Q -> _18794_/RN : -739.961243
[setup reg-reg] _16858_/Q -> _18795_/RN : -739.961243
[setup reg-reg] _16858_/Q -> _18796_/RN : -739.961243
[setup reg-reg] _16858_/Q -> _18797_/RN : -739.961243
[setup reg-reg] _16858_/Q -> _18798_/RN : -739.961243
[setup reg-reg] _16858_/Q -> _18799_/RN : -739.961243
[setup reg-reg] _16858_/Q -> _18800_/RN : -739.961243
[setup reg-reg] _16858_/Q -> _18801_/RN : -739.961243
[setup reg-reg] _16858_/Q -> _18802_/RN : -739.961243
[setup reg-reg] _16858_/Q -> _18803_/RN : -739.961243
[setup reg-reg] _16858_/Q -> _18804_/RN : -739.961243
[setup reg-reg] _16858_/Q -> _18805_/RN : -739.961243
[setup reg-reg] _16858_/Q -> _18806_/RN : -739.961243
[setup reg-reg] _16858_/Q -> _18807_/RN : -739.961243
[setup reg-reg] _16858_/Q -> _18808_/RN : -739.961243
[setup reg-reg] _16858_/Q -> _18809_/RN : -739.961243
[setup reg-reg] _16858_/Q -> _18810_/RN : -739.961243
[setup reg-reg] _16858_/Q -> _18811_/RN : -739.961243
[setup reg-reg] _16858_/Q -> _18812_/RN : -739.961243
[setup reg-reg] _16858_/Q -> _18813_/RN : -739.961243
[setup reg-reg] _16858_/Q -> _18814_/RN : -739.961243
[setup reg-reg] _16858_/Q -> _18815_/RN : -739.961243
[setup reg-reg] _16858_/Q -> _18816_/RN : -739.961243
[setup reg-reg] _16858_/Q -> _18817_/RN : -739.961243
[setup reg-reg] _16858_/Q -> _18818_/RN : -739.961243
[setup reg-reg] _16858_/Q -> _18819_/RN : -739.961243
[setup reg-reg] _16858_/Q -> _18820_/RN : -739.961243
[setup reg-reg] _16858_/Q -> _18821_/RN : -739.961243
[setup reg-reg] _16858_/Q -> _18822_/RN : -739.961243
[setup reg-reg] _16858_/Q -> _18823_/RN : -739.961243
[setup reg-reg] _16858_/Q -> _18824_/RN : -739.961243
[setup reg-reg] _16858_/Q -> _18825_/RN : -739.961243
[setup reg-reg] _16858_/Q -> _18826_/RN : -739.961243
[setup reg-reg] _16858_/Q -> _18827_/RN : -739.961243
[setup reg-reg] _16858_/Q -> _18828_/RN : -739.961243
[setup reg-reg] _16858_/Q -> _18829_/RN : -739.961243
[setup reg-reg] _16858_/Q -> _18830_/RN : -739.961243
[setup reg-reg] _16858_/Q -> _18831_/RN : -739.961243
[setup reg-reg] _16858_/Q -> _18832_/RN : -739.961243
[setup reg-reg] _16858_/Q -> _18833_/RN : -739.961243
[setup reg-reg] _16858_/Q -> _18834_/RN : -739.961243
[setup reg-reg] _16858_/Q -> _18835_/RN : -739.961243
[setup reg-reg] _16858_/Q -> _18836_/RN : -739.961243
[setup reg-reg] _16858_/Q -> _18837_/RN : -739.961243
[setup reg-reg] _16858_/Q -> _18838_/RN : -739.961243
[setup reg-reg] _16858_/Q -> _18839_/RN : -739.961243
[setup reg-reg] _16858_/Q -> _18840_/RN : -739.961243
[setup reg-reg] _16858_/Q -> _18841_/RN : -739.961243
[setup reg-reg] _16858_/Q -> _18842_/RN : -739.961243
[setup reg-reg] _16858_/Q -> _18843_/RN : -739.961243
[setup reg-reg] _16858_/Q -> _18844_/RN : -739.961243
[setup reg-reg] _16858_/Q -> _18845_/RN : -739.961243
[setup reg-reg] _16858_/Q -> _18846_/RN : -739.961243
[setup reg-reg] _16858_/Q -> _18847_/RN : -739.961243
[setup reg-reg] _16858_/Q -> _18848_/RN : -739.961243
[setup reg-reg] _16858_/Q -> _18849_/RN : -739.961243
[setup reg-reg] _16858_/Q -> _18850_/RN : -739.961243
[setup reg-reg] _16858_/Q -> _18851_/RN : -739.961243
[setup reg-reg] _16858_/Q -> _18852_/RN : -739.961243
[setup reg-reg] _16858_/Q -> _18853_/RN : -739.961243
[setup reg-reg] _16858_/Q -> _18854_/RN : -739.961243
[setup reg-reg] _16858_/Q -> _18855_/RN : -739.961243
[setup reg-reg] _16858_/Q -> _18856_/RN : -739.961243
[setup reg-reg] _16858_/Q -> _18857_/RN : -739.961243
[setup reg-reg] _16858_/Q -> _18858_/RN : -739.961243
[setup reg-reg] _16858_/Q -> _18859_/RN : -739.961243
[setup reg-reg] _16858_/Q -> _18860_/RN : -739.961243
[setup reg-reg] _16858_/Q -> _18861_/RN : -739.961243
[setup reg-reg] _16858_/Q -> _18862_/RN : -739.961243
[setup reg-reg] _16858_/Q -> _18863_/RN : -739.961243
[setup reg-reg] _16858_/Q -> _18864_/RN : -739.961243
[setup reg-reg] _16858_/Q -> _18865_/RN : -739.961243
[setup reg-reg] _16858_/Q -> _18866_/RN : -739.961243
[setup reg-reg] _16858_/Q -> _18867_/RN : -739.961243
[setup reg-reg] _16858_/Q -> _18868_/RN : -739.961243
[setup reg-reg] _16858_/Q -> _18869_/RN : -739.961243
[setup reg-reg] _16858_/Q -> _18870_/RN : -739.961243
[setup reg-reg] _16858_/Q -> _18871_/RN : -739.961243
[setup reg-reg] _16858_/Q -> _18872_/RN : -739.961243
[setup reg-reg] _16858_/Q -> _18873_/RN : -739.961243
[setup reg-reg] _16858_/Q -> _18874_/RN : -739.961243
[setup reg-reg] _16858_/Q -> _18875_/RN : -739.961243
[setup reg-reg] _16858_/Q -> _18876_/RN : -739.961243
[setup reg-reg] _16858_/Q -> _18877_/RN : -739.961243
[setup reg-reg] _16858_/Q -> _18878_/RN : -739.961243
[setup reg-reg] _16858_/Q -> _18879_/RN : -739.961243
[setup reg-reg] _16858_/Q -> _18880_/RN : -739.961243
[setup reg-reg] _16858_/Q -> _18881_/RN : -739.961243
[setup reg-reg] _16858_/Q -> _18882_/RN : -739.961243
[setup reg-reg] _16858_/Q -> _18883_/RN : -739.961243
[setup reg-reg] _16858_/Q -> _18884_/RN : -739.961243
[setup reg-reg] _16858_/Q -> _18885_/RN : -739.961243
[setup reg-reg] _16858_/Q -> _18886_/RN : -739.961243
[setup reg-reg] _16858_/Q -> _18887_/RN : -739.961243
[setup reg-reg] _16858_/Q -> _18888_/RN : -739.961243
[setup reg-reg] _16858_/Q -> _18889_/RN : -739.961243
[setup reg-reg] _16858_/Q -> _18890_/RN : -739.961243
[setup reg-reg] _16858_/Q -> _18891_/RN : -739.961243
[setup reg-reg] _16858_/Q -> _18892_/RN : -739.961243
[setup reg-reg] _16858_/Q -> _18893_/RN : -739.961243
[setup reg-reg] _16858_/Q -> _18894_/RN : -739.961243
[setup reg-reg] _16858_/Q -> _18895_/RN : -739.961243
[setup reg-reg] _16858_/Q -> _18896_/RN : -739.961243
[setup reg-reg] _16858_/Q -> _18897_/RN : -739.961243
[setup reg-reg] _16858_/Q -> _18898_/RN : -739.961243
[setup reg-reg] _16858_/Q -> _18899_/RN : -739.961243
[setup reg-reg] _16858_/Q -> _18900_/RN : -739.961243
[setup reg-reg] _16858_/Q -> _18901_/RN : -739.961243
[setup reg-reg] _16858_/Q -> _18902_/RN : -739.961243
[setup reg-reg] _16858_/Q -> _18903_/RN : -739.961243
[setup reg-reg] _16858_/Q -> _18904_/RN : -739.961243
[setup reg-reg] _16858_/Q -> _18905_/RN : -739.961243
[setup reg-reg] _16858_/Q -> _18906_/RN : -739.961243
[setup reg-reg] _16858_/Q -> _18907_/RN : -739.961243
[setup reg-reg] _16858_/Q -> _18908_/RN : -739.961243
[setup reg-reg] _16858_/Q -> _18909_/RN : -739.961243
[setup reg-reg] _16858_/Q -> _18910_/RN : -739.961243
[setup reg-reg] _16858_/Q -> _18911_/RN : -739.961243
[setup reg-reg] _16858_/Q -> _18912_/RN : -739.961243
[setup reg-reg] _16858_/Q -> _18913_/RN : -739.961243
[setup reg-reg] _16858_/Q -> _18914_/RN : -739.961243
[setup reg-reg] _16858_/Q -> _18915_/RN : -739.961243
[setup reg-reg] _16858_/Q -> _18916_/RN : -739.961243
[setup reg-reg] _16858_/Q -> _18917_/RN : -739.961243
[setup reg-reg] _16858_/Q -> _18918_/RN : -739.961243
[setup reg-reg] _16858_/Q -> _18919_/RN : -739.961243
[setup reg-reg] _16858_/Q -> _18920_/RN : -739.961243
[setup reg-reg] _16858_/Q -> _18921_/RN : -739.961243
[setup reg-reg] _16858_/Q -> _18922_/RN : -739.961243
[setup reg-reg] _16858_/Q -> _18923_/RN : -739.961243
[setup reg-reg] _16858_/Q -> _18924_/RN : -739.961243
[setup reg-reg] _16858_/Q -> _18925_/RN : -739.961243
[setup reg-reg] _16858_/Q -> _18926_/RN : -739.961243
[setup reg-reg] _16858_/Q -> _18927_/RN : -739.961243
[setup reg-reg] _16858_/Q -> _18928_/RN : -739.961243
[setup reg-reg] _16858_/Q -> _18929_/RN : -739.961243
[setup reg-reg] _16858_/Q -> _18930_/RN : -739.961243
[setup reg-reg] _16858_/Q -> _18931_/RN : -739.961243
[setup reg-reg] _16858_/Q -> _18932_/RN : -739.961243
[setup reg-reg] _16858_/Q -> _18933_/RN : -739.961243
[setup reg-reg] _16858_/Q -> _18934_/RN : -739.961243
[setup reg-reg] _16858_/Q -> _18935_/RN : -739.961243
[setup reg-reg] _16858_/Q -> _18936_/RN : -739.961243
[setup reg-reg] _16858_/Q -> _18937_/RN : -739.961243
[setup reg-reg] _16858_/Q -> _18938_/RN : -739.961243
[setup reg-reg] _16858_/Q -> _18939_/RN : -739.961243
[setup reg-reg] _16858_/Q -> _18940_/RN : -739.961243
[setup reg-reg] _16858_/Q -> _18941_/RN : -739.961243
[setup reg-reg] _16858_/Q -> _18942_/RN : -739.961243
[setup reg-reg] _16858_/Q -> _18943_/RN : -739.961243
[setup reg-reg] _16858_/Q -> _18944_/RN : -739.961243
[setup reg-reg] _16858_/Q -> _18945_/RN : -739.961243
[setup reg-reg] _16858_/Q -> _18946_/RN : -739.961243
[setup reg-reg] _16858_/Q -> _18947_/RN : -739.961243
[setup reg-reg] _16858_/Q -> _18948_/RN : -739.961243
[setup reg-reg] _16858_/Q -> _18949_/RN : -739.961243
[setup reg-reg] _16858_/Q -> _18950_/RN : -739.961243
[setup reg-reg] _16858_/Q -> _18951_/RN : -739.961243
[setup reg-reg] _16858_/Q -> _18952_/RN : -739.961243
[setup reg-reg] _16858_/Q -> _18953_/RN : -739.961243
[setup reg-reg] _16858_/Q -> _18954_/RN : -739.961243
[setup reg-reg] _16858_/Q -> _18955_/RN : -739.961243
[setup reg-reg] _16858_/Q -> _18956_/RN : -739.961243
[setup reg-reg] _16858_/Q -> _18957_/RN : -739.961243
[setup reg-reg] _16858_/Q -> _18958_/RN : -739.961243
[setup reg-reg] _16858_/Q -> _18959_/RN : -739.961243
[setup reg-reg] _16858_/Q -> _18960_/RN : -739.961243
[setup reg-reg] _16858_/Q -> _18961_/RN : -739.961243
[setup reg-reg] _16858_/Q -> _18962_/RN : -739.961243
[setup reg-reg] _16858_/Q -> _18963_/RN : -739.961243
[setup reg-reg] _16858_/Q -> _18964_/RN : -739.961243
[setup reg-reg] _16858_/Q -> _18965_/RN : -739.961243
[setup reg-reg] _16858_/Q -> _18966_/RN : -739.961243
[setup reg-reg] _16858_/Q -> _18967_/RN : -739.961243
[setup reg-reg] _16858_/Q -> _18968_/RN : -739.961243
[setup reg-reg] _16858_/Q -> _18969_/RN : -739.961243
[setup reg-reg] _16858_/Q -> _18970_/RN : -739.961243
[setup reg-reg] _16858_/Q -> _18971_/RN : -739.961243
[setup reg-reg] _16858_/Q -> _18972_/RN : -739.961243
[setup reg-reg] _16858_/Q -> _18973_/RN : -739.961243
[setup reg-reg] _16858_/Q -> _18974_/RN : -739.961243
[setup reg-reg] _16858_/Q -> _18975_/RN : -739.961243
[setup reg-reg] _16858_/Q -> _18976_/RN : -739.961243
[setup reg-reg] _16858_/Q -> _18977_/RN : -739.961243
[setup reg-reg] _16858_/Q -> _18978_/RN : -739.961243
[setup reg-reg] _16858_/Q -> _18979_/RN : -739.961243
[setup reg-reg] _16858_/Q -> _18980_/RN : -739.961243
[setup reg-reg] _16858_/Q -> _18981_/RN : -739.961243
[setup reg-reg] _16858_/Q -> _18982_/RN : -739.961243
[setup reg-reg] _16858_/Q -> _18983_/RN : -739.961243
[setup reg-reg] _16858_/Q -> _18984_/RN : -739.961243
[setup reg-reg] _16858_/Q -> _18985_/RN : -739.961243
[setup reg-reg] _16858_/Q -> _18986_/RN : -739.961243
[setup reg-reg] _16858_/Q -> _18987_/RN : -739.961243
[setup reg-reg] _16858_/Q -> _18988_/RN : -739.961243
[setup reg-reg] _16858_/Q -> _18989_/RN : -739.961243
[setup reg-reg] _16858_/Q -> _18990_/RN : -739.961243
[setup reg-reg] _16858_/Q -> _18991_/RN : -739.961243
[setup reg-reg] _16858_/Q -> _18992_/RN : -739.961243
[setup reg-reg] _16858_/Q -> _18993_/RN : -739.961243
[setup reg-reg] _16858_/Q -> _18994_/RN : -739.961243
[setup reg-reg] _16858_/Q -> _18995_/RN : -739.961243
[setup reg-reg] _16858_/Q -> _18996_/RN : -739.961243
[setup reg-reg] _16858_/Q -> _18997_/RN : -739.961243
[setup reg-reg] _16858_/Q -> _18998_/RN : -739.961243
[setup reg-reg] _16858_/Q -> _18999_/RN : -739.961243
[setup reg-reg] _16858_/Q -> _19000_/RN : -739.961243
[setup reg-reg] _16858_/Q -> _19001_/RN : -739.961243
[setup reg-reg] _16858_/Q -> _19002_/RN : -739.961243
[setup reg-reg] _16858_/Q -> _19003_/RN : -739.961243
[setup reg-reg] _16858_/Q -> _19004_/RN : -739.961243
[setup reg-reg] _16858_/Q -> _19005_/RN : -739.961243
[setup reg-reg] _16858_/Q -> _19006_/RN : -739.961243
[setup reg-reg] _16858_/Q -> _19007_/RN : -739.961243
[setup reg-reg] _16858_/Q -> _19008_/RN : -739.961243
[setup reg-reg] _16858_/Q -> _19009_/RN : -739.961243
[setup reg-reg] _16858_/Q -> _19010_/RN : -739.961243
[setup reg-reg] _16858_/Q -> _19011_/RN : -739.961243
[setup reg-reg] _16858_/Q -> _19012_/RN : -739.961243
[setup reg-reg] _16858_/Q -> _19013_/RN : -739.961243
[setup reg-reg] _16858_/Q -> _19014_/RN : -739.961243
[setup reg-reg] _16858_/Q -> _19015_/RN : -739.961243
[setup reg-reg] _16858_/Q -> _19016_/RN : -739.961243
[setup reg-reg] _16858_/Q -> _19017_/RN : -739.961243
[setup reg-reg] _16858_/Q -> _19018_/RN : -739.961243
[setup reg-reg] _16858_/Q -> _19019_/RN : -739.961243
[setup reg-reg] _16858_/Q -> _19020_/RN : -739.961243
[setup reg-reg] _16858_/Q -> _19021_/RN : -739.961243
[setup reg-reg] _16858_/Q -> _19022_/RN : -739.961243
[setup reg-reg] _16858_/Q -> _19023_/RN : -739.961243
[setup reg-reg] _16858_/Q -> _19024_/RN : -739.961243
[setup reg-reg] _16858_/Q -> _19025_/RN : -739.961243
[setup reg-reg] _16858_/Q -> _19026_/RN : -739.961243
[setup reg-reg] _16858_/Q -> _19027_/RN : -739.961243
[setup reg-reg] _16858_/Q -> _19028_/RN : -739.961243
[setup reg-reg] _16858_/Q -> _19029_/RN : -739.961243
[setup reg-reg] _16858_/Q -> _19030_/RN : -739.961243
[setup reg-reg] _16858_/Q -> _19031_/RN : -739.961243
[setup reg-reg] _16858_/Q -> _19032_/RN : -739.961243
[setup reg-reg] _16858_/Q -> _19033_/RN : -739.961243
[setup reg-reg] _16858_/Q -> _19034_/RN : -739.961243
[setup reg-reg] _16858_/Q -> _19035_/RN : -739.961243
[setup reg-reg] _16858_/Q -> _19036_/RN : -739.961243
[setup reg-reg] _16858_/Q -> _19037_/RN : -739.961243
[setup reg-reg] _16858_/Q -> _19038_/RN : -739.961243
[setup reg-reg] _16858_/Q -> _19039_/RN : -739.961243
[setup reg-reg] _16858_/Q -> _19040_/RN : -739.961243
[setup reg-reg] _16858_/Q -> _19041_/RN : -739.961243
[setup reg-reg] _16858_/Q -> _19042_/RN : -739.961243
[setup reg-reg] _16858_/Q -> _19043_/RN : -739.961243
[setup reg-reg] _16858_/Q -> _19044_/RN : -739.961243
[setup reg-reg] _16858_/Q -> _19045_/RN : -739.961243
[setup reg-reg] _16858_/Q -> _19046_/RN : -739.961243
[setup reg-reg] _16858_/Q -> _19047_/RN : -739.961243
[setup reg-reg] _16858_/Q -> _19048_/RN : -739.961243
[setup reg-reg] _16858_/Q -> _19049_/RN : -739.961243
[setup reg-reg] _16858_/Q -> _19050_/RN : -739.961243
[setup reg-reg] _16858_/Q -> _19051_/RN : -739.961243
[setup reg-reg] _16858_/Q -> _19052_/RN : -739.961243
[setup reg-reg] _16858_/Q -> _19053_/RN : -739.961243
[setup reg-reg] _16858_/Q -> _19054_/RN : -739.961243
[setup reg-reg] _16858_/Q -> _19055_/RN : -739.961243
[setup reg-reg] _16858_/Q -> _19056_/RN : -739.961243
[setup reg-reg] _16858_/Q -> _19057_/RN : -739.961243
[setup reg-reg] _16858_/Q -> _19058_/RN : -739.961243
[setup reg-reg] _16858_/Q -> _19059_/RN : -739.961243
[setup reg-reg] _16858_/Q -> _19060_/RN : -739.961243
[setup reg-reg] _16858_/Q -> _19061_/RN : -739.961243
[setup reg-reg] _16858_/Q -> _19062_/RN : -739.961243
[setup reg-reg] _16858_/Q -> _19063_/RN : -739.961243
[setup reg-reg] _16858_/Q -> _19064_/RN : -739.961243
[setup reg-reg] _16858_/Q -> _19065_/RN : -739.961243
[setup reg-reg] _16858_/Q -> _19066_/RN : -739.961243
[setup reg-reg] _16858_/Q -> _19067_/RN : -739.961243
[setup reg-reg] _16858_/Q -> _19068_/RN : -739.961243
[setup reg-reg] _16858_/Q -> _19069_/RN : -739.961243
[setup reg-reg] _16858_/Q -> _19070_/RN : -739.961243
[setup reg-reg] _16858_/Q -> _19071_/RN : -739.961243
[setup reg-reg] _16858_/Q -> _19072_/RN : -739.961243
[setup reg-reg] _16858_/Q -> _19073_/RN : -739.961243
[setup reg-reg] _16858_/Q -> _19074_/RN : -739.961243
[setup reg-reg] _16858_/Q -> _19075_/RN : -739.961243
[setup reg-reg] _16858_/Q -> _19076_/RN : -739.961243
[setup reg-reg] _16858_/Q -> _19077_/RN : -739.961243
[setup reg-reg] _16858_/Q -> _19078_/RN : -739.961243
[setup reg-reg] _16858_/Q -> _19079_/RN : -739.961243
[setup reg-reg] _16858_/Q -> _19080_/RN : -739.961243
[setup reg-reg] _16858_/Q -> _19081_/RN : -739.961243
[setup reg-reg] _16858_/Q -> _19082_/RN : -739.961243
[setup reg-reg] _16858_/Q -> _19083_/RN : -739.961243
[setup reg-reg] _16858_/Q -> _19084_/RN : -739.961243
[setup reg-reg] _16858_/Q -> _19085_/RN : -739.961243
[setup reg-reg] _16858_/Q -> _19086_/RN : -739.961243
[setup reg-reg] _16858_/Q -> _19087_/RN : -739.961243
[setup reg-reg] _16858_/Q -> _19088_/RN : -739.961243
[setup reg-reg] _16858_/Q -> _19089_/RN : -739.961243
[setup reg-reg] _16858_/Q -> _19090_/RN : -739.961243
[setup reg-reg] _16858_/Q -> _19091_/RN : -739.961243
[setup reg-reg] _16858_/Q -> _19092_/RN : -739.961243
[setup reg-reg] _16858_/Q -> _19093_/RN : -739.961243
[setup reg-reg] _16858_/Q -> _19094_/RN : -739.961243
[setup reg-reg] _16858_/Q -> _19095_/RN : -739.961243
[setup reg-reg] _16858_/Q -> _19096_/RN : -739.961243
[setup reg-reg] _16858_/Q -> _19097_/RN : -739.961243
[setup reg-reg] _16858_/Q -> _19098_/RN : -739.961243
[setup reg-reg] _16858_/Q -> _19099_/RN : -739.961243
[setup reg-reg] _16858_/Q -> _19100_/RN : -739.961243
[setup reg-reg] _16858_/Q -> _19101_/RN : -739.961243
[setup reg-reg] _16858_/Q -> _19102_/RN : -739.961243
[setup reg-reg] _16858_/Q -> _19103_/RN : -739.961243
[setup reg-reg] _16858_/Q -> _19104_/RN : -739.961243
[setup reg-reg] _16858_/Q -> _19105_/RN : -739.961243
[setup reg-reg] _16858_/Q -> _19106_/RN : -739.961243
[setup reg-reg] _16858_/Q -> _19107_/RN : -739.961243
[setup reg-reg] _16858_/Q -> _19108_/RN : -739.961243
[setup reg-reg] _16858_/Q -> _19109_/RN : -739.961243
[setup reg-reg] _16858_/Q -> _19110_/RN : -739.961243
[setup reg-reg] _16858_/Q -> _19111_/RN : -739.961243
[setup reg-reg] _16858_/Q -> _19112_/RN : -739.961243
[setup reg-reg] _16858_/Q -> _19113_/RN : -739.961243
[setup reg-reg] _16858_/Q -> _19114_/RN : -739.961243
[setup reg-reg] _16858_/Q -> _19115_/RN : -739.961243
[setup reg-reg] _16858_/Q -> _19116_/RN : -739.961243
[setup reg-reg] _16858_/Q -> _19117_/RN : -739.961243
[setup reg-reg] _16858_/Q -> _19118_/RN : -739.961243
[setup reg-reg] _16858_/Q -> _19119_/RN : -739.961243
[setup reg-reg] _16858_/Q -> _19120_/RN : -739.961243
[setup reg-reg] _16858_/Q -> _19121_/RN : -739.961243
[setup reg-reg] _16858_/Q -> _19122_/RN : -739.961243
[setup reg-reg] _16858_/Q -> _19123_/RN : -739.961243
[setup reg-reg] _16858_/Q -> _19124_/RN : -739.961243
[setup reg-reg] _16858_/Q -> _19125_/RN : -739.961243
[setup reg-reg] _16858_/Q -> _19126_/RN : -739.961243
[setup reg-reg] _16858_/Q -> _19127_/RN : -739.961243
[setup reg-reg] _16858_/Q -> _19128_/RN : -739.961243
[setup reg-reg] _16858_/Q -> _19129_/RN : -739.961243
[setup reg-reg] _16858_/Q -> _19130_/RN : -739.961243
[setup reg-reg] _16858_/Q -> _19131_/RN : -739.961243
[setup reg-reg] _16858_/Q -> _19132_/RN : -739.961243
[setup reg-reg] _16858_/Q -> _19133_/RN : -739.961243
[setup reg-reg] _16858_/Q -> _19134_/RN : -739.961243
[setup reg-reg] _16858_/Q -> _19135_/RN : -739.961243
[setup reg-reg] _16858_/Q -> _19136_/RN : -739.961243
[setup reg-reg] _16858_/Q -> _19137_/RN : -739.961243
[setup reg-reg] _16858_/Q -> _19138_/RN : -739.961243
[setup reg-reg] _16858_/Q -> _19139_/RN : -739.961243
[setup reg-reg] _16858_/Q -> _19140_/RN : -739.961243
[setup reg-reg] _16858_/Q -> _19141_/RN : -739.961243
[setup reg-reg] _16858_/Q -> _19142_/RN : -739.961243
[setup reg-reg] _16858_/Q -> _19143_/RN : -739.961243
[setup reg-reg] _16858_/Q -> _19144_/RN : -739.961243
[setup reg-reg] _16858_/Q -> _19145_/RN : -739.961243
[setup reg-reg] _16858_/Q -> _19146_/RN : -739.961243
[setup reg-reg] _16858_/Q -> _19147_/RN : -739.961243
[setup reg-reg] _16858_/Q -> _19148_/RN : -739.961243
[setup reg-reg] _16858_/Q -> _19149_/RN : -739.961243
[setup reg-reg] _16858_/Q -> _19150_/RN : -739.961243
[setup reg-reg] _16858_/Q -> _19151_/RN : -739.961243
[setup reg-reg] _16858_/Q -> _19152_/RN : -739.961243
[setup reg-reg] _16858_/Q -> _19153_/RN : -739.961243
[setup reg-reg] _16858_/Q -> _19154_/RN : -739.961243
[setup reg-reg] _16858_/Q -> _19155_/RN : -739.961243
[setup reg-reg] _16858_/Q -> _19156_/RN : -739.961243
[setup reg-reg] _16858_/Q -> _19157_/RN : -739.961243
[setup reg-reg] _16858_/Q -> _19158_/RN : -739.961243
[setup reg-reg] _16858_/Q -> _19159_/RN : -739.961243
[setup reg-reg] _16858_/Q -> _19160_/RN : -739.961243
[setup reg-reg] _16858_/Q -> _19161_/RN : -739.961243
[setup reg-reg] _16858_/Q -> _19162_/RN : -739.961243
[setup reg-reg] _16858_/Q -> _19163_/RN : -739.961243
[setup reg-reg] _16858_/Q -> _19164_/RN : -739.961243
[setup reg-reg] _16858_/Q -> _19165_/RN : -739.961243
[setup reg-reg] _16858_/Q -> _19166_/RN : -739.961243
[setup reg-reg] _16858_/Q -> _19167_/RN : -739.961243
[setup reg-reg] _16858_/Q -> _19168_/RN : -739.961243
[setup reg-reg] _16858_/Q -> _19169_/RN : -739.961243
[setup reg-reg] _16858_/Q -> _19170_/RN : -739.961243
[setup reg-reg] _16858_/Q -> _19171_/RN : -739.961243
[setup reg-reg] _16858_/Q -> _19172_/RN : -739.961243
[setup reg-reg] _16858_/Q -> _19173_/RN : -739.961243
[setup reg-reg] _16858_/Q -> _19174_/RN : -739.961243
[setup reg-reg] _16858_/Q -> _19175_/RN : -739.961243
[setup reg-reg] _16858_/Q -> _19176_/RN : -739.961243
[setup reg-reg] _16858_/Q -> _19177_/RN : -739.961243
[setup reg-reg] _16858_/Q -> _19178_/RN : -739.961243
[setup reg-reg] _16858_/Q -> _19179_/RN : -739.961243
[setup reg-reg] _16858_/Q -> _19180_/RN : -739.961243
[setup reg-reg] _16858_/Q -> _19181_/RN : -739.961243
[setup reg-reg] _16858_/Q -> _19182_/RN : -739.961243
[setup reg-reg] _16858_/Q -> _19183_/RN : -739.961243
[setup reg-reg] _16858_/Q -> _19184_/RN : -739.961243
[setup reg-reg] _16858_/Q -> _19185_/RN : -739.961243
[setup reg-reg] _16858_/Q -> _19186_/RN : -739.961243
[setup reg-reg] _16858_/Q -> _19187_/RN : -739.961243
[setup reg-reg] _16858_/Q -> _19188_/RN : -739.961243
[setup reg-reg] _16858_/Q -> _19189_/RN : -739.961243
[setup reg-reg] _16858_/Q -> _19190_/RN : -739.961243
[setup reg-reg] _16858_/Q -> _19191_/RN : -739.961243
[setup reg-reg] _16858_/Q -> _19192_/RN : -739.961243
[setup reg-reg] _16858_/Q -> _19193_/RN : -739.961243
[setup reg-reg] _16858_/Q -> _19194_/RN : -739.961243
[setup reg-reg] _16858_/Q -> _19195_/RN : -739.961243
[setup reg-reg] _16858_/Q -> _19196_/RN : -739.961243
[setup reg-reg] _16858_/Q -> _19197_/RN : -739.961243
[setup reg-reg] _16858_/Q -> _19198_/RN : -739.961243
[setup reg-reg] _16858_/Q -> _19199_/RN : -739.961243
[setup reg-reg] _16858_/Q -> _19200_/RN : -739.961243
[setup reg-reg] _16858_/Q -> _19201_/RN : -739.961243
[setup reg-reg] _16858_/Q -> _19202_/RN : -739.961243
[setup reg-reg] _16858_/Q -> _19203_/RN : -739.961243
[setup reg-reg] _16858_/Q -> _19204_/RN : -739.961243
[setup reg-reg] _16858_/Q -> _19205_/RN : -739.961243
[setup reg-reg] _16858_/Q -> _19206_/RN : -739.961243
[setup reg-reg] _16858_/Q -> _19207_/RN : -739.961243
[setup reg-reg] _16858_/Q -> _19208_/RN : -739.961243
[setup reg-reg] _16858_/Q -> _19209_/RN : -739.961243
[setup reg-reg] _16858_/Q -> _19210_/RN : -739.961243
[setup reg-reg] _16858_/Q -> _19211_/RN : -739.961243
[setup reg-reg] _16858_/Q -> _19212_/RN : -739.961243
[setup reg-reg] _16858_/Q -> _19213_/RN : -739.961243
[setup reg-reg] _16858_/Q -> _19214_/RN : -739.961243
[setup reg-reg] _16858_/Q -> _19215_/RN : -739.961243
[setup reg-reg] _16858_/Q -> _19216_/RN : -739.961243
[setup reg-reg] _16858_/Q -> _19217_/RN : -739.961243
[setup reg-reg] _16858_/Q -> _19218_/RN : -739.961243
[setup reg-reg] _16858_/Q -> _19219_/RN : -739.961243
[setup reg-reg] _16858_/Q -> _19220_/RN : -739.961243
[setup reg-reg] _16858_/Q -> _19221_/RN : -739.961243
[setup reg-reg] _16858_/Q -> _19222_/RN : -739.961243
[setup reg-reg] _16858_/Q -> _19223_/RN : -739.961243
[setup reg-reg] _16858_/Q -> _19224_/RN : -739.961243
[setup reg-reg] _16858_/Q -> _19225_/RN : -739.961243
[setup reg-reg] _16858_/Q -> _19226_/RN : -739.961243
[setup reg-reg] _16858_/Q -> _19227_/RN : -739.961243
[setup reg-reg] _16858_/Q -> _19228_/RN : -739.961243
[setup reg-reg] _16858_/Q -> _19229_/RN : -739.961243
[setup reg-reg] _16858_/Q -> _19230_/RN : -739.961243
[setup reg-reg] _16858_/Q -> _19231_/RN : -739.961243
[setup reg-reg] _16858_/Q -> _19232_/RN : -739.961243
[setup reg-reg] _16858_/Q -> _19233_/RN : -739.961243
[setup reg-reg] _16858_/Q -> _19234_/RN : -739.961243
[setup reg-reg] _16858_/Q -> _19235_/RN : -739.961243
[setup reg-reg] _16858_/Q -> _19236_/RN : -739.961243
[setup reg-reg] _16858_/Q -> _19237_/RN : -739.961243
[setup reg-reg] _16858_/Q -> _19238_/RN : -739.961243
[setup reg-reg] _16858_/Q -> _19239_/RN : -739.961243
[setup reg-reg] _16858_/Q -> _19240_/RN : -739.961243
[setup reg-reg] _16858_/Q -> _19241_/RN : -739.961243
[setup reg-reg] _16858_/Q -> _19242_/RN : -739.961243
[setup reg-reg] _16858_/Q -> _19243_/RN : -739.961243
[setup reg-reg] _16858_/Q -> _19244_/RN : -739.961243
[setup reg-reg] _16858_/Q -> _19245_/RN : -739.961243
[setup reg-reg] _16858_/Q -> _19246_/RN : -739.961243
[setup reg-reg] _16858_/Q -> _19247_/RN : -739.961243
[setup reg-reg] _16858_/Q -> _19248_/RN : -739.961243
[setup reg-reg] _16858_/Q -> _19249_/RN : -739.961243
[setup reg-reg] _16858_/Q -> _19250_/RN : -739.961243
[setup reg-reg] _16858_/Q -> _19251_/RN : -739.961243
[setup reg-reg] _16858_/Q -> _19252_/RN : -739.961243
[setup reg-reg] _16858_/Q -> _19253_/RN : -739.961243
[setup reg-reg] _16858_/Q -> _19254_/RN : -739.961243
[setup reg-reg] _16858_/Q -> _19255_/RN : -739.961243
[setup reg-reg] _16858_/Q -> _19256_/RN : -739.961243
[setup reg-reg] _16858_/Q -> _19257_/RN : -739.961243
[setup reg-reg] _16858_/Q -> _19258_/RN : -739.961243
[setup reg-reg] _16858_/Q -> _19259_/RN : -739.961243
[setup reg-reg] _16858_/Q -> _19260_/RN : -739.961243
[setup reg-reg] _16858_/Q -> _19261_/RN : -739.961243
[setup reg-reg] _16858_/Q -> _19262_/RN : -739.961243
[setup reg-reg] _16858_/Q -> _19263_/RN : -739.961243
[setup reg-reg] _16858_/Q -> _19264_/RN : -739.961243
[setup reg-reg] _16858_/Q -> _19265_/RN : -739.961243
[setup reg-reg] _16858_/Q -> _19266_/RN : -739.961243
[setup reg-reg] _16858_/Q -> _19267_/RN : -739.961243
[setup reg-reg] _16858_/Q -> _19268_/RN : -739.961243
[setup reg-reg] _16858_/Q -> _19269_/RN : -739.961243
[setup reg-reg] _16858_/Q -> _19270_/RN : -739.961243
[setup reg-reg] _16858_/Q -> _19271_/RN : -739.961243
[setup reg-reg] _16858_/Q -> _19272_/RN : -739.961243
[setup reg-reg] _16858_/Q -> _19273_/RN : -739.961243
[setup reg-reg] _16858_/Q -> _19274_/RN : -739.961243
[setup reg-reg] _16858_/Q -> _19275_/RN : -739.961243
[setup reg-reg] _16858_/Q -> _19276_/RN : -739.961243
[setup reg-reg] _16858_/Q -> _19277_/RN : -739.961243
[setup reg-reg] _16858_/Q -> _19278_/RN : -739.961243
[setup reg-reg] _16858_/Q -> _19279_/RN : -739.961243
[setup reg-reg] _16858_/Q -> _19280_/RN : -739.961243
[setup reg-reg] _16858_/Q -> _19281_/RN : -739.961243
[setup reg-reg] _16858_/Q -> _19282_/RN : -739.961243
[setup reg-reg] _16858_/Q -> _19283_/RN : -739.961243
[setup reg-reg] _16858_/Q -> _19284_/RN : -739.961243
[setup reg-reg] _16858_/Q -> _19285_/RN : -739.961243
[setup reg-reg] _16858_/Q -> _19286_/RN : -739.961243
[setup reg-reg] _16858_/Q -> _19287_/RN : -739.961243
[setup reg-reg] _16858_/Q -> _19288_/RN : -739.961243
[setup reg-reg] _16858_/Q -> _19289_/RN : -739.961243
[setup reg-reg] _16858_/Q -> _19290_/RN : -739.961243
[setup reg-reg] _16858_/Q -> _19291_/RN : -739.961243
[setup reg-reg] _16858_/Q -> _19292_/RN : -739.961243
[setup reg-reg] _16858_/Q -> _19293_/RN : -739.961243
[setup reg-reg] _16858_/Q -> _19294_/RN : -739.961243
[setup reg-reg] _16858_/Q -> _19295_/RN : -739.961243
[setup reg-reg] _16858_/Q -> _19296_/RN : -739.961243
[setup reg-reg] _16858_/Q -> _19297_/RN : -739.961243
[setup reg-reg] _16858_/Q -> _19298_/RN : -739.961243
[setup reg-reg] _16858_/Q -> _19299_/RN : -739.961243
[setup reg-reg] _16858_/Q -> _19300_/RN : -739.961243
[setup reg-reg] _16858_/Q -> _19301_/RN : -739.961243
[setup reg-reg] _16858_/Q -> _19302_/RN : -739.961243
[setup reg-reg] _16858_/Q -> _19303_/RN : -739.961243
[setup reg-reg] _16858_/Q -> _19304_/RN : -739.961243
[setup reg-reg] _16858_/Q -> _19305_/RN : -739.961243
[setup reg-reg] _16858_/Q -> _19306_/RN : -739.961243
[setup reg-reg] _16858_/Q -> _19307_/RN : -739.961243
[setup reg-reg] _16858_/Q -> _19308_/RN : -739.961243
[setup reg-reg] _16858_/Q -> _19309_/RN : -739.961243
[setup reg-reg] _16858_/Q -> _19310_/RN : -739.961243
[setup reg-reg] _16858_/Q -> _19311_/RN : -739.961243
[setup reg-reg] _16858_/Q -> _19312_/RN : -739.961243
[setup reg-reg] _16858_/Q -> _19313_/RN : -739.961243
[setup reg-reg] _16858_/Q -> _19314_/RN : -739.961243
[setup reg-reg] _16858_/Q -> _19315_/RN : -739.961243
[setup reg-reg] _16858_/Q -> _19316_/RN : -739.961243
[setup reg-reg] _16858_/Q -> _19317_/RN : -739.961243
[setup reg-reg] _16858_/Q -> _19318_/RN : -739.961243
[setup reg-reg] _16858_/Q -> _19319_/RN : -739.961243
[setup reg-reg] _16858_/Q -> _19320_/RN : -739.961243
[setup reg-reg] _16858_/Q -> _19321_/RN : -739.961243
[setup reg-reg] _16858_/Q -> _19322_/RN : -739.961243
[setup reg-reg] _16858_/Q -> _19323_/RN : -739.961243
[setup reg-reg] _16858_/Q -> _19324_/RN : -739.961243
[setup reg-reg] _16858_/Q -> _19325_/RN : -739.961243
[setup reg-reg] _16858_/Q -> _19326_/RN : -739.961243
[setup reg-reg] _16858_/Q -> _19327_/RN : -739.961243
[setup reg-reg] _16858_/Q -> _19328_/RN : -739.961243
[setup reg-reg] _16858_/Q -> _19329_/RN : -739.961243
[setup reg-reg] _16858_/Q -> _19330_/RN : -739.961243
[setup reg-reg] _16858_/Q -> _19331_/RN : -739.961243
[setup reg-reg] _16858_/Q -> _19332_/RN : -739.961243
[setup reg-reg] _16858_/Q -> _19333_/RN : -739.961243
[setup reg-reg] _16858_/Q -> _19334_/RN : -739.961243
[setup reg-reg] _16858_/Q -> _19335_/RN : -739.961243
[setup reg-reg] _16858_/Q -> _19336_/RN : -739.961243
[setup reg-reg] _16858_/Q -> _19337_/RN : -739.961243
[setup reg-reg] _16858_/Q -> _19338_/RN : -739.961243
[setup reg-reg] _16858_/Q -> _19339_/RN : -739.961243
[setup reg-reg] _16858_/Q -> _19340_/RN : -739.961243
[setup reg-reg] _16858_/Q -> _19341_/RN : -739.961243
[setup reg-reg] _16858_/Q -> _19342_/RN : -739.961243
[setup reg-reg] _16858_/Q -> _19343_/RN : -739.961243
[setup reg-reg] _16858_/Q -> _19344_/RN : -739.961243
[setup reg-reg] _16858_/Q -> _19345_/RN : -739.961243
[setup reg-reg] _16858_/Q -> _19346_/RN : -739.961243
[setup reg-reg] _16858_/Q -> _19347_/RN : -739.961243
[setup reg-reg] _16858_/Q -> _19348_/RN : -739.961243
[setup reg-reg] _16858_/Q -> _19349_/RN : -739.961243
[setup reg-reg] _16858_/Q -> _19350_/RN : -739.961243
[setup reg-reg] _16858_/Q -> _19351_/RN : -739.961243
[setup reg-reg] _16858_/Q -> _19352_/RN : -739.961243
[setup reg-reg] _16858_/Q -> _19353_/RN : -739.961243
[setup reg-reg] _16858_/Q -> _19354_/RN : -739.961243
[setup reg-reg] _16858_/Q -> _19355_/RN : -739.961243
[setup reg-reg] _16858_/Q -> _19356_/RN : -739.961243
[setup reg-reg] _16858_/Q -> _19357_/RN : -739.961243
[setup reg-reg] _16858_/Q -> _19358_/RN : -739.961243
[setup reg-reg] _16858_/Q -> _19359_/RN : -739.961243
[setup reg-reg] _16858_/Q -> _19360_/RN : -739.961243
[setup reg-reg] _16858_/Q -> _19361_/RN : -739.961243
[setup reg-reg] _16858_/Q -> _19362_/RN : -739.961243
[setup reg-reg] _16858_/Q -> _19363_/RN : -739.961243
[setup reg-reg] _16858_/Q -> _19364_/RN : -739.961243
[setup reg-reg] _16858_/Q -> _19365_/RN : -739.961243
[setup reg-reg] _16858_/Q -> _19366_/RN : -739.961243
[setup reg-reg] _16858_/Q -> _19367_/RN : -739.961243
[setup reg-reg] _16858_/Q -> _19368_/RN : -739.961243
[setup reg-reg] _16858_/Q -> _19369_/RN : -739.961243
[setup reg-reg] _16858_/Q -> _19370_/RN : -739.961243
[setup reg-reg] _16858_/Q -> _19371_/RN : -739.961243
[setup reg-reg] _16858_/Q -> _19372_/RN : -739.961243
[setup reg-reg] _16858_/Q -> _19373_/RN : -739.961243
[setup reg-reg] _16858_/Q -> _19374_/RN : -739.961243
[setup reg-reg] _16858_/Q -> _19375_/RN : -739.961243
[setup reg-reg] _16858_/Q -> _19376_/RN : -739.961243
[setup reg-reg] _16858_/Q -> _19377_/RN : -739.961243
[setup reg-reg] _16858_/Q -> _19378_/RN : -739.961243
[setup reg-reg] _16858_/Q -> _19379_/RN : -739.961243
[setup reg-reg] _16858_/Q -> _19380_/RN : -739.961243
[setup reg-reg] _16858_/Q -> _19381_/RN : -739.961243
[setup reg-reg] _16858_/Q -> _19382_/RN : -739.961243
[setup reg-reg] _16858_/Q -> _19383_/RN : -739.961243
[setup reg-reg] _16858_/Q -> _19384_/RN : -739.961243
[setup reg-reg] _16858_/Q -> _19385_/RN : -739.961243
[setup reg-reg] _16858_/Q -> _19386_/RN : -739.961243
[setup reg-reg] _16858_/Q -> _19387_/RN : -739.961243
[setup reg-reg] _16858_/Q -> _19388_/RN : -739.961243
[setup reg-reg] _16858_/Q -> _19389_/RN : -739.961243
[setup reg-reg] _16858_/Q -> _19390_/RN : -739.961243
[setup reg-reg] _16858_/Q -> _19391_/RN : -739.961243
[setup reg-reg] _16858_/Q -> _19392_/RN : -739.961243
[setup reg-reg] _16858_/Q -> _19393_/RN : -739.961243
[setup reg-reg] _16858_/Q -> _19394_/RN : -739.961243
[setup reg-reg] _16858_/Q -> _19395_/RN : -739.961243
[setup reg-reg] _16858_/Q -> _19396_/RN : -739.961243
[setup reg-reg] _16858_/Q -> _19397_/RN : -739.961243
[setup reg-reg] _16858_/Q -> _19398_/RN : -739.961243
[setup reg-reg] _16858_/Q -> _19399_/RN : -739.961243
[setup reg-reg] _16858_/Q -> _19400_/RN : -739.961243
[setup reg-reg] _16858_/Q -> _19401_/RN : -739.961243
[setup reg-reg] _16858_/Q -> _19402_/RN : -739.961243
[setup reg-reg] _16858_/Q -> _19403_/RN : -739.961243
[setup reg-reg] _16858_/Q -> _19404_/RN : -739.961243
[setup reg-reg] _16858_/Q -> _19405_/RN : -739.961243
[setup reg-reg] _16858_/Q -> _19406_/RN : -739.961243
[setup reg-reg] _16858_/Q -> _19407_/RN : -739.961243
[setup reg-reg] _16858_/Q -> _19408_/RN : -739.961243
[setup reg-reg] _16858_/Q -> _19409_/RN : -739.961243
[setup reg-reg] _16858_/Q -> _19410_/RN : -739.961243
[setup reg-reg] _16858_/Q -> _19411_/RN : -739.961243
[setup reg-reg] _16858_/Q -> _19412_/RN : -739.961243
[setup reg-reg] _16858_/Q -> _19413_/RN : -739.961243
[setup reg-reg] _16858_/Q -> _19414_/RN : -739.961243
[setup reg-reg] _16858_/Q -> _19415_/RN : -739.961243
[setup reg-reg] _16858_/Q -> _19416_/RN : -739.961243
[setup reg-reg] _16858_/Q -> _19417_/RN : -739.961243
[setup reg-reg] _16858_/Q -> _19418_/RN : -739.961243
[setup reg-reg] _16858_/Q -> _19419_/RN : -739.961243
[setup reg-reg] _16858_/Q -> _19420_/RN : -739.961243
[setup reg-reg] _16858_/Q -> _19421_/RN : -739.961243
[setup reg-reg] _16858_/Q -> _19423_/RN : -739.961243
[setup reg-reg] _16858_/Q -> _19424_/RN : -739.961243
[setup reg-reg] _16858_/Q -> _19426_/RN : -739.961243
[setup reg-reg] _16858_/Q -> _19427_/RN : -739.961243
[setup reg-reg] _16858_/Q -> _19428_/RN : -739.961243
[setup reg-reg] _16858_/Q -> _19429_/RN : -739.961243
[setup reg-reg] _16858_/Q -> _19430_/RN : -739.961243
[setup reg-reg] _16858_/Q -> _19431_/RN : -739.961243
[setup reg-reg] _16858_/Q -> _19432_/RN : -739.961243
[setup reg-reg] _16858_/Q -> _19422_/SETN : -682.726318
[setup reg-reg] _16858_/Q -> _19425_/SETN : -682.726318
[setup reg-reg] _18581_/Q -> _18322_/D : -150.139282
[setup reg-reg] _18581_/Q -> _18323_/D : -150.139282
[setup reg-reg] _18581_/Q -> _18324_/D : -150.139282
[setup reg-reg] _18581_/Q -> _18325_/D : -150.139282
[setup reg-reg] _18581_/Q -> _18326_/D : -150.139282
[setup reg-reg] _18581_/Q -> _18327_/D : -150.139282
[setup reg-reg] _18581_/Q -> _18328_/D : -150.139282
[setup reg-reg] _18581_/Q -> _18329_/D : -150.139282
[setup reg-reg] _18581_/Q -> _18330_/D : -150.139282
[setup reg-reg] _18581_/Q -> _18331_/D : -150.139282
[setup reg-reg] _18581_/Q -> _18332_/D : -150.139282
[setup reg-reg] _18581_/Q -> _18333_/D : -150.139282
[setup reg-reg] _18581_/Q -> _18334_/D : -150.139282
[setup reg-reg] _18581_/Q -> _18335_/D : -150.139282
[setup reg-reg] _18581_/Q -> _18336_/D : -150.139282
[setup reg-reg] _18581_/Q -> _18337_/D : -150.139282
[setup reg-reg] _18581_/Q -> _18338_/D : -150.139282
[setup reg-reg] _18581_/Q -> _18339_/D : -150.139282
[setup reg-reg] _18581_/Q -> _18340_/D : -150.139282
[setup reg-reg] _18581_/Q -> _18341_/D : -150.139282
[setup reg-reg] _18581_/Q -> _18342_/D : -150.139282
[setup reg-reg] _18581_/Q -> _18343_/D : -150.139282
[setup reg-reg] _18581_/Q -> _18344_/D : -150.139282
[setup reg-reg] _18581_/Q -> _18345_/D : -150.139282
[setup reg-reg] _18581_/Q -> _18346_/D : -150.139282
[setup reg-reg] _18581_/Q -> _18347_/D : -150.139282
[setup reg-reg] _18581_/Q -> _18348_/D : -150.139282
[setup reg-reg] _18581_/Q -> _18349_/D : -150.139282
[setup reg-reg] _18581_/Q -> _18350_/D : -150.139282
[setup reg-reg] _18581_/Q -> _18351_/D : -150.139282
[setup reg-reg] _18581_/Q -> _18352_/D : -150.139282
[setup reg-reg] _18581_/Q -> _18353_/D : -150.139282
[setup reg-reg] _18581_/Q -> _18354_/D : -150.139282
[setup reg-reg] _18581_/Q -> _18355_/D : -150.139282
[setup reg-reg] _18581_/Q -> _18356_/D : -150.139282
[setup reg-reg] _18581_/Q -> _18357_/D : -150.139282
[setup reg-reg] _18581_/Q -> _18358_/D : -150.139282
[setup reg-reg] _18581_/Q -> _18359_/D : -150.139282
[setup reg-reg] _18581_/Q -> _18360_/D : -150.139282
[setup reg-reg] _18581_/Q -> _18361_/D : -150.139282
[setup reg-reg] _18581_/Q -> _18362_/D : -150.139282
[setup reg-reg] _18581_/Q -> _18363_/D : -150.139282
[setup reg-reg] _18581_/Q -> _18364_/D : -150.139282
[setup reg-reg] _18581_/Q -> _18365_/D : -150.139282
[setup reg-reg] _18581_/Q -> _18366_/D : -150.139282
[setup reg-reg] _18581_/Q -> _18367_/D : -150.139282
[setup reg-reg] _18581_/Q -> _18368_/D : -150.139282
[setup reg-reg] _18581_/Q -> _18369_/D : -150.139282
[setup reg-reg] _18581_/Q -> _18370_/D : -150.139282
[setup reg-reg] _18581_/Q -> _18371_/D : -150.139282
[setup reg-reg] _18581_/Q -> _18372_/D : -150.139282
[setup reg-reg] _18581_/Q -> _18373_/D : -150.139282
[setup reg-reg] _18581_/Q -> _18374_/D : -150.139282
[setup reg-reg] _18581_/Q -> _18375_/D : -150.139282
[setup reg-reg] _18581_/Q -> _18376_/D : -150.139282
[setup reg-reg] _18581_/Q -> _18377_/D : -150.139282
[setup reg-reg] _18581_/Q -> _18378_/D : -150.139282
[setup reg-reg] _18581_/Q -> _18379_/D : -150.139282
[setup reg-reg] _18581_/Q -> _18380_/D : -150.139282
[setup reg-reg] _18581_/Q -> _18381_/D : -150.139282
[setup reg-reg] _18581_/Q -> _18382_/D : -150.139282
[setup reg-reg] _18581_/Q -> _18383_/D : -150.139282
[setup reg-reg] _18581_/Q -> _18384_/D : -150.139282
[setup reg-reg] _18581_/Q -> _18385_/D : -150.139282
[setup reg-reg] _18579_/Q -> _18982_/D : -127.722931
[setup reg-reg] _18579_/Q -> _18983_/D : -127.722931
[setup reg-reg] _18579_/Q -> _18985_/D : -127.722931
[setup reg-reg] _18579_/Q -> _18987_/D : -127.722931
[setup reg-reg] _18579_/Q -> _18974_/D : -127.628716
[setup reg-reg] _18579_/Q -> _18977_/D : -127.628716
[setup reg-reg] _18579_/Q -> _18978_/D : -127.628716
[setup reg-reg] _18579_/Q -> _18959_/D : -127.624702
[setup reg-reg] _18579_/Q -> _18961_/D : -127.624702
[setup reg-reg] _18579_/Q -> _18984_/D : -125.710846
[setup reg-reg] _18579_/Q -> _18986_/D : -125.710846
[setup reg-reg] _18579_/Q -> _18988_/D : -125.710846
[setup reg-reg] _18579_/Q -> _18981_/D : -125.641975
[setup reg-reg] _18579_/Q -> _18975_/D : -125.351456
[setup reg-reg] _18579_/Q -> _18976_/D : -125.351456
[setup reg-reg] _18579_/Q -> _18979_/D : -125.351456
[setup reg-reg] _18579_/Q -> _18980_/D : -125.351456
[setup reg-reg] _18579_/Q -> _18958_/D : -125.344627
[setup reg-reg] _18579_/Q -> _18960_/D : -125.344627
[setup reg-reg] _18579_/Q -> _18962_/D : -125.344627
[setup reg-reg] _18579_/Q -> _18963_/D : -125.344627
[setup reg-reg] _18579_/Q -> _18964_/D : -125.344627
[setup reg-reg] _18579_/Q -> _19000_/D : -125.219032
[setup reg-reg] _18579_/Q -> _19002_/D : -125.219032
[setup reg-reg] _18579_/Q -> _19342_/D : -124.803368
[setup reg-reg] _18579_/Q -> _19344_/D : -124.803368
[setup reg-reg] _18579_/Q -> _19346_/D : -124.803368
[setup reg-reg] _18579_/Q -> _19347_/D : -124.803368
[setup reg-reg] _18579_/Q -> _19348_/D : -124.803368
[setup reg-reg] _18579_/Q -> _19359_/D : -124.803368
[setup reg-reg] _18579_/Q -> _19360_/D : -124.803368
[setup reg-reg] _18579_/Q -> _19363_/D : -124.803368
[setup reg-reg] _18579_/Q -> _19364_/D : -124.803368
[setup reg-reg] _18579_/Q -> _19368_/D : -124.803368
[setup reg-reg] _18579_/Q -> _19370_/D : -124.803368
[setup reg-reg] _18579_/Q -> _19372_/D : -124.803368
[setup reg-reg] _18579_/Q -> _19384_/D : -124.803368
[setup reg-reg] _18579_/Q -> _19386_/D : -124.803368
[setup reg-reg] _18579_/Q -> _19021_/D : -124.487488
[setup reg-reg] _18579_/Q -> _18997_/D : -124.467735
[setup reg-reg] _18579_/Q -> _18957_/D : -124.320084
[setup reg-reg] _18579_/Q -> _18973_/D : -124.320084
[setup reg-reg] _18579_/Q -> _16848_/D : -124.263054
[setup reg-reg] _18579_/Q -> _18965_/D : -124.025963
[setup reg-reg] _18579_/Q -> _18920_/D : -123.739738
[setup reg-reg] _18579_/Q -> _18922_/D : -123.739738
[setup reg-reg] _18579_/Q -> _18924_/D : -123.739738
[setup reg-reg] _18579_/Q -> _18927_/D : -123.739738
[setup reg-reg] _18579_/Q -> _18932_/D : -123.739738
[setup reg-reg] _18579_/Q -> _19285_/D : -123.739738
[setup reg-reg] _18579_/Q -> _19293_/D : -123.739738
[setup reg-reg] _18579_/Q -> _19294_/D : -123.739738
[setup reg-reg] _18579_/Q -> _19295_/D : -123.739738
[setup reg-reg] _18579_/Q -> _19296_/D : -123.739738
[setup reg-reg] _18579_/Q -> _19297_/D : -123.739738
[setup reg-reg] _18579_/Q -> _19298_/D : -123.739738
[setup reg-reg] _18579_/Q -> _19299_/D : -123.739738
[setup reg-reg] _18579_/Q -> _19300_/D : -123.739738
[setup reg-reg] _18579_/Q -> _19302_/D : -123.739738
[setup reg-reg] _18579_/Q -> _19303_/D : -123.739738
[setup reg-reg] _18579_/Q -> _19304_/D : -123.739738
[setup reg-reg] _18579_/Q -> _19305_/D : -123.739738
[setup reg-reg] _18579_/Q -> _19306_/D : -123.739738
[setup reg-reg] _18579_/Q -> _19307_/D : -123.739738
[setup reg-reg] _18579_/Q -> _19308_/D : -123.739738
[setup reg-reg] _18579_/Q -> _19310_/D : -123.739738
[setup reg-reg] _18579_/Q -> _19311_/D : -123.739738
[setup reg-reg] _18579_/Q -> _19312_/D : -123.739738
[setup reg-reg] _18579_/Q -> _19313_/D : -123.739738
[setup reg-reg] _18579_/Q -> _19314_/D : -123.739738
[setup reg-reg] _18579_/Q -> _19315_/D : -123.739738
[setup reg-reg] _18579_/Q -> _19316_/D : -123.739738
[setup reg-reg] _18579_/Q -> _19317_/D : -123.739738
[setup reg-reg] _18579_/Q -> _19333_/D : -123.739738
[setup reg-reg] _18579_/Q -> _19343_/D : -123.739738
[setup reg-reg] _18579_/Q -> _19345_/D : -123.739738
[setup reg-reg] _18579_/Q -> _19350_/D : -123.739738
[setup reg-reg] _18579_/Q -> _19351_/D : -123.739738
[setup reg-reg] _18579_/Q -> _19352_/D : -123.739738
[setup reg-reg] _18579_/Q -> _19353_/D : -123.739738
[setup reg-reg] _18579_/Q -> _19354_/D : -123.739738
[setup reg-reg] _18579_/Q -> _19355_/D : -123.739738
[setup reg-reg] _18579_/Q -> _19356_/D : -123.739738
[setup reg-reg] _18579_/Q -> _19358_/D : -123.739738
[setup reg-reg] _18579_/Q -> _19361_/D : -123.739738
[setup reg-reg] _18579_/Q -> _19362_/D : -123.739738
[setup reg-reg] _18579_/Q -> _19366_/D : -123.739738
[setup reg-reg] _18579_/Q -> _19367_/D : -123.739738
[setup reg-reg] _18579_/Q -> _19369_/D : -123.739738
[setup reg-reg] _18579_/Q -> _19371_/D : -123.739738
[setup reg-reg] _18579_/Q -> _19373_/D : -123.739738
[setup reg-reg] _18579_/Q -> _19374_/D : -123.739738
[setup reg-reg] _18579_/Q -> _19375_/D : -123.739738
[setup reg-reg] _18579_/Q -> _19376_/D : -123.739738
[setup reg-reg] _18579_/Q -> _19377_/D : -123.739738
[setup reg-reg] _18579_/Q -> _19378_/D : -123.739738
[setup reg-reg] _18579_/Q -> _19379_/D : -123.739738
[setup reg-reg] _18579_/Q -> _19380_/D : -123.739738
[setup reg-reg] _18579_/Q -> _19382_/D : -123.739738
[setup reg-reg] _18579_/Q -> _19383_/D : -123.739738
[setup reg-reg] _18579_/Q -> _19385_/D : -123.739738
[setup reg-reg] _18579_/Q -> _19387_/D : -123.739738
[setup reg-reg] _18579_/Q -> _19388_/D : -123.739738
[setup reg-reg] _18579_/Q -> _19390_/D : -123.739738
[setup reg-reg] _18579_/Q -> _19391_/D : -123.739738
[setup reg-reg] _18579_/Q -> _19392_/D : -123.739738
[setup reg-reg] _18579_/Q -> _19393_/D : -123.739738
[setup reg-reg] _18579_/Q -> _19394_/D : -123.739738
[setup reg-reg] _18579_/Q -> _19395_/D : -123.739738
[setup reg-reg] _18579_/Q -> _19396_/D : -123.739738
[setup reg-reg] _18579_/Q -> _19397_/D : -123.739738
[setup reg-reg] _18579_/Q -> _19406_/D : -123.739738
[setup reg-reg] _18579_/Q -> _19407_/D : -123.739738
[setup reg-reg] _18579_/Q -> _19408_/D : -123.739738
[setup reg-reg] _18579_/Q -> _19409_/D : -123.739738
[setup reg-reg] _18579_/Q -> _19410_/D : -123.739738
[setup reg-reg] _18579_/Q -> _19411_/D : -123.739738
[setup reg-reg] _18579_/Q -> _19412_/D : -123.739738
[setup reg-reg] _18579_/Q -> _19413_/D : -123.739738
[setup reg-reg] _18579_/Q -> _19416_/D : -123.739738
[setup reg-reg] _18579_/Q -> _19417_/D : -123.739738
[setup reg-reg] _18579_/Q -> _19349_/D : -123.699409
[setup reg-reg] _18579_/Q -> _19341_/D : -123.699127
[setup reg-reg] _18579_/Q -> _19357_/D : -123.699127
[setup reg-reg] _18579_/Q -> _19365_/D : -123.699127
[setup reg-reg] _18579_/Q -> _19381_/D : -123.699127
[setup reg-reg] _18579_/Q -> _19405_/D : -123.699127
[setup reg-reg] _18579_/Q -> _19109_/D : -123.694809
[setup reg-reg] _18579_/Q -> _19111_/D : -123.693871
[setup reg-reg] _18579_/Q -> _19113_/D : -123.693871
[setup reg-reg] _18579_/Q -> _19115_/D : -123.693871
[setup reg-reg] _18579_/Q -> _19110_/D : -123.693359
[setup reg-reg] _18579_/Q -> _19152_/D : -123.647797
[setup reg-reg] _18579_/Q -> _18928_/D : -123.584984
[setup reg-reg] _18579_/Q -> _18931_/D : -123.584984
[setup reg-reg] _18579_/Q -> _19029_/D : -123.544937
[setup reg-reg] _18579_/Q -> _19022_/D : -123.537178
[setup reg-reg] _18579_/Q -> _19023_/D : -123.537178
[setup reg-reg] _18579_/Q -> _19024_/D : -123.537178
[setup reg-reg] _18579_/Q -> _19025_/D : -123.537178
[setup reg-reg] _18579_/Q -> _19026_/D : -123.537178
[setup reg-reg] _18579_/Q -> _19027_/D : -123.537178
[setup reg-reg] _18579_/Q -> _19028_/D : -123.537178
[setup reg-reg] _18579_/Q -> _19149_/D : -123.523933
[setup reg-reg] _18579_/Q -> _18926_/D : -123.515495
[setup reg-reg] _18579_/Q -> _18929_/D : -123.515495
[setup reg-reg] _18579_/Q -> _18930_/D : -123.515495
[setup reg-reg] _18579_/Q -> _18941_/D : -123.514671
[setup reg-reg] _18579_/Q -> _19014_/D : -123.514473
[setup reg-reg] _18579_/Q -> _19015_/D : -123.514473
[setup reg-reg] _18579_/Q -> _19016_/D : -123.514473
[setup reg-reg] _18579_/Q -> _19017_/D : -123.514473
[setup reg-reg] _18579_/Q -> _19018_/D : -123.514473
[setup reg-reg] _18579_/Q -> _19019_/D : -123.514473
[setup reg-reg] _18579_/Q -> _19020_/D : -123.514473
[setup reg-reg] _18579_/Q -> _18942_/D : -123.514275
[setup reg-reg] _18579_/Q -> _18943_/D : -123.514275
[setup reg-reg] _18579_/Q -> _18944_/D : -123.514275
[setup reg-reg] _18579_/Q -> _18945_/D : -123.514275
[setup reg-reg] _18579_/Q -> _18946_/D : -123.514275
[setup reg-reg] _18579_/Q -> _18947_/D : -123.514275
[setup reg-reg] _18579_/Q -> _18948_/D : -123.514275
[setup reg-reg] _18579_/Q -> _18950_/D : -123.514328
[setup reg-reg] _18579_/Q -> _18951_/D : -123.514328
[setup reg-reg] _18579_/Q -> _18952_/D : -123.514328
[setup reg-reg] _18579_/Q -> _18953_/D : -123.514328
[setup reg-reg] _18579_/Q -> _18954_/D : -123.514328
[setup reg-reg] _18579_/Q -> _18955_/D : -123.514328
[setup reg-reg] _18579_/Q -> _18956_/D : -123.514328
[setup reg-reg] _18579_/Q -> _19005_/D : -123.514328
[setup reg-reg] _18579_/Q -> _18966_/D : -123.510818
[setup reg-reg] _18579_/Q -> _18967_/D : -123.510818
[setup reg-reg] _18579_/Q -> _18968_/D : -123.510818
[setup reg-reg] _18579_/Q -> _18969_/D : -123.510818
[setup reg-reg] _18579_/Q -> _18970_/D : -123.510818
[setup reg-reg] _18579_/Q -> _18972_/D : -123.510818
[setup reg-reg] _18579_/Q -> _19125_/D : -123.507454
[setup reg-reg] _18579_/Q -> _18934_/D : -123.507195
[setup reg-reg] _18579_/Q -> _18935_/D : -123.507195
[setup reg-reg] _18579_/Q -> _18936_/D : -123.507195
[setup reg-reg] _18579_/Q -> _18937_/D : -123.507195
[setup reg-reg] _18579_/Q -> _18938_/D : -123.507195
[setup reg-reg] _18579_/Q -> _18939_/D : -123.507195
[setup reg-reg] _18579_/Q -> _18940_/D : -123.507195
[setup reg-reg] _18579_/Q -> _19126_/D : -123.504379
[setup reg-reg] _18579_/Q -> _19127_/D : -123.504379
[setup reg-reg] _18579_/Q -> _19129_/D : -123.504379
[setup reg-reg] _18579_/Q -> _19131_/D : -123.504379
[setup reg-reg] _18579_/Q -> _19132_/D : -123.504379
[setup reg-reg] _18579_/Q -> _18971_/D : -123.504181
[setup reg-reg] _18579_/Q -> _18989_/D : -123.497787
[setup reg-reg] _18579_/Q -> _18949_/D : -123.487923
[setup reg-reg] _18579_/Q -> _18990_/D : -123.460213
[setup reg-reg] _18579_/Q -> _18991_/D : -123.460213
[setup reg-reg] _18579_/Q -> _18992_/D : -123.460213
[setup reg-reg] _18579_/Q -> _18993_/D : -123.460213
[setup reg-reg] _18579_/Q -> _18994_/D : -123.460213
[setup reg-reg] _18579_/Q -> _18995_/D : -123.460213
[setup reg-reg] _18579_/Q -> _18996_/D : -123.460213
[setup reg-reg] _18579_/Q -> _19030_/D : -123.456123
[setup reg-reg] _18579_/Q -> _19031_/D : -123.456123
[setup reg-reg] _18579_/Q -> _19034_/D : -123.456123
[setup reg-reg] _18579_/Q -> _19035_/D : -123.456123
[setup reg-reg] _18579_/Q -> _19036_/D : -123.456123
[setup reg-reg] _18579_/Q -> _18933_/D : -123.453590
[setup reg-reg] _18579_/Q -> _19093_/D : -123.440308
[setup reg-reg] _18579_/Q -> _19101_/D : -123.351555
[setup reg-reg] _18579_/Q -> _19102_/D : -123.350105
[setup reg-reg] _18579_/Q -> _19085_/D : -123.348373
[setup reg-reg] _18579_/Q -> _19087_/D : -123.348236
[setup reg-reg] _18579_/Q -> _19089_/D : -123.348236
[setup reg-reg] _18579_/Q -> _19105_/D : -123.345757
[setup reg-reg] _18579_/Q -> _19106_/D : -123.345757
[setup reg-reg] _18579_/Q -> _19280_/D : -123.315445
[setup reg-reg] _18579_/Q -> _19157_/D : -123.237442
[setup reg-reg] _18579_/Q -> _19229_/D : -123.204445
[setup reg-reg] _18579_/Q -> _19253_/D : -123.204323
[setup reg-reg] _18579_/Q -> _19230_/D : -123.203568
[setup reg-reg] _18579_/Q -> _19237_/D : -123.203468
[setup reg-reg] _18579_/Q -> _19277_/D : -123.203522
[setup reg-reg] _18579_/Q -> _19221_/D : -123.203293
[setup reg-reg] _18579_/Q -> _19239_/D : -123.202896
[setup reg-reg] _18579_/Q -> _19241_/D : -123.202896
[setup reg-reg] _18579_/Q -> _19243_/D : -123.202896
[setup reg-reg] _18579_/Q -> _19213_/D : -123.202515
[setup reg-reg] _18579_/Q -> _19238_/D : -123.202599
[setup reg-reg] _18579_/Q -> _19215_/D : -123.202431
[setup reg-reg] _18579_/Q -> _19217_/D : -123.202431
[setup reg-reg] _18579_/Q -> _19254_/D : -123.202446
[setup reg-reg] _18579_/Q -> _19255_/D : -123.202446
[setup reg-reg] _18579_/Q -> _19257_/D : -123.202446
[setup reg-reg] _18579_/Q -> _19259_/D : -123.202446
[setup reg-reg] _18579_/Q -> _19260_/D : -123.202446
[setup reg-reg] _18579_/Q -> _19233_/D : -123.200920
[setup reg-reg] _18579_/Q -> _19234_/D : -123.200920
[setup reg-reg] _18579_/Q -> _18925_/D : -123.150017
[setup reg-reg] _18579_/Q -> _18581_/D : -122.193886
[setup reg-reg] _18581_/Q -> _18283_/D : -104.218834
[setup reg-reg] _18581_/Q -> _18284_/D : -104.218834
[setup reg-reg] _18581_/Q -> _18288_/D : -104.218834
[setup reg-reg] _18581_/Q -> _18289_/D : -104.218834
[setup reg-reg] _18581_/Q -> _18298_/D : -104.218834
[setup reg-reg] _18581_/Q -> _18306_/D : -104.218834
[setup reg-reg] _18581_/Q -> _18316_/D : -104.218834
[setup reg-reg] _18581_/Q -> _18285_/D : -103.863014
[setup reg-reg] _18581_/Q -> _18286_/D : -103.863014
[setup reg-reg] _18581_/Q -> _18287_/D : -103.863014
[setup reg-reg] _18581_/Q -> _18315_/D : -103.863014
[setup reg-reg] _18581_/Q -> _18318_/D : -103.863014
[setup reg-reg] _18581_/Q -> _18319_/D : -103.863014
[setup reg-reg] _18581_/Q -> _18320_/D : -103.863014
[setup reg-reg] _18581_/Q -> _18515_/D : -103.621284
[setup reg-reg] _18581_/Q -> _18516_/D : -103.621284
[setup reg-reg] _18581_/Q -> _18517_/D : -103.621284
[setup reg-reg] _18581_/Q -> _18518_/D : -103.621284
[setup reg-reg] _18581_/Q -> _18519_/D : -103.621284
[setup reg-reg] _18581_/Q -> _18520_/D : -103.621284
[setup reg-reg] _18581_/Q -> _18521_/D : -103.621284
[setup reg-reg] _18581_/Q -> _18523_/D : -103.621284
[setup reg-reg] _18581_/Q -> _18524_/D : -103.621284
[setup reg-reg] _18581_/Q -> _18526_/D : -103.621284
[setup reg-reg] _18581_/Q -> _18528_/D : -103.621284
[setup reg-reg] _18581_/Q -> _18547_/D : -103.621284
[setup reg-reg] _18581_/Q -> _18550_/D : -103.621284
[setup reg-reg] _18581_/Q -> _18551_/D : -103.621284
[setup reg-reg] _18581_/Q -> _18553_/D : -103.621284
[setup reg-reg] _18581_/Q -> _18303_/D : -103.605438
[setup reg-reg] _18581_/Q -> _18563_/D : -101.191048
[setup reg-reg] _18581_/Q -> _18564_/D : -101.191048
[setup reg-reg] _18581_/Q -> _18565_/D : -101.191048
[setup reg-reg] _18581_/Q -> _18566_/D : -101.191048
[setup reg-reg] _18581_/Q -> _18567_/D : -101.191048
[setup reg-reg] _18581_/Q -> _18568_/D : -101.191048
[setup reg-reg] _18581_/Q -> _18569_/D : -101.191048
[setup reg-reg] _18581_/Q -> _18529_/D : -100.295578
[setup reg-reg] _18581_/Q -> _18536_/D : -100.295578
[setup reg-reg] _18581_/Q -> _18259_/D : -100.259773
[setup reg-reg] _18581_/Q -> _18260_/D : -100.259773
[setup reg-reg] _18581_/Q -> _18261_/D : -100.259773
[setup reg-reg] _18581_/Q -> _18262_/D : -100.259773
[setup reg-reg] _18581_/Q -> _18263_/D : -100.259773
[setup reg-reg] _18581_/Q -> _18264_/D : -100.259773
[setup reg-reg] _18581_/Q -> _18265_/D : -100.259773
[setup reg-reg] _18581_/Q -> _18269_/D : -100.259773
[setup reg-reg] _18581_/Q -> _18278_/D : -100.259773
[setup reg-reg] _18581_/Q -> _18282_/D : -100.259773
[setup reg-reg] _18581_/Q -> _18292_/D : -100.259773
[setup reg-reg] _18581_/Q -> _18293_/D : -100.259773
[setup reg-reg] _18581_/Q -> _18296_/D : -100.259773
[setup reg-reg] _18581_/Q -> _18297_/D : -100.259773
[setup reg-reg] _18581_/Q -> _18302_/D : -100.259773
[setup reg-reg] _18581_/Q -> _18304_/D : -100.259773
[setup reg-reg] _18581_/Q -> _18305_/D : -100.259773
[setup reg-reg] _18581_/Q -> _18307_/D : -100.259773
[setup reg-reg] _18581_/Q -> _18308_/D : -100.259773
[setup reg-reg] _18581_/Q -> _18309_/D : -100.259773
[setup reg-reg] _18581_/Q -> _18310_/D : -100.259773
[setup reg-reg] _18581_/Q -> _18312_/D : -100.259773
[setup reg-reg] _18581_/Q -> _18313_/D : -100.259773
[setup reg-reg] _18581_/Q -> _18314_/D : -100.259773
[setup reg-reg] _18581_/Q -> _18266_/D : -100.153885
[setup reg-reg] _18581_/Q -> _18268_/D : -100.153885
[setup reg-reg] _18581_/Q -> _18270_/D : -100.153885
[setup reg-reg] _18581_/Q -> _18271_/D : -100.153885
[setup reg-reg] _18581_/Q -> _18272_/D : -100.153885
[setup reg-reg] _18581_/Q -> _18273_/D : -100.153885
[setup reg-reg] _18581_/Q -> _18275_/D : -100.153885
[setup reg-reg] _18581_/Q -> _18276_/D : -100.153885
[setup reg-reg] _18581_/Q -> _18277_/D : -100.153885
[setup reg-reg] _18581_/Q -> _18279_/D : -100.153885
[setup reg-reg] _18581_/Q -> _18280_/D : -100.153885
[setup reg-reg] _18581_/Q -> _18281_/D : -100.153885
[setup reg-reg] _18581_/Q -> _18291_/D : -100.153885
[setup reg-reg] _18581_/Q -> _18294_/D : -100.153885
[setup reg-reg] _18581_/Q -> _18295_/D : -100.153885
[setup reg-reg] _18581_/Q -> _18525_/D : -100.153885
[setup reg-reg] _18581_/Q -> _18548_/D : -100.153885
[setup reg-reg] _18581_/Q -> _18549_/D : -100.153885
[setup reg-reg] _18581_/Q -> _18556_/D : -100.153885
[setup reg-reg] _18581_/Q -> _18552_/D : -99.876396
[setup reg-reg] _18581_/Q -> _18545_/D : -99.450142
[setup reg-reg] _18581_/Q -> _18258_/D : -98.032867
[setup reg-reg] _18581_/Q -> _18301_/D : -98.032867
[setup reg-reg] _18581_/Q -> _18514_/D : -98.032867
[setup reg-reg] _18581_/Q -> _18530_/D : -98.032867
[setup reg-reg] _18581_/Q -> _18531_/D : -98.032867
[setup reg-reg] _18581_/Q -> _18532_/D : -98.032867
[setup reg-reg] _18581_/Q -> _18533_/D : -98.032867
[setup reg-reg] _18581_/Q -> _18537_/D : -98.032867
[setup reg-reg] _18581_/Q -> _18538_/D : -98.032867
[setup reg-reg] _18581_/Q -> _18554_/D : -98.032867
[setup reg-reg] _18581_/Q -> _18558_/D : -98.032867
[setup reg-reg] _18581_/Q -> _18562_/D : -98.032867
[setup reg-reg] _18581_/Q -> _18570_/D : -98.032867
[setup reg-reg] _18581_/Q -> _18274_/D : -97.084167
[setup reg-reg] _18581_/Q -> _18299_/D : -97.084167
[setup reg-reg] _18581_/Q -> _18300_/D : -97.084167
[setup reg-reg] _18581_/Q -> _18522_/D : -97.084167
[setup reg-reg] _18581_/Q -> _18534_/D : -97.084167
[setup reg-reg] _18581_/Q -> _18535_/D : -97.084167
[setup reg-reg] _18581_/Q -> _18388_/D : -84.922218
[setup reg-reg] _18581_/Q -> _18389_/D : -84.922218
[setup reg-reg] _18581_/Q -> _18391_/D : -84.922218
[setup reg-reg] _18581_/Q -> _18392_/D : -84.922218
[setup reg-reg] _18581_/Q -> _18393_/D : -84.922218
[setup reg-reg] _18581_/Q -> _18394_/D : -84.922218
[setup reg-reg] _18581_/Q -> _18396_/D : -84.922218
[setup reg-reg] _18581_/Q -> _18397_/D : -84.922218
[setup reg-reg] _18581_/Q -> _18398_/D : -84.922218
[setup reg-reg] _18581_/Q -> _18399_/D : -84.922218
[setup reg-reg] _18581_/Q -> _18400_/D : -84.922218
[setup reg-reg] _18581_/Q -> _18401_/D : -84.922218
[setup reg-reg] _18581_/Q -> _18402_/D : -84.922218
[setup reg-reg] _18581_/Q -> _18403_/D : -84.922218
[setup reg-reg] _18581_/Q -> _18404_/D : -84.922218
[setup reg-reg] _18581_/Q -> _18405_/D : -84.922218
[setup reg-reg] _18581_/Q -> _18406_/D : -84.922218
[setup reg-reg] _18581_/Q -> _18407_/D : -84.922218
[setup reg-reg] _18581_/Q -> _18408_/D : -84.922218
[setup reg-reg] _18581_/Q -> _18409_/D : -84.922218
[setup reg-reg] _18581_/Q -> _18411_/D : -84.922218
[setup reg-reg] _18581_/Q -> _18412_/D : -84.922218
[setup reg-reg] _18581_/Q -> _18413_/D : -84.922218
[setup reg-reg] _18581_/Q -> _18414_/D : -84.922218
[setup reg-reg] _18581_/Q -> _18415_/D : -84.922218
[setup reg-reg] _18581_/Q -> _18416_/D : -84.922218
[setup reg-reg] _18581_/Q -> _18417_/D : -84.922218
[setup reg-reg] _18581_/Q -> _18418_/D : -84.922218
[setup reg-reg] _18581_/Q -> _18419_/D : -84.922218
[setup reg-reg] _18581_/Q -> _18420_/D : -84.922218
[setup reg-reg] _18581_/Q -> _18421_/D : -84.922218
[setup reg-reg] _18581_/Q -> _18423_/D : -84.922218
[setup reg-reg] _18581_/Q -> _18424_/D : -84.922218
[setup reg-reg] _18581_/Q -> _18427_/D : -84.922218
[setup reg-reg] _18581_/Q -> _18428_/D : -84.922218
[setup reg-reg] _18581_/Q -> _18429_/D : -84.922218
[setup reg-reg] _18581_/Q -> _18430_/D : -84.922218
[setup reg-reg] _18581_/Q -> _18431_/D : -84.922218
[setup reg-reg] _18581_/Q -> _18433_/D : -84.922218
[setup reg-reg] _18581_/Q -> _18434_/D : -84.922218
[setup reg-reg] _18581_/Q -> _18435_/D : -84.922218
[setup reg-reg] _18581_/Q -> _18436_/D : -84.922218
[setup reg-reg] _18581_/Q -> _18437_/D : -84.922218
[setup reg-reg] _18581_/Q -> _18438_/D : -84.922218
[setup reg-reg] _18581_/Q -> _18439_/D : -84.922218
[setup reg-reg] _18581_/Q -> _18440_/D : -84.922218
[setup reg-reg] _18581_/Q -> _18441_/D : -84.922218
[setup reg-reg] _18581_/Q -> _18444_/D : -84.922218
[setup reg-reg] _18581_/Q -> _18445_/D : -84.922218
[setup reg-reg] _18581_/Q -> _18446_/D : -84.922218
[setup reg-reg] _18581_/Q -> _18447_/D : -84.922218
[setup reg-reg] _18581_/Q -> _18448_/D : -84.922218
[setup reg-reg] _18581_/Q -> _18449_/D : -84.922218
[setup reg-reg] _18581_/Q -> _18387_/D : -84.527878
[setup reg-reg] _18581_/Q -> _18311_/D : -72.375641
[setup reg-reg] _18581_/Q -> _18267_/D : -72.279305
[setup reg-reg] _18581_/Q -> _18290_/D : -71.851410
[setup reg-reg] _18581_/Q -> _18317_/D : -71.851410
[setup reg-reg] _18581_/Q -> _18321_/D : -71.851410
[setup reg-reg] _18581_/Q -> _18527_/D : -71.851410
[setup reg-reg] _18581_/Q -> _18539_/D : -71.851410
[setup reg-reg] _18581_/Q -> _18540_/D : -71.851410
[setup reg-reg] _18581_/Q -> _18541_/D : -71.851410
[setup reg-reg] _18581_/Q -> _18542_/D : -71.851410
[setup reg-reg] _18581_/Q -> _18543_/D : -71.851410
[setup reg-reg] _18581_/Q -> _18544_/D : -71.851410
[setup reg-reg] _18581_/Q -> _18546_/D : -71.851410
[setup reg-reg] _18581_/Q -> _18555_/D : -71.851410
[setup reg-reg] _18581_/Q -> _18557_/D : -71.851410
[setup reg-reg] _18581_/Q -> _18559_/D : -71.851410
[setup reg-reg] _18581_/Q -> _18560_/D : -71.851410
[setup reg-reg] _18581_/Q -> _18561_/D : -71.851410
[setup reg-reg] _18581_/Q -> _18571_/D : -71.851410
[setup reg-reg] _18581_/Q -> _18572_/D : -71.851410
[setup reg-reg] _18581_/Q -> _18573_/D : -71.851410
[setup reg-reg] _18581_/Q -> _18574_/D : -71.851410
[setup reg-reg] _18581_/Q -> _18575_/D : -71.851410
[setup reg-reg] _18581_/Q -> _18576_/D : -71.851410
[setup reg-reg] _18581_/Q -> _18577_/D : -71.851410
[setup reg-reg] _18581_/Q -> _18390_/D : -67.677910
[setup reg-reg] _18581_/Q -> _18395_/D : -67.677910
[setup reg-reg] _18581_/Q -> _18410_/D : -67.677910
[setup reg-reg] _18581_/Q -> _18422_/D : -67.596046
[setup reg-reg] _18581_/Q -> _18425_/D : -67.596046
[setup reg-reg] _18581_/Q -> _18426_/D : -67.596046
[setup reg-reg] _18581_/Q -> _18432_/D : -67.596046
[setup reg-reg] _18581_/Q -> _18442_/D : -67.596046
[setup reg-reg] _18581_/Q -> _18443_/D : -67.596046
[setup reg-reg] _18581_/Q -> _18386_/D : -67.576637
[setup reg-reg] _18581_/Q -> _18578_/D : -67.034836
[setup reg-reg] _18581_/Q -> _18453_/D : -65.650002
[setup reg-reg] _18581_/Q -> _18513_/D : -65.080551
[setup reg-reg] _18581_/Q -> _18579_/D : -64.284485
[setup reg-reg] _18581_/Q -> _18580_/D : -64.272781
[setup reg-reg] _18581_/Q -> _18450_/D : -63.506378
[setup reg-reg] _18581_/Q -> _18451_/D : -63.506378
[setup reg-reg] _18581_/Q -> _18452_/D : -63.506378
[setup reg-reg] _18581_/Q -> _18461_/D : -63.506378
[setup reg-reg] _18581_/Q -> _18463_/D : -63.506378
[setup reg-reg] _18581_/Q -> _18464_/D : -63.506378
[setup reg-reg] _18581_/Q -> _18465_/D : -63.506378
[setup reg-reg] _18581_/Q -> _18470_/D : -63.506378
[setup reg-reg] _18581_/Q -> _18472_/D : -63.506378
[setup reg-reg] _18581_/Q -> _18474_/D : -63.506378
[setup reg-reg] _18581_/Q -> _18475_/D : -63.506378
[setup reg-reg] _18581_/Q -> _18477_/D : -63.506378
[setup reg-reg] _18581_/Q -> _18480_/D : -63.506378
[setup reg-reg] _18581_/Q -> _18484_/D : -63.506378
[setup reg-reg] _18581_/Q -> _18488_/D : -63.506378
[setup reg-reg] _18581_/Q -> _18490_/D : -63.506378
[setup reg-reg] _18581_/Q -> _18491_/D : -63.506378
[setup reg-reg] _18581_/Q -> _18495_/D : -63.506378
[setup reg-reg] _18581_/Q -> _18506_/D : -63.506378
[setup reg-reg] _18581_/Q -> _18512_/D : -63.506378
[setup reg-reg] _18581_/Q -> _18454_/D : -63.350300
[setup reg-reg] _18581_/Q -> _18455_/D : -63.350300
[setup reg-reg] _18581_/Q -> _18456_/D : -63.350300
[setup reg-reg] _18581_/Q -> _18457_/D : -63.350300
[setup reg-reg] _18581_/Q -> _18458_/D : -63.350300
[setup reg-reg] _18581_/Q -> _18459_/D : -63.350300
[setup reg-reg] _18581_/Q -> _18460_/D : -63.350300
[setup reg-reg] _18581_/Q -> _18462_/D : -63.350300
[setup reg-reg] _18581_/Q -> _18466_/D : -63.350300
[setup reg-reg] _18581_/Q -> _18467_/D : -63.350300
[setup reg-reg] _18581_/Q -> _18468_/D : -63.350300
[setup reg-reg] _18581_/Q -> _18469_/D : -63.350300
[setup reg-reg] _18581_/Q -> _18471_/D : -63.350300
[setup reg-reg] _18581_/Q -> _18473_/D : -63.350300
[setup reg-reg] _18581_/Q -> _18476_/D : -63.350300
[setup reg-reg] _18581_/Q -> _18478_/D : -63.350300
[setup reg-reg] _18581_/Q -> _18479_/D : -63.350300
[setup reg-reg] _18581_/Q -> _18481_/D : -63.350300
[setup reg-reg] _18581_/Q -> _18482_/D : -63.350300
[setup reg-reg] _18581_/Q -> _18483_/D : -63.350300
[setup reg-reg] _18581_/Q -> _18485_/D : -63.350300
[setup reg-reg] _18581_/Q -> _18486_/D : -63.350300
[setup reg-reg] _18581_/Q -> _18487_/D : -63.350300
[setup reg-reg] _18581_/Q -> _18489_/D : -63.350300
[setup reg-reg] _18581_/Q -> _18492_/D : -63.350300
[setup reg-reg] _18581_/Q -> _18493_/D : -63.350300
[setup reg-reg] _18581_/Q -> _18494_/D : -63.350300
[setup reg-reg] _18581_/Q -> _18496_/D : -63.350300
[setup reg-reg] _18581_/Q -> _18497_/D : -63.350300
[setup reg-reg] _18581_/Q -> _18498_/D : -63.350300
[setup reg-reg] _18581_/Q -> _18499_/D : -63.350300
[setup reg-reg] _18581_/Q -> _18500_/D : -63.350300
[setup reg-reg] _18581_/Q -> _18501_/D : -63.350300
[setup reg-reg] _18581_/Q -> _18502_/D : -63.350300
[setup reg-reg] _18581_/Q -> _18503_/D : -63.350300
[setup reg-reg] _18581_/Q -> _18504_/D : -63.350300
[setup reg-reg] _18581_/Q -> _18505_/D : -63.350300
[setup reg-reg] _18581_/Q -> _18507_/D : -63.350300
[setup reg-reg] _18581_/Q -> _18508_/D : -63.350300
[setup reg-reg] _18581_/Q -> _18509_/D : -63.350300
[setup reg-reg] _18581_/Q -> _18510_/D : -63.350300
[setup reg-reg] _18581_/Q -> _18511_/D : -63.350300
[setup reg-reg] _18581_/Q -> _18003_/D : -58.779415
[setup reg-reg] _18581_/Q -> _18006_/D : -58.779415
[setup reg-reg] _18581_/Q -> _18007_/D : -58.779415
[setup reg-reg] _18581_/Q -> _18009_/D : -58.779415
[setup reg-reg] _18581_/Q -> _18134_/D : -58.587933
[setup reg-reg] _18581_/Q -> _18135_/D : -58.587933
[setup reg-reg] _18581_/Q -> _18136_/D : -58.587933
[setup reg-reg] _18581_/Q -> _18137_/D : -58.587933
[setup reg-reg] _18581_/Q -> _18138_/D : -58.587933
[setup reg-reg] _18581_/Q -> _18139_/D : -58.587933
[setup reg-reg] _18581_/Q -> _18140_/D : -58.587933
[setup reg-reg] _18581_/Q -> _18142_/D : -58.587933
[setup reg-reg] _18581_/Q -> _18144_/D : -58.587933
[setup reg-reg] _18581_/Q -> _18146_/D : -58.587933
[setup reg-reg] _18581_/Q -> _18147_/D : -58.587933
[setup reg-reg] _18581_/Q -> _18148_/D : -58.587933
[setup reg-reg] _18581_/Q -> _18149_/D : -58.587933
[setup reg-reg] _18581_/Q -> _18150_/D : -58.587933
[setup reg-reg] _18581_/Q -> _18151_/D : -58.587933
[setup reg-reg] _18581_/Q -> _18153_/D : -58.587933
[setup reg-reg] _18581_/Q -> _18154_/D : -58.587933
[setup reg-reg] _18581_/Q -> _18161_/D : -58.587933
[setup reg-reg] _18581_/Q -> _18163_/D : -58.587933
[setup reg-reg] _18581_/Q -> _18166_/D : -58.587933
[setup reg-reg] _18581_/Q -> _18167_/D : -58.587933
[setup reg-reg] _18581_/Q -> _18168_/D : -58.587933
[setup reg-reg] _18581_/Q -> _18169_/D : -58.587933
[setup reg-reg] _18581_/Q -> _18170_/D : -58.587933
[setup reg-reg] _18581_/Q -> _18174_/D : -58.587933
[setup reg-reg] _18581_/Q -> _18178_/D : -58.587933
[setup reg-reg] _18581_/Q -> _18179_/D : -58.587933
[setup reg-reg] _18581_/Q -> _18180_/D : -58.587933
[setup reg-reg] _18581_/Q -> _18181_/D : -58.587933
[setup reg-reg] _18581_/Q -> _18182_/D : -58.587933
[setup reg-reg] _18581_/Q -> _18183_/D : -58.587933
[setup reg-reg] _18581_/Q -> _18184_/D : -58.587933
[setup reg-reg] _18581_/Q -> _18185_/D : -58.587933
[setup reg-reg] _18581_/Q -> _18186_/D : -58.587933
[setup reg-reg] _18581_/Q -> _18008_/D : -58.306065
[setup reg-reg] _18581_/Q -> _18066_/D : -57.252892
[setup reg-reg] _18581_/Q -> _18067_/D : -57.252892
[setup reg-reg] _18581_/Q -> _18068_/D : -57.252892
[setup reg-reg] _18581_/Q -> _18069_/D : -57.252892
[setup reg-reg] _18581_/Q -> _18070_/D : -57.252892
[setup reg-reg] _18581_/Q -> _18071_/D : -57.252892
[setup reg-reg] _18581_/Q -> _18072_/D : -57.252892
[setup reg-reg] _18581_/Q -> _18073_/D : -57.252892
[setup reg-reg] _18581_/Q -> _18194_/D : -57.252892
[setup reg-reg] _18581_/Q -> _18195_/D : -57.252892
[setup reg-reg] _18581_/Q -> _18196_/D : -57.252892
[setup reg-reg] _18581_/Q -> _18197_/D : -57.252892
[setup reg-reg] _18581_/Q -> _18198_/D : -57.252892
[setup reg-reg] _18581_/Q -> _18199_/D : -57.252892
[setup reg-reg] _18581_/Q -> _18200_/D : -57.252892
[setup reg-reg] _18581_/Q -> _18201_/D : -57.252892
[setup reg-reg] _18581_/Q -> _18202_/D : -57.252892
[setup reg-reg] _18581_/Q -> _18203_/D : -57.252892
[setup reg-reg] _18581_/Q -> _18204_/D : -57.252892
[setup reg-reg] _18581_/Q -> _18205_/D : -57.252892
[setup reg-reg] _18581_/Q -> _18206_/D : -57.252892
[setup reg-reg] _18581_/Q -> _18207_/D : -57.252892
[setup reg-reg] _18581_/Q -> _18208_/D : -57.252892
[setup reg-reg] _18581_/Q -> _18209_/D : -57.252892
[setup reg-reg] _18581_/Q -> _18210_/D : -57.252892
[setup reg-reg] _18581_/Q -> _18211_/D : -57.252892
[setup reg-reg] _18581_/Q -> _18212_/D : -57.252892
[setup reg-reg] _18581_/Q -> _18213_/D : -57.252892
[setup reg-reg] _18581_/Q -> _18214_/D : -57.252892
[setup reg-reg] _18581_/Q -> _18215_/D : -57.252892
[setup reg-reg] _18581_/Q -> _18216_/D : -57.252892
[setup reg-reg] _18581_/Q -> _18217_/D : -57.252892
[setup reg-reg] _18581_/Q -> _18218_/D : -57.252892
[setup reg-reg] _18581_/Q -> _18219_/D : -57.252892
[setup reg-reg] _18581_/Q -> _18220_/D : -57.252892
[setup reg-reg] _18581_/Q -> _18221_/D : -57.252892
[setup reg-reg] _18581_/Q -> _18222_/D : -57.252892
[setup reg-reg] _18581_/Q -> _18223_/D : -57.252892
[setup reg-reg] _18581_/Q -> _18224_/D : -57.252892
[setup reg-reg] _18581_/Q -> _18225_/D : -57.252892
[setup reg-reg] _18581_/Q -> _18226_/D : -57.252892
[setup reg-reg] _18581_/Q -> _18227_/D : -57.252892
[setup reg-reg] _18581_/Q -> _18228_/D : -57.252892
[setup reg-reg] _18581_/Q -> _18229_/D : -57.252892
[setup reg-reg] _18581_/Q -> _18230_/D : -57.252892
[setup reg-reg] _18581_/Q -> _18231_/D : -57.252892
[setup reg-reg] _18581_/Q -> _18232_/D : -57.252892
[setup reg-reg] _18581_/Q -> _18233_/D : -57.252892
[setup reg-reg] _18581_/Q -> _18234_/D : -57.252892
[setup reg-reg] _18581_/Q -> _18235_/D : -57.252892
[setup reg-reg] _18581_/Q -> _18236_/D : -57.252892
[setup reg-reg] _18581_/Q -> _18237_/D : -57.252892
[setup reg-reg] _18581_/Q -> _18238_/D : -57.252892
[setup reg-reg] _18581_/Q -> _18239_/D : -57.252892
[setup reg-reg] _18581_/Q -> _18240_/D : -57.252892
[setup reg-reg] _18581_/Q -> _18241_/D : -57.252892
[setup reg-reg] _18581_/Q -> _18242_/D : -57.252892
[setup reg-reg] _18581_/Q -> _18243_/D : -57.252892
[setup reg-reg] _18581_/Q -> _18244_/D : -57.252892
[setup reg-reg] _18581_/Q -> _18245_/D : -57.252892
[setup reg-reg] _18581_/Q -> _18246_/D : -57.252892
[setup reg-reg] _18581_/Q -> _18247_/D : -57.252892
[setup reg-reg] _18581_/Q -> _18248_/D : -57.252892
[setup reg-reg] _18581_/Q -> _18249_/D : -57.252892
[setup reg-reg] _18581_/Q -> _18250_/D : -57.252892
[setup reg-reg] _18581_/Q -> _18251_/D : -57.252892
[setup reg-reg] _18581_/Q -> _18252_/D : -57.252892
[setup reg-reg] _18581_/Q -> _18253_/D : -57.252892
[setup reg-reg] _18581_/Q -> _18254_/D : -57.252892
[setup reg-reg] _18581_/Q -> _18255_/D : -57.252892
[setup reg-reg] _18581_/Q -> _18256_/D : -57.252892
[setup reg-reg] _18581_/Q -> _18257_/D : -57.252892
[setup reg-reg] _18581_/Q -> _18844_/D : -57.252892
[setup reg-reg] _18581_/Q -> _18845_/D : -57.252892
[setup reg-reg] _18581_/Q -> _18846_/D : -57.252892
[setup reg-reg] _18581_/Q -> _18847_/D : -57.252892
[setup reg-reg] _18581_/Q -> _18848_/D : -57.252892
[setup reg-reg] _18581_/Q -> _18849_/D : -57.252892
[setup reg-reg] _18581_/Q -> _18851_/D : -57.252892
[setup reg-reg] _18581_/Q -> _18852_/D : -57.252892
[setup reg-reg] _18581_/Q -> _18853_/D : -57.252892
[setup reg-reg] _18581_/Q -> _18854_/D : -57.252892
[setup reg-reg] _18581_/Q -> _18855_/D : -57.252892
[setup reg-reg] _18581_/Q -> _18856_/D : -57.252892
[setup reg-reg] _18581_/Q -> _18857_/D : -57.252892
[setup reg-reg] _18581_/Q -> _18858_/D : -57.252892
[setup reg-reg] _18581_/Q -> _18859_/D : -57.252892
[setup reg-reg] _18581_/Q -> _18860_/D : -57.252892
[setup reg-reg] _18581_/Q -> _18861_/D : -57.252892
[setup reg-reg] _18581_/Q -> _18862_/D : -57.252892
[setup reg-reg] _18581_/Q -> _18863_/D : -57.252892
[setup reg-reg] _18581_/Q -> _18864_/D : -57.252892
[setup reg-reg] _18581_/Q -> _18865_/D : -57.252892
[setup reg-reg] _18581_/Q -> _18866_/D : -57.252892
[setup reg-reg] _18581_/Q -> _18867_/D : -57.252892
[setup reg-reg] _18581_/Q -> _18868_/D : -57.252892
[setup reg-reg] _18581_/Q -> _18869_/D : -57.252892
[setup reg-reg] _18581_/Q -> _18870_/D : -57.252892
[setup reg-reg] _18581_/Q -> _18871_/D : -57.252892
[setup reg-reg] _18581_/Q -> _18872_/D : -57.252892
[setup reg-reg] _18581_/Q -> _18873_/D : -57.252892
[setup reg-reg] _18581_/Q -> _18874_/D : -57.252892
[setup reg-reg] _18581_/Q -> _18875_/D : -57.252892
[setup reg-reg] _18581_/Q -> _18876_/D : -57.252892
[setup reg-reg] _18581_/Q -> _18877_/D : -57.252892
[setup reg-reg] _18581_/Q -> _18878_/D : -57.252892
[setup reg-reg] _18581_/Q -> _18879_/D : -57.252892
[setup reg-reg] _18581_/Q -> _18880_/D : -57.252892
[setup reg-reg] _18581_/Q -> _18881_/D : -57.252892
[setup reg-reg] _18581_/Q -> _18882_/D : -57.252892
[setup reg-reg] _18581_/Q -> _18883_/D : -57.252892
[setup reg-reg] _18581_/Q -> _18884_/D : -57.252892
[setup reg-reg] _18581_/Q -> _18885_/D : -57.252892
[setup reg-reg] _18581_/Q -> _18886_/D : -57.252892
[setup reg-reg] _18581_/Q -> _18887_/D : -57.252892
[setup reg-reg] _18581_/Q -> _18888_/D : -57.252892
[setup reg-reg] _18581_/Q -> _18889_/D : -57.252892
[setup reg-reg] _18581_/Q -> _18890_/D : -57.252892
[setup reg-reg] _18581_/Q -> _18891_/D : -57.252892
[setup reg-reg] _18581_/Q -> _18892_/D : -57.252892
[setup reg-reg] _18581_/Q -> _18893_/D : -57.252892
[setup reg-reg] _18581_/Q -> _18894_/D : -57.252892
[setup reg-reg] _18581_/Q -> _18895_/D : -57.252892
[setup reg-reg] _18581_/Q -> _18896_/D : -57.252892
[setup reg-reg] _18581_/Q -> _18897_/D : -57.252892
[setup reg-reg] _18581_/Q -> _18898_/D : -57.252892
[setup reg-reg] _18581_/Q -> _18899_/D : -57.252892
[setup reg-reg] _18581_/Q -> _18900_/D : -57.252892
[setup reg-reg] _18581_/Q -> _18901_/D : -57.252892
[setup reg-reg] _18581_/Q -> _18902_/D : -57.252892
[setup reg-reg] _18581_/Q -> _18903_/D : -57.252892
[setup reg-reg] _18581_/Q -> _18904_/D : -57.252892
[setup reg-reg] _18581_/Q -> _18905_/D : -57.252892
[setup reg-reg] _18581_/Q -> _18906_/D : -57.252892
[setup reg-reg] _18581_/Q -> _18907_/D : -57.252892
[setup reg-reg] _18581_/Q -> _18850_/D : -53.949055
[setup reg-reg] _18581_/Q -> _18141_/D : -53.241230
[setup reg-reg] _18581_/Q -> _18143_/D : -53.241230
[setup reg-reg] _18581_/Q -> _18145_/D : -53.241230
[setup reg-reg] _18581_/Q -> _18152_/D : -53.241230
[setup reg-reg] _18581_/Q -> _18155_/D : -53.241230
[setup reg-reg] _18581_/Q -> _18156_/D : -53.241230
[setup reg-reg] _18581_/Q -> _18157_/D : -53.241230
[setup reg-reg] _18581_/Q -> _18158_/D : -53.241230
[setup reg-reg] _18581_/Q -> _18159_/D : -53.241230
[setup reg-reg] _18581_/Q -> _18160_/D : -53.241230
[setup reg-reg] _18581_/Q -> _18162_/D : -53.241230
[setup reg-reg] _18581_/Q -> _18164_/D : -53.241230
[setup reg-reg] _18581_/Q -> _18165_/D : -53.241230
[setup reg-reg] _18581_/Q -> _18171_/D : -53.241230
[setup reg-reg] _18581_/Q -> _18172_/D : -53.241230
[setup reg-reg] _18581_/Q -> _18173_/D : -53.241230
[setup reg-reg] _18581_/Q -> _18175_/D : -53.241230
[setup reg-reg] _18581_/Q -> _18176_/D : -53.241230
[setup reg-reg] _18581_/Q -> _18177_/D : -53.241230
[setup reg-reg] _18581_/Q -> _18187_/D : -53.241230
[setup reg-reg] _18581_/Q -> _18188_/D : -53.241230
[setup reg-reg] _18581_/Q -> _18189_/D : -53.241230
[setup reg-reg] _18581_/Q -> _18190_/D : -53.241230
[setup reg-reg] _18581_/Q -> _18191_/D : -53.241230
[setup reg-reg] _18581_/Q -> _18192_/D : -53.241230
[setup reg-reg] _18581_/Q -> _18193_/D : -53.241230
[setup reg-reg] _18579_/Q -> _18910_/D : -11.290297
[setup reg-reg] _18579_/Q -> _18911_/D : -11.290297
[setup reg-reg] _18579_/Q -> _18912_/D : -11.290297
[setup reg-reg] _18579_/Q -> _18913_/D : -11.290297
[setup reg-reg] _18579_/Q -> _18914_/D : -11.290297
[setup reg-reg] _18579_/Q -> _18915_/D : -11.290297
[setup reg-reg] _18579_/Q -> _18916_/D : -11.290297
[setup reg-reg] _18579_/Q -> _18998_/D : -11.290297
[setup reg-reg] _18579_/Q -> _18999_/D : -11.290297
[setup reg-reg] _18579_/Q -> _19001_/D : -11.290297
[setup reg-reg] _18579_/Q -> _19003_/D : -11.290297
[setup reg-reg] _18579_/Q -> _19004_/D : -11.290297
[setup reg-reg] _18579_/Q -> _19006_/D : -11.290297
[setup reg-reg] _18579_/Q -> _19007_/D : -11.290297
[setup reg-reg] _18579_/Q -> _19008_/D : -11.290297
[setup reg-reg] _18579_/Q -> _19009_/D : -11.290297
[setup reg-reg] _18579_/Q -> _19010_/D : -11.290297
[setup reg-reg] _18579_/Q -> _19011_/D : -11.290297
[setup reg-reg] _18579_/Q -> _19012_/D : -11.290297
[setup reg-reg] _18579_/Q -> _19013_/D : -11.290297
[setup reg-reg] _18579_/Q -> _19032_/D : -11.290297
[setup reg-reg] _18579_/Q -> _19033_/D : -11.290297
[setup reg-reg] _18579_/Q -> _18909_/D : -11.025854
[setup reg-reg] _18579_/Q -> _19421_/D : -6.190497
[setup reg-reg] _18579_/Q -> _18917_/D : -5.025406
[setup reg-reg] _18579_/Q -> _19045_/D : -5.025406
[setup reg-reg] _18579_/Q -> _19057_/D : -5.025406
[setup reg-reg] _18579_/Q -> _19058_/D : -5.025406
[setup reg-reg] _18579_/Q -> _19069_/D : -5.025406
[setup reg-reg] _18579_/Q -> _18918_/D : -4.902184
[setup reg-reg] _18579_/Q -> _18919_/D : -4.902184
[setup reg-reg] _18579_/Q -> _18921_/D : -4.902184
[setup reg-reg] _18579_/Q -> _18923_/D : -4.902184
[setup reg-reg] _18579_/Q -> _19173_/D : -4.902184
[setup reg-reg] _18579_/Q -> _19185_/D : -4.902184
[setup reg-reg] _18579_/Q -> _19186_/D : -4.902184
[setup reg-reg] _18579_/Q -> _19197_/D : -4.902184
[setup reg-reg] _18579_/Q -> _19286_/D : -4.902184
[setup reg-reg] _18579_/Q -> _19287_/D : -4.902184
[setup reg-reg] _18579_/Q -> _19288_/D : -4.902184
[setup reg-reg] _18579_/Q -> _19289_/D : -4.902184
[setup reg-reg] _18579_/Q -> _19290_/D : -4.902184
[setup reg-reg] _18579_/Q -> _19291_/D : -4.902184
[setup reg-reg] _18579_/Q -> _19292_/D : -4.902184
[setup reg-reg] _18579_/Q -> _19301_/D : -4.902184
[setup reg-reg] _18579_/Q -> _19309_/D : -4.902184
[setup reg-reg] _18579_/Q -> _19318_/D : -4.902184
[setup reg-reg] _18579_/Q -> _19319_/D : -4.902184
[setup reg-reg] _18579_/Q -> _19320_/D : -4.902184
[setup reg-reg] _18579_/Q -> _19321_/D : -4.902184
[setup reg-reg] _18579_/Q -> _19322_/D : -4.902184
[setup reg-reg] _18579_/Q -> _19323_/D : -4.902184
[setup reg-reg] _18579_/Q -> _19324_/D : -4.902184
[setup reg-reg] _18579_/Q -> _19325_/D : -4.902184
[setup reg-reg] _18579_/Q -> _19326_/D : -4.902184
[setup reg-reg] _18579_/Q -> _19327_/D : -4.902184
[setup reg-reg] _18579_/Q -> _19328_/D : -4.902184
[setup reg-reg] _18579_/Q -> _19329_/D : -4.902184
[setup reg-reg] _18579_/Q -> _19330_/D : -4.902184
[setup reg-reg] _18579_/Q -> _19331_/D : -4.902184
[setup reg-reg] _18579_/Q -> _19332_/D : -4.902184
[setup reg-reg] _18579_/Q -> _19334_/D : -4.902184
[setup reg-reg] _18579_/Q -> _19335_/D : -4.902184
[setup reg-reg] _18579_/Q -> _19336_/D : -4.902184
[setup reg-reg] _18579_/Q -> _19337_/D : -4.902184
[setup reg-reg] _18579_/Q -> _19338_/D : -4.902184
[setup reg-reg] _18579_/Q -> _19339_/D : -4.902184
[setup reg-reg] _18579_/Q -> _19340_/D : -4.902184
[setup reg-reg] _18579_/Q -> _19389_/D : -4.902184
[setup reg-reg] _18579_/Q -> _19398_/D : -4.902184
[setup reg-reg] _18579_/Q -> _19399_/D : -4.902184
[setup reg-reg] _18579_/Q -> _19400_/D : -4.902184
[setup reg-reg] _18579_/Q -> _19401_/D : -4.902184
[setup reg-reg] _18579_/Q -> _19402_/D : -4.902184
[setup reg-reg] _18579_/Q -> _19403_/D : -4.902184
[setup reg-reg] _18579_/Q -> _19404_/D : -4.902184
[setup reg-reg] _18579_/Q -> _19414_/D : -4.902184
[setup reg-reg] _18579_/Q -> _19415_/D : -4.902184
[setup reg-reg] _18579_/Q -> _19418_/D : -4.902184
[setup reg-reg] _18579_/Q -> _19419_/D : -4.902184
[setup reg-reg] _18579_/Q -> _19420_/D : -4.902184
[setup reg-reg] _18579_/Q -> _19037_/D : -4.693206
[setup reg-reg] _18579_/Q -> _19038_/D : -4.693206
[setup reg-reg] _18579_/Q -> _19039_/D : -4.693206
[setup reg-reg] _18579_/Q -> _19040_/D : -4.693206
[setup reg-reg] _18579_/Q -> _19041_/D : -4.693206
[setup reg-reg] _18579_/Q -> _19042_/D : -4.693206
[setup reg-reg] _18579_/Q -> _19043_/D : -4.693206
[setup reg-reg] _18579_/Q -> _19044_/D : -4.693206
[setup reg-reg] _18579_/Q -> _19046_/D : -4.693206
[setup reg-reg] _18579_/Q -> _19047_/D : -4.693206
[setup reg-reg] _18579_/Q -> _19048_/D : -4.693206
[setup reg-reg] _18579_/Q -> _19049_/D : -4.693206
[setup reg-reg] _18579_/Q -> _19050_/D : -4.693206
[setup reg-reg] _18579_/Q -> _19051_/D : -4.693206
[setup reg-reg] _18579_/Q -> _19052_/D : -4.693206
[setup reg-reg] _18579_/Q -> _19053_/D : -4.693206
[setup reg-reg] _18579_/Q -> _19054_/D : -4.693206
[setup reg-reg] _18579_/Q -> _19055_/D : -4.693206
[setup reg-reg] _18579_/Q -> _19056_/D : -4.693206
[setup reg-reg] _18579_/Q -> _19059_/D : -4.693206
[setup reg-reg] _18579_/Q -> _19060_/D : -4.693206
[setup reg-reg] _18579_/Q -> _19061_/D : -4.693206
[setup reg-reg] _18579_/Q -> _19062_/D : -4.693206
[setup reg-reg] _18579_/Q -> _19063_/D : -4.693206
[setup reg-reg] _18579_/Q -> _19064_/D : -4.693206
[setup reg-reg] _18579_/Q -> _19065_/D : -4.693206
[setup reg-reg] _18579_/Q -> _19066_/D : -4.693206
[setup reg-reg] _18579_/Q -> _19067_/D : -4.693206
[setup reg-reg] _18579_/Q -> _19068_/D : -4.693206
[setup reg-reg] _18579_/Q -> _19070_/D : -4.693206
[setup reg-reg] _18579_/Q -> _19071_/D : -4.693206
[setup reg-reg] _18579_/Q -> _19072_/D : -4.693206
[setup reg-reg] _18579_/Q -> _19073_/D : -4.693206
[setup reg-reg] _18579_/Q -> _19074_/D : -4.693206
[setup reg-reg] _18579_/Q -> _19075_/D : -4.693206
[setup reg-reg] _18579_/Q -> _19076_/D : -4.693206
[setup reg-reg] _18579_/Q -> _19077_/D : -4.693206
[setup reg-reg] _18579_/Q -> _19078_/D : -4.693206
[setup reg-reg] _18579_/Q -> _19079_/D : -4.693206
[setup reg-reg] _18579_/Q -> _19080_/D : -4.693206
[setup reg-reg] _18579_/Q -> _19081_/D : -4.693206
[setup reg-reg] _18579_/Q -> _19082_/D : -4.693206
[setup reg-reg] _18579_/Q -> _19083_/D : -4.693206
[setup reg-reg] _18579_/Q -> _19084_/D : -4.693206
[setup reg-reg] _18579_/Q -> _19086_/D : -4.693206
[setup reg-reg] _18579_/Q -> _19088_/D : -4.693206
[setup reg-reg] _18579_/Q -> _19090_/D : -4.693206
[setup reg-reg] _18579_/Q -> _19091_/D : -4.693206
[setup reg-reg] _18579_/Q -> _19092_/D : -4.693206
[setup reg-reg] _18579_/Q -> _19094_/D : -4.693206
[setup reg-reg] _18579_/Q -> _19095_/D : -4.693206
[setup reg-reg] _18579_/Q -> _19096_/D : -4.693206
[setup reg-reg] _18579_/Q -> _19097_/D : -4.693206
[setup reg-reg] _18579_/Q -> _19098_/D : -4.693206
[setup reg-reg] _18579_/Q -> _19099_/D : -4.693206
[setup reg-reg] _18579_/Q -> _19100_/D : -4.693206
[setup reg-reg] _18579_/Q -> _19103_/D : -4.693206
[setup reg-reg] _18579_/Q -> _19104_/D : -4.693206
[setup reg-reg] _18579_/Q -> _19107_/D : -4.693206
[setup reg-reg] _18579_/Q -> _19108_/D : -4.693206
[setup reg-reg] _18579_/Q -> _19112_/D : -4.693206
[setup reg-reg] _18579_/Q -> _19114_/D : -4.693206
[setup reg-reg] _18579_/Q -> _19116_/D : -4.693206
[setup reg-reg] _18579_/Q -> _19117_/D : -4.693206
[setup reg-reg] _18579_/Q -> _19118_/D : -4.693206
[setup reg-reg] _18579_/Q -> _19119_/D : -4.693206
[setup reg-reg] _18579_/Q -> _19120_/D : -4.693206
[setup reg-reg] _18579_/Q -> _19121_/D : -4.693206
[setup reg-reg] _18579_/Q -> _19122_/D : -4.693206
[setup reg-reg] _18579_/Q -> _19123_/D : -4.693206
[setup reg-reg] _18579_/Q -> _19124_/D : -4.693206
[setup reg-reg] _18579_/Q -> _19128_/D : -4.693206
[setup reg-reg] _18579_/Q -> _19130_/D : -4.693206
[setup reg-reg] _18579_/Q -> _19133_/D : -4.693206
[setup reg-reg] _18579_/Q -> _19134_/D : -4.693206
[setup reg-reg] _18579_/Q -> _19135_/D : -4.693206
[setup reg-reg] _18579_/Q -> _19136_/D : -4.693206
[setup reg-reg] _18579_/Q -> _19137_/D : -4.693206
[setup reg-reg] _18579_/Q -> _19138_/D : -4.693206
[setup reg-reg] _18579_/Q -> _19139_/D : -4.693206
[setup reg-reg] _18579_/Q -> _19140_/D : -4.693206
[setup reg-reg] _18579_/Q -> _19141_/D : -4.693206
[setup reg-reg] _18579_/Q -> _19142_/D : -4.693206
[setup reg-reg] _18579_/Q -> _19143_/D : -4.693206
[setup reg-reg] _18579_/Q -> _19144_/D : -4.693206
[setup reg-reg] _18579_/Q -> _19145_/D : -4.693206
[setup reg-reg] _18579_/Q -> _19146_/D : -4.693206
[setup reg-reg] _18579_/Q -> _19147_/D : -4.693206
[setup reg-reg] _18579_/Q -> _19148_/D : -4.693206
[setup reg-reg] _18579_/Q -> _19150_/D : -4.693206
[setup reg-reg] _18579_/Q -> _19151_/D : -4.693206
[setup reg-reg] _18579_/Q -> _19153_/D : -4.693206
[setup reg-reg] _18579_/Q -> _19154_/D : -4.693206
[setup reg-reg] _18579_/Q -> _19155_/D : -4.693206
[setup reg-reg] _18579_/Q -> _19156_/D : -4.693206
[setup reg-reg] _18579_/Q -> _19158_/D : -4.449092
[setup reg-reg] _18579_/Q -> _19159_/D : -4.449092
[setup reg-reg] _18579_/Q -> _19160_/D : -4.449092
[setup reg-reg] _18579_/Q -> _19161_/D : -4.449092
[setup reg-reg] _18579_/Q -> _19162_/D : -4.449092
[setup reg-reg] _18579_/Q -> _19163_/D : -4.449092
[setup reg-reg] _18579_/Q -> _19164_/D : -4.449092
[setup reg-reg] _18579_/Q -> _19165_/D : -4.155410
[setup reg-reg] _18579_/Q -> _19166_/D : -4.155410
[setup reg-reg] _18579_/Q -> _19167_/D : -4.155410
[setup reg-reg] _18579_/Q -> _19168_/D : -4.155410
[setup reg-reg] _18579_/Q -> _19169_/D : -4.155410
[setup reg-reg] _18579_/Q -> _19170_/D : -4.155410
[setup reg-reg] _18579_/Q -> _19171_/D : -4.155410
[setup reg-reg] _18579_/Q -> _19172_/D : -4.155410
[setup reg-reg] _18579_/Q -> _19174_/D : -4.155410
[setup reg-reg] _18579_/Q -> _19175_/D : -4.155410
[setup reg-reg] _18579_/Q -> _19176_/D : -4.155410
[setup reg-reg] _18579_/Q -> _19177_/D : -4.155410
[setup reg-reg] _18579_/Q -> _19178_/D : -4.155410
[setup reg-reg] _18579_/Q -> _19179_/D : -4.155410
[setup reg-reg] _18579_/Q -> _19180_/D : -4.155410
[setup reg-reg] _18579_/Q -> _19181_/D : -4.155410
[setup reg-reg] _18579_/Q -> _19182_/D : -4.155410
[setup reg-reg] _18579_/Q -> _19183_/D : -4.155410
[setup reg-reg] _18579_/Q -> _19184_/D : -4.155410
[setup reg-reg] _18579_/Q -> _19187_/D : -4.155410
[setup reg-reg] _18579_/Q -> _19188_/D : -4.155410
[setup reg-reg] _18579_/Q -> _19189_/D : -4.155410
[setup reg-reg] _18579_/Q -> _19190_/D : -4.155410
[setup reg-reg] _18579_/Q -> _19191_/D : -4.155410
[setup reg-reg] _18579_/Q -> _19192_/D : -4.155410
[setup reg-reg] _18579_/Q -> _19193_/D : -4.155410
[setup reg-reg] _18579_/Q -> _19194_/D : -4.155410
[setup reg-reg] _18579_/Q -> _19195_/D : -4.155410
[setup reg-reg] _18579_/Q -> _19196_/D : -4.155410
[setup reg-reg] _18579_/Q -> _19198_/D : -4.155410
[setup reg-reg] _18579_/Q -> _19199_/D : -4.155410
[setup reg-reg] _18579_/Q -> _19200_/D : -4.155410
[setup reg-reg] _18579_/Q -> _19201_/D : -4.155410
[setup reg-reg] _18579_/Q -> _19202_/D : -4.155410
[setup reg-reg] _18579_/Q -> _19203_/D : -4.155410
[setup reg-reg] _18579_/Q -> _19204_/D : -4.155410
[setup reg-reg] _18579_/Q -> _19205_/D : -4.155410
[setup reg-reg] _18579_/Q -> _19206_/D : -4.155410
[setup reg-reg] _18579_/Q -> _19207_/D : -4.155410
[setup reg-reg] _18579_/Q -> _19208_/D : -4.155410
[setup reg-reg] _18579_/Q -> _19209_/D : -4.155410
[setup reg-reg] _18579_/Q -> _19210_/D : -4.155410
[setup reg-reg] _18579_/Q -> _19211_/D : -4.155410
[setup reg-reg] _18579_/Q -> _19212_/D : -4.155410
[setup reg-reg] _18579_/Q -> _19214_/D : -4.155410
[setup reg-reg] _18579_/Q -> _19216_/D : -4.155410
[setup reg-reg] _18579_/Q -> _19218_/D : -4.155410
[setup reg-reg] _18579_/Q -> _19219_/D : -4.155410
[setup reg-reg] _18579_/Q -> _19220_/D : -4.155410
[setup reg-reg] _18579_/Q -> _19222_/D : -4.155410
[setup reg-reg] _18579_/Q -> _19223_/D : -4.155410
[setup reg-reg] _18579_/Q -> _19224_/D : -4.155410
[setup reg-reg] _18579_/Q -> _19225_/D : -4.155410
[setup reg-reg] _18579_/Q -> _19226_/D : -4.155410
[setup reg-reg] _18579_/Q -> _19227_/D : -4.155410
[setup reg-reg] _18579_/Q -> _19228_/D : -4.155410
[setup reg-reg] _18579_/Q -> _19231_/D : -4.155410
[setup reg-reg] _18579_/Q -> _19232_/D : -4.155410
[setup reg-reg] _18579_/Q -> _19235_/D : -4.155410
[setup reg-reg] _18579_/Q -> _19236_/D : -4.155410
[setup reg-reg] _18579_/Q -> _19240_/D : -4.155410
[setup reg-reg] _18579_/Q -> _19242_/D : -4.155410
[setup reg-reg] _18579_/Q -> _19244_/D : -4.155410
[setup reg-reg] _18579_/Q -> _19245_/D : -4.155410
[setup reg-reg] _18579_/Q -> _19246_/D : -4.155410
[setup reg-reg] _18579_/Q -> _19247_/D : -4.155410
[setup reg-reg] _18579_/Q -> _19248_/D : -4.155410
[setup reg-reg] _18579_/Q -> _19249_/D : -4.155410
[setup reg-reg] _18579_/Q -> _19250_/D : -4.155410
[setup reg-reg] _18579_/Q -> _19251_/D : -4.155410
[setup reg-reg] _18579_/Q -> _19252_/D : -4.155410
[setup reg-reg] _18579_/Q -> _19256_/D : -4.155410
[setup reg-reg] _18579_/Q -> _19258_/D : -4.155410
[setup reg-reg] _18579_/Q -> _19261_/D : -4.155410
[setup reg-reg] _18579_/Q -> _19262_/D : -4.155410
[setup reg-reg] _18579_/Q -> _19263_/D : -4.155410
[setup reg-reg] _18579_/Q -> _19264_/D : -4.155410
[setup reg-reg] _18579_/Q -> _19265_/D : -4.155410
[setup reg-reg] _18579_/Q -> _19266_/D : -4.155410
[setup reg-reg] _18579_/Q -> _19267_/D : -4.155410
[setup reg-reg] _18579_/Q -> _19268_/D : -4.155410
[setup reg-reg] _18579_/Q -> _19269_/D : -4.155410
[setup reg-reg] _18579_/Q -> _19270_/D : -4.155410
[setup reg-reg] _18579_/Q -> _19271_/D : -4.155410
[setup reg-reg] _18579_/Q -> _19272_/D : -4.155410
[setup reg-reg] _18579_/Q -> _19273_/D : -4.155410
[setup reg-reg] _18579_/Q -> _19274_/D : -4.155410
[setup reg-reg] _18579_/Q -> _19275_/D : -4.155410
[setup reg-reg] _18579_/Q -> _19276_/D : -4.155410
[setup reg-reg] _18579_/Q -> _19278_/D : -4.155410
[setup reg-reg] _18579_/Q -> _19279_/D : -4.155410
[setup reg-reg] _18579_/Q -> _19281_/D : -4.155410
[setup reg-reg] _18579_/Q -> _19282_/D : -4.155410
[setup reg-reg] _18579_/Q -> _19283_/D : -4.155410
[setup reg-reg] _18579_/Q -> _19284_/D : -4.155410
[setup reg-reg] _18581_/Q -> _18840_/D : -1.587054
[setup reg-reg] _18581_/Q -> _18841_/D : -1.587054
[setup reg-reg] _18581_/Q -> _18842_/D : -1.587054
[setup reg-reg] _18581_/Q -> _18843_/D : -1.587054
